,marginal,mix
2017-01-01 00:00:00,0.9988888888888889,0.4232348568160672
2017-01-01 00:15:00,0.9988888888888889,0.4697256816629237
2017-01-01 00:30:00,0.9988888888888889,0.48915952740993895
2017-01-01 00:45:00,0.9988888888888889,0.48485410319800587
2017-01-01 01:00:00,0.9988888888888889,0.478517211142413
2017-01-01 01:15:00,0.9988888888888889,0.4762077229930368
2017-01-01 01:30:00,0.9988888888888889,0.4757171458671251
2017-01-01 01:45:00,0.9988888888888889,0.4747853414796077
2017-01-01 02:00:00,0.9988888888888889,0.4746142194080714
2017-01-01 02:15:00,0.9988888888888889,0.4722934780133334
2017-01-01 02:30:00,0.9988888888888889,0.46764021281003487
2017-01-01 02:45:00,0.9988888888888889,0.46386862782606486
2017-01-01 03:00:00,0.9988888888888889,0.45912822531442277
2017-01-01 03:15:00,0.9988888888888889,0.4574505422799695
2017-01-01 03:30:00,0.9988888888888889,0.45746807491285135
2017-01-01 03:45:00,0.9988888888888889,0.4571682271808307
2017-01-01 04:00:00,0.9988888888888889,0.4579538288257173
2017-01-01 04:15:00,0.9988888888888889,0.45391198791854187
2017-01-01 04:30:00,0.9988888888888889,0.450507179341076
2017-01-01 04:45:00,0.9988888888888889,0.44638111910042994
2017-01-01 05:00:00,0.9988888888888889,0.4426908222796228
2017-01-01 05:15:00,0.9988888888888889,0.42871832856860836
2017-01-01 05:30:00,0.9988888888888889,0.4146984055840246
2017-01-01 05:45:00,0.9988888888888889,0.40121158813555735
2017-01-01 06:00:00,0.9988888888888889,0.37641705701486017
2017-01-01 06:15:00,0.9988888888888889,0.3952219354409506
2017-01-01 06:30:00,0.9988888888888889,0.40717940749929976
2017-01-01 06:45:00,0.9988888888888889,0.41927191076224524
2017-01-01 07:00:00,0.9988888888888889,0.4332340849214861
2017-01-01 07:15:00,0.9988888888888889,0.43366401562412377
2017-01-01 07:30:00,0.9988888888888889,0.4342381564934985
2017-01-01 07:45:00,0.9988888888888889,0.43497378470831144
2017-01-01 08:00:00,0.9988888888888889,0.4341989424831303
2017-01-01 08:15:00,0.9988888888888889,0.4177877439189229
2017-01-01 08:30:00,0.9988888888888889,0.4066775545203629
2017-01-01 08:45:00,0.9988888888888889,0.39974734458993344
2017-01-01 09:00:00,0.9988888888888889,0.39649577682829606
2017-01-01 09:15:00,0.9988888888888889,0.3793221935863279
2017-01-01 09:30:00,0.9988888888888889,0.35997105857174777
2017-01-01 09:45:00,0.9988888888888889,0.3431034709197613
2017-01-01 10:00:00,0.9988888888888889,0.3290841821431084
2017-01-01 10:15:00,0.9988888888888889,0.3338230980369894
2017-01-01 10:30:00,0.9988888888888889,0.3361499812973667
2017-01-01 10:45:00,0.9988888888888889,0.34580616915403517
2017-01-01 11:00:00,0.9988888888888889,0.35452358644315873
2017-01-01 11:15:00,0.9988888888888889,0.3427541241028467
2017-01-01 11:30:00,0.9988888888888889,0.32691779455851355
2017-01-01 11:45:00,0.9988888888888889,0.3087330582774992
2017-01-01 12:00:00,0.9988888888888889,0.2954005224630024
2017-01-01 12:15:00,0.9988888888888889,0.2987491531111071
2017-01-01 12:30:00,0.9988888888888889,0.23619204864771576
2017-01-01 12:45:00,0.9988888888888889,0.22947659229602216
2017-01-01 13:00:00,0.9988888888888889,0.22452071693727668
2017-01-01 13:15:00,0.9988888888888889,0.2265729217598039
2017-01-01 13:30:00,0.9988888888888889,0.231005160600955
2017-01-01 13:45:00,0.9988888888888889,0.24088771557880262
2017-01-01 14:00:00,0.9988888888888889,0.24965929301829196
2017-01-01 14:15:00,0.9988888888888889,0.25641687862370344
2017-01-01 14:30:00,0.9988888888888889,0.2636188590383548
2017-01-01 14:45:00,0.9988888888888889,0.2564025826076181
2017-01-01 15:00:00,0.9988888888888889,0.26791397817086765
2017-01-01 15:15:00,0.9988888888888889,0.2743437471768787
2017-01-01 15:30:00,0.9988888888888889,0.27869595954795384
2017-01-01 15:45:00,0.9988888888888889,0.3029407483571934
2017-01-01 16:00:00,0.9988888888888889,0.32013925382278313
2017-01-01 16:15:00,0.9988888888888889,0.3385320648185988
2017-01-01 16:30:00,0.9988888888888889,0.3397521720849591
2017-01-01 16:45:00,0.9988888888888889,0.3564928979909114
2017-01-01 17:00:00,0.9988888888888889,0.38364969879070326
2017-01-01 17:15:00,0.9988888888888889,0.38994702899146344
2017-01-01 17:30:00,0.9988888888888889,0.39872993783261784
2017-01-01 17:45:00,0.9988888888888889,0.3995173365362928
2017-01-01 18:00:00,0.9988888888888889,0.41083544042289816
2017-01-01 18:15:00,0.9988888888888889,0.4026246083697449
2017-01-01 18:30:00,0.9988888888888889,0.39998117267659994
2017-01-01 18:45:00,0.9988888888888889,0.39072394599831317
2017-01-01 19:00:00,0.9988888888888889,0.3837908880538145
2017-01-01 19:15:00,0.9988888888888889,0.3762846825533645
2017-01-01 19:30:00,0.9988888888888889,0.34207231234963525
2017-01-01 19:45:00,0.9988888888888889,0.32203286232424405
2017-01-01 20:00:00,0.9988888888888889,0.29785661062235436
2017-01-01 20:15:00,0.9988888888888889,0.29564169980015315
2017-01-01 20:30:00,0.9988888888888889,0.27854105704550325
2017-01-01 20:45:00,0.9988888888888889,0.2893456780787981
2017-01-01 21:00:00,0.9988888888888889,0.2927347160992869
2017-01-01 21:15:00,0.9988888888888889,0.28471013692625263
2017-01-01 21:30:00,0.9988888888888889,0.2669465498575481
2017-01-01 21:45:00,0.9988888888888889,0.2670503766540602
2017-01-01 22:00:00,0.9988888888888889,0.2772451129918441
2017-01-01 22:15:00,0.9988888888888889,0.26132953636319617
2017-01-01 22:30:00,0.9988888888888889,0.22035006088002979
2017-01-01 22:45:00,0.011,0.21254915352233555
2017-01-01 23:00:00,0.011,0.2172038263398038
2017-01-01 23:15:00,0.011,0.21428246708161425
2017-01-01 23:30:00,0.011,0.2200498971006569
2017-01-01 23:45:00,0.011,0.22268020412312994
2017-01-02 00:00:00,0.011,0.22376681571659954
2017-01-02 00:15:00,0.011,0.22501027157351744
2017-01-02 00:30:00,0.011,0.22889284186951314
2017-01-02 00:45:00,0.011,0.23296132104688436
2017-01-02 01:00:00,0.011,0.2374808520225149
2017-01-02 01:15:00,0.011,0.2398500715564173
2017-01-02 01:30:00,0.011,0.2406964755041903
2017-01-02 01:45:00,0.011,0.24125388472454265
2017-01-02 02:00:00,0.011,0.24219089605405222
2017-01-02 02:15:00,0.011,0.24260562740212555
2017-01-02 02:30:00,0.011,0.2438346577619975
2017-01-02 02:45:00,0.9988888888888889,0.24571725078541193
2017-01-02 03:00:00,0.9988888888888889,0.24574443690231135
2017-01-02 03:15:00,0.9988888888888889,0.24698321892202055
2017-01-02 03:30:00,0.9988888888888889,0.24356937171521728
2017-01-02 03:45:00,0.9988888888888889,0.243170743448921
2017-01-02 04:00:00,0.9988888888888889,0.2421519437962975
2017-01-02 04:15:00,0.9988888888888889,0.23963918246401214
2017-01-02 04:30:00,0.9988888888888889,0.23750203296609737
2017-01-02 04:45:00,0.9988888888888889,0.23573747996098987
2017-01-02 05:00:00,0.011,0.23077611105030701
2017-01-02 05:15:00,0.011,0.22853030144482298
2017-01-02 05:30:00,0.9988888888888889,0.2466167793277059
2017-01-02 05:45:00,0.9988888888888889,0.27103907379756903
2017-01-02 06:00:00,0.9988888888888889,0.3041082499705799
2017-01-02 06:15:00,0.9988888888888889,0.310292508520043
2017-01-02 06:30:00,0.9988888888888889,0.3263367760104051
2017-01-02 06:45:00,0.9988888888888889,0.3395633264309355
2017-01-02 07:00:00,0.9988888888888889,0.3442117449689618
2017-01-02 07:15:00,0.9988888888888889,0.3545198414508538
2017-01-02 07:30:00,0.9988888888888889,0.36865418492177915
2017-01-02 07:45:00,0.9988888888888889,0.3757462972233712
2017-01-02 08:00:00,0.9988888888888889,0.3943300253106562
2017-01-02 08:15:00,0.9988888888888889,0.39680014924646506
2017-01-02 08:30:00,0.9988888888888889,0.3912554127960845
2017-01-02 08:45:00,0.9988888888888889,0.4002744014582282
2017-01-02 09:00:00,0.9988888888888889,0.40197004125483643
2017-01-02 09:15:00,0.9988888888888889,0.4018527240209185
2017-01-02 09:30:00,0.33545454545454545,0.4268679203693331
2017-01-02 09:45:00,0.33545454545454545,0.42591916997073087
2017-01-02 10:00:00,0.33545454545454545,0.4245057001662619
2017-01-02 10:15:00,0.33545454545454545,0.42415681470997796
2017-01-02 10:30:00,0.33545454545454545,0.42549200260900777
2017-01-02 10:45:00,0.3386266924564797,0.4260920284679988
2017-01-02 11:00:00,0.3386266924564797,0.42404858242024657
2017-01-02 11:15:00,0.3386266924564797,0.4273541145649795
2017-01-02 11:30:00,0.3386266924564797,0.4329430481187021
2017-01-02 11:45:00,0.3402127659574468,0.42589905013536355
2017-01-02 12:00:00,0.3402127659574468,0.4249002976869066
2017-01-02 12:15:00,0.343384912959381,0.43260392020630006
2017-01-02 12:30:00,0.3481431334622824,0.44077864215794255
2017-01-02 12:45:00,0.35290135396518374,0.44868991284107007
2017-01-02 13:00:00,0.3576595744680851,0.45647895853832193
2017-01-02 13:15:00,0.3576595744680851,0.46181885625913544
2017-01-02 13:30:00,0.35924564796905223,0.46837483118915274
2017-01-02 13:45:00,0.35924564796905223,0.47824821677275536
2017-01-02 14:00:00,0.35924564796905223,0.48478040971631664
2017-01-02 14:15:00,0.3624177949709865,0.4894290466508873
2017-01-02 14:30:00,0.3624177949709865,0.49747807068204436
2017-01-02 14:45:00,0.37352030947775633,0.498557613753082
2017-01-02 15:00:00,0.37986460348162476,0.5014603031756608
2017-01-02 15:15:00,0.37986460348162476,0.5046525190425891
2017-01-02 15:30:00,0.37986460348162476,0.5090241134603931
2017-01-02 15:45:00,0.37986460348162476,0.5098573054203581
2017-01-02 16:00:00,0.395725338491296,0.5058166769857272
2017-01-02 16:15:00,0.3988974854932302,0.5060756100372953
2017-01-02 16:30:00,0.3988974854932302,0.5068130635597572
2017-01-02 16:45:00,0.3988974854932302,0.5045106294207589
2017-01-02 17:00:00,0.3988974854932302,0.4904971593459362
2017-01-02 17:15:00,0.3988974854932302,0.48783622905477486
2017-01-02 17:30:00,0.3988974854932302,0.4814523445873852
2017-01-02 17:45:00,0.3988974854932302,0.47355272080904837
2017-01-02 18:00:00,0.3988974854932302,0.4774399205762577
2017-01-02 18:15:00,0.3988974854932302,0.48213837279636185
2017-01-02 18:30:00,0.3988974854932302,0.48547450952428195
2017-01-02 18:45:00,0.3988974854932302,0.4978910952086457
2017-01-02 19:00:00,0.3988974854932302,0.4991766123875105
2017-01-02 19:15:00,0.3973114119922631,0.5006811065241001
2017-01-02 19:30:00,0.3941392649903288,0.5030392239746698
2017-01-02 19:45:00,0.3941392649903288,0.5054212390214345
2017-01-02 20:00:00,0.3941392649903288,0.5069893218452628
2017-01-02 20:15:00,0.3893810444874275,0.5057300515493843
2017-01-02 20:30:00,0.3846228239845261,0.5060882944153424
2017-01-02 20:45:00,0.37986460348162476,0.5058845400985873
2017-01-02 21:00:00,0.3766924564796905,0.5068760600043586
2017-01-02 21:15:00,0.3766924564796905,0.5105576166129191
2017-01-02 21:30:00,0.3766924564796905,0.516809758460159
2017-01-02 21:45:00,0.3766924564796905,0.5196535000313417
2017-01-02 22:00:00,0.3766924564796905,0.5207058479710346
2017-01-02 22:15:00,0.3766924564796905,0.5238464261566758
2017-01-02 22:30:00,0.3766924564796905,0.5277147645866773
2017-01-02 22:45:00,0.3766924564796905,0.5319938060517696
2017-01-02 23:00:00,0.3766924564796905,0.5353343642495183
2017-01-02 23:15:00,0.3766924564796905,0.5368957312898407
2017-01-02 23:30:00,0.3766924564796905,0.5395019410971811
2017-01-02 23:45:00,0.3766924564796905,0.5403919426740685
2017-01-03 00:00:00,0.41000000000000003,0.5404594698058841
2017-01-03 00:15:00,0.41000000000000003,0.5428993791853275
2017-01-03 00:30:00,0.41000000000000003,0.5459450422560905
2017-01-03 00:45:00,0.41000000000000003,0.5505850450132284
2017-01-03 01:00:00,0.41000000000000003,0.5541439067022783
2017-01-03 01:15:00,0.41000000000000003,0.5550385652998668
2017-01-03 01:30:00,0.41000000000000003,0.5572722824817526
2017-01-03 01:45:00,0.41000000000000003,0.5600290029392166
2017-01-03 02:00:00,0.41000000000000003,0.563797976454603
2017-01-03 02:15:00,0.41000000000000003,0.5630633851337401
2017-01-03 02:30:00,0.41000000000000003,0.5670953753876804
2017-01-03 02:45:00,0.41000000000000003,0.5704193152422096
2017-01-03 03:00:00,0.41000000000000003,0.5694772036405008
2017-01-03 03:15:00,0.41000000000000003,0.5715711383632891
2017-01-03 03:30:00,0.41000000000000003,0.5696644088353575
2017-01-03 03:45:00,0.41000000000000003,0.5674493754854961
2017-01-03 04:00:00,0.41000000000000003,0.5682795927758166
2017-01-03 04:15:00,0.41000000000000003,0.5658651460262029
2017-01-03 04:30:00,0.41000000000000003,0.5634806373978117
2017-01-03 04:45:00,0.41000000000000003,0.5597108780591284
2017-01-03 05:00:00,0.41000000000000003,0.5561763089919715
2017-01-03 05:15:00,0.41000000000000003,0.5526970667980224
2017-01-03 05:30:00,0.41000000000000003,0.5491618689020276
2017-01-03 05:45:00,0.41000000000000003,0.54439539541499
2017-01-03 06:00:00,0.41000000000000003,0.5377832503810202
2017-01-03 06:15:00,0.41000000000000003,0.5304612134137504
2017-01-03 06:30:00,0.41000000000000003,0.5261564646332622
2017-01-03 06:45:00,0.41000000000000003,0.5212301319203119
2017-01-03 07:00:00,0.41000000000000003,0.5166758224191607
2017-01-03 07:15:00,0.41000000000000003,0.5106720476278088
2017-01-03 07:30:00,0.41000000000000003,0.5043136276767733
2017-01-03 07:45:00,0.41000000000000003,0.49644748282052575
2017-01-03 08:00:00,0.41000000000000003,0.4903373175805252
2017-01-03 08:15:00,0.41000000000000003,0.48459530514976396
2017-01-03 08:30:00,0.41000000000000003,0.47886650847796797
2017-01-03 08:45:00,0.41000000000000003,0.4724229950904724
2017-01-03 09:00:00,0.41000000000000003,0.46610530519465954
2017-01-03 09:15:00,0.41000000000000003,0.46432917171347765
2017-01-03 09:30:00,0.41000000000000003,0.4632541419824448
2017-01-03 09:45:00,0.41000000000000003,0.4626890429537619
2017-01-03 10:00:00,0.41000000000000003,0.4629525590431762
2017-01-03 10:15:00,0.41000000000000003,0.4583031051196599
2017-01-03 10:30:00,0.41000000000000003,0.45380202866627384
2017-01-03 10:45:00,0.41000000000000003,0.4491418903929214
2017-01-03 11:00:00,0.41000000000000003,0.4453687598366914
2017-01-03 11:15:00,0.41000000000000003,0.4398469612887391
2017-01-03 11:30:00,0.41000000000000003,0.43446573834567764
2017-01-03 11:45:00,0.41000000000000003,0.4294357365461133
2017-01-03 12:00:00,0.41000000000000003,0.4243754200425243
2017-01-03 12:15:00,0.41000000000000003,0.42465140529183915
2017-01-03 12:30:00,0.41000000000000003,0.4247924965724616
2017-01-03 12:45:00,0.41000000000000003,0.4250571225017488
2017-01-03 13:00:00,0.41000000000000003,0.4264254023808596
2017-01-03 13:15:00,0.41000000000000003,0.42678934185158524
2017-01-03 13:30:00,0.41000000000000003,0.42589979239196385
2017-01-03 13:45:00,0.41000000000000003,0.42604893662267596
2017-01-03 14:00:00,0.41000000000000003,0.4252358409274248
2017-01-03 14:15:00,0.41000000000000003,0.4293672004305101
2017-01-03 14:30:00,0.41000000000000003,0.4347960741529185
2017-01-03 14:45:00,0.41000000000000003,0.4385794370826381
2017-01-03 15:00:00,0.41000000000000003,0.44206009710839883
2017-01-03 15:15:00,0.41000000000000003,0.44922655289021474
2017-01-03 15:30:00,0.41000000000000003,0.45629963232379733
2017-01-03 15:45:00,0.41000000000000003,0.4631643619559082
2017-01-03 16:00:00,0.41000000000000003,0.4709180639528598
2017-01-03 16:15:00,0.41000000000000003,0.47232345966938727
2017-01-03 16:30:00,0.41000000000000003,0.4673679559964258
2017-01-03 16:45:00,0.41000000000000003,0.46393082934137414
2017-01-03 17:00:00,0.41000000000000003,0.461600924787753
2017-01-03 17:15:00,0.41000000000000003,0.45943262330771045
2017-01-03 17:30:00,0.41000000000000003,0.4574372132591504
2017-01-03 17:45:00,0.41000000000000003,0.45618929513257905
2017-01-03 18:00:00,0.41000000000000003,0.4551299611575691
2017-01-03 18:15:00,0.41000000000000003,0.45518528327051344
2017-01-03 18:30:00,0.41000000000000003,0.45549887572774744
2017-01-03 18:45:00,0.41000000000000003,0.4562393223787022
2017-01-03 19:00:00,0.41000000000000003,0.4554681356118123
2017-01-03 19:15:00,0.41000000000000003,0.45849860226485667
2017-01-03 19:30:00,0.41000000000000003,0.46003361931055486
2017-01-03 19:45:00,0.41000000000000003,0.46402311979404554
2017-01-03 20:00:00,0.41000000000000003,0.4686934540163388
2017-01-03 20:15:00,0.41000000000000003,0.4770568755426936
2017-01-03 20:30:00,0.41000000000000003,0.4848986917904098
2017-01-03 20:45:00,0.41000000000000003,0.49085403567764496
2017-01-03 21:00:00,0.41000000000000003,0.4979705485695458
2017-01-03 21:15:00,0.41000000000000003,0.49762097963847635
2017-01-03 21:30:00,0.41000000000000003,0.49677670791089795
2017-01-03 21:45:00,0.41000000000000003,0.4955772402460702
2017-01-03 22:00:00,0.41000000000000003,0.4918129824012612
2017-01-03 22:15:00,0.41000000000000003,0.5088505744287035
2017-01-03 22:30:00,0.41000000000000003,0.509271038825443
2017-01-03 22:45:00,0.41000000000000003,0.5152212362994537
2017-01-03 23:00:00,0.41000000000000003,0.5240538127161336
2017-01-03 23:15:00,0.41000000000000003,0.5305752112422868
2017-01-03 23:30:00,0.41000000000000003,0.5378524223525442
2017-01-03 23:45:00,0.41000000000000003,0.5487608342155752
2017-01-04 00:00:00,0.41000000000000003,0.5456741578337609
2017-01-04 00:15:00,0.41000000000000003,0.5476388687532571
2017-01-04 00:30:00,0.41000000000000003,0.5509069281388874
2017-01-04 00:45:00,0.41000000000000003,0.5540119769710241
2017-01-04 01:00:00,0.41000000000000003,0.5555982646309034
2017-01-04 01:15:00,0.41000000000000003,0.5601518692184053
2017-01-04 01:30:00,0.41000000000000003,0.5641686920766539
2017-01-04 01:45:00,0.41000000000000003,0.5693920058448886
2017-01-04 02:00:00,0.41000000000000003,0.574418995483321
2017-01-04 02:15:00,0.41000000000000003,0.572091009391004
2017-01-04 02:30:00,0.41000000000000003,0.569599849035386
2017-01-04 02:45:00,0.41000000000000003,0.5670313196088256
2017-01-04 03:00:00,0.41000000000000003,0.5645761900728549
2017-01-04 03:15:00,0.41000000000000003,0.5613103444680214
2017-01-04 03:30:00,0.41000000000000003,0.5583337137115116
2017-01-04 03:45:00,0.41000000000000003,0.556732058200178
2017-01-04 04:00:00,0.41000000000000003,0.5547299693347392
2017-01-04 04:15:00,0.41000000000000003,0.5540867698837263
2017-01-04 04:30:00,0.41000000000000003,0.5510173544636856
2017-01-04 04:45:00,0.41000000000000003,0.5467241835976523
2017-01-04 05:00:00,0.41000000000000003,0.5434467055274005
2017-01-04 05:15:00,0.41000000000000003,0.5406640364447305
2017-01-04 05:30:00,0.41000000000000003,0.5400765618092501
2017-01-04 05:45:00,0.41000000000000003,0.5417315947001206
2017-01-04 06:00:00,0.41000000000000003,0.5418192435167422
2017-01-04 06:15:00,0.41000000000000003,0.5372201073901827
2017-01-04 06:30:00,0.41000000000000003,0.5360115758869269
2017-01-04 06:45:00,0.41000000000000003,0.5348271405521425
2017-01-04 07:00:00,0.41000000000000003,0.5325491664486409
2017-01-04 07:15:00,0.41000000000000003,0.5307597780002004
2017-01-04 07:30:00,0.41000000000000003,0.5279098046941726
2017-01-04 07:45:00,0.41000000000000003,0.527192250256574
2017-01-04 08:00:00,0.41000000000000003,0.5249571644507451
2017-01-04 08:15:00,0.41000000000000003,0.5205470532553359
2017-01-04 08:30:00,0.41000000000000003,0.514786943033012
2017-01-04 08:45:00,0.41000000000000003,0.5115690468998715
2017-01-04 09:00:00,0.41000000000000003,0.5095912308107364
2017-01-04 09:15:00,0.41000000000000003,0.49892754459158206
2017-01-04 09:30:00,0.41000000000000003,0.48806438596149576
2017-01-04 09:45:00,0.41000000000000003,0.47847668150964046
2017-01-04 10:00:00,0.41000000000000003,0.46998692436197514
2017-01-04 10:15:00,0.41000000000000003,0.4702264668187894
2017-01-04 10:30:00,0.41000000000000003,0.4717697723993335
2017-01-04 10:45:00,0.41000000000000003,0.47366227108172715
2017-01-04 11:00:00,0.41000000000000003,0.4761279408017395
2017-01-04 11:15:00,0.41000000000000003,0.47523534017251773
2017-01-04 11:30:00,0.41000000000000003,0.47491912621781707
2017-01-04 11:45:00,0.41000000000000003,0.47477742610307855
2017-01-04 12:00:00,0.41000000000000003,0.4747657841217021
2017-01-04 12:15:00,0.41000000000000003,0.4735806584164022
2017-01-04 12:30:00,0.41000000000000003,0.47204755964923356
2017-01-04 12:45:00,0.41000000000000003,0.47004979287916226
2017-01-04 13:00:00,0.41000000000000003,0.4681854550405628
2017-01-04 13:15:00,0.41000000000000003,0.4705506160964217
2017-01-04 13:30:00,0.41000000000000003,0.4736536327005834
2017-01-04 13:45:00,0.41000000000000003,0.476874802933823
2017-01-04 14:00:00,0.41000000000000003,0.4796472968942734
2017-01-04 14:15:00,0.41000000000000003,0.48167675082698497
2017-01-04 14:30:00,0.41000000000000003,0.4833813296537969
2017-01-04 14:45:00,0.41000000000000003,0.4861961418420368
2017-01-04 15:00:00,0.41000000000000003,0.4864689820520523
2017-01-04 15:15:00,0.41000000000000003,0.4890664910794044
2017-01-04 15:30:00,0.41000000000000003,0.4907209075688553
2017-01-04 15:45:00,0.41000000000000003,0.49368922421018463
2017-01-04 16:00:00,0.41000000000000003,0.4956178935862014
2017-01-04 16:15:00,0.41000000000000003,0.4981582686583699
2017-01-04 16:30:00,0.41000000000000003,0.4954490286886946
2017-01-04 16:45:00,0.41000000000000003,0.4929021665831646
2017-01-04 17:00:00,0.41000000000000003,0.4879796645137148
2017-01-04 17:15:00,0.41000000000000003,0.48429067156573957
2017-01-04 17:30:00,0.41000000000000003,0.48067054614243176
2017-01-04 17:45:00,0.41000000000000003,0.4873810935715522
2017-01-04 18:00:00,0.41000000000000003,0.48520077907616144
2017-01-04 18:15:00,0.41000000000000003,0.4886975855423513
2017-01-04 18:30:00,0.41000000000000003,0.4909158949329362
2017-01-04 18:45:00,0.41000000000000003,0.4913899702581415
2017-01-04 19:00:00,0.41000000000000003,0.4910740686184127
2017-01-04 19:15:00,0.41000000000000003,0.49286187664502334
2017-01-04 19:30:00,0.41000000000000003,0.49604160389001484
2017-01-04 19:45:00,0.41000000000000003,0.4967026619374764
2017-01-04 20:00:00,0.41000000000000003,0.4995851112767927
2017-01-04 20:15:00,0.41000000000000003,0.4996282910540488
2017-01-04 20:30:00,0.41000000000000003,0.5036510390925492
2017-01-04 20:45:00,0.41000000000000003,0.5043211817353448
2017-01-04 21:00:00,0.41000000000000003,0.5024687657900885
2017-01-04 21:15:00,0.41000000000000003,0.5029910797748965
2017-01-04 21:30:00,0.41000000000000003,0.501254985861609
2017-01-04 21:45:00,0.41000000000000003,0.5024345126559481
2017-01-04 22:00:00,0.41000000000000003,0.503818289811026
2017-01-04 22:15:00,0.41000000000000003,0.5069625353014189
2017-01-04 22:30:00,0.41000000000000003,0.5075603819992057
2017-01-04 22:45:00,0.41000000000000003,0.5098006280215259
2017-01-04 23:00:00,0.41000000000000003,0.5111151840252266
2017-01-04 23:15:00,0.41000000000000003,0.5136731467281411
2017-01-04 23:30:00,0.41000000000000003,0.519866618429267
2017-01-04 23:45:00,0.41000000000000003,0.5226332235617082
2017-01-05 00:00:00,0.3814506769825919,0.5272096669299237
2017-01-05 00:15:00,0.3814506769825919,0.5291661202898731
2017-01-05 00:30:00,0.3814506769825919,0.5319692914270308
2017-01-05 00:45:00,0.3814506769825919,0.5393164403703706
2017-01-05 01:00:00,0.3814506769825919,0.5469166204972136
2017-01-05 01:15:00,0.3814506769825919,0.5530876949736275
2017-01-05 01:30:00,0.3814506769825919,0.5553407373198309
2017-01-05 01:45:00,0.3814506769825919,0.558713315106881
2017-01-05 02:00:00,0.3814506769825919,0.5642084085352863
2017-01-05 02:15:00,0.3814506769825919,0.5658092302126978
2017-01-05 02:30:00,0.3814506769825919,0.5652471412836926
2017-01-05 02:45:00,0.3814506769825919,0.5656274989617839
2017-01-05 03:00:00,0.3814506769825919,0.5678420553192756
2017-01-05 03:15:00,0.3814506769825919,0.5681942444028766
2017-01-05 03:30:00,0.3814506769825919,0.569891551218823
2017-01-05 03:45:00,0.3814506769825919,0.569686000428928
2017-01-05 04:00:00,0.3814506769825919,0.5666558685444153
2017-01-05 04:15:00,0.3814506769825919,0.5647029236106574
2017-01-05 04:30:00,0.3814506769825919,0.5669292688499593
2017-01-05 04:45:00,0.3814506769825919,0.5686022606021037
2017-01-05 05:00:00,0.3814506769825919,0.5703980161702047
2017-01-05 05:15:00,0.3814506769825919,0.568514989245197
2017-01-05 05:30:00,0.3814506769825919,0.566004026351356
2017-01-05 05:45:00,0.3814506769825919,0.563784812193728
2017-01-05 06:00:00,0.3814506769825919,0.5596922893376913
2017-01-05 06:15:00,0.3814506769825919,0.5491298568995927
2017-01-05 06:30:00,0.3814506769825919,0.5399932769465123
2017-01-05 06:45:00,0.3814506769825919,0.53141574144515
2017-01-05 07:00:00,0.3814506769825919,0.5233920170988275
2017-01-05 07:15:00,0.3814506769825919,0.5218623078141078
2017-01-05 07:30:00,0.38303675048355895,0.519687101368868
2017-01-05 07:45:00,0.38620889748549325,0.5187322756187003
2017-01-05 08:00:00,0.3877949709864604,0.5181687993375224
2017-01-05 08:15:00,0.3877949709864604,0.5151417533316669
2017-01-05 08:30:00,0.3877949709864604,0.5124141826674806
2017-01-05 08:45:00,0.3877949709864604,0.5111094100495779
2017-01-05 09:00:00,0.3877949709864604,0.5093733675054244
2017-01-05 09:15:00,0.3877949709864604,0.4998883835823443
2017-01-05 09:30:00,0.3877949709864604,0.49236285817262876
2017-01-05 09:45:00,0.3877949709864604,0.4851101416915923
2017-01-05 10:00:00,0.3877949709864604,0.475312721863131
2017-01-05 10:15:00,0.3877949709864604,0.4747126403568501
2017-01-05 10:30:00,0.3877949709864604,0.47442981001926504
2017-01-05 10:45:00,0.3877949709864604,0.47466887908275535
2017-01-05 11:00:00,0.3877949709864604,0.47600626079419334
2017-01-05 11:15:00,0.3877949709864604,0.4801398466111204
2017-01-05 11:30:00,0.3877949709864604,0.4837341659802442
2017-01-05 11:45:00,0.3877949709864604,0.4871935139370177
2017-01-05 12:00:00,0.3877949709864604,0.4882358579027974
2017-01-05 12:15:00,0.3877949709864604,0.48743116300092704
2017-01-05 12:30:00,0.3877949709864604,0.4885574356630302
2017-01-05 12:45:00,0.3877949709864604,0.48976085011564907
2017-01-05 13:00:00,0.3877949709864604,0.49090591785793586
2017-01-05 13:15:00,0.3877949709864604,0.49291797250102254
2017-01-05 13:30:00,0.3877949709864604,0.49543486475205645
2017-01-05 13:45:00,0.3877949709864604,0.4981080788706253
2017-01-05 14:00:00,0.3877949709864604,0.49853660074714495
2017-01-05 14:15:00,0.3877949709864604,0.49932399877350436
2017-01-05 14:30:00,0.3877949709864604,0.5012231153079382
2017-01-05 14:45:00,0.3877949709864604,0.5023496414224806
2017-01-05 15:00:00,0.3877949709864604,0.5027770328579354
2017-01-05 15:15:00,0.3877949709864604,0.5049498106203096
2017-01-05 15:30:00,0.3877949709864604,0.5073036858870248
2017-01-05 15:45:00,0.39096711798839456,0.508539941926009
2017-01-05 16:00:00,0.39096711798839456,0.5100273352206858
2017-01-05 16:15:00,0.39096711798839456,0.5069038424535861
2017-01-05 16:30:00,0.39096711798839456,0.5020629673372582
2017-01-05 16:45:00,0.3941392649903288,0.4958835385409136
2017-01-05 17:00:00,0.4004835589941973,0.49015410506615903
2017-01-05 17:15:00,0.4020696324951644,0.48717883958556296
2017-01-05 17:30:00,0.4020696324951644,0.48322330862555823
2017-01-05 17:45:00,0.4020696324951644,0.4835504052450117
2017-01-05 18:00:00,0.4020696324951644,0.4779459486779237
2017-01-05 18:15:00,0.4020696324951644,0.4936261650333786
2017-01-05 18:30:00,0.4020696324951644,0.4897446843677252
2017-01-05 18:45:00,0.4020696324951644,0.5044868479086092
2017-01-05 19:00:00,0.4020696324951644,0.5023228913112138
2017-01-05 19:15:00,0.4020696324951644,0.4942381637622658
2017-01-05 19:30:00,0.4020696324951644,0.49545320052413516
2017-01-05 19:45:00,0.4020696324951644,0.4946706086647203
2017-01-05 20:00:00,0.4020696324951644,0.4970836566704289
2017-01-05 20:15:00,0.3988974854932302,0.49834731405579863
2017-01-05 20:30:00,0.3814506769825919,0.500126129148028
2017-01-05 20:45:00,0.37827852998065764,0.5005658966046499
2017-01-05 21:00:00,0.37510638297872334,0.5037694877688628
2017-01-05 21:15:00,0.37352030947775633,0.5054931056154947
2017-01-05 21:30:00,0.37034816247582203,0.5077009792287548
2017-01-05 21:45:00,0.3687620889748549,0.5094014539744004
2017-01-05 22:00:00,0.3687620889748549,0.5089974203626193
2017-01-05 22:15:00,0.3687620889748549,0.5107407133528389
2017-01-05 22:30:00,0.36717601547388784,0.5162108684628756
2017-01-05 22:45:00,0.36717601547388784,0.5171841862783844
2017-01-05 23:00:00,0.36717601547388784,0.5227797015457878
2017-01-05 23:15:00,0.3640038684719536,0.5278176223031481
2017-01-05 23:30:00,0.35924564796905223,0.542017420718637
2017-01-05 23:45:00,0.35924564796905223,0.5393688893747854
2017-01-06 00:00:00,0.35924564796905223,0.5403966939812793
2017-01-06 00:15:00,0.4536363636363636,0.5396141186332198
2017-01-06 00:30:00,0.35290135396518374,0.5394994075026358
2017-01-06 00:45:00,0.3513152804642166,0.5392624175172168
2017-01-06 01:00:00,0.3513152804642166,0.5392106573492801
2017-01-06 01:15:00,0.3513152804642166,0.5383162369003226
2017-01-06 01:30:00,0.3513152804642166,0.536039014725852
2017-01-06 01:45:00,0.3513152804642166,0.5344384303740377
2017-01-06 02:00:00,0.3513152804642166,0.5333296968162937
2017-01-06 02:15:00,0.3513152804642166,0.5382915965341597
2017-01-06 02:30:00,0.3513152804642166,0.5432530931104015
2017-01-06 02:45:00,0.3513152804642166,0.5482650312916917
2017-01-06 03:00:00,0.3513152804642166,0.5525963762512458
2017-01-06 03:15:00,0.3513152804642166,0.5495950815192401
2017-01-06 03:30:00,0.3513152804642166,0.5462658713133823
2017-01-06 03:45:00,0.3513152804642166,0.5431070728672405
2017-01-06 04:00:00,0.3513152804642166,0.5427571808324556
2017-01-06 04:15:00,0.3513152804642166,0.5437203069746458
2017-01-06 04:30:00,0.3513152804642166,0.5423982039188568
2017-01-06 04:45:00,0.3513152804642166,0.5398647596906835
2017-01-06 05:00:00,0.3513152804642166,0.534971069763388
2017-01-06 05:15:00,0.3513152804642166,0.5339619620605374
2017-01-06 05:30:00,0.3513152804642166,0.5310906074452724
2017-01-06 05:45:00,0.3513152804642166,0.5289730487499926
2017-01-06 06:00:00,0.3513152804642166,0.5282400734632241
2017-01-06 06:15:00,0.3513152804642166,0.5248250305243366
2017-01-06 06:30:00,0.3513152804642166,0.5223089486408764
2017-01-06 06:45:00,0.3513152804642166,0.517608355163928
2017-01-06 07:00:00,0.3513152804642166,0.5081365052119665
2017-01-06 07:15:00,0.3513152804642166,0.49961718485840007
2017-01-06 07:30:00,0.3513152804642166,0.4908688911917418
2017-01-06 07:45:00,0.3513152804642166,0.4846819619836753
2017-01-06 08:00:00,0.3513152804642166,0.47781373691480505
2017-01-06 08:15:00,0.3513152804642166,0.47821729700084686
2017-01-06 08:30:00,0.3497292069632495,0.47658071952685793
2017-01-06 08:45:00,0.3497292069632495,0.47579315055873095
2017-01-06 09:00:00,0.3481431334622824,0.4741055877768837
2017-01-06 09:15:00,0.3386266924564797,0.4632392024860221
2017-01-06 09:30:00,0.33545454545454545,0.4487886256466168
2017-01-06 09:45:00,0.33545454545454545,0.44759394230200195
2017-01-06 10:00:00,0.33545454545454545,0.45294787274004916
2017-01-06 10:15:00,0.33545454545454545,0.4577241493214902
2017-01-06 10:30:00,0.33545454545454545,0.4496853448245508
2017-01-06 10:45:00,0.33545454545454545,0.45707404328191736
2017-01-06 11:00:00,0.33545454545454545,0.45015954246170836
2017-01-06 11:15:00,0.33545454545454545,0.44803856128546665
2017-01-06 11:30:00,0.33545454545454545,0.4612970745852848
2017-01-06 11:45:00,0.33545454545454545,0.45998050828852705
2017-01-06 12:00:00,0.33545454545454545,0.4584512990117284
2017-01-06 12:15:00,0.33545454545454545,0.46457332745750185
2017-01-06 12:30:00,0.33545454545454545,0.4632951017150667
2017-01-06 12:45:00,0.33545454545454545,0.4749339917504444
2017-01-06 13:00:00,0.33545454545454545,0.4632930838195449
2017-01-06 13:15:00,0.33545454545454545,0.46603758917587174
2017-01-06 13:30:00,0.3386266924564797,0.4680047210426944
2017-01-06 13:45:00,0.3417988394584139,0.47444936418551104
2017-01-06 14:00:00,0.3449709864603482,0.4806546913012722
2017-01-06 14:15:00,0.3449709864603482,0.4780454197180267
2017-01-06 14:30:00,0.3449709864603482,0.4790468298502694
2017-01-06 14:45:00,0.3449709864603482,0.4809216858566577
2017-01-06 15:00:00,0.3449709864603482,0.4828563116723238
2017-01-06 15:15:00,0.3449709864603482,0.48389577752670326
2017-01-06 15:30:00,0.3449709864603482,0.48161402240523654
2017-01-06 15:45:00,0.3449709864603482,0.48091536232532633
2017-01-06 16:00:00,0.3513152804642166,0.4780631436847738
2017-01-06 16:15:00,0.3576595744680851,0.4800659086451776
2017-01-06 16:30:00,0.3640038684719536,0.4829142485553386
2017-01-06 16:45:00,0.37034816247582203,0.48496473339115487
2017-01-06 17:00:00,0.37510638297872334,0.48714343270307314
2017-01-06 17:15:00,0.38303675048355895,0.4875217725650323
2017-01-06 17:30:00,0.38303675048355895,0.4828961394768631
2017-01-06 17:45:00,0.38303675048355895,0.4750896269584523
2017-01-06 18:00:00,0.38303675048355895,0.475338957179463
2017-01-06 18:15:00,0.38303675048355895,0.47978142936167806
2017-01-06 18:30:00,0.38303675048355895,0.492749488004938
2017-01-06 18:45:00,0.38303675048355895,0.5024665316276092
2017-01-06 19:00:00,0.38303675048355895,0.494882858064781
2017-01-06 19:15:00,0.38303675048355895,0.49159500494474484
2017-01-06 19:30:00,0.38303675048355895,0.5042584198318664
2017-01-06 19:45:00,0.38303675048355895,0.5068694049450604
2017-01-06 20:00:00,0.38303675048355895,0.5114983935359398
2017-01-06 20:15:00,0.3814506769825919,0.5132567946990947
2017-01-06 20:30:00,0.3814506769825919,0.5127375148610595
2017-01-06 20:45:00,0.3640038684719536,0.5109227260287776
2017-01-06 21:00:00,0.3640038684719536,0.5099658164492841
2017-01-06 21:15:00,0.3640038684719536,0.5119140478341875
2017-01-06 21:30:00,0.3640038684719536,0.513047101254327
2017-01-06 21:45:00,0.3640038684719536,0.5152991143460294
2017-01-06 22:00:00,0.3640038684719536,0.515287998032317
2017-01-06 22:15:00,0.3640038684719536,0.5164305850273163
2017-01-06 22:30:00,0.3640038684719536,0.5179521078988234
2017-01-06 22:45:00,0.3640038684719536,0.5192517214101718
2017-01-06 23:00:00,0.3640038684719536,0.5207551732415675
2017-01-06 23:15:00,0.3640038684719536,0.5264163952612578
2017-01-06 23:30:00,0.3640038684719536,0.5327009549136326
2017-01-06 23:45:00,0.3640038684719536,0.5387540945016666
2017-01-07 00:00:00,0.36558994197292066,0.543207356704538
2017-01-07 00:15:00,0.36558994197292066,0.5437204518674444
2017-01-07 00:30:00,0.36558994197292066,0.5442635382836476
2017-01-07 00:45:00,0.36558994197292066,0.5460185454044298
2017-01-07 01:00:00,0.36558994197292066,0.5477313137136783
2017-01-07 01:15:00,0.36558994197292066,0.5503935307666636
2017-01-07 01:30:00,0.36558994197292066,0.5540987965989255
2017-01-07 01:45:00,0.36558994197292066,0.5535876074219618
2017-01-07 02:00:00,0.36558994197292066,0.5581992393882204
2017-01-07 02:15:00,0.36558994197292066,0.5642045786334887
2017-01-07 02:30:00,0.36558994197292066,0.566647420972318
2017-01-07 02:45:00,0.36558994197292066,0.5685011106897443
2017-01-07 03:00:00,0.36558994197292066,0.5732237891655177
2017-01-07 03:15:00,0.36558994197292066,0.5800301661087456
2017-01-07 03:30:00,0.36558994197292066,0.58129396427291
2017-01-07 03:45:00,0.36558994197292066,0.5834406332334011
2017-01-07 04:00:00,0.36558994197292066,0.5846285551846794
2017-01-07 04:15:00,0.36558994197292066,0.5848094232019049
2017-01-07 04:30:00,0.36558994197292066,0.5817010577339907
2017-01-07 04:45:00,0.36558994197292066,0.5850871292107576
2017-01-07 05:00:00,0.36558994197292066,0.5850974632091966
2017-01-07 05:15:00,0.36558994197292066,0.5877386835109513
2017-01-07 05:30:00,0.36558994197292066,0.5912763590285326
2017-01-07 05:45:00,0.36558994197292066,0.5939950278672982
2017-01-07 06:00:00,0.36558994197292066,0.5992615062251544
2017-01-07 06:15:00,0.36558994197292066,0.5965274951187579
2017-01-07 06:30:00,0.36558994197292066,0.5936601481248458
2017-01-07 06:45:00,0.36558994197292066,0.5901780375370037
2017-01-07 07:00:00,0.36558994197292066,0.5897805533922513
2017-01-07 07:15:00,0.36558994197292066,0.5925758989388831
2017-01-07 07:30:00,0.36558994197292066,0.584764886371672
2017-01-07 07:45:00,0.36558994197292066,0.5787524311407134
2017-01-07 08:00:00,0.36558994197292066,0.5733904616070251
2017-01-07 08:15:00,0.36558994197292066,0.5691769918981646
2017-01-07 08:30:00,0.36558994197292066,0.5631596790237335
2017-01-07 08:45:00,0.36558994197292066,0.5595879258523864
2017-01-07 09:00:00,0.36558994197292066,0.5543265871804361
2017-01-07 09:15:00,0.36558994197292066,0.5482027329111125
2017-01-07 09:30:00,0.36558994197292066,0.5366899880517834
2017-01-07 09:45:00,0.36558994197292066,0.5275676436239772
2017-01-07 10:00:00,0.36558994197292066,0.5190888306963117
2017-01-07 10:15:00,0.36558994197292066,0.5199137047980491
2017-01-07 10:30:00,0.36558994197292066,0.519066753312839
2017-01-07 10:45:00,0.36558994197292066,0.5177677201106711
2017-01-07 11:00:00,0.36558994197292066,0.5176687423482833
2017-01-07 11:15:00,0.36558994197292066,0.5139389700819413
2017-01-07 11:30:00,0.36558994197292066,0.5167769881703961
2017-01-07 11:45:00,0.36558994197292066,0.5138047917726741
2017-01-07 12:00:00,0.36558994197292066,0.5084432517554913
2017-01-07 12:15:00,0.36558994197292066,0.5079403241261911
2017-01-07 12:30:00,0.36558994197292066,0.5061260248303825
2017-01-07 12:45:00,0.36558994197292066,0.5126207222656176
2017-01-07 13:00:00,0.36558994197292066,0.5083379596091361
2017-01-07 13:15:00,0.36558994197292066,0.5149602246895911
2017-01-07 13:30:00,0.36558994197292066,0.51777643453179
2017-01-07 13:45:00,0.36558994197292066,0.5228035460627393
2017-01-07 14:00:00,0.36558994197292066,0.5281537540591117
2017-01-07 14:15:00,0.36558994197292066,0.5334141570291965
2017-01-07 14:30:00,0.36558994197292066,0.5385636888047297
2017-01-07 14:45:00,0.36558994197292066,0.5466565665624789
2017-01-07 15:00:00,0.36717601547388784,0.5509808360440119
2017-01-07 15:15:00,0.37034816247582203,0.5571553127850872
2017-01-07 15:30:00,0.37510638297872334,0.5623497010035866
2017-01-07 15:45:00,0.3814506769825919,0.5648084742566751
2017-01-07 16:00:00,0.39096711798839456,0.5652362461423167
2017-01-07 16:15:00,0.3925531914893617,0.5632650233252255
2017-01-07 16:30:00,0.395725338491296,0.5560037649826203
2017-01-07 16:45:00,0.40365570599613154,0.550862670468194
2017-01-07 17:00:00,0.40365570599613154,0.5466098595850682
2017-01-07 17:15:00,0.40365570599613154,0.5427268452848985
2017-01-07 17:30:00,0.40365570599613154,0.5493575791685644
2017-01-07 17:45:00,0.40365570599613154,0.5579493461336121
2017-01-07 18:00:00,0.40365570599613154,0.5564841232401025
2017-01-07 18:15:00,0.40365570599613154,0.5469284928669607
2017-01-07 18:30:00,0.40365570599613154,0.5582591685599195
2017-01-07 18:45:00,0.40365570599613154,0.5387543911445961
2017-01-07 19:00:00,0.40365570599613154,0.5389664568846931
2017-01-07 19:15:00,0.40365570599613154,0.5473978189328103
2017-01-07 19:30:00,0.40365570599613154,0.5525756202203954
2017-01-07 19:45:00,0.4020696324951644,0.5513381446444822
2017-01-07 20:00:00,0.4020696324951644,0.5517736346377683
2017-01-07 20:15:00,0.4020696324951644,0.55967583905472
2017-01-07 20:30:00,0.37827852998065764,0.5690048214548254
2017-01-07 20:45:00,0.37827852998065764,0.5755937876607534
2017-01-07 21:00:00,0.37827852998065764,0.580320571591525
2017-01-07 21:15:00,0.37827852998065764,0.5745676801154584
2017-01-07 21:30:00,0.37827852998065764,0.5634556891683716
2017-01-07 21:45:00,0.37827852998065764,0.5599920632282637
2017-01-07 22:00:00,0.3766924564796905,0.5560505880565229
2017-01-07 22:15:00,0.37510638297872334,0.5597265253744815
2017-01-07 22:30:00,0.37352030947775633,0.5623042684904712
2017-01-07 22:45:00,0.37034816247582203,0.5660564801889106
2017-01-07 23:00:00,0.3687620889748549,0.5682036320186769
2017-01-07 23:15:00,0.36717601547388784,0.5706818514386469
2017-01-07 23:30:00,0.36558994197292066,0.5738498206237643
2017-01-07 23:45:00,0.3640038684719536,0.5789657285073241
2017-01-08 00:00:00,0.3624177949709865,0.5829884714182267
2017-01-08 00:15:00,0.3608317214700193,0.5872256393764131
2017-01-08 00:30:00,0.3608317214700193,0.5898240800659295
2017-01-08 00:45:00,0.3608317214700193,0.5943721194320241
2017-01-08 01:00:00,0.3608317214700193,0.5989988619613893
2017-01-08 01:15:00,0.3608317214700193,0.5989789919866966
2017-01-08 01:30:00,0.3608317214700193,0.5984697980157986
2017-01-08 01:45:00,0.3608317214700193,0.6003593522981113
2017-01-08 02:00:00,0.3608317214700193,0.6003573390601422
2017-01-08 02:15:00,0.3608317214700193,0.6055469751867502
2017-01-08 02:30:00,0.3608317214700193,0.6120372229296954
2017-01-08 02:45:00,0.3608317214700193,0.6194513139379862
2017-01-08 03:00:00,0.3608317214700193,0.6251152442536065
2017-01-08 03:15:00,0.3608317214700193,0.6225137398353481
2017-01-08 03:30:00,0.3608317214700193,0.6225686707968308
2017-01-08 03:45:00,0.3608317214700193,0.6214311682837304
2017-01-08 04:00:00,0.3608317214700193,0.621314818482643
2017-01-08 04:15:00,0.3608317214700193,0.62520445657213
2017-01-08 04:30:00,0.3608317214700193,0.6342752855056837
2017-01-08 04:45:00,0.3608317214700193,0.6415443514527703
2017-01-08 05:00:00,0.3608317214700193,0.6493153181767
2017-01-08 05:15:00,0.3608317214700193,0.6447827611848043
2017-01-08 05:30:00,0.3608317214700193,0.6379392594723213
2017-01-08 05:45:00,0.3608317214700193,0.6398456660603301
2017-01-08 06:00:00,0.3608317214700193,0.6477985085215597
2017-01-08 06:15:00,0.3608317214700193,0.6484556266856916
2017-01-08 06:30:00,0.3608317214700193,0.6478653645708732
2017-01-08 06:45:00,0.3608317214700193,0.6441116050276456
2017-01-08 07:00:00,0.3608317214700193,0.639973790832817
2017-01-08 07:15:00,0.3608317214700193,0.6392515229116236
2017-01-08 07:30:00,0.3608317214700193,0.6388332163216665
2017-01-08 07:45:00,0.3608317214700193,0.635209525109976
2017-01-08 08:00:00,0.3608317214700193,0.6356692463063657
2017-01-08 08:15:00,0.3608317214700193,0.6282728306960228
2017-01-08 08:30:00,0.3608317214700193,0.6092374770108301
2017-01-08 08:45:00,0.3608317214700193,0.5939111594800927
2017-01-08 09:00:00,0.3608317214700193,0.5819029881244582
2017-01-08 09:15:00,0.3608317214700193,0.5715070069108378
2017-01-08 09:30:00,0.3608317214700193,0.5607392651003357
2017-01-08 09:45:00,0.3608317214700193,0.562681188546563
2017-01-08 10:00:00,0.3608317214700193,0.5559634880066096
2017-01-08 10:15:00,0.3608317214700193,0.5405042960356099
2017-01-08 10:30:00,0.3608317214700193,0.5342644664861466
2017-01-08 10:45:00,0.3608317214700193,0.5318295740098516
2017-01-08 11:00:00,0.3608317214700193,0.5290353874304269
2017-01-08 11:15:00,0.3608317214700193,0.5313767176297405
2017-01-08 11:30:00,0.3608317214700193,0.5197624152671666
2017-01-08 11:45:00,0.3608317214700193,0.5225141689476749
2017-01-08 12:00:00,0.3608317214700193,0.5264028203247685
2017-01-08 12:15:00,0.3608317214700193,0.5223019521674055
2017-01-08 12:30:00,0.3608317214700193,0.5216279066073405
2017-01-08 12:45:00,0.3608317214700193,0.5209798449555567
2017-01-08 13:00:00,0.3608317214700193,0.5224010915714673
2017-01-08 13:15:00,0.3608317214700193,0.544788864889554
2017-01-08 13:30:00,0.3608317214700193,0.5599550524078666
2017-01-08 13:45:00,0.3608317214700193,0.5695004713946568
2017-01-08 14:00:00,0.3608317214700193,0.5617434808432891
2017-01-08 14:15:00,0.3608317214700193,0.5461974668542973
2017-01-08 14:30:00,0.3608317214700193,0.5529867468443821
2017-01-08 14:45:00,0.3608317214700193,0.5658399037636229
2017-01-08 15:00:00,0.3608317214700193,0.5697067370221928
2017-01-08 15:15:00,0.3608317214700193,0.569919787427056
2017-01-08 15:30:00,0.3608317214700193,0.5744242610530443
2017-01-08 15:45:00,0.3640038684719536,0.5741469558403687
2017-01-08 16:00:00,0.37034816247582203,0.5686686074786376
2017-01-08 16:15:00,0.3766924564796905,0.5672007196894425
2017-01-08 16:30:00,0.37986460348162476,0.5671737774410724
2017-01-08 16:45:00,0.38303675048355895,0.5670798127328155
2017-01-08 17:00:00,0.3846228239845261,0.5470442044226654
2017-01-08 17:15:00,0.3846228239845261,0.5363880652600214
2017-01-08 17:30:00,0.3846228239845261,0.5309039613947409
2017-01-08 17:45:00,0.3846228239845261,0.5210016807517562
2017-01-08 18:00:00,0.3846228239845261,0.5112171623028853
2017-01-08 18:15:00,0.3846228239845261,0.511047325731287
2017-01-08 18:30:00,0.3846228239845261,0.5101810813395289
2017-01-08 18:45:00,0.3846228239845261,0.5080316788935169
2017-01-08 19:00:00,0.3846228239845261,0.5107900792295441
2017-01-08 19:15:00,0.3846228239845261,0.5217079353580859
2017-01-08 19:30:00,0.3846228239845261,0.5306255598659833
2017-01-08 19:45:00,0.3846228239845261,0.5390796919718457
2017-01-08 20:00:00,0.3846228239845261,0.5478135870251277
2017-01-08 20:15:00,0.3766924564796905,0.5592652552905967
2017-01-08 20:30:00,0.3766924564796905,0.5586444225083166
2017-01-08 20:45:00,0.3766924564796905,0.555382743099636
2017-01-08 21:00:00,0.3766924564796905,0.5543293310579431
2017-01-08 21:15:00,0.3766924564796905,0.5545594475599275
2017-01-08 21:30:00,0.3766924564796905,0.5573302428134929
2017-01-08 21:45:00,0.3766924564796905,0.55781296810744
2017-01-08 22:00:00,0.3766924564796905,0.5543777004204428
2017-01-08 22:15:00,0.3766924564796905,0.5622090586416512
2017-01-08 22:30:00,0.3766924564796905,0.5658140847357753
2017-01-08 22:45:00,0.3766924564796905,0.5742139455372655
2017-01-08 23:00:00,0.3766924564796905,0.5869413773177684
2017-01-08 23:15:00,0.3766924564796905,0.5845158506273825
2017-01-08 23:30:00,0.3766924564796905,0.5795215329046124
2017-01-08 23:45:00,0.3766924564796905,0.5789606905519589
2017-01-09 00:00:00,0.41000000000000003,0.5821093259989653
2017-01-09 00:15:00,0.41000000000000003,0.5795024740576967
2017-01-09 00:30:00,0.41000000000000003,0.5874685950321735
2017-01-09 00:45:00,0.41000000000000003,0.5970364816541992
2017-01-09 01:00:00,0.41000000000000003,0.6019500741397817
2017-01-09 01:15:00,0.41000000000000003,0.6057256776440776
2017-01-09 01:30:00,0.41000000000000003,0.6139994450966814
2017-01-09 01:45:00,0.41000000000000003,0.6179337950312839
2017-01-09 02:00:00,0.41000000000000003,0.6243366466689018
2017-01-09 02:15:00,0.41000000000000003,0.6265810954818766
2017-01-09 02:30:00,0.41000000000000003,0.6225544352956321
2017-01-09 02:45:00,0.41000000000000003,0.6229588934591247
2017-01-09 03:00:00,0.41000000000000003,0.6215354967161034
2017-01-09 03:15:00,0.41000000000000003,0.620747938065767
2017-01-09 03:30:00,0.41000000000000003,0.6192900100366792
2017-01-09 03:45:00,0.41000000000000003,0.6189137075278179
2017-01-09 04:00:00,0.41000000000000003,0.6152149341235308
2017-01-09 04:15:00,0.41000000000000003,0.610073756161958
2017-01-09 04:30:00,0.41000000000000003,0.6067201755623386
2017-01-09 04:45:00,0.41000000000000003,0.6003738518814797
2017-01-09 05:00:00,0.41000000000000003,0.5891582247806386
2017-01-09 05:15:00,0.41000000000000003,0.5781548182938229
2017-01-09 05:30:00,0.41000000000000003,0.5724472463833307
2017-01-09 05:45:00,0.41000000000000003,0.5644480391947271
2017-01-09 06:00:00,0.41000000000000003,0.554109057713813
2017-01-09 06:15:00,0.41000000000000003,0.5443990248569552
2017-01-09 06:30:00,0.41000000000000003,0.536673100985453
2017-01-09 06:45:00,0.41000000000000003,0.5327958561496556
2017-01-09 07:00:00,0.41000000000000003,0.5258626606801028
2017-01-09 07:15:00,0.41000000000000003,0.5219822570450285
2017-01-09 07:30:00,0.41000000000000003,0.5174003843080359
2017-01-09 07:45:00,0.41000000000000003,0.512707665856076
2017-01-09 08:00:00,0.41000000000000003,0.5100577112593928
2017-01-09 08:15:00,0.41000000000000003,0.5080534505014553
2017-01-09 08:30:00,0.41000000000000003,0.5080802128469321
2017-01-09 08:45:00,0.41000000000000003,0.5066442183427683
2017-01-09 09:00:00,0.41000000000000003,0.503054995462834
2017-01-09 09:15:00,0.41000000000000003,0.500013746798081
2017-01-09 09:30:00,0.41000000000000003,0.496067404934201
2017-01-09 09:45:00,0.41000000000000003,0.4930315288134687
2017-01-09 10:00:00,0.41000000000000003,0.4893825764452624
2017-01-09 10:15:00,0.41000000000000003,0.4906373864686275
2017-01-09 10:30:00,0.41000000000000003,0.49351121009503446
2017-01-09 10:45:00,0.41000000000000003,0.49641856655032945
2017-01-09 11:00:00,0.41000000000000003,0.4980924088631505
2017-01-09 11:15:00,0.41000000000000003,0.5009995898077011
2017-01-09 11:30:00,0.41000000000000003,0.49854475969534645
2017-01-09 11:45:00,0.41000000000000003,0.4960344649059999
2017-01-09 12:00:00,0.41000000000000003,0.4959425973059028
2017-01-09 12:15:00,0.41000000000000003,0.49631331036350235
2017-01-09 12:30:00,0.41000000000000003,0.49487839445655246
2017-01-09 12:45:00,0.41000000000000003,0.49115521498448705
2017-01-09 13:00:00,0.41000000000000003,0.4880138374995956
2017-01-09 13:15:00,0.41000000000000003,0.4891221209078675
2017-01-09 13:30:00,0.41000000000000003,0.492904296851668
2017-01-09 13:45:00,0.41000000000000003,0.4928662475569261
2017-01-09 14:00:00,0.41000000000000003,0.4935618328028472
2017-01-09 14:15:00,0.41000000000000003,0.49239291529266543
2017-01-09 14:30:00,0.41000000000000003,0.4934556907666752
2017-01-09 14:45:00,0.41000000000000003,0.4913082676616304
2017-01-09 15:00:00,0.41000000000000003,0.4874969700316153
2017-01-09 15:15:00,0.41000000000000003,0.49310791498488765
2017-01-09 15:30:00,0.41000000000000003,0.5011752835330965
2017-01-09 15:45:00,0.41000000000000003,0.5051504085850812
2017-01-09 16:00:00,0.41000000000000003,0.5094220148891823
2017-01-09 16:15:00,0.41000000000000003,0.511373752404398
2017-01-09 16:30:00,0.41000000000000003,0.5099979414323221
2017-01-09 16:45:00,0.41000000000000003,0.5062077863336464
2017-01-09 17:00:00,0.41000000000000003,0.4964672476794663
2017-01-09 17:15:00,0.41000000000000003,0.4865495048248605
2017-01-09 17:30:00,0.41000000000000003,0.4804341376815549
2017-01-09 17:45:00,0.41000000000000003,0.4742136196488245
2017-01-09 18:00:00,0.41000000000000003,0.4923424644503012
2017-01-09 18:15:00,0.41000000000000003,0.48520954639500796
2017-01-09 18:30:00,0.41000000000000003,0.48814036723938836
2017-01-09 18:45:00,0.41000000000000003,0.4891936255009379
2017-01-09 19:00:00,0.41000000000000003,0.4848266800834225
2017-01-09 19:15:00,0.41000000000000003,0.48970667694540826
2017-01-09 19:30:00,0.41000000000000003,0.5007269577472462
2017-01-09 19:45:00,0.41000000000000003,0.5064821439439899
2017-01-09 20:00:00,0.41000000000000003,0.5086313710169754
2017-01-09 20:15:00,0.41000000000000003,0.516066450431138
2017-01-09 20:30:00,0.41000000000000003,0.5164421362806978
2017-01-09 20:45:00,0.41000000000000003,0.517102509985305
2017-01-09 21:00:00,0.41000000000000003,0.5179049339158569
2017-01-09 21:15:00,0.41000000000000003,0.5193786330039324
2017-01-09 21:30:00,0.41000000000000003,0.5215718516231511
2017-01-09 21:45:00,0.41000000000000003,0.5294156376899819
2017-01-09 22:00:00,0.41000000000000003,0.532731226170947
2017-01-09 22:15:00,0.41000000000000003,0.5352020256040844
2017-01-09 22:30:00,0.41000000000000003,0.5350901666531189
2017-01-09 22:45:00,0.41000000000000003,0.532991055909188
2017-01-09 23:00:00,0.41000000000000003,0.530012836645685
2017-01-09 23:15:00,0.41000000000000003,0.5327031138647719
2017-01-09 23:30:00,0.41000000000000003,0.5747946617262372
2017-01-09 23:45:00,0.41000000000000003,0.5535897862993231
2017-01-10 00:00:00,0.41000000000000003,0.5430047730422233
2017-01-10 00:15:00,0.41000000000000003,0.5427166962817518
2017-01-10 00:30:00,0.41000000000000003,0.5510992127477388
2017-01-10 00:45:00,0.41000000000000003,0.5577922247650773
2017-01-10 01:00:00,0.41000000000000003,0.5631147258563189
2017-01-10 01:15:00,0.41000000000000003,0.5645551384221783
2017-01-10 01:30:00,0.41000000000000003,0.5707800320605505
2017-01-10 01:45:00,0.41000000000000003,0.5752392868966695
2017-01-10 02:00:00,0.41000000000000003,0.5779575478122391
2017-01-10 02:15:00,0.41000000000000003,0.5857259796334983
2017-01-10 02:30:00,0.41000000000000003,0.5877361909223809
2017-01-10 02:45:00,0.41000000000000003,0.5858240317099773
2017-01-10 03:00:00,0.41000000000000003,0.5787940624145129
2017-01-10 03:15:00,0.41000000000000003,0.5798696291848592
2017-01-10 03:30:00,0.41000000000000003,0.582853429679588
2017-01-10 03:45:00,0.41000000000000003,0.5789962406121095
2017-01-10 04:00:00,0.41000000000000003,0.5768071637351935
2017-01-10 04:15:00,0.41000000000000003,0.5752116171105235
2017-01-10 04:30:00,0.41000000000000003,0.5741479600444422
2017-01-10 04:45:00,0.41000000000000003,0.5662110458545205
2017-01-10 05:00:00,0.41000000000000003,0.5584879008565848
2017-01-10 05:15:00,0.41000000000000003,0.5552337636384912
2017-01-10 05:30:00,0.41000000000000003,0.5528937880843849
2017-01-10 05:45:00,0.41000000000000003,0.5551505815384242
2017-01-10 06:00:00,0.41000000000000003,0.5517533990100448
2017-01-10 06:15:00,0.41000000000000003,0.5412027731844774
2017-01-10 06:30:00,0.41000000000000003,0.5370334136228744
2017-01-10 06:45:00,0.41000000000000003,0.5318983159096485
2017-01-10 07:00:00,0.41000000000000003,0.528299645143224
2017-01-10 07:15:00,0.41000000000000003,0.5307083253783077
2017-01-10 07:30:00,0.41000000000000003,0.5254964173488769
2017-01-10 07:45:00,0.41000000000000003,0.5191031959845198
2017-01-10 08:00:00,0.41000000000000003,0.51769664560725
2017-01-10 08:15:00,0.41000000000000003,0.5177445034285455
2017-01-10 08:30:00,0.41000000000000003,0.5189257877518816
2017-01-10 08:45:00,0.4536363636363636,0.5184445845739573
2017-01-10 09:00:00,0.4536363636363636,0.5192032602900756
2017-01-10 09:15:00,0.4536363636363636,0.5136290410232836
2017-01-10 09:30:00,0.41000000000000003,0.5099855815447121
2017-01-10 09:45:00,0.41000000000000003,0.5057516384745946
2017-01-10 10:00:00,0.41000000000000003,0.5021766383017373
2017-01-10 10:15:00,0.41000000000000003,0.49889074858111687
2017-01-10 10:30:00,0.41000000000000003,0.4951300436609398
2017-01-10 10:45:00,0.41000000000000003,0.49156840245329275
2017-01-10 11:00:00,0.41000000000000003,0.4889148313540728
2017-01-10 11:15:00,0.41000000000000003,0.4917237066174628
2017-01-10 11:30:00,0.41000000000000003,0.4944024969646471
2017-01-10 11:45:00,0.41000000000000003,0.49578499252909924
2017-01-10 12:00:00,0.41000000000000003,0.4980723476331204
2017-01-10 12:15:00,0.41000000000000003,0.5002912758173834
2017-01-10 12:30:00,0.41000000000000003,0.502356125607987
2017-01-10 12:45:00,0.41000000000000003,0.504464216198977
2017-01-10 13:00:00,0.41000000000000003,0.5070954641864954
2017-01-10 13:15:00,0.41000000000000003,0.5089972780012303
2017-01-10 13:30:00,0.41000000000000003,0.510940570627556
2017-01-10 13:45:00,0.41000000000000003,0.513091219684104
2017-01-10 14:00:00,0.41000000000000003,0.5143892087469952
2017-01-10 14:15:00,0.41000000000000003,0.5161636565874658
2017-01-10 14:30:00,0.41000000000000003,0.5169302091898967
2017-01-10 14:45:00,0.41000000000000003,0.5189648814645585
2017-01-10 15:00:00,0.4536363636363636,0.5216593499638871
2017-01-10 15:15:00,0.41000000000000003,0.5135754804088545
2017-01-10 15:30:00,0.41000000000000003,0.5071110166182325
2017-01-10 15:45:00,0.4536363636363636,0.5235479317273208
2017-01-10 16:00:00,0.4536363636363636,0.5243851315796073
2017-01-10 16:15:00,0.41000000000000003,0.5136896264159942
2017-01-10 16:30:00,0.4536363636363636,0.523343384388261
2017-01-10 16:45:00,0.4536363636363636,0.5224380727402748
2017-01-10 17:00:00,0.41000000000000003,0.48416431374088287
2017-01-10 17:15:00,0.4536363636363636,0.5194286967347047
2017-01-10 17:30:00,0.4536363636363636,0.5189081924154616
2017-01-10 17:45:00,0.4536363636363636,0.5185199439787466
2017-01-10 18:00:00,0.4536363636363636,0.4837028129963195
2017-01-10 18:15:00,0.4536363636363636,0.5183559737840691
2017-01-10 18:30:00,0.41000000000000003,0.47837272805703845
2017-01-10 18:45:00,0.4536363636363636,0.5179850089137605
2017-01-10 19:00:00,0.41000000000000003,0.4867530226878036
2017-01-10 19:15:00,0.41000000000000003,0.49592832913941
2017-01-10 19:30:00,0.4536363636363636,0.5163089265455124
2017-01-10 19:45:00,0.4536363636363636,0.5156661202555775
2017-01-10 20:00:00,0.41000000000000003,0.5157821909906348
2017-01-10 20:15:00,0.41000000000000003,0.5207518556691149
2017-01-10 20:30:00,0.41000000000000003,0.526372164691231
2017-01-10 20:45:00,0.41000000000000003,0.5267774179492899
2017-01-10 21:00:00,0.41000000000000003,0.5248544856416653
2017-01-10 21:15:00,0.41000000000000003,0.5249506426733923
2017-01-10 21:30:00,0.41000000000000003,0.5267757080313251
2017-01-10 21:45:00,0.41000000000000003,0.529369385119097
2017-01-10 22:00:00,0.41000000000000003,0.5308286050871013
2017-01-10 22:15:00,0.41000000000000003,0.5359826900223806
2017-01-10 22:30:00,0.41000000000000003,0.5431412007176968
2017-01-10 22:45:00,0.41000000000000003,0.5460315206709988
2017-01-10 23:00:00,0.41000000000000003,0.5550419552844557
2017-01-10 23:15:00,0.41000000000000003,0.5537031397122752
2017-01-10 23:30:00,0.41000000000000003,0.5475178167939981
2017-01-10 23:45:00,0.41000000000000003,0.5451701810284362
2017-01-11 00:00:00,0.41000000000000003,0.5454624100968005
2017-01-11 00:15:00,0.41000000000000003,0.545734764573848
2017-01-11 00:30:00,0.41000000000000003,0.5475934725213488
2017-01-11 00:45:00,0.41000000000000003,0.5508307426714144
2017-01-11 01:00:00,0.41000000000000003,0.559996135751794
2017-01-11 01:15:00,0.41000000000000003,0.565822962254606
2017-01-11 01:30:00,0.41000000000000003,0.5723535001729139
2017-01-11 01:45:00,0.41000000000000003,0.5724535459813136
2017-01-11 02:00:00,0.41000000000000003,0.5763852779285819
2017-01-11 02:15:00,0.41000000000000003,0.5770557795039749
2017-01-11 02:30:00,0.41000000000000003,0.5812855364195653
2017-01-11 02:45:00,0.41000000000000003,0.5830966066043225
2017-01-11 03:00:00,0.41000000000000003,0.5813893150350324
2017-01-11 03:15:00,0.41000000000000003,0.5770379404884581
2017-01-11 03:30:00,0.41000000000000003,0.580587148742049
2017-01-11 03:45:00,0.41000000000000003,0.5815904768880419
2017-01-11 04:00:00,0.41000000000000003,0.5762729171808924
2017-01-11 04:15:00,0.41000000000000003,0.5740507737134063
2017-01-11 04:30:00,0.41000000000000003,0.5723940729452487
2017-01-11 04:45:00,0.41000000000000003,0.5700619190656515
2017-01-11 05:00:00,0.41000000000000003,0.5652806377755237
2017-01-11 05:15:00,0.41000000000000003,0.5637635293843724
2017-01-11 05:30:00,0.41000000000000003,0.5610201444826702
2017-01-11 05:45:00,0.41000000000000003,0.5577581851732486
2017-01-11 06:00:00,0.41000000000000003,0.5513036114778609
2017-01-11 06:15:00,0.41000000000000003,0.5449418566546959
2017-01-11 06:30:00,0.41000000000000003,0.5389293461936633
2017-01-11 06:45:00,0.41000000000000003,0.5355656869440766
2017-01-11 07:00:00,0.41000000000000003,0.5313810246827746
2017-01-11 07:15:00,0.41000000000000003,0.5281895198138382
2017-01-11 07:30:00,0.41000000000000003,0.5194519597769385
2017-01-11 07:45:00,0.41000000000000003,0.5122617891700805
2017-01-11 08:00:00,0.41000000000000003,0.5057184028736674
2017-01-11 08:15:00,0.41000000000000003,0.5039193471282746
2017-01-11 08:30:00,0.41000000000000003,0.4999694035689668
2017-01-11 08:45:00,0.41000000000000003,0.5005368205354855
2017-01-11 09:00:00,0.41000000000000003,0.49789200854847265
2017-01-11 09:15:00,0.41000000000000003,0.4945670160183854
2017-01-11 09:30:00,0.41000000000000003,0.4923665477678421
2017-01-11 09:45:00,0.41000000000000003,0.4882692762269796
2017-01-11 10:00:00,0.41000000000000003,0.4857845575807421
2017-01-11 10:15:00,0.41000000000000003,0.4823874782394938
2017-01-11 10:30:00,0.41000000000000003,0.4785522160822449
2017-01-11 10:45:00,0.41000000000000003,0.4753277268275626
2017-01-11 11:00:00,0.41000000000000003,0.47142263867814216
2017-01-11 11:15:00,0.41000000000000003,0.46915696087773157
2017-01-11 11:30:00,0.41000000000000003,0.4664723741016052
2017-01-11 11:45:00,0.41000000000000003,0.4663034605238962
2017-01-11 12:00:00,0.41000000000000003,0.4642770901721778
2017-01-11 12:15:00,0.41000000000000003,0.46379393046489664
2017-01-11 12:30:00,0.41000000000000003,0.4629386087820512
2017-01-11 12:45:00,0.41000000000000003,0.4645341545601252
2017-01-11 13:00:00,0.41000000000000003,0.4650770997927836
2017-01-11 13:15:00,0.41000000000000003,0.4626062055014139
2017-01-11 13:30:00,0.41000000000000003,0.4603694800490281
2017-01-11 13:45:00,0.41000000000000003,0.46098795627676986
2017-01-11 14:00:00,0.41000000000000003,0.4592887075331962
2017-01-11 14:15:00,0.41000000000000003,0.4588715883380515
2017-01-11 14:30:00,0.41000000000000003,0.4585768841006672
2017-01-11 14:45:00,0.41000000000000003,0.4568472045324974
2017-01-11 15:00:00,0.41000000000000003,0.4573969756323308
2017-01-11 15:15:00,0.41000000000000003,0.4546969341640913
2017-01-11 15:30:00,0.41000000000000003,0.4517955012076977
2017-01-11 15:45:00,0.41000000000000003,0.45080541898870663
2017-01-11 16:00:00,0.41000000000000003,0.4515087064859272
2017-01-11 16:15:00,0.41000000000000003,0.4500540725204685
2017-01-11 16:30:00,0.41000000000000003,0.4500867144247202
2017-01-11 16:45:00,0.41000000000000003,0.44914641007467215
2017-01-11 17:00:00,0.41000000000000003,0.44897370292915084
2017-01-11 17:15:00,0.41000000000000003,0.44913183938961615
2017-01-11 17:30:00,0.41000000000000003,0.4487789490022307
2017-01-11 17:45:00,0.41000000000000003,0.45117266347868223
2017-01-11 18:00:00,0.41000000000000003,0.4503140083752968
2017-01-11 18:15:00,0.41000000000000003,0.45156740534271994
2017-01-11 18:30:00,0.41000000000000003,0.4543572298231391
2017-01-11 18:45:00,0.41000000000000003,0.4588648884747169
2017-01-11 19:00:00,0.41000000000000003,0.4607135065166476
2017-01-11 19:15:00,0.41000000000000003,0.46434183238692134
2017-01-11 19:30:00,0.41000000000000003,0.46733839307740677
2017-01-11 19:45:00,0.41000000000000003,0.471977383120714
2017-01-11 20:00:00,0.41000000000000003,0.4789691752997531
2017-01-11 20:15:00,0.41000000000000003,0.48169507420546476
2017-01-11 20:30:00,0.41000000000000003,0.4848840225650585
2017-01-11 20:45:00,0.41000000000000003,0.4833225341576483
2017-01-11 21:00:00,0.41000000000000003,0.4819953640461667
2017-01-11 21:15:00,0.41000000000000003,0.48509301338299077
2017-01-11 21:30:00,0.41000000000000003,0.48573471167048254
2017-01-11 21:45:00,0.41000000000000003,0.48385212515886783
2017-01-11 22:00:00,0.41000000000000003,0.4822359341474494
2017-01-11 22:15:00,0.41000000000000003,0.48328399368668695
2017-01-11 22:30:00,0.41000000000000003,0.4861952101456057
2017-01-11 22:45:00,0.41000000000000003,0.48959231403534903
2017-01-11 23:00:00,0.41000000000000003,0.489490069328951
2017-01-11 23:15:00,0.41000000000000003,0.48803060925646896
2017-01-11 23:30:00,0.41000000000000003,0.4655916919591957
2017-01-11 23:45:00,0.41000000000000003,0.46984853291192974
2017-01-12 00:00:00,0.41000000000000003,0.45374334969561747
2017-01-12 00:15:00,0.41000000000000003,0.4595485532561818
2017-01-12 00:30:00,0.41000000000000003,0.4644926204704601
2017-01-12 00:45:00,0.41000000000000003,0.4653518190842157
2017-01-12 01:00:00,0.41000000000000003,0.47158592186927845
2017-01-12 01:15:00,0.41000000000000003,0.48056237132217605
2017-01-12 01:30:00,0.41000000000000003,0.4784093169325085
2017-01-12 01:45:00,0.41000000000000003,0.46966214242937737
2017-01-12 02:00:00,0.41000000000000003,0.46968515023936175
2017-01-12 02:15:00,0.41000000000000003,0.469530428236734
2017-01-12 02:30:00,0.41000000000000003,0.47121430780594536
2017-01-12 02:45:00,0.41000000000000003,0.4799915084044161
2017-01-12 03:00:00,0.41000000000000003,0.4856306691292746
2017-01-12 03:15:00,0.41000000000000003,0.48888626821848774
2017-01-12 03:30:00,0.41000000000000003,0.4895049744427335
2017-01-12 03:45:00,0.41000000000000003,0.5012408800819141
2017-01-12 04:00:00,0.41000000000000003,0.516269502165311
2017-01-12 04:15:00,0.41000000000000003,0.521213539139433
2017-01-12 04:30:00,0.41000000000000003,0.5209489930846314
2017-01-12 04:45:00,0.41000000000000003,0.522193849458291
2017-01-12 05:00:00,0.41000000000000003,0.5204103816826975
2017-01-12 05:15:00,0.41000000000000003,0.5222132092358185
2017-01-12 05:30:00,0.41000000000000003,0.522160285024422
2017-01-12 05:45:00,0.41000000000000003,0.5206800292673298
2017-01-12 06:00:00,0.41000000000000003,0.518648527737321
2017-01-12 06:15:00,0.41000000000000003,0.517264803851649
2017-01-12 06:30:00,0.41000000000000003,0.5194638556137642
2017-01-12 06:45:00,0.41000000000000003,0.517489849003065
2017-01-12 07:00:00,0.41000000000000003,0.52040577793564
2017-01-12 07:15:00,0.41000000000000003,0.5161622258918892
2017-01-12 07:30:00,0.41000000000000003,0.5139621798682282
2017-01-12 07:45:00,0.4536363636363636,0.5134783791050684
2017-01-12 08:00:00,0.4536363636363636,0.5135976422853876
2017-01-12 08:15:00,0.4536363636363636,0.5083471303775106
2017-01-12 08:30:00,0.41000000000000003,0.5042795903684508
2017-01-12 08:45:00,0.41000000000000003,0.49964720482862424
2017-01-12 09:00:00,0.41000000000000003,0.5014471279807784
2017-01-12 09:15:00,0.41000000000000003,0.49875465649913425
2017-01-12 09:30:00,0.41000000000000003,0.4963044876626959
2017-01-12 09:45:00,0.41000000000000003,0.4943620734503689
2017-01-12 10:00:00,0.41000000000000003,0.48968659018203803
2017-01-12 10:15:00,0.41000000000000003,0.48755421655926584
2017-01-12 10:30:00,0.41000000000000003,0.48727892509294113
2017-01-12 10:45:00,0.41000000000000003,0.48656457775655315
2017-01-12 11:00:00,0.41000000000000003,0.4860018588906207
2017-01-12 11:15:00,0.41000000000000003,0.48448601705647026
2017-01-12 11:30:00,0.41000000000000003,0.4832017873232828
2017-01-12 11:45:00,0.41000000000000003,0.4815436462372948
2017-01-12 12:00:00,0.41000000000000003,0.4808062942453449
2017-01-12 12:15:00,0.41000000000000003,0.4837639265183128
2017-01-12 12:30:00,0.41000000000000003,0.4868568850016745
2017-01-12 12:45:00,0.41000000000000003,0.489980766328363
2017-01-12 13:00:00,0.41000000000000003,0.4920920524252154
2017-01-12 13:15:00,0.41000000000000003,0.49306697464672083
2017-01-12 13:30:00,0.41000000000000003,0.4950646847296913
2017-01-12 13:45:00,0.41000000000000003,0.4973496574408884
2017-01-12 14:00:00,0.41000000000000003,0.49988742918108814
2017-01-12 14:15:00,0.41000000000000003,0.5012512174922732
2017-01-12 14:30:00,0.41000000000000003,0.5021178403734887
2017-01-12 14:45:00,0.41000000000000003,0.5048401649931269
2017-01-12 15:00:00,0.4536363636363636,0.5069624015637891
2017-01-12 15:15:00,0.4536363636363636,0.5103912091745751
2017-01-12 15:30:00,0.4536363636363636,0.5140024370833189
2017-01-12 15:45:00,0.41000000000000003,0.5049106909739127
2017-01-12 16:00:00,0.4536363636363636,0.521373598593283
2017-01-12 16:15:00,0.4536363636363636,0.5204437955235788
2017-01-12 16:30:00,0.41000000000000003,0.5068496663818426
2017-01-12 16:45:00,0.41000000000000003,0.4949410548650549
2017-01-12 17:00:00,0.4536363636363636,0.5162249029796829
2017-01-12 17:15:00,0.41000000000000003,0.48440408868320134
2017-01-12 17:30:00,0.4536363636363636,0.5251707060271656
2017-01-12 17:45:00,0.4536363636363636,0.5301461005884334
2017-01-12 18:00:00,0.41000000000000003,0.5087580581609232
2017-01-12 18:15:00,0.4536363636363636,0.5340759786002957
2017-01-12 18:30:00,0.4536363636363636,0.5318597881624838
2017-01-12 18:45:00,0.4536363636363636,0.5313760363623089
2017-01-12 19:00:00,0.4536363636363636,0.49767997503872535
2017-01-12 19:15:00,0.41000000000000003,0.492248077522555
2017-01-12 19:30:00,0.41000000000000003,0.5007632456877641
2017-01-12 19:45:00,0.41000000000000003,0.5050422258948237
2017-01-12 20:00:00,0.41000000000000003,0.5069367333474354
2017-01-12 20:15:00,0.41000000000000003,0.5073778107408978
2017-01-12 20:30:00,0.41000000000000003,0.509224850310101
2017-01-12 20:45:00,0.41000000000000003,0.5115208550933331
2017-01-12 21:00:00,0.41000000000000003,0.5107909411836344
2017-01-12 21:15:00,0.41000000000000003,0.5120450015482286
2017-01-12 21:30:00,0.41000000000000003,0.515253119472528
2017-01-12 21:45:00,0.41000000000000003,0.5221240097522808
2017-01-12 22:00:00,0.41000000000000003,0.5176868585432393
2017-01-12 22:15:00,0.41000000000000003,0.5194755288900801
2017-01-12 22:30:00,0.41000000000000003,0.520965492713704
2017-01-12 22:45:00,0.41000000000000003,0.5218994815884744
2017-01-12 23:00:00,0.41000000000000003,0.5240369475243954
2017-01-12 23:15:00,0.41000000000000003,0.535395125792872
2017-01-12 23:30:00,0.41000000000000003,0.5430426654178547
2017-01-12 23:45:00,0.41000000000000003,0.5509508018181688
2017-01-13 00:00:00,0.3988974854932302,0.5584925402279959
2017-01-13 00:15:00,0.3988974854932302,0.5601162897358356
2017-01-13 00:30:00,0.3988974854932302,0.5625647748288078
2017-01-13 00:45:00,0.3988974854932302,0.5660353462515801
2017-01-13 01:00:00,0.3988974854932302,0.5761465661736506
2017-01-13 01:15:00,0.3988974854932302,0.5750874879248827
2017-01-13 01:30:00,0.3988974854932302,0.5745368623552115
2017-01-13 01:45:00,0.3988974854932302,0.5743152563817114
2017-01-13 02:00:00,0.3988974854932302,0.5773557406398259
2017-01-13 02:15:00,0.3988974854932302,0.577378399169623
2017-01-13 02:30:00,0.3988974854932302,0.5781265877953403
2017-01-13 02:45:00,0.3988974854932302,0.5783618436232629
2017-01-13 03:00:00,0.3988974854932302,0.5776387305086651
2017-01-13 03:15:00,0.3988974854932302,0.5779248074548041
2017-01-13 03:30:00,0.3988974854932302,0.5788708975549314
2017-01-13 03:45:00,0.3988974854932302,0.5743273546896801
2017-01-13 04:00:00,0.3988974854932302,0.5742049886129675
2017-01-13 04:15:00,0.3988974854932302,0.5725155585535754
2017-01-13 04:30:00,0.3988974854932302,0.5698773361220965
2017-01-13 04:45:00,0.3988974854932302,0.5665057658824816
2017-01-13 05:00:00,0.3988974854932302,0.5638928485629138
2017-01-13 05:15:00,0.3988974854932302,0.5569960038909799
2017-01-13 05:30:00,0.3988974854932302,0.5484165789611243
2017-01-13 05:45:00,0.3988974854932302,0.5382637492359156
2017-01-13 06:00:00,0.3988974854932302,0.5295305224574591
2017-01-13 06:15:00,0.3988974854932302,0.5258094064885627
2017-01-13 06:30:00,0.3988974854932302,0.523778954466483
2017-01-13 06:45:00,0.3988974854932302,0.5217327738313582
2017-01-13 07:00:00,0.40365570599613154,0.5207475905278275
2017-01-13 07:15:00,0.4052417794970986,0.5178084625267959
2017-01-13 07:30:00,0.4052417794970986,0.5122105109383176
2017-01-13 07:45:00,0.4052417794970986,0.5067382128861605
2017-01-13 08:00:00,0.4052417794970986,0.5114992084973811
2017-01-13 08:15:00,0.4052417794970986,0.5092047421450318
2017-01-13 08:30:00,0.4052417794970986,0.4969315430198257
2017-01-13 08:45:00,0.4052417794970986,0.49511632189408217
2017-01-13 09:00:00,0.4052417794970986,0.5001030488678763
2017-01-13 09:15:00,0.4052417794970986,0.494590657680709
2017-01-13 09:30:00,0.4052417794970986,0.48975027722840503
2017-01-13 09:45:00,0.4052417794970986,0.4848678861188334
2017-01-13 10:00:00,0.4052417794970986,0.48134455010843397
2017-01-13 10:15:00,0.40365570599613154,0.47820409179332235
2017-01-13 10:30:00,0.40365570599613154,0.4739138548844726
2017-01-13 10:45:00,0.40365570599613154,0.4679171421487513
2017-01-13 11:00:00,0.40365570599613154,0.4629513363863951
2017-01-13 11:15:00,0.40365570599613154,0.45922701556715173
2017-01-13 11:30:00,0.40365570599613154,0.45749325659046264
2017-01-13 11:45:00,0.40365570599613154,0.45663666276131387
2017-01-13 12:00:00,0.40365570599613154,0.45538108939538346
2017-01-13 12:15:00,0.40365570599613154,0.4517346576665322
2017-01-13 12:30:00,0.40365570599613154,0.4481887195442967
2017-01-13 12:45:00,0.40365570599613154,0.4443882820854489
2017-01-13 13:00:00,0.40365570599613154,0.4403333034283482
2017-01-13 13:15:00,0.40365570599613154,0.44693826519767854
2017-01-13 13:30:00,0.40365570599613154,0.45361509601799943
2017-01-13 13:45:00,0.40365570599613154,0.4612780884244368
2017-01-13 14:00:00,0.40365570599613154,0.46823004387956946
2017-01-13 14:15:00,0.40365570599613154,0.4720820526155569
2017-01-13 14:30:00,0.40365570599613154,0.47583394753232305
2017-01-13 14:45:00,0.40365570599613154,0.4796671865498882
2017-01-13 15:00:00,0.40365570599613154,0.48191377241426975
2017-01-13 15:15:00,0.40365570599613154,0.48516593462421403
2017-01-13 15:30:00,0.40365570599613154,0.48630533632218503
2017-01-13 15:45:00,0.40365570599613154,0.4858786685752091
2017-01-13 16:00:00,0.40365570599613154,0.48627107975720535
2017-01-13 16:15:00,0.40365570599613154,0.48553370929305995
2017-01-13 16:30:00,0.40365570599613154,0.486311001601656
2017-01-13 16:45:00,0.40365570599613154,0.4837658359266542
2017-01-13 17:00:00,0.40365570599613154,0.482654354798968
2017-01-13 17:15:00,0.40365570599613154,0.47971040916704705
2017-01-13 17:30:00,0.40365570599613154,0.47935741630399725
2017-01-13 17:45:00,0.40365570599613154,0.47541597558437776
2017-01-13 18:00:00,0.40365570599613154,0.4734459507377692
2017-01-13 18:15:00,0.4020696324951644,0.4697883643317346
2017-01-13 18:30:00,0.3988974854932302,0.47050645729776586
2017-01-13 18:45:00,0.3973114119922631,0.46913987794049705
2017-01-13 19:00:00,0.395725338491296,0.4687561704703136
2017-01-13 19:15:00,0.395725338491296,0.475200739096814
2017-01-13 19:30:00,0.395725338491296,0.4788408032316355
2017-01-13 19:45:00,0.395725338491296,0.4821718129610281
2017-01-13 20:00:00,0.395725338491296,0.48660119411904085
2017-01-13 20:15:00,0.3925531914893617,0.4868852026049396
2017-01-13 20:30:00,0.38303675048355895,0.48937849532969935
2017-01-13 20:45:00,0.3766924564796905,0.49066677862660735
2017-01-13 21:00:00,0.37510638297872334,0.4892890366384761
2017-01-13 21:15:00,0.37510638297872334,0.49050655783697267
2017-01-13 21:30:00,0.37352030947775633,0.4929444863050883
2017-01-13 21:45:00,0.37193423597678915,0.4953720268044578
2017-01-13 22:00:00,0.37034816247582203,0.496409725450454
2017-01-13 22:15:00,0.36717601547388784,0.49736319190445005
2017-01-13 22:30:00,0.3624177949709865,0.4982923012454238
2017-01-13 22:45:00,0.3576595744680851,0.49991626898494557
2017-01-13 23:00:00,0.3576595744680851,0.5000207733390227
2017-01-13 23:15:00,0.3576595744680851,0.5036760033834449
2017-01-13 23:30:00,0.3576595744680851,0.5105407229913963
2017-01-13 23:45:00,0.3576595744680851,0.5082195455990781
2017-01-14 00:00:00,0.3576595744680851,0.5106835743122057
2017-01-14 00:15:00,0.3576595744680851,0.5105013680658601
2017-01-14 00:30:00,0.3576595744680851,0.5122033252282933
2017-01-14 00:45:00,0.3576595744680851,0.5126510578975669
2017-01-14 01:00:00,0.3576595744680851,0.5130336702169411
2017-01-14 01:15:00,0.3576595744680851,0.5141388052600163
2017-01-14 01:30:00,0.3576595744680851,0.5164711481681098
2017-01-14 01:45:00,0.3576595744680851,0.520648734358699
2017-01-14 02:00:00,0.3576595744680851,0.5236636533428868
2017-01-14 02:15:00,0.3576595744680851,0.5212229459823468
2017-01-14 02:30:00,0.3576595744680851,0.521454215497196
2017-01-14 02:45:00,0.3576595744680851,0.525260583860552
2017-01-14 03:00:00,0.3576595744680851,0.5263482384630113
2017-01-14 03:15:00,0.3576595744680851,0.5259587477159072
2017-01-14 03:30:00,0.3576595744680851,0.5281525689107939
2017-01-14 03:45:00,0.3576595744680851,0.5294070370371412
2017-01-14 04:00:00,0.3576595744680851,0.526330299552189
2017-01-14 04:15:00,0.3576595744680851,0.5295065159608291
2017-01-14 04:30:00,0.3576595744680851,0.533013169671759
2017-01-14 04:45:00,0.3576595744680851,0.5339875586946699
2017-01-14 05:00:00,0.3576595744680851,0.5332849983615751
2017-01-14 05:15:00,0.3576595744680851,0.5347210289972893
2017-01-14 05:30:00,0.3576595744680851,0.541008542174435
2017-01-14 05:45:00,0.3576595744680851,0.5438126855081108
2017-01-14 06:00:00,0.3576595744680851,0.5473303743956692
2017-01-14 06:15:00,0.3576595744680851,0.5369115623118006
2017-01-14 06:30:00,0.3576595744680851,0.5320576848739783
2017-01-14 06:45:00,0.3576595744680851,0.5349114452780617
2017-01-14 07:00:00,0.3576595744680851,0.5222046863187562
2017-01-14 07:15:00,0.3576595744680851,0.532462536123125
2017-01-14 07:30:00,0.3576595744680851,0.5251793327623863
2017-01-14 07:45:00,0.3576595744680851,0.5270592353304762
2017-01-14 08:00:00,0.3576595744680851,0.5248858685083935
2017-01-14 08:15:00,0.3576595744680851,0.5184038421802307
2017-01-14 08:30:00,0.3576595744680851,0.5134626043098302
2017-01-14 08:45:00,0.3576595744680851,0.51001203708916
2017-01-14 09:00:00,0.3576595744680851,0.5061064739068211
2017-01-14 09:15:00,0.3576595744680851,0.5010289171274853
2017-01-14 09:30:00,0.3576595744680851,0.49826156559404033
2017-01-14 09:45:00,0.3576595744680851,0.4921836261908401
2017-01-14 10:00:00,0.3576595744680851,0.4892259657400318
2017-01-14 10:15:00,0.3576595744680851,0.4880956230920606
2017-01-14 10:30:00,0.3576595744680851,0.4856208778215252
2017-01-14 10:45:00,0.3576595744680851,0.4849763168268887
2017-01-14 11:00:00,0.3576595744680851,0.4851603301931949
2017-01-14 11:15:00,0.3576595744680851,0.47944627804762224
2017-01-14 11:30:00,0.3576595744680851,0.4776188064358294
2017-01-14 11:45:00,0.3576595744680851,0.4722008703449072
2017-01-14 12:00:00,0.3576595744680851,0.46777187763684297
2017-01-14 12:15:00,0.3576595744680851,0.4700370158046085
2017-01-14 12:30:00,0.3576595744680851,0.46628766749983214
2017-01-14 12:45:00,0.3576595744680851,0.4679305723190173
2017-01-14 13:00:00,0.3576595744680851,0.4715436868805891
2017-01-14 13:15:00,0.3576595744680851,0.47622189209791954
2017-01-14 13:30:00,0.3576595744680851,0.4819989420270781
2017-01-14 13:45:00,0.3576595744680851,0.48989099024422367
2017-01-14 14:00:00,0.3576595744680851,0.4946949598634153
2017-01-14 14:15:00,0.3576595744680851,0.49919750131471163
2017-01-14 14:30:00,0.3576595744680851,0.505584158302287
2017-01-14 14:45:00,0.3576595744680851,0.5104189808871527
2017-01-14 15:00:00,0.35924564796905223,0.5145644258633758
2017-01-14 15:15:00,0.3608317214700193,0.5248937536637036
2017-01-14 15:30:00,0.36558994197292066,0.5324153324753279
2017-01-14 15:45:00,0.37034816247582203,0.5407300569951752
2017-01-14 16:00:00,0.3766924564796905,0.5463742275955965
2017-01-14 16:15:00,0.3846228239845261,0.5412194637339789
2017-01-14 16:30:00,0.3877949709864604,0.5440454442153669
2017-01-14 16:45:00,0.39096711798839456,0.5421459003820734
2017-01-14 17:00:00,0.3941392649903288,0.5247039024617131
2017-01-14 17:15:00,0.3941392649903288,0.5168843624541604
2017-01-14 17:30:00,0.3941392649903288,0.5212339033814731
2017-01-14 17:45:00,0.3941392649903288,0.5054978258177584
2017-01-14 18:00:00,0.3941392649903288,0.5137071928689182
2017-01-14 18:15:00,0.3941392649903288,0.5139308991410838
2017-01-14 18:30:00,0.3941392649903288,0.522318665173646
2017-01-14 18:45:00,0.3941392649903288,0.5201619092416838
2017-01-14 19:00:00,0.3941392649903288,0.5232403216377917
2017-01-14 19:15:00,0.3941392649903288,0.5290803611839144
2017-01-14 19:30:00,0.3941392649903288,0.5371044712488557
2017-01-14 19:45:00,0.3941392649903288,0.5343284732873987
2017-01-14 20:00:00,0.38620889748549325,0.5361991297067921
2017-01-14 20:15:00,0.37986460348162476,0.5381710199669802
2017-01-14 20:30:00,0.37510638297872334,0.5396210863704424
2017-01-14 20:45:00,0.37193423597678915,0.5429402115513402
2017-01-14 21:00:00,0.37193423597678915,0.5356510981580781
2017-01-14 21:15:00,0.3687620889748549,0.5373224378326122
2017-01-14 21:30:00,0.3687620889748549,0.5372764051898867
2017-01-14 21:45:00,0.3687620889748549,0.5362885820518889
2017-01-14 22:00:00,0.36717601547388784,0.5374782350876007
2017-01-14 22:15:00,0.3608317214700193,0.5456126056509313
2017-01-14 22:30:00,0.3608317214700193,0.5456872811809667
2017-01-14 22:45:00,0.3608317214700193,0.5442685149117173
2017-01-14 23:00:00,0.35448742746615086,0.5518950565119005
2017-01-14 23:15:00,0.35290135396518374,0.5430436766075224
2017-01-14 23:30:00,0.34655705996131525,0.5440541411312986
2017-01-14 23:45:00,0.3449709864603482,0.53713853246893
2017-01-15 00:00:00,0.343384912959381,0.5311665248757499
2017-01-15 00:15:00,0.343384912959381,0.5374779480280595
2017-01-15 00:30:00,0.343384912959381,0.5445443318123928
2017-01-15 00:45:00,0.343384912959381,0.5513449718438779
2017-01-15 01:00:00,0.343384912959381,0.5576524879041215
2017-01-15 01:15:00,0.3386266924564797,0.5537618025910176
2017-01-15 01:30:00,0.9988888888888889,0.5474619184852226
2017-01-15 01:45:00,0.9988888888888889,0.5313907989177625
2017-01-15 02:00:00,0.9988888888888889,0.5150470513982928
2017-01-15 02:15:00,0.9988888888888889,0.5176501527855495
2017-01-15 02:30:00,0.9988888888888889,0.5229351083046572
2017-01-15 02:45:00,0.9988888888888889,0.5235878192142881
2017-01-15 03:00:00,0.9988888888888889,0.529998228371812
2017-01-15 03:15:00,0.9988888888888889,0.5232441440015666
2017-01-15 03:30:00,0.9988888888888889,0.5123208687649904
2017-01-15 03:45:00,0.9988888888888889,0.5095048482915456
2017-01-15 04:00:00,0.9988888888888889,0.5099359562440828
2017-01-15 04:15:00,0.9988888888888889,0.5121956048038983
2017-01-15 04:30:00,0.9988888888888889,0.5146805197569343
2017-01-15 04:45:00,0.9988888888888889,0.5153347912989044
2017-01-15 05:00:00,0.9988888888888889,0.5151407183682157
2017-01-15 05:15:00,0.9988888888888889,0.517399112989568
2017-01-15 05:30:00,0.9988888888888889,0.5202400232414586
2017-01-15 05:45:00,0.9988888888888889,0.5237085500786509
2017-01-15 06:00:00,0.9988888888888889,0.5325908075443548
2017-01-15 06:15:00,0.9988888888888889,0.5416047621781347
2017-01-15 06:30:00,0.9988888888888889,0.5592322157878261
2017-01-15 06:45:00,0.9988888888888889,0.5411452504282934
2017-01-15 07:00:00,0.9988888888888889,0.5228652425106378
2017-01-15 07:15:00,0.9988888888888889,0.5183727516575045
2017-01-15 07:30:00,0.9988888888888889,0.5236002166388514
2017-01-15 07:45:00,0.9988888888888889,0.5296812621823572
2017-01-15 08:00:00,0.9988888888888889,0.5361279296022473
2017-01-15 08:15:00,0.9988888888888889,0.52419968512088
2017-01-15 08:30:00,0.9988888888888889,0.5119251932228399
2017-01-15 08:45:00,0.9988888888888889,0.5116498094919738
2017-01-15 09:00:00,0.9988888888888889,0.5018270841825054
2017-01-15 09:15:00,0.9988888888888889,0.4896652458874526
2017-01-15 09:30:00,0.9988888888888889,0.47388492026289003
2017-01-15 09:45:00,0.9988888888888889,0.46837299702141066
2017-01-15 10:00:00,0.9988888888888889,0.4637621981169324
2017-01-15 10:15:00,0.9988888888888889,0.45938100636022705
2017-01-15 10:30:00,0.9988888888888889,0.4533428126789843
2017-01-15 10:45:00,0.9988888888888889,0.45253479219955184
2017-01-15 11:00:00,0.9988888888888889,0.4479679187492873
2017-01-15 11:15:00,0.9988888888888889,0.44497738125656516
2017-01-15 11:30:00,0.9988888888888889,0.4437372420063059
2017-01-15 11:45:00,0.9988888888888889,0.44674585354641744
2017-01-15 12:00:00,0.9988888888888889,0.4461331240159658
2017-01-15 12:15:00,0.9988888888888889,0.45431346295073033
2017-01-15 12:30:00,0.9988888888888889,0.4577109974962191
2017-01-15 12:45:00,0.9988888888888889,0.45974294379065495
2017-01-15 13:00:00,0.9988888888888889,0.4654566743183635
2017-01-15 13:15:00,0.9988888888888889,0.4600982178749873
2017-01-15 13:30:00,0.9988888888888889,0.46048274675507644
2017-01-15 13:45:00,0.9988888888888889,0.45951718465178426
2017-01-15 14:00:00,0.9988888888888889,0.4630394130621237
2017-01-15 14:15:00,0.9988888888888889,0.4634963657958871
2017-01-15 14:30:00,0.9988888888888889,0.47434419796592064
2017-01-15 14:45:00,0.9988888888888889,0.4859982739211241
2017-01-15 15:00:00,0.33545454545454545,0.4985126428196798
2017-01-15 15:15:00,0.3386266924564797,0.500744214443651
2017-01-15 15:30:00,0.343384912959381,0.5057773810852255
2017-01-15 15:45:00,0.3481431334622824,0.5088783802283802
2017-01-15 16:00:00,0.3497292069632495,0.5133982170293131
2017-01-15 16:15:00,0.3497292069632495,0.521697271219411
2017-01-15 16:30:00,0.3576595744680851,0.5209141507526621
2017-01-15 16:45:00,0.3640038684719536,0.5221347580038613
2017-01-15 17:00:00,0.36558994197292066,0.5348845632728014
2017-01-15 17:15:00,0.37034816247582203,0.5231391955774161
2017-01-15 17:30:00,0.37034816247582203,0.5162168000143261
2017-01-15 17:45:00,0.37034816247582203,0.5041763103146442
2017-01-15 18:00:00,0.37034816247582203,0.48745561069680715
2017-01-15 18:15:00,0.37034816247582203,0.4809893987762893
2017-01-15 18:30:00,0.37034816247582203,0.48309692945156424
2017-01-15 18:45:00,0.37034816247582203,0.49056692665131185
2017-01-15 19:00:00,0.37034816247582203,0.4926422172368256
2017-01-15 19:15:00,0.37034816247582203,0.49824852253521895
2017-01-15 19:30:00,0.37034816247582203,0.5051555716577691
2017-01-15 19:45:00,0.37034816247582203,0.5189518296756163
2017-01-15 20:00:00,0.37034816247582203,0.5167635110659065
2017-01-15 20:15:00,0.37034816247582203,0.5219023452602349
2017-01-15 20:30:00,0.3608317214700193,0.5267367971432286
2017-01-15 20:45:00,0.3608317214700193,0.5279541945684864
2017-01-15 21:00:00,0.3608317214700193,0.5311822042814155
2017-01-15 21:15:00,0.3576595744680851,0.5415661950059443
2017-01-15 21:30:00,0.3576595744680851,0.529090551430655
2017-01-15 21:45:00,0.3576595744680851,0.5267976239702966
2017-01-15 22:00:00,0.3576595744680851,0.525443193012542
2017-01-15 22:15:00,0.3576595744680851,0.5207433790922145
2017-01-15 22:30:00,0.3576595744680851,0.5207159402304592
2017-01-15 22:45:00,0.356073500967118,0.5241692469789695
2017-01-15 23:00:00,0.35448742746615086,0.5270070238063332
2017-01-15 23:15:00,0.3497292069632495,0.5294939944356953
2017-01-15 23:30:00,0.3449709864603482,0.5334473563333085
2017-01-15 23:45:00,0.3449709864603482,0.531696190612659
2017-01-16 00:00:00,0.3449709864603482,0.5313017485605984
2017-01-16 00:15:00,0.3402127659574468,0.526351563594669
2017-01-16 00:30:00,0.9988888888888889,0.5293177190832864
2017-01-16 00:45:00,0.9988888888888889,0.5402426371177139
2017-01-16 01:00:00,0.9988888888888889,0.5321497388697235
2017-01-16 01:15:00,0.9988888888888889,0.5215163855352154
2017-01-16 01:30:00,0.9988888888888889,0.5218729665660987
2017-01-16 01:45:00,0.9988888888888889,0.5216887166606428
2017-01-16 02:00:00,0.9988888888888889,0.5266723133729929
2017-01-16 02:15:00,0.9988888888888889,0.5257027968637644
2017-01-16 02:30:00,0.9988888888888889,0.5255090026088247
2017-01-16 02:45:00,0.9988888888888889,0.539710845862996
2017-01-16 03:00:00,0.9988888888888889,0.5421927020774979
2017-01-16 03:15:00,0.9988888888888889,0.5476339320002348
2017-01-16 03:30:00,0.9988888888888889,0.538633644649048
2017-01-16 03:45:00,0.9988888888888889,0.5207558851513159
2017-01-16 04:00:00,0.9988888888888889,0.5139826066614126
2017-01-16 04:15:00,0.9988888888888889,0.5115461825067633
2017-01-16 04:30:00,0.9988888888888889,0.5162425132261602
2017-01-16 04:45:00,0.9988888888888889,0.5190225442452745
2017-01-16 05:00:00,0.3386266924564797,0.5195761033460636
2017-01-16 05:15:00,0.3402127659574468,0.5164073393626419
2017-01-16 05:30:00,0.3417988394584139,0.5133583567871418
2017-01-16 05:45:00,0.3449709864603482,0.5086345492131894
2017-01-16 06:00:00,0.35290135396518374,0.5024044387515098
2017-01-16 06:15:00,0.3624177949709865,0.5010026052019145
2017-01-16 06:30:00,0.3846228239845261,0.5019093097726417
2017-01-16 06:45:00,0.3846228239845261,0.5032131899041695
2017-01-16 07:00:00,0.3846228239845261,0.5011274486522337
2017-01-16 07:15:00,0.3846228239845261,0.4921051877623083
2017-01-16 07:30:00,0.3846228239845261,0.48371584782479665
2017-01-16 07:45:00,0.3846228239845261,0.47767502337880324
2017-01-16 08:00:00,0.3846228239845261,0.4737746957941718
2017-01-16 08:15:00,0.3846228239845261,0.47638308933453444
2017-01-16 08:30:00,0.3846228239845261,0.4719388588994817
2017-01-16 08:45:00,0.3846228239845261,0.4693095526412769
2017-01-16 09:00:00,0.3846228239845261,0.47096933640360306
2017-01-16 09:15:00,0.3846228239845261,0.46400505542843273
2017-01-16 09:30:00,0.38303675048355895,0.4545296462514419
2017-01-16 09:45:00,0.38303675048355895,0.44491584595507067
2017-01-16 10:00:00,0.38303675048355895,0.43496239576024304
2017-01-16 10:15:00,0.38303675048355895,0.42861979341399203
2017-01-16 10:30:00,0.38303675048355895,0.42236474556827835
2017-01-16 10:45:00,0.38303675048355895,0.4157573264347686
2017-01-16 11:00:00,0.38303675048355895,0.41151160297751616
2017-01-16 11:15:00,0.38303675048355895,0.41311499126420625
2017-01-16 11:30:00,0.38303675048355895,0.4123976454001915
2017-01-16 11:45:00,0.38303675048355895,0.41257840057056355
2017-01-16 12:00:00,0.38303675048355895,0.41855739118229146
2017-01-16 12:15:00,0.38303675048355895,0.422603918283164
2017-01-16 12:30:00,0.38303675048355895,0.42359010834512006
2017-01-16 12:45:00,0.38303675048355895,0.4186505764574838
2017-01-16 13:00:00,0.38303675048355895,0.4197269596182207
2017-01-16 13:15:00,0.38303675048355895,0.4221957250658725
2017-01-16 13:30:00,0.38303675048355895,0.4253668778182126
2017-01-16 13:45:00,0.38303675048355895,0.4284054805004131
2017-01-16 14:00:00,0.38303675048355895,0.4313369078222607
2017-01-16 14:15:00,0.38303675048355895,0.4380025633018326
2017-01-16 14:30:00,0.38303675048355895,0.44676255517179186
2017-01-16 14:45:00,0.38303675048355895,0.45486239755177676
2017-01-16 15:00:00,0.38303675048355895,0.46072655406789387
2017-01-16 15:15:00,0.38303675048355895,0.46666674200969477
2017-01-16 15:30:00,0.38303675048355895,0.4643681918052663
2017-01-16 15:45:00,0.38303675048355895,0.466191798973326
2017-01-16 16:00:00,0.38303675048355895,0.4685955944826425
2017-01-16 16:15:00,0.38303675048355895,0.46892875146558655
2017-01-16 16:30:00,0.38303675048355895,0.46960680944551686
2017-01-16 16:45:00,0.3893810444874275,0.4670169965866568
2017-01-16 17:00:00,0.39096711798839456,0.46219542996795543
2017-01-16 17:15:00,0.39096711798839456,0.47129846229360756
2017-01-16 17:30:00,0.39096711798839456,0.4635208548195597
2017-01-16 17:45:00,0.39096711798839456,0.4580148922154905
2017-01-16 18:00:00,0.39096711798839456,0.46120253126091104
2017-01-16 18:15:00,0.39096711798839456,0.47031658092845224
2017-01-16 18:30:00,0.39096711798839456,0.4601546241590607
2017-01-16 18:45:00,0.39096711798839456,0.45292117872816584
2017-01-16 19:00:00,0.39096711798839456,0.46456678855696026
2017-01-16 19:15:00,0.39096711798839456,0.46948529042740883
2017-01-16 19:30:00,0.39096711798839456,0.4795733039503911
2017-01-16 19:45:00,0.39096711798839456,0.48125668855180725
2017-01-16 20:00:00,0.37827852998065764,0.4840899870701561
2017-01-16 20:15:00,0.37827852998065764,0.48439704757419827
2017-01-16 20:30:00,0.3766924564796905,0.4856387872910727
2017-01-16 20:45:00,0.37193423597678915,0.4898352334816076
2017-01-16 21:00:00,0.37193423597678915,0.4915050428970787
2017-01-16 21:15:00,0.37193423597678915,0.4951155438677213
2017-01-16 21:30:00,0.37193423597678915,0.497794500752255
2017-01-16 21:45:00,0.37193423597678915,0.4954828767238058
2017-01-16 22:00:00,0.37193423597678915,0.4969495779575367
2017-01-16 22:15:00,0.37193423597678915,0.49939917004657136
2017-01-16 22:30:00,0.37193423597678915,0.5019716240661365
2017-01-16 22:45:00,0.37193423597678915,0.5044204981679732
2017-01-16 23:00:00,0.37193423597678915,0.5094290559607673
2017-01-16 23:15:00,0.37193423597678915,0.5090632003001434
2017-01-16 23:30:00,0.37193423597678915,0.5125552724428426
2017-01-16 23:45:00,0.37193423597678915,0.514209789938152
2017-01-17 00:00:00,0.37986460348162476,0.5133276444487086
2017-01-17 00:15:00,0.37986460348162476,0.5139075791828871
2017-01-17 00:30:00,0.37986460348162476,0.515758088152722
2017-01-17 00:45:00,0.37986460348162476,0.5181066306489199
2017-01-17 01:00:00,0.37986460348162476,0.5204631994372759
2017-01-17 01:15:00,0.37986460348162476,0.5227770432555155
2017-01-17 01:30:00,0.37986460348162476,0.5241864103060502
2017-01-17 01:45:00,0.37986460348162476,0.52567814233827
2017-01-17 02:00:00,0.37986460348162476,0.5275195393360909
2017-01-17 02:15:00,0.37986460348162476,0.5305746947340234
2017-01-17 02:30:00,0.37986460348162476,0.5300528839515154
2017-01-17 02:45:00,0.37986460348162476,0.5301766761915696
2017-01-17 03:00:00,0.37986460348162476,0.5297189246421223
2017-01-17 03:15:00,0.37986460348162476,0.5284618058495196
2017-01-17 03:30:00,0.37986460348162476,0.5260653629664478
2017-01-17 03:45:00,0.37986460348162476,0.5248809239141378
2017-01-17 04:00:00,0.37986460348162476,0.5232258823146027
2017-01-17 04:15:00,0.37986460348162476,0.5222183423435934
2017-01-17 04:30:00,0.37986460348162476,0.5211556155968246
2017-01-17 04:45:00,0.37986460348162476,0.5179242874387555
2017-01-17 05:00:00,0.37986460348162476,0.5118913923312737
2017-01-17 05:15:00,0.37986460348162476,0.50658007478777
2017-01-17 05:30:00,0.37986460348162476,0.5016478998633377
2017-01-17 05:45:00,0.37986460348162476,0.501332892651948
2017-01-17 06:00:00,0.37986460348162476,0.49933300743686193
2017-01-17 06:15:00,0.37986460348162476,0.4948043165438909
2017-01-17 06:30:00,0.37986460348162476,0.4901308297524433
2017-01-17 06:45:00,0.37986460348162476,0.4865953548757074
2017-01-17 07:00:00,0.37986460348162476,0.48333877786371143
2017-01-17 07:15:00,0.3814506769825919,0.47694996350166946
2017-01-17 07:30:00,0.3814506769825919,0.47106414643232236
2017-01-17 07:45:00,0.3814506769825919,0.47013128675469723
2017-01-17 08:00:00,0.3814506769825919,0.46734078760704556
2017-01-17 08:15:00,0.3814506769825919,0.46209862061585644
2017-01-17 08:30:00,0.3814506769825919,0.4577169047626714
2017-01-17 08:45:00,0.3814506769825919,0.45427835045259946
2017-01-17 09:00:00,0.3814506769825919,0.4514213589654371
2017-01-17 09:15:00,0.3814506769825919,0.4483827655020471
2017-01-17 09:30:00,0.3814506769825919,0.4446634568788746
2017-01-17 09:45:00,0.3814506769825919,0.4408038142833611
2017-01-17 10:00:00,0.3814506769825919,0.43726014415573655
2017-01-17 10:15:00,0.3814506769825919,0.4349095701506277
2017-01-17 10:30:00,0.3814506769825919,0.4326018668163979
2017-01-17 10:45:00,0.3814506769825919,0.4300685396891462
2017-01-17 11:00:00,0.3814506769825919,0.42792424134568224
2017-01-17 11:15:00,0.3814506769825919,0.428280218739757
2017-01-17 11:30:00,0.3814506769825919,0.42895858685159494
2017-01-17 11:45:00,0.3814506769825919,0.42979644148589785
2017-01-17 12:00:00,0.3814506769825919,0.4309967187644658
2017-01-17 12:15:00,0.3814506769825919,0.43177719283448907
2017-01-17 12:30:00,0.3814506769825919,0.4323513974862011
2017-01-17 12:45:00,0.3814506769825919,0.43330593020265445
2017-01-17 13:00:00,0.3814506769825919,0.43380358584325407
2017-01-17 13:15:00,0.3814506769825919,0.43364010969738365
2017-01-17 13:30:00,0.3814506769825919,0.43412748947853247
2017-01-17 13:45:00,0.3814506769825919,0.43417302536459573
2017-01-17 14:00:00,0.3814506769825919,0.4338488771966966
2017-01-17 14:15:00,0.3814506769825919,0.43591421343701137
2017-01-17 14:30:00,0.3814506769825919,0.4381352435693548
2017-01-17 14:45:00,0.3814506769825919,0.4402358736189386
2017-01-17 15:00:00,0.3814506769825919,0.4414751539615842
2017-01-17 15:15:00,0.3814506769825919,0.4473993810908816
2017-01-17 15:30:00,0.3814506769825919,0.4536165434049571
2017-01-17 15:45:00,0.3814506769825919,0.45910899798087607
2017-01-17 16:00:00,0.38303675048355895,0.4646396912885952
2017-01-17 16:15:00,0.3846228239845261,0.46549569003555574
2017-01-17 16:30:00,0.3877949709864604,0.46518088645582506
2017-01-17 16:45:00,0.39096711798839456,0.4647042069462467
2017-01-17 17:00:00,0.3925531914893617,0.46142553238695916
2017-01-17 17:15:00,0.3925531914893617,0.468305734492603
2017-01-17 17:30:00,0.3973114119922631,0.46649241547965403
2017-01-17 17:45:00,0.3973114119922631,0.45632914476984465
2017-01-17 18:00:00,0.3973114119922631,0.4565892707166954
2017-01-17 18:15:00,0.3973114119922631,0.4534447608124033
2017-01-17 18:30:00,0.3973114119922631,0.4590447354784583
2017-01-17 18:45:00,0.3973114119922631,0.45395858447391174
2017-01-17 19:00:00,0.3973114119922631,0.4601610212405043
2017-01-17 19:15:00,0.3973114119922631,0.47063550194554793
2017-01-17 19:30:00,0.3973114119922631,0.4749795306410568
2017-01-17 19:45:00,0.3973114119922631,0.4775347835380628
2017-01-17 20:00:00,0.3973114119922631,0.4830079960488991
2017-01-17 20:15:00,0.3973114119922631,0.4835375221333607
2017-01-17 20:30:00,0.37986460348162476,0.48666557670897626
2017-01-17 20:45:00,0.37986460348162476,0.4880922657320892
2017-01-17 21:00:00,0.37827852998065764,0.49078000274764183
2017-01-17 21:15:00,0.37510638297872334,0.4873881555580844
2017-01-17 21:30:00,0.37034816247582203,0.48665557026315787
2017-01-17 21:45:00,0.3687620889748549,0.4854591784174205
2017-01-17 22:00:00,0.3687620889748549,0.48007770215742906
2017-01-17 22:15:00,0.3687620889748549,0.4807388579699338
2017-01-17 22:30:00,0.3687620889748549,0.4845383308157405
2017-01-17 22:45:00,0.3687620889748549,0.4901095768472295
2017-01-17 23:00:00,0.3687620889748549,0.4907776518947242
2017-01-17 23:15:00,0.3687620889748549,0.48999974034562194
2017-01-17 23:30:00,0.3687620889748549,0.49482975172727733
2017-01-17 23:45:00,0.3687620889748549,0.5012174411653146
2017-01-18 00:00:00,0.37034816247582203,0.5013754608909883
2017-01-18 00:15:00,0.37034816247582203,0.4954235218456851
2017-01-18 00:30:00,0.37034816247582203,0.49413760948304664
2017-01-18 00:45:00,0.37034816247582203,0.4990802401629968
2017-01-18 01:00:00,0.37034816247582203,0.5054578231022744
2017-01-18 01:15:00,0.37034816247582203,0.5084685328002606
2017-01-18 01:30:00,0.37034816247582203,0.5105696845743849
2017-01-18 01:45:00,0.37034816247582203,0.5119108941818395
2017-01-18 02:00:00,0.37034816247582203,0.5154016452472996
2017-01-18 02:15:00,0.37034816247582203,0.5176529364845537
2017-01-18 02:30:00,0.37034816247582203,0.5200159420952838
2017-01-18 02:45:00,0.37034816247582203,0.5191996241626357
2017-01-18 03:00:00,0.37034816247582203,0.5179530293838945
2017-01-18 03:15:00,0.37034816247582203,0.5194062997397035
2017-01-18 03:30:00,0.37034816247582203,0.518931133267926
2017-01-18 03:45:00,0.37034816247582203,0.5208558694147122
2017-01-18 04:00:00,0.37034816247582203,0.5190148195842864
2017-01-18 04:15:00,0.37034816247582203,0.5170375568444712
2017-01-18 04:30:00,0.37034816247582203,0.5131183057784484
2017-01-18 04:45:00,0.37034816247582203,0.5090405827886569
2017-01-18 05:00:00,0.37034816247582203,0.5046423434092886
2017-01-18 05:15:00,0.37034816247582203,0.49939194886203536
2017-01-18 05:30:00,0.37034816247582203,0.4940081164255183
2017-01-18 05:45:00,0.37034816247582203,0.49003400090296734
2017-01-18 06:00:00,0.37034816247582203,0.4872111635050535
2017-01-18 06:15:00,0.37034816247582203,0.4799774798023581
2017-01-18 06:30:00,0.37034816247582203,0.47392181936161165
2017-01-18 06:45:00,0.37034816247582203,0.4681745786830068
2017-01-18 07:00:00,0.37034816247582203,0.46292009438997694
2017-01-18 07:15:00,0.37034816247582203,0.45768711289471736
2017-01-18 07:30:00,0.37034816247582203,0.4569448614238228
2017-01-18 07:45:00,0.37352030947775633,0.45193546074171514
2017-01-18 08:00:00,0.37352030947775633,0.448476565389798
2017-01-18 08:15:00,0.37352030947775633,0.4471571793037369
2017-01-18 08:30:00,0.37352030947775633,0.4449859747658305
2017-01-18 08:45:00,0.37352030947775633,0.44236429628217283
2017-01-18 09:00:00,0.37352030947775633,0.44043351545675574
2017-01-18 09:15:00,0.37352030947775633,0.4380517689687986
2017-01-18 09:30:00,0.37352030947775633,0.4354758341513685
2017-01-18 09:45:00,0.37352030947775633,0.43266934921674777
2017-01-18 10:00:00,0.37352030947775633,0.42982199491249307
2017-01-18 10:15:00,0.37352030947775633,0.4312920810050041
2017-01-18 10:30:00,0.37352030947775633,0.4327705395780534
2017-01-18 10:45:00,0.37352030947775633,0.4346289624958852
2017-01-18 11:00:00,0.37352030947775633,0.4356259436326299
2017-01-18 11:15:00,0.37352030947775633,0.43206678799874976
2017-01-18 11:30:00,0.37352030947775633,0.42938622767956913
2017-01-18 11:45:00,0.37352030947775633,0.42651108857168024
2017-01-18 12:00:00,0.37352030947775633,0.42404907597414493
2017-01-18 12:15:00,0.37352030947775633,0.4275060948180081
2017-01-18 12:30:00,0.37352030947775633,0.4306156195985505
2017-01-18 12:45:00,0.37352030947775633,0.43346294290135406
2017-01-18 13:00:00,0.37352030947775633,0.4361376933427665
2017-01-18 13:15:00,0.37352030947775633,0.4398790931485527
2017-01-18 13:30:00,0.37352030947775633,0.4436603961828982
2017-01-18 13:45:00,0.37352030947775633,0.44775374021727976
2017-01-18 14:00:00,0.37352030947775633,0.45122893094300526
2017-01-18 14:15:00,0.37352030947775633,0.4548581039986997
2017-01-18 14:30:00,0.37352030947775633,0.45839214251439836
2017-01-18 14:45:00,0.3766924564796905,0.4629140325027868
2017-01-18 15:00:00,0.37986460348162476,0.46541760089048645
2017-01-18 15:15:00,0.38303675048355895,0.46801479071378443
2017-01-18 15:30:00,0.38303675048355895,0.47432694895312916
2017-01-18 15:45:00,0.38303675048355895,0.47877174666041056
2017-01-18 16:00:00,0.3846228239845261,0.4810055560497326
2017-01-18 16:15:00,0.3846228239845261,0.4830924583534283
2017-01-18 16:30:00,0.3925531914893617,0.47868393114624225
2017-01-18 16:45:00,0.3988974854932302,0.47527676445121214
2017-01-18 17:00:00,0.4004835589941973,0.47368121930947443
2017-01-18 17:15:00,0.4020696324951644,0.46331771121820875
2017-01-18 17:30:00,0.4020696324951644,0.45578651574466134
2017-01-18 17:45:00,0.4020696324951644,0.45818457620295655
2017-01-18 18:00:00,0.4020696324951644,0.4611713866046159
2017-01-18 18:15:00,0.4020696324951644,0.4683107221726239
2017-01-18 18:30:00,0.4020696324951644,0.4698650402508897
2017-01-18 18:45:00,0.4020696324951644,0.4780807198592399
2017-01-18 19:00:00,0.4020696324951644,0.4829005451922045
2017-01-18 19:15:00,0.4020696324951644,0.4714377553483306
2017-01-18 19:30:00,0.4020696324951644,0.4754903701664357
2017-01-18 19:45:00,0.4020696324951644,0.4833749495241525
2017-01-18 20:00:00,0.4020696324951644,0.4862303560594318
2017-01-18 20:15:00,0.39096711798839456,0.48979982975626457
2017-01-18 20:30:00,0.3877949709864604,0.49234509069966126
2017-01-18 20:45:00,0.3877949709864604,0.49241566646403584
2017-01-18 21:00:00,0.3877949709864604,0.4914674513790835
2017-01-18 21:15:00,0.3877949709864604,0.49586046981073256
2017-01-18 21:30:00,0.3877949709864604,0.5032034342733787
2017-01-18 21:45:00,0.3877949709864604,0.5129165572833272
2017-01-18 22:00:00,0.3877949709864604,0.5130309416280112
2017-01-18 22:15:00,0.37986460348162476,0.5141173808735563
2017-01-18 22:30:00,0.37986460348162476,0.5101273093915764
2017-01-18 22:45:00,0.37193423597678915,0.5110175266568928
2017-01-18 23:00:00,0.36717601547388784,0.5081100123666057
2017-01-18 23:15:00,0.3640038684719536,0.5040051518683999
2017-01-18 23:30:00,0.3576595744680851,0.500594813087199
2017-01-18 23:45:00,0.35290135396518374,0.49737612800180697
2017-01-19 00:00:00,0.35290135396518374,0.4907516995601886
2017-01-19 00:15:00,0.35290135396518374,0.4870582491470847
2017-01-19 00:30:00,0.35290135396518374,0.4851058283695729
2017-01-19 00:45:00,0.35290135396518374,0.48328960760091805
2017-01-19 01:00:00,0.35290135396518374,0.4830229295004393
2017-01-19 01:15:00,0.35290135396518374,0.4843822593797773
2017-01-19 01:30:00,0.35290135396518374,0.48938909921888424
2017-01-19 01:45:00,0.35290135396518374,0.4916243473239774
2017-01-19 02:00:00,0.35290135396518374,0.49798547881565647
2017-01-19 02:15:00,0.35290135396518374,0.4978584790391047
2017-01-19 02:30:00,0.35290135396518374,0.49823437954218147
2017-01-19 02:45:00,0.35290135396518374,0.4998761013554815
2017-01-19 03:00:00,0.35290135396518374,0.5008981383905159
2017-01-19 03:15:00,0.35290135396518374,0.500053831643126
2017-01-19 03:30:00,0.35290135396518374,0.5021415186159448
2017-01-19 03:45:00,0.35290135396518374,0.5013981045036253
2017-01-19 04:00:00,0.35290135396518374,0.49966116183043036
2017-01-19 04:15:00,0.35290135396518374,0.4985112322364776
2017-01-19 04:30:00,0.35290135396518374,0.4949496311870397
2017-01-19 04:45:00,0.35290135396518374,0.49275247114649356
2017-01-19 05:00:00,0.35290135396518374,0.48601661165589216
2017-01-19 05:15:00,0.35290135396518374,0.4802088848614294
2017-01-19 05:30:00,0.35290135396518374,0.47696618755442133
2017-01-19 05:45:00,0.35290135396518374,0.4711415517542121
2017-01-19 06:00:00,0.35290135396518374,0.4695181318322471
2017-01-19 06:15:00,0.35290135396518374,0.4636052859797415
2017-01-19 06:30:00,0.35448742746615086,0.45824923722588506
2017-01-19 06:45:00,0.3576595744680851,0.4530437614779547
2017-01-19 07:00:00,0.3624177949709865,0.4475779436381396
2017-01-19 07:15:00,0.3624177949709865,0.4422964175435754
2017-01-19 07:30:00,0.3624177949709865,0.4358681729429731
2017-01-19 07:45:00,0.3624177949709865,0.43309386476647077
2017-01-19 08:00:00,0.3624177949709865,0.4313496652567667
2017-01-19 08:15:00,0.3624177949709865,0.4310872543162476
2017-01-19 08:30:00,0.3624177949709865,0.4329594159786867
2017-01-19 08:45:00,0.3624177949709865,0.4326646893375898
2017-01-19 09:00:00,0.3624177949709865,0.4350127522750612
2017-01-19 09:15:00,0.3624177949709865,0.43190756457164575
2017-01-19 09:30:00,0.3624177949709865,0.42619155418974436
2017-01-19 09:45:00,0.3624177949709865,0.4201820968934831
2017-01-19 10:00:00,0.3624177949709865,0.4146179915014071
2017-01-19 10:15:00,0.3624177949709865,0.4096558400820951
2017-01-19 10:30:00,0.3624177949709865,0.4042677412420626
2017-01-19 10:45:00,0.3624177949709865,0.3987529091522965
2017-01-19 11:00:00,0.3624177949709865,0.39811229550675736
2017-01-19 11:15:00,0.3624177949709865,0.402296164528931
2017-01-19 11:30:00,0.3624177949709865,0.4012216164709527
2017-01-19 11:45:00,0.3624177949709865,0.39850772781937704
2017-01-19 12:00:00,0.3624177949709865,0.4030660487981962
2017-01-19 12:15:00,0.3624177949709865,0.39861781815950564
2017-01-19 12:30:00,0.3624177949709865,0.40013728506894547
2017-01-19 12:45:00,0.3624177949709865,0.4014410434859869
2017-01-19 13:00:00,0.3624177949709865,0.4016341939859109
2017-01-19 13:15:00,0.3624177949709865,0.4020033755948549
2017-01-19 13:30:00,0.3624177949709865,0.41001308125096203
2017-01-19 13:45:00,0.3624177949709865,0.41897111128780284
2017-01-19 14:00:00,0.3624177949709865,0.4272180309158949
2017-01-19 14:15:00,0.3624177949709865,0.4291491600011509
2017-01-19 14:30:00,0.3624177949709865,0.43110084485548267
2017-01-19 14:45:00,0.3624177949709865,0.43268371948500856
2017-01-19 15:00:00,0.3624177949709865,0.4341263080090669
2017-01-19 15:15:00,0.3624177949709865,0.4390168402171247
2017-01-19 15:30:00,0.36558994197292066,0.44320019588682524
2017-01-19 15:45:00,0.3687620889748549,0.448177331010835
2017-01-19 16:00:00,0.3687620889748549,0.4509026038455119
2017-01-19 16:15:00,0.3687620889748549,0.4507794227496284
2017-01-19 16:30:00,0.3687620889748549,0.44779565712998826
2017-01-19 16:45:00,0.3687620889748549,0.4417645738988742
2017-01-19 17:00:00,0.3687620889748549,0.432094689085154
2017-01-19 17:15:00,0.3687620889748549,0.4211082222769439
2017-01-19 17:30:00,0.3687620889748549,0.41831458685113876
2017-01-19 17:45:00,0.3687620889748549,0.41985668300056156
2017-01-19 18:00:00,0.3687620889748549,0.4351165517700166
2017-01-19 18:15:00,0.3687620889748549,0.42993414853579204
2017-01-19 18:30:00,0.3687620889748549,0.4314800916534671
2017-01-19 18:45:00,0.3687620889748549,0.42905382457305963
2017-01-19 19:00:00,0.3687620889748549,0.42367285456113746
2017-01-19 19:15:00,0.36558994197292066,0.42633967147118235
2017-01-19 19:30:00,0.35924564796905223,0.4214875746523481
2017-01-19 19:45:00,0.35448742746615086,0.41635177179234767
2017-01-19 20:00:00,0.3402127659574468,0.41177161661484873
2017-01-19 20:15:00,0.33704061895551257,0.41593478478355816
2017-01-19 20:30:00,0.9988888888888889,0.4086581874436583
2017-01-19 20:45:00,0.9988888888888889,0.4162886207987757
2017-01-19 21:00:00,0.9988888888888889,0.4207843019968093
2017-01-19 21:15:00,0.9988888888888889,0.4180220495573504
2017-01-19 21:30:00,0.9988888888888889,0.4092327642962135
2017-01-19 21:45:00,0.9988888888888889,0.39564285496058127
2017-01-19 22:00:00,0.9988888888888889,0.38939701598814963
2017-01-19 22:15:00,0.9988888888888889,0.3919660260347721
2017-01-19 22:30:00,0.9988888888888889,0.3911449909847694
2017-01-19 22:45:00,0.9988888888888889,0.4043502507387031
2017-01-19 23:00:00,0.9988888888888889,0.3957781910081767
2017-01-19 23:15:00,0.9988888888888889,0.39555605460827103
2017-01-19 23:30:00,0.9988888888888889,0.401176900766925
2017-01-19 23:45:00,0.9988888888888889,0.4071947797346599
2017-01-20 00:00:00,0.9988888888888889,0.42494450722570937
2017-01-20 00:15:00,0.9988888888888889,0.4158404197728607
2017-01-20 00:30:00,0.9988888888888889,0.4165069530309805
2017-01-20 00:45:00,0.9988888888888889,0.42294408653236504
2017-01-20 01:00:00,0.9988888888888889,0.42999735218027474
2017-01-20 01:15:00,0.9988888888888889,0.43193982902644185
2017-01-20 01:30:00,0.9988888888888889,0.43505855458415893
2017-01-20 01:45:00,0.9988888888888889,0.4376271286570359
2017-01-20 02:00:00,0.9988888888888889,0.44104467893272115
2017-01-20 02:15:00,0.9988888888888889,0.4411375820549117
2017-01-20 02:30:00,0.9988888888888889,0.4411627221938215
2017-01-20 02:45:00,0.9988888888888889,0.44074588877233484
2017-01-20 03:00:00,0.9988888888888889,0.44085522438147795
2017-01-20 03:15:00,0.9988888888888889,0.4396046554207826
2017-01-20 03:30:00,0.9988888888888889,0.43932462341516365
2017-01-20 03:45:00,0.9988888888888889,0.43866688993165454
2017-01-20 04:00:00,0.9988888888888889,0.44038930132671117
2017-01-20 04:15:00,0.9988888888888889,0.44475147170927437
2017-01-20 04:30:00,0.9988888888888889,0.4507552622539996
2017-01-20 04:45:00,0.9988888888888889,0.45226974159147243
2017-01-20 05:00:00,0.9988888888888889,0.46126983616863115
2017-01-20 05:15:00,0.9988888888888889,0.45789214532294026
2017-01-20 05:30:00,0.9988888888888889,0.45558877132246134
2017-01-20 05:45:00,0.9988888888888889,0.46067184838452196
2017-01-20 06:00:00,0.33704061895551257,0.46013153205543367
2017-01-20 06:15:00,0.343384912959381,0.45618105735716147
2017-01-20 06:30:00,0.35290135396518374,0.45331759070437766
2017-01-20 06:45:00,0.35290135396518374,0.4507156663080897
2017-01-20 07:00:00,0.35290135396518374,0.4411645039814899
2017-01-20 07:15:00,0.35290135396518374,0.4365456978847694
2017-01-20 07:30:00,0.35290135396518374,0.43164653724288893
2017-01-20 07:45:00,0.35290135396518374,0.42598996866719396
2017-01-20 08:00:00,0.35290135396518374,0.42158364570659895
2017-01-20 08:15:00,0.4536363636363636,0.4365027091501774
2017-01-20 08:30:00,0.35290135396518374,0.4173576326144332
2017-01-20 08:45:00,0.35290135396518374,0.41767128947971843
2017-01-20 09:00:00,0.35290135396518374,0.41904269374922315
2017-01-20 09:15:00,0.35290135396518374,0.41855976526119704
2017-01-20 09:30:00,0.4536363636363636,0.4202402707554775
2017-01-20 09:45:00,0.3497292069632495,0.41086607181385576
2017-01-20 10:00:00,0.3481431334622824,0.4022929613050535
2017-01-20 10:15:00,0.3481431334622824,0.4051986719814557
2017-01-20 10:30:00,0.3481431334622824,0.4079220967866906
2017-01-20 10:45:00,0.3481431334622824,0.4100013586721213
2017-01-20 11:00:00,0.3481431334622824,0.41258686381839393
2017-01-20 11:15:00,0.3481431334622824,0.4110432433925182
2017-01-20 11:30:00,0.3481431334622824,0.4091959773680418
2017-01-20 11:45:00,0.3481431334622824,0.40755352082888974
2017-01-20 12:00:00,0.3481431334622824,0.4058908390371103
2017-01-20 12:15:00,0.3481431334622824,0.40113540570984546
2017-01-20 12:30:00,0.3481431334622824,0.4173003351359838
2017-01-20 12:45:00,0.3481431334622824,0.42123227180630524
2017-01-20 13:00:00,0.3481431334622824,0.4153642157061191
2017-01-20 13:15:00,0.3481431334622824,0.4176823121931155
2017-01-20 13:30:00,0.3481431334622824,0.4129394547298801
2017-01-20 13:45:00,0.3481431334622824,0.410657395421637
2017-01-20 14:00:00,0.3481431334622824,0.4104582933133769
2017-01-20 14:15:00,0.3481431334622824,0.41241201380630665
2017-01-20 14:30:00,0.3481431334622824,0.4132760796924068
2017-01-20 14:45:00,0.3481431334622824,0.41268411981007425
2017-01-20 15:00:00,0.3481431334622824,0.4132728981604473
2017-01-20 15:15:00,0.3481431334622824,0.4112758134374563
2017-01-20 15:30:00,0.3481431334622824,0.41728905939211797
2017-01-20 15:45:00,0.3481431334622824,0.4217392771993157
2017-01-20 16:00:00,0.3481431334622824,0.4197157368279641
2017-01-20 16:15:00,0.3481431334622824,0.41682722501038144
2017-01-20 16:30:00,0.3481431334622824,0.41645427104811933
2017-01-20 16:45:00,0.3481431334622824,0.41070846093437935
2017-01-20 17:00:00,0.3481431334622824,0.411988047517998
2017-01-20 17:15:00,0.3481431334622824,0.41296490390901336
2017-01-20 17:30:00,0.3481431334622824,0.40476873168469113
2017-01-20 17:45:00,0.3481431334622824,0.3981903330858307
2017-01-20 18:00:00,0.3481431334622824,0.3979629672357305
2017-01-20 18:15:00,0.3481431334622824,0.40090795579494404
2017-01-20 18:30:00,0.3481431334622824,0.4003725957554762
2017-01-20 18:45:00,0.3481431334622824,0.39828263821379056
2017-01-20 19:00:00,0.3481431334622824,0.3970305333361189
2017-01-20 19:15:00,0.3481431334622824,0.4104245668469144
2017-01-20 19:30:00,0.34655705996131525,0.4215491656252378
2017-01-20 19:45:00,0.34655705996131525,0.42189467598980096
2017-01-20 20:00:00,0.3449709864603482,0.4231056332191113
2017-01-20 20:15:00,0.3449709864603482,0.4244640249479813
2017-01-20 20:30:00,0.3449709864603482,0.4267331526953031
2017-01-20 20:45:00,0.3417988394584139,0.4294042850080025
2017-01-20 21:00:00,0.33704061895551257,0.43262287745856476
2017-01-20 21:15:00,0.9988888888888889,0.43151337106516574
2017-01-20 21:30:00,0.9988888888888889,0.4255949270593152
2017-01-20 21:45:00,0.9988888888888889,0.4011090072281111
2017-01-20 22:00:00,0.9988888888888889,0.39741488160267846
2017-01-20 22:15:00,0.9988888888888889,0.40951212657767916
2017-01-20 22:30:00,0.9988888888888889,0.39110060820254544
2017-01-20 22:45:00,0.9988888888888889,0.38989940393596273
2017-01-20 23:00:00,0.9988888888888889,0.3731309871788282
2017-01-20 23:15:00,0.9988888888888889,0.3748398643979666
2017-01-20 23:30:00,0.9988888888888889,0.3806274668770408
2017-01-20 23:45:00,0.9988888888888889,0.3788759977731704
2017-01-21 00:00:00,0.9988888888888889,0.3862225533184097
2017-01-21 00:15:00,0.9988888888888889,0.37824207640631924
2017-01-21 00:30:00,0.9988888888888889,0.36818699581260167
2017-01-21 00:45:00,0.9988888888888889,0.3681095155738915
2017-01-21 01:00:00,0.9988888888888889,0.37195040759849884
2017-01-21 01:15:00,0.9988888888888889,0.37562953178143216
2017-01-21 01:30:00,0.9988888888888889,0.37931728209960497
2017-01-21 01:45:00,0.9988888888888889,0.3820220439958145
2017-01-21 02:00:00,0.9988888888888889,0.3839821522913454
2017-01-21 02:15:00,0.9988888888888889,0.3867535740718776
2017-01-21 02:30:00,0.9988888888888889,0.388519660782016
2017-01-21 02:45:00,0.9988888888888889,0.38858259870896394
2017-01-21 03:00:00,0.9988888888888889,0.3882960920092433
2017-01-21 03:15:00,0.9988888888888889,0.3909904897677956
2017-01-21 03:30:00,0.9988888888888889,0.3912364794013939
2017-01-21 03:45:00,0.9988888888888889,0.39296960744949644
2017-01-21 04:00:00,0.9988888888888889,0.39340373340391344
2017-01-21 04:15:00,0.9988888888888889,0.3938542059967616
2017-01-21 04:30:00,0.9988888888888889,0.39465827398393494
2017-01-21 04:45:00,0.9988888888888889,0.39580256694877697
2017-01-21 05:00:00,0.9988888888888889,0.39564632802157373
2017-01-21 05:15:00,0.9988888888888889,0.39637611301809406
2017-01-21 05:30:00,0.9988888888888889,0.3971540800224814
2017-01-21 05:45:00,0.9988888888888889,0.4016562108848209
2017-01-21 06:00:00,0.9988888888888889,0.4099018415463955
2017-01-21 06:15:00,0.9988888888888889,0.4125567228999407
2017-01-21 06:30:00,0.9988888888888889,0.4182217919283824
2017-01-21 06:45:00,0.9988888888888889,0.42680198606425895
2017-01-21 07:00:00,0.9988888888888889,0.43640144259844893
2017-01-21 07:15:00,0.9988888888888889,0.44998817848526484
2017-01-21 07:30:00,0.9988888888888889,0.46337091542681896
2017-01-21 07:45:00,0.9988888888888889,0.47605207809890715
2017-01-21 08:00:00,0.9988888888888889,0.4880661723032309
2017-01-21 08:15:00,0.9988888888888889,0.48107923191385543
2017-01-21 08:30:00,0.9988888888888889,0.4832464692366559
2017-01-21 08:45:00,0.9988888888888889,0.4726486017092687
2017-01-21 09:00:00,0.9988888888888889,0.47470716559155507
2017-01-21 09:15:00,0.9988888888888889,0.4703558671051526
2017-01-21 09:30:00,0.9988888888888889,0.4640961715463584
2017-01-21 09:45:00,0.9988888888888889,0.4598753710054392
2017-01-21 10:00:00,0.9988888888888889,0.4570849866592662
2017-01-21 10:15:00,0.9988888888888889,0.43592399220851474
2017-01-21 10:30:00,0.9988888888888889,0.3990282436527175
2017-01-21 10:45:00,0.9988888888888889,0.3876679545643897
2017-01-21 11:00:00,0.9988888888888889,0.36879733265938075
2017-01-21 11:15:00,0.9988888888888889,0.3650970448210973
2017-01-21 11:30:00,0.9988888888888889,0.3602435214617397
2017-01-21 11:45:00,0.9988888888888889,0.3587523450500255
2017-01-21 12:00:00,0.9988888888888889,0.3532935239674874
2017-01-21 12:15:00,0.9988888888888889,0.35948158747778935
2017-01-21 12:30:00,0.9988888888888889,0.35604110019330415
2017-01-21 12:45:00,0.9988888888888889,0.3557710644897984
2017-01-21 13:00:00,0.9988888888888889,0.3640939151767084
2017-01-21 13:15:00,0.9988888888888889,0.36472793444745866
2017-01-21 13:30:00,0.9988888888888889,0.360312285634136
2017-01-21 13:45:00,0.9988888888888889,0.3645808334947552
2017-01-21 14:00:00,0.9988888888888889,0.3546638034639082
2017-01-21 14:15:00,0.9988888888888889,0.3548741537642005
2017-01-21 14:30:00,0.9988888888888889,0.3628004424555553
2017-01-21 14:45:00,0.9988888888888889,0.3659083911040253
2017-01-21 15:00:00,0.9988888888888889,0.36963283979910416
2017-01-21 15:15:00,0.9988888888888889,0.3731849122808771
2017-01-21 15:30:00,0.9988888888888889,0.3825093125129437
2017-01-21 15:45:00,0.9988888888888889,0.3906455887217889
2017-01-21 16:00:00,0.9988888888888889,0.3991204876528458
2017-01-21 16:15:00,0.9988888888888889,0.4091870246477091
2017-01-21 16:30:00,0.9988888888888889,0.43185395116912734
2017-01-21 16:45:00,0.9988888888888889,0.4526258124197686
2017-01-21 17:00:00,0.3513152804642166,0.4557757937580976
2017-01-21 17:15:00,0.35290135396518374,0.45525707524981196
2017-01-21 17:30:00,0.35290135396518374,0.4528674118858424
2017-01-21 17:45:00,0.35290135396518374,0.4469462930300389
2017-01-21 18:00:00,0.35448742746615086,0.4485337893038581
2017-01-21 18:15:00,0.35448742746615086,0.44162295536516044
2017-01-21 18:30:00,0.35448742746615086,0.44181029736399235
2017-01-21 18:45:00,0.35448742746615086,0.4416817889634971
2017-01-21 19:00:00,0.35448742746615086,0.4514379588151978
2017-01-21 19:15:00,0.35448742746615086,0.44910101862296353
2017-01-21 19:30:00,0.35448742746615086,0.4546814862809118
2017-01-21 19:45:00,0.4536363636363636,0.46105891932623444
2017-01-21 20:00:00,0.35448742746615086,0.49419043838633736
2017-01-21 20:15:00,0.35448742746615086,0.49193724019757595
2017-01-21 20:30:00,0.35448742746615086,0.4925956455849632
2017-01-21 20:45:00,0.35448742746615086,0.4955204105472165
2017-01-21 21:00:00,0.3449709864603482,0.4944791990235553
2017-01-21 21:15:00,0.343384912959381,0.48854261601163995
2017-01-21 21:30:00,0.3402127659574468,0.4860222594157937
2017-01-21 21:45:00,0.3402127659574468,0.48392430646427653
2017-01-21 22:00:00,0.3402127659574468,0.4740261530151181
2017-01-21 22:15:00,0.3402127659574468,0.4876496860320648
2017-01-21 22:30:00,0.3402127659574468,0.48529552429187484
2017-01-21 22:45:00,0.3402127659574468,0.4904377575595116
2017-01-21 23:00:00,0.3386266924564797,0.5004353918540755
2017-01-21 23:15:00,0.33545454545454545,0.5006584379714463
2017-01-21 23:30:00,0.33545454545454545,0.4982590316222877
2017-01-21 23:45:00,0.9988888888888889,0.49533985368938327
2017-01-22 00:00:00,0.9988888888888889,0.48836867186189414
2017-01-22 00:15:00,0.9988888888888889,0.49211174557055454
2017-01-22 00:30:00,0.9988888888888889,0.49260158593207637
2017-01-22 00:45:00,0.9988888888888889,0.4963746481106208
2017-01-22 01:00:00,0.9988888888888889,0.4969192920894143
2017-01-22 01:15:00,0.9988888888888889,0.4883461124280351
2017-01-22 01:30:00,0.9988888888888889,0.48051110910875566
2017-01-22 01:45:00,0.9988888888888889,0.4739757535753383
2017-01-22 02:00:00,0.9988888888888889,0.4678610182796718
2017-01-22 02:15:00,0.9988888888888889,0.4618734241628546
2017-01-22 02:30:00,0.9988888888888889,0.45409023184160474
2017-01-22 02:45:00,0.9988888888888889,0.44941226687072533
2017-01-22 03:00:00,0.9988888888888889,0.4441606852150631
2017-01-22 03:15:00,0.9988888888888889,0.43240143264086983
2017-01-22 03:30:00,0.9988888888888889,0.4191727881485967
2017-01-22 03:45:00,0.9988888888888889,0.4077737420410671
2017-01-22 04:00:00,0.9988888888888889,0.3961334790581468
2017-01-22 04:15:00,0.9988888888888889,0.38606519214102375
2017-01-22 04:30:00,0.9988888888888889,0.37525753553943814
2017-01-22 04:45:00,0.9988888888888889,0.3703690217566911
2017-01-22 05:00:00,0.9988888888888889,0.3594682430579982
2017-01-22 05:15:00,0.9988888888888889,0.35077457861433564
2017-01-22 05:30:00,0.9988888888888889,0.34393683047679136
2017-01-22 05:45:00,0.9988888888888889,0.3378197234085649
2017-01-22 06:00:00,0.9988888888888889,0.30852687196371104
2017-01-22 06:15:00,0.9988888888888889,0.3146066813783821
2017-01-22 06:30:00,0.9988888888888889,0.31205471141790975
2017-01-22 06:45:00,0.9988888888888889,0.31000678695589823
2017-01-22 07:00:00,0.9988888888888889,0.31333138253890913
2017-01-22 07:15:00,0.9988888888888889,0.3092613492236909
2017-01-22 07:30:00,0.9988888888888889,0.2976180592946403
2017-01-22 07:45:00,0.9988888888888889,0.2905833754949082
2017-01-22 08:00:00,0.9988888888888889,0.29779676735757976
2017-01-22 08:15:00,0.9988888888888889,0.27661825315493793
2017-01-22 08:30:00,0.9988888888888889,0.2417352212491395
2017-01-22 08:45:00,0.9988888888888889,0.22863553509768889
2017-01-22 09:00:00,0.9988888888888889,0.22531212217637514
2017-01-22 09:15:00,0.9988888888888889,0.216572402657444
2017-01-22 09:30:00,0.9988888888888889,0.21893559070328358
2017-01-22 09:45:00,0.9988888888888889,0.21664118438325297
2017-01-22 10:00:00,0.9988888888888889,0.21637219109499886
2017-01-22 10:15:00,0.9988888888888889,0.21791972707691581
2017-01-22 10:30:00,0.9988888888888889,0.2165180707348467
2017-01-22 10:45:00,0.9988888888888889,0.21487709707529734
2017-01-22 11:00:00,0.9988888888888889,0.21386453609220088
2017-01-22 11:15:00,0.9988888888888889,0.21382183156693624
2017-01-22 11:30:00,0.9988888888888889,0.21389499134642997
2017-01-22 11:45:00,0.9988888888888889,0.21307541124802581
2017-01-22 12:00:00,0.9988888888888889,0.21388752472177106
2017-01-22 12:15:00,0.9988888888888889,0.21415361793684506
2017-01-22 12:30:00,0.9988888888888889,0.2257703981833893
2017-01-22 12:45:00,0.9988888888888889,0.22014795806368717
2017-01-22 13:00:00,0.9988888888888889,0.22512400329889146
2017-01-22 13:15:00,0.9988888888888889,0.22412915063552455
2017-01-22 13:30:00,0.9988888888888889,0.21006204247098004
2017-01-22 13:45:00,0.9988888888888889,0.20853614178945612
2017-01-22 14:00:00,0.9988888888888889,0.2121990754960274
2017-01-22 14:15:00,0.9988888888888889,0.21467069633583766
2017-01-22 14:30:00,0.9988888888888889,0.21766640229346065
2017-01-22 14:45:00,0.9988888888888889,0.2165019098890591
2017-01-22 15:00:00,0.9988888888888889,0.22666353827320887
2017-01-22 15:15:00,0.9988888888888889,0.24562361233676022
2017-01-22 15:30:00,0.9988888888888889,0.2791007652063663
2017-01-22 15:45:00,0.9988888888888889,0.29473086929405656
2017-01-22 16:00:00,0.9988888888888889,0.3142521899605204
2017-01-22 16:15:00,0.9988888888888889,0.3330211354832497
2017-01-22 16:30:00,0.9988888888888889,0.37068224892536494
2017-01-22 16:45:00,0.9988888888888889,0.39789598223562755
2017-01-22 17:00:00,0.9988888888888889,0.42529602521360865
2017-01-22 17:15:00,0.9988888888888889,0.4366264476249379
2017-01-22 17:30:00,0.9988888888888889,0.44632696311879777
2017-01-22 17:45:00,0.33704061895551257,0.43532269101410787
2017-01-22 18:00:00,0.33704061895551257,0.4256835387303488
2017-01-22 18:15:00,0.33704061895551257,0.4264095092263512
2017-01-22 18:30:00,0.33704061895551257,0.42754476632595434
2017-01-22 18:45:00,0.33704061895551257,0.4344717557784434
2017-01-22 19:00:00,0.33704061895551257,0.4355203437013633
2017-01-22 19:15:00,0.33704061895551257,0.43911100714956974
2017-01-22 19:30:00,0.33704061895551257,0.45746505629262435
2017-01-22 19:45:00,0.33704061895551257,0.4746052974080242
2017-01-22 20:00:00,0.33704061895551257,0.4648855150927407
2017-01-22 20:15:00,0.33704061895551257,0.473412012789796
2017-01-22 20:30:00,0.33704061895551257,0.47427685984590845
2017-01-22 20:45:00,0.33704061895551257,0.4780268350035261
2017-01-22 21:00:00,0.33704061895551257,0.4758912732190515
2017-01-22 21:15:00,0.33704061895551257,0.4756195918432918
2017-01-22 21:30:00,0.33704061895551257,0.47366153230078706
2017-01-22 21:45:00,0.33704061895551257,0.47456247293140413
2017-01-22 22:00:00,0.33704061895551257,0.46360622967847087
2017-01-22 22:15:00,0.33704061895551257,0.4684289468327216
2017-01-22 22:30:00,0.9988888888888889,0.47118617031158627
2017-01-22 22:45:00,0.9988888888888889,0.4519826284979247
2017-01-22 23:00:00,0.9988888888888889,0.44569565137646855
2017-01-22 23:15:00,0.9988888888888889,0.4488275149939891
2017-01-22 23:30:00,0.9988888888888889,0.44582221168446956
2017-01-22 23:45:00,0.9988888888888889,0.4479239926945407
2017-01-23 00:00:00,0.9988888888888889,0.4388764270294295
2017-01-23 00:15:00,0.9988888888888889,0.430508703944308
2017-01-23 00:30:00,0.9988888888888889,0.4262492084128183
2017-01-23 00:45:00,0.9988888888888889,0.43316294425309276
2017-01-23 01:00:00,0.9988888888888889,0.4380894644758823
2017-01-23 01:15:00,0.9988888888888889,0.43880431937011355
2017-01-23 01:30:00,0.9988888888888889,0.4424501463475338
2017-01-23 01:45:00,0.9988888888888889,0.4439199343368558
2017-01-23 02:00:00,0.9988888888888889,0.44710294273704215
2017-01-23 02:15:00,0.9988888888888889,0.44711879364490437
2017-01-23 02:30:00,0.9988888888888889,0.44929645173847593
2017-01-23 02:45:00,0.9988888888888889,0.4476921443615909
2017-01-23 03:00:00,0.9988888888888889,0.44659236150461373
2017-01-23 03:15:00,0.9988888888888889,0.4497760839989213
2017-01-23 03:30:00,0.9988888888888889,0.45098539588730846
2017-01-23 03:45:00,0.9988888888888889,0.4528662725061414
2017-01-23 04:00:00,0.9988888888888889,0.45419333060490596
2017-01-23 04:15:00,0.9988888888888889,0.4539240922719437
2017-01-23 04:30:00,0.9988888888888889,0.4518208684228684
2017-01-23 04:45:00,0.9988888888888889,0.4516333715489365
2017-01-23 05:00:00,0.9988888888888889,0.460058078170644
2017-01-23 05:15:00,0.9988888888888889,0.4734670689510576
2017-01-23 05:30:00,0.9988888888888889,0.48751368818020474
2017-01-23 05:45:00,0.3402127659574468,0.48683887520958835
2017-01-23 06:00:00,0.3481431334622824,0.48505714624703716
2017-01-23 06:15:00,0.356073500967118,0.48123372264843206
2017-01-23 06:30:00,0.3624177949709865,0.47734716132705846
2017-01-23 06:45:00,0.3687620889748549,0.4748981348297138
2017-01-23 07:00:00,0.37510638297872334,0.4718906511788509
2017-01-23 07:15:00,0.3814506769825919,0.4698581073790981
2017-01-23 07:30:00,0.3814506769825919,0.4641491736004286
2017-01-23 07:45:00,0.3814506769825919,0.46385591859046704
2017-01-23 08:00:00,0.3814506769825919,0.4572037442530712
2017-01-23 08:15:00,0.3814506769825919,0.4583865323137646
2017-01-23 08:30:00,0.3814506769825919,0.4630319297838634
2017-01-23 08:45:00,0.3814506769825919,0.4568047207075482
2017-01-23 09:00:00,0.3814506769825919,0.4560536863219949
2017-01-23 09:15:00,0.3814506769825919,0.44699476203581034
2017-01-23 09:30:00,0.3814506769825919,0.43803189209280136
2017-01-23 09:45:00,0.3814506769825919,0.42892061063241826
2017-01-23 10:00:00,0.3814506769825919,0.42079729298579377
2017-01-23 10:15:00,0.3814506769825919,0.42160850515420634
2017-01-23 10:30:00,0.3814506769825919,0.42292153325272996
2017-01-23 10:45:00,0.3814506769825919,0.42452921018830164
2017-01-23 11:00:00,0.3814506769825919,0.42856670026857896
2017-01-23 11:15:00,0.3814506769825919,0.4221245778076015
2017-01-23 11:30:00,0.3814506769825919,0.4155537422314317
2017-01-23 11:45:00,0.3814506769825919,0.4097732143473932
2017-01-23 12:00:00,0.3814506769825919,0.40935738033063174
2017-01-23 12:15:00,0.3814506769825919,0.4130122688040456
2017-01-23 12:30:00,0.3814506769825919,0.4130392154738537
2017-01-23 12:45:00,0.3814506769825919,0.4097819266930276
2017-01-23 13:00:00,0.3814506769825919,0.40308292940316975
2017-01-23 13:15:00,0.3814506769825919,0.4081901428150256
2017-01-23 13:30:00,0.3814506769825919,0.4185210363137739
2017-01-23 13:45:00,0.3814506769825919,0.42712727562565644
2017-01-23 14:00:00,0.3814506769825919,0.43611940400161886
2017-01-23 14:15:00,0.3814506769825919,0.44401926090313737
2017-01-23 14:30:00,0.3814506769825919,0.4522536682604854
2017-01-23 14:45:00,0.3814506769825919,0.45886222618981726
2017-01-23 15:00:00,0.3814506769825919,0.467307524508453
2017-01-23 15:15:00,0.3814506769825919,0.46645132372479914
2017-01-23 15:30:00,0.38303675048355895,0.4659203377783018
2017-01-23 15:45:00,0.38303675048355895,0.468228704564637
2017-01-23 16:00:00,0.38303675048355895,0.4691689195635087
2017-01-23 16:15:00,0.3846228239845261,0.47018083914178066
2017-01-23 16:30:00,0.3941392649903288,0.47064667221308937
2017-01-23 16:45:00,0.3941392649903288,0.4672376999853798
2017-01-23 17:00:00,0.3941392649903288,0.4639994160728092
2017-01-23 17:15:00,0.3941392649903288,0.466094122851561
2017-01-23 17:30:00,0.3941392649903288,0.44720650234992154
2017-01-23 17:45:00,0.4536363636363636,0.45612427914747283
2017-01-23 18:00:00,0.3941392649903288,0.4448817728925511
2017-01-23 18:15:00,0.3941392649903288,0.45269638061615197
2017-01-23 18:30:00,0.3941392649903288,0.45436053012638095
2017-01-23 18:45:00,0.3941392649903288,0.4469606281204824
2017-01-23 19:00:00,0.3941392649903288,0.4495955470193867
2017-01-23 19:15:00,0.3941392649903288,0.4604107750607268
2017-01-23 19:30:00,0.39096711798839456,0.4658757981816271
2017-01-23 19:45:00,0.38620889748549325,0.4701869064508494
2017-01-23 20:00:00,0.3846228239845261,0.4746902860430974
2017-01-23 20:15:00,0.3846228239845261,0.47523596043143207
2017-01-23 20:30:00,0.4536363636363636,0.4775340140157453
2017-01-23 20:45:00,0.38303675048355895,0.4812679736130619
2017-01-23 21:00:00,0.3766924564796905,0.48717067056224506
2017-01-23 21:15:00,0.3766924564796905,0.4851172840136337
2017-01-23 21:30:00,0.37193423597678915,0.4868001361058176
2017-01-23 21:45:00,0.3687620889748549,0.487332864855293
2017-01-23 22:00:00,0.4536363636363636,0.4846041050051117
2017-01-23 22:15:00,0.36717601547388784,0.48140876747390327
2017-01-23 22:30:00,0.3624177949709865,0.4804201330117474
2017-01-23 22:45:00,0.3624177949709865,0.47843767954854216
2017-01-23 23:00:00,0.3624177949709865,0.4752328488333054
2017-01-23 23:15:00,0.3624177949709865,0.48406777845979276
2017-01-23 23:30:00,0.3624177949709865,0.49665404013013553
2017-01-23 23:45:00,0.3624177949709865,0.5080394424051952
2017-01-24 00:00:00,0.3640038684719536,0.5155766095680169
2017-01-24 00:15:00,0.3640038684719536,0.5114706613108613
2017-01-24 00:30:00,0.3640038684719536,0.5082586012784861
2017-01-24 00:45:00,0.3640038684719536,0.5050602696900972
2017-01-24 01:00:00,0.3640038684719536,0.5016854682129346
2017-01-24 01:15:00,0.3640038684719536,0.5025188441659421
2017-01-24 01:30:00,0.3640038684719536,0.5028753533957637
2017-01-24 01:45:00,0.3640038684719536,0.5035106241106371
2017-01-24 02:00:00,0.3640038684719536,0.5063864315939689
2017-01-24 02:15:00,0.3640038684719536,0.5099876844049884
2017-01-24 02:30:00,0.3640038684719536,0.5099120140626433
2017-01-24 02:45:00,0.3640038684719536,0.5118526171445256
2017-01-24 03:00:00,0.3640038684719536,0.5095014148431795
2017-01-24 03:15:00,0.3640038684719536,0.5108478702698357
2017-01-24 03:30:00,0.3640038684719536,0.5186749013689671
2017-01-24 03:45:00,0.3640038684719536,0.5135568661369402
2017-01-24 04:00:00,0.3640038684719536,0.5103019227031342
2017-01-24 04:15:00,0.3640038684719536,0.5093020019973187
2017-01-24 04:30:00,0.3640038684719536,0.5052147616432304
2017-01-24 04:45:00,0.3640038684719536,0.5022056925825428
2017-01-24 05:00:00,0.3640038684719536,0.49592653445382406
2017-01-24 05:15:00,0.3640038684719536,0.4918806970369379
2017-01-24 05:30:00,0.3640038684719536,0.4883718291772808
2017-01-24 05:45:00,0.3640038684719536,0.48904466900457705
2017-01-24 06:00:00,0.3640038684719536,0.48711801787551195
2017-01-24 06:15:00,0.3640038684719536,0.4829119860232356
2017-01-24 06:30:00,0.3640038684719536,0.479937614310954
2017-01-24 06:45:00,0.36717601547388784,0.47463090653053563
2017-01-24 07:00:00,0.36717601547388784,0.45810096641546605
2017-01-24 07:15:00,0.36717601547388784,0.44904492759060266
2017-01-24 07:30:00,0.36717601547388784,0.4457202712950297
2017-01-24 07:45:00,0.36717601547388784,0.44369716399460307
2017-01-24 08:00:00,0.36717601547388784,0.4447279091871865
2017-01-24 08:15:00,0.36717601547388784,0.4426259567148716
2017-01-24 08:30:00,0.36717601547388784,0.4383511943025645
2017-01-24 08:45:00,0.36717601547388784,0.432862178843427
2017-01-24 09:00:00,0.36717601547388784,0.42408599081564136
2017-01-24 09:15:00,0.36717601547388784,0.4151306235854209
2017-01-24 09:30:00,0.36717601547388784,0.406093937510298
2017-01-24 09:45:00,0.36717601547388784,0.3976356341819025
2017-01-24 10:00:00,0.36717601547388784,0.39886120472904524
2017-01-24 10:15:00,0.36717601547388784,0.40459173275799504
2017-01-24 10:30:00,0.36717601547388784,0.4005757098045606
2017-01-24 10:45:00,0.36717601547388784,0.3968429083176291
2017-01-24 11:00:00,0.36717601547388784,0.3903300196961061
2017-01-24 11:15:00,0.36717601547388784,0.3879130871586322
2017-01-24 11:30:00,0.36717601547388784,0.39655688338449235
2017-01-24 11:45:00,0.36717601547388784,0.4125185605349113
2017-01-24 12:00:00,0.36717601547388784,0.39857031449605307
2017-01-24 12:15:00,0.36717601547388784,0.39324297586613743
2017-01-24 12:30:00,0.36717601547388784,0.3920345100085761
2017-01-24 12:45:00,0.36717601547388784,0.3920527267170898
2017-01-24 13:00:00,0.36717601547388784,0.39344004978671826
2017-01-24 13:15:00,0.36717601547388784,0.3986109508423208
2017-01-24 13:30:00,0.36717601547388784,0.4044400986939411
2017-01-24 13:45:00,0.36717601547388784,0.409899276065579
2017-01-24 14:00:00,0.36717601547388784,0.415225501114258
2017-01-24 14:15:00,0.36717601547388784,0.4216499834641754
2017-01-24 14:30:00,0.36717601547388784,0.42906066159729844
2017-01-24 14:45:00,0.3687620889748549,0.43552613792240086
2017-01-24 15:00:00,0.37352030947775633,0.44164029761152973
2017-01-24 15:15:00,0.37352030947775633,0.4397240537600967
2017-01-24 15:30:00,0.37352030947775633,0.4384449121437805
2017-01-24 15:45:00,0.37352030947775633,0.4372757157025423
2017-01-24 16:00:00,0.37352030947775633,0.43509427301367953
2017-01-24 16:15:00,0.37352030947775633,0.43579119898229185
2017-01-24 16:30:00,0.3766924564796905,0.4439979908991507
2017-01-24 16:45:00,0.3766924564796905,0.43264177908462215
2017-01-24 17:00:00,0.3766924564796905,0.436991947622524
2017-01-24 17:15:00,0.3766924564796905,0.4334145421077578
2017-01-24 17:30:00,0.3766924564796905,0.4203892431496479
2017-01-24 17:45:00,0.3766924564796905,0.41392432490467546
2017-01-24 18:00:00,0.3766924564796905,0.4331271423953186
2017-01-24 18:15:00,0.3766924564796905,0.42523098530593784
2017-01-24 18:30:00,0.3766924564796905,0.42875853862585167
2017-01-24 18:45:00,0.3766924564796905,0.4280714323078076
2017-01-24 19:00:00,0.3766924564796905,0.42469476717132254
2017-01-24 19:15:00,0.3766924564796905,0.42643414565485804
2017-01-24 19:30:00,0.3766924564796905,0.42792525402555515
2017-01-24 19:45:00,0.35924564796905223,0.4303095773929055
2017-01-24 20:00:00,0.35924564796905223,0.43004856767213984
2017-01-24 20:15:00,0.3497292069632495,0.4235963675955492
2017-01-24 20:30:00,0.3417988394584139,0.41603886634435
2017-01-24 20:45:00,0.33545454545454545,0.4071416068405415
2017-01-24 21:00:00,0.9988888888888889,0.3820361540838536
2017-01-24 21:15:00,0.9988888888888889,0.3832366629431656
2017-01-24 21:30:00,0.9988888888888889,0.3887673863117719
2017-01-24 21:45:00,0.9988888888888889,0.3960830568896477
2017-01-24 22:00:00,0.9988888888888889,0.40614677480422434
2017-01-24 22:15:00,0.9988888888888889,0.40415216005314636
2017-01-24 22:30:00,0.9988888888888889,0.4001579478358122
2017-01-24 22:45:00,0.9988888888888889,0.41092749051649224
2017-01-24 23:00:00,0.9988888888888889,0.41851040745144097
2017-01-24 23:15:00,0.9988888888888889,0.42732297487690013
2017-01-24 23:30:00,0.9988888888888889,0.4224602810807901
2017-01-24 23:45:00,0.9988888888888889,0.4099853542202122
2017-01-25 00:00:00,0.9988888888888889,0.43134146417773034
2017-01-25 00:15:00,0.9988888888888889,0.4419901733093545
2017-01-25 00:30:00,0.9988888888888889,0.45227614425062307
2017-01-25 00:45:00,0.9988888888888889,0.4594646526271763
2017-01-25 01:00:00,0.9988888888888889,0.45855668774439545
2017-01-25 01:15:00,0.9988888888888889,0.4463257968333313
2017-01-25 01:30:00,0.9988888888888889,0.45204181532081195
2017-01-25 01:45:00,0.9988888888888889,0.4611891181867363
2017-01-25 02:00:00,0.9988888888888889,0.46796991231643986
2017-01-25 02:15:00,0.9988888888888889,0.4692753139614339
2017-01-25 02:30:00,0.9988888888888889,0.47046392605945364
2017-01-25 02:45:00,0.9988888888888889,0.47812010449057896
2017-01-25 03:00:00,0.9988888888888889,0.48092286481711577
2017-01-25 03:15:00,0.9988888888888889,0.46814565910871386
2017-01-25 03:30:00,0.9988888888888889,0.4733040470388565
2017-01-25 03:45:00,0.9988888888888889,0.48214758644350125
2017-01-25 04:00:00,0.9988888888888889,0.49253224533329576
2017-01-25 04:15:00,0.33545454545454545,0.4956443146171361
2017-01-25 04:30:00,0.3386266924564797,0.497882593534465
2017-01-25 04:45:00,0.3402127659574468,0.49937934799806455
2017-01-25 05:00:00,0.3449709864603482,0.5008448817967458
2017-01-25 05:15:00,0.3449709864603482,0.4967969660966102
2017-01-25 05:30:00,0.3449709864603482,0.4945988476247662
2017-01-25 05:45:00,0.34655705996131525,0.48815647464690937
2017-01-25 06:00:00,0.35290135396518374,0.4816273630973391
2017-01-25 06:15:00,0.3624177949709865,0.48301217746784325
2017-01-25 06:30:00,0.37034816247582203,0.4849221543297891
2017-01-25 06:45:00,0.37827852998065764,0.4858651153066788
2017-01-25 07:00:00,0.3846228239845261,0.48491504491832865
2017-01-25 07:15:00,0.3846228239845261,0.4783376705144358
2017-01-25 07:30:00,0.3846228239845261,0.4705356818122695
2017-01-25 07:45:00,0.3846228239845261,0.46611557297381184
2017-01-25 08:00:00,0.3846228239845261,0.4665882101391882
2017-01-25 08:15:00,0.3846228239845261,0.46366513350392075
2017-01-25 08:30:00,0.3846228239845261,0.4591852782077548
2017-01-25 08:45:00,0.3846228239845261,0.45539248024521006
2017-01-25 09:00:00,0.3846228239845261,0.4512833831662318
2017-01-25 09:15:00,0.3846228239845261,0.4438843285337655
2017-01-25 09:30:00,0.3846228239845261,0.43687673285509016
2017-01-25 09:45:00,0.3846228239845261,0.4298400101586697
2017-01-25 10:00:00,0.3846228239845261,0.42309803154530123
2017-01-25 10:15:00,0.3846228239845261,0.41541574897179157
2017-01-25 10:30:00,0.3846228239845261,0.40799123549459
2017-01-25 10:45:00,0.3846228239845261,0.40071104404671565
2017-01-25 11:00:00,0.3846228239845261,0.39981728092802854
2017-01-25 11:15:00,0.3846228239845261,0.39729979010906064
2017-01-25 11:30:00,0.3846228239845261,0.400724007353997
2017-01-25 11:45:00,0.3846228239845261,0.4012305399707473
2017-01-25 12:00:00,0.3846228239845261,0.3984279127583805
2017-01-25 12:15:00,0.3846228239845261,0.40051798944432027
2017-01-25 12:30:00,0.3846228239845261,0.4058824967170219
2017-01-25 12:45:00,0.3846228239845261,0.41120350938811334
2017-01-25 13:00:00,0.3846228239845261,0.41692800327555285
2017-01-25 13:15:00,0.3846228239845261,0.4248511464156412
2017-01-25 13:30:00,0.3846228239845261,0.43293763184196404
2017-01-25 13:45:00,0.3846228239845261,0.44130748853784263
2017-01-25 14:00:00,0.3846228239845261,0.4492471391968654
2017-01-25 14:15:00,0.3846228239845261,0.45610493599708635
2017-01-25 14:30:00,0.3846228239845261,0.4632638395697185
2017-01-25 14:45:00,0.3846228239845261,0.46993728525691886
2017-01-25 15:00:00,0.4536363636363636,0.4764197663785247
2017-01-25 15:15:00,0.3941392649903288,0.48695300351401494
2017-01-25 15:30:00,0.4020696324951644,0.4964063663127087
2017-01-25 15:45:00,0.40841392649903285,0.507061643163654
2017-01-25 16:00:00,0.4536363636363636,0.520180655549583
2017-01-25 16:15:00,0.4536363636363636,0.5243118324188515
2017-01-25 16:30:00,0.4536363636363636,0.5288875618919109
2017-01-25 16:45:00,0.4536363636363636,0.5325000899106384
2017-01-25 17:00:00,0.4536363636363636,0.5362945215782747
2017-01-25 17:15:00,0.4536363636363636,0.5310623317348
2017-01-25 17:30:00,0.4536363636363636,0.4768028725620139
2017-01-25 17:45:00,0.4536363636363636,0.47268147271548827
2017-01-25 18:00:00,0.41000000000000003,0.4683395280320239
2017-01-25 18:15:00,0.4536363636363636,0.47115133453673236
2017-01-25 18:30:00,0.4536363636363636,0.5162412347209121
2017-01-25 18:45:00,0.4536363636363636,0.5157847617916493
2017-01-25 19:00:00,0.4536363636363636,0.5153820597256399
2017-01-25 19:15:00,0.4536363636363636,0.5132162175763473
2017-01-25 19:30:00,0.4536363636363636,0.5105289966268283
2017-01-25 19:45:00,0.4536363636363636,0.5085049737821706
2017-01-25 20:00:00,0.40682785299806573,0.5082656874508223
2017-01-25 20:15:00,0.4052417794970986,0.5064998197103476
2017-01-25 20:30:00,0.4020696324951644,0.5050350555304209
2017-01-25 20:45:00,0.3973114119922631,0.5049418579204555
2017-01-25 21:00:00,0.4536363636363636,0.5044513471751156
2017-01-25 21:15:00,0.39096711798839456,0.5009822088255064
2017-01-25 21:30:00,0.38303675048355895,0.5010452939209612
2017-01-25 21:45:00,0.37827852998065764,0.4987283253989063
2017-01-25 22:00:00,0.37510638297872334,0.49710605331671104
2017-01-25 22:15:00,0.37510638297872334,0.49544635608450127
2017-01-25 22:30:00,0.37510638297872334,0.49455968219945895
2017-01-25 22:45:00,0.37510638297872334,0.4949484295069239
2017-01-25 23:00:00,0.37510638297872334,0.49616638394342194
2017-01-25 23:15:00,0.37510638297872334,0.49425830794545184
2017-01-25 23:30:00,0.37510638297872334,0.4946188950844847
2017-01-25 23:45:00,0.37510638297872334,0.4950549197550532
2017-01-26 00:00:00,0.3766924564796905,0.49437010228355877
2017-01-26 00:15:00,0.3766924564796905,0.4982717171790615
2017-01-26 00:30:00,0.3766924564796905,0.5023132749613793
2017-01-26 00:45:00,0.3766924564796905,0.5058349962904058
2017-01-26 01:00:00,0.3766924564796905,0.5099483079395919
2017-01-26 01:15:00,0.3766924564796905,0.5061587633716379
2017-01-26 01:30:00,0.3766924564796905,0.5058774168726325
2017-01-26 01:45:00,0.3766924564796905,0.5081999968962416
2017-01-26 02:00:00,0.3766924564796905,0.5100334268271289
2017-01-26 02:15:00,0.3766924564796905,0.5119502113952383
2017-01-26 02:30:00,0.3766924564796905,0.5102150993432052
2017-01-26 02:45:00,0.3766924564796905,0.5088019695107168
2017-01-26 03:00:00,0.3766924564796905,0.5073921327137955
2017-01-26 03:15:00,0.3766924564796905,0.5081430334434667
2017-01-26 03:30:00,0.3766924564796905,0.5070941544879535
2017-01-26 03:45:00,0.3766924564796905,0.5072688264146938
2017-01-26 04:00:00,0.3766924564796905,0.5052082662391852
2017-01-26 04:15:00,0.3766924564796905,0.5059405922137914
2017-01-26 04:30:00,0.3766924564796905,0.5045885176571003
2017-01-26 04:45:00,0.3766924564796905,0.5086459497783649
2017-01-26 05:00:00,0.3766924564796905,0.5112634197107446
2017-01-26 05:15:00,0.3766924564796905,0.5071579557086671
2017-01-26 05:30:00,0.3766924564796905,0.5032344301942621
2017-01-26 05:45:00,0.37986460348162476,0.4977219133942827
2017-01-26 06:00:00,0.3814506769825919,0.4915929091125289
2017-01-26 06:15:00,0.3814506769825919,0.49054962536999586
2017-01-26 06:30:00,0.3814506769825919,0.48968291472029235
2017-01-26 06:45:00,0.3814506769825919,0.487986219295749
2017-01-26 07:00:00,0.3814506769825919,0.4749764766421531
2017-01-26 07:15:00,0.3814506769825919,0.4692122197668341
2017-01-26 07:30:00,0.3814506769825919,0.46578016363854213
2017-01-26 07:45:00,0.3814506769825919,0.4630327164809253
2017-01-26 08:00:00,0.3814506769825919,0.4601847878545862
2017-01-26 08:15:00,0.3814506769825919,0.4562640667967465
2017-01-26 08:30:00,0.3814506769825919,0.4573343358638326
2017-01-26 08:45:00,0.3814506769825919,0.44965488529470965
2017-01-26 09:00:00,0.36558994197292066,0.43931480226803765
2017-01-26 09:15:00,0.3640038684719536,0.4305502487885814
2017-01-26 09:30:00,0.3608317214700193,0.4211246806119886
2017-01-26 09:45:00,0.35448742746615086,0.4125768328915412
2017-01-26 10:00:00,0.35290135396518374,0.40422824303063004
2017-01-26 10:15:00,0.35290135396518374,0.3993650193862636
2017-01-26 10:30:00,0.35290135396518374,0.3943868148816741
2017-01-26 10:45:00,0.35290135396518374,0.3985471950411473
2017-01-26 11:00:00,0.35290135396518374,0.39987179129985123
2017-01-26 11:15:00,0.35290135396518374,0.40256139992758294
2017-01-26 11:30:00,0.35290135396518374,0.4039888370802855
2017-01-26 11:45:00,0.35290135396518374,0.39686464269240057
2017-01-26 12:00:00,0.35290135396518374,0.39397201344192
2017-01-26 12:15:00,0.35290135396518374,0.3944072428580179
2017-01-26 12:30:00,0.35290135396518374,0.39505396777276724
2017-01-26 12:45:00,0.35290135396518374,0.3958513198825422
2017-01-26 13:00:00,0.35290135396518374,0.3972438054169075
2017-01-26 13:15:00,0.35290135396518374,0.39540471638044133
2017-01-26 13:30:00,0.35290135396518374,0.39398264483097384
2017-01-26 13:45:00,0.35290135396518374,0.40203750296027047
2017-01-26 14:00:00,0.35290135396518374,0.4001442079265519
2017-01-26 14:15:00,0.35290135396518374,0.40430651029364145
2017-01-26 14:30:00,0.35290135396518374,0.40838542777063497
2017-01-26 14:45:00,0.35290135396518374,0.41288456459094425
2017-01-26 15:00:00,0.35290135396518374,0.4174493778685163
2017-01-26 15:15:00,0.356073500967118,0.4236247253285823
2017-01-26 15:30:00,0.3608317214700193,0.42972537272144323
2017-01-26 15:45:00,0.3608317214700193,0.4375125975159552
2017-01-26 16:00:00,0.3877949709864604,0.44295194503406676
2017-01-26 16:15:00,0.39096711798839456,0.4485409378633251
2017-01-26 16:30:00,0.39096711798839456,0.4527172078064978
2017-01-26 16:45:00,0.39096711798839456,0.45979932271963775
2017-01-26 17:00:00,0.39096711798839456,0.4619579363138299
2017-01-26 17:15:00,0.3925531914893617,0.45443977865520097
2017-01-26 17:30:00,0.3925531914893617,0.45102798926843163
2017-01-26 17:45:00,0.3925531914893617,0.4495888786779035
2017-01-26 18:00:00,0.3925531914893617,0.44727880125359215
2017-01-26 18:15:00,0.3925531914893617,0.4395081695415246
2017-01-26 18:30:00,0.3925531914893617,0.4394629025107803
2017-01-26 18:45:00,0.3925531914893617,0.43976292256300314
2017-01-26 19:00:00,0.3925531914893617,0.4385693573817097
2017-01-26 19:15:00,0.3925531914893617,0.4416608060646782
2017-01-26 19:30:00,0.3925531914893617,0.4448234189286324
2017-01-26 19:45:00,0.3925531914893617,0.44887232521517306
2017-01-26 20:00:00,0.3925531914893617,0.45358780439179835
2017-01-26 20:15:00,0.37986460348162476,0.457772112088338
2017-01-26 20:30:00,0.37986460348162476,0.4610140577887709
2017-01-26 20:45:00,0.37986460348162476,0.4651348800874354
2017-01-26 21:00:00,0.37986460348162476,0.4714937131012553
2017-01-26 21:15:00,0.37986460348162476,0.4738265334751926
2017-01-26 21:30:00,0.37986460348162476,0.4762913340934401
2017-01-26 21:45:00,0.37986460348162476,0.4795528909716513
2017-01-26 22:00:00,0.37986460348162476,0.47830751581562053
2017-01-26 22:15:00,0.37986460348162476,0.47990058253858003
2017-01-26 22:30:00,0.37986460348162476,0.48210025427589703
2017-01-26 22:45:00,0.37986460348162476,0.4833982920284468
2017-01-26 23:00:00,0.37986460348162476,0.4845186523187201
2017-01-26 23:15:00,0.37986460348162476,0.48311959838742097
2017-01-26 23:30:00,0.37986460348162476,0.4817412769449969
2017-01-26 23:45:00,0.37986460348162476,0.4806157609640196
2017-01-27 00:00:00,0.3893810444874275,0.48378735352519764
2017-01-27 00:15:00,0.3893810444874275,0.48718392112044256
2017-01-27 00:30:00,0.3893810444874275,0.4909859204500822
2017-01-27 00:45:00,0.3893810444874275,0.4951795336299385
2017-01-27 01:00:00,0.3893810444874275,0.5004444557287548
2017-01-27 01:15:00,0.3893810444874275,0.503034573215038
2017-01-27 01:30:00,0.3893810444874275,0.5069386156840632
2017-01-27 01:45:00,0.3893810444874275,0.5119995651310228
2017-01-27 02:00:00,0.3893810444874275,0.52300228103625
2017-01-27 02:15:00,0.3893810444874275,0.5200148873424816
2017-01-27 02:30:00,0.3893810444874275,0.5173656105361931
2017-01-27 02:45:00,0.3893810444874275,0.516239161487873
2017-01-27 03:00:00,0.3893810444874275,0.5153080955860334
2017-01-27 03:15:00,0.3893810444874275,0.5170853628676799
2017-01-27 03:30:00,0.3893810444874275,0.5183847820902765
2017-01-27 03:45:00,0.3893810444874275,0.5183533326844089
2017-01-27 04:00:00,0.3893810444874275,0.5202762691325835
2017-01-27 04:15:00,0.3893810444874275,0.5195624407933307
2017-01-27 04:30:00,0.3893810444874275,0.5197482881590684
2017-01-27 04:45:00,0.3893810444874275,0.5199675545216457
2017-01-27 05:00:00,0.3893810444874275,0.5181870036675201
2017-01-27 05:15:00,0.3893810444874275,0.5161457191670581
2017-01-27 05:30:00,0.3893810444874275,0.5134912217264477
2017-01-27 05:45:00,0.3893810444874275,0.5103732161464701
2017-01-27 06:00:00,0.3893810444874275,0.5058171208264546
2017-01-27 06:15:00,0.3893810444874275,0.5003055125549971
2017-01-27 06:30:00,0.3893810444874275,0.4961210941605764
2017-01-27 06:45:00,0.39096711798839456,0.4925869210411505
2017-01-27 07:00:00,0.3941392649903288,0.4849229814948741
2017-01-27 07:15:00,0.3941392649903288,0.48085850905779437
2017-01-27 07:30:00,0.3941392649903288,0.47508291040285255
2017-01-27 07:45:00,0.3941392649903288,0.4749586761199297
2017-01-27 08:00:00,0.3941392649903288,0.474947438351017
2017-01-27 08:15:00,0.3941392649903288,0.47511139286431187
2017-01-27 08:30:00,0.3941392649903288,0.47432966277110156
2017-01-27 08:45:00,0.3941392649903288,0.47483548695481587
2017-01-27 09:00:00,0.3941392649903288,0.47579211004607586
2017-01-27 09:15:00,0.3941392649903288,0.4716495225539893
2017-01-27 09:30:00,0.3941392649903288,0.4651279840189084
2017-01-27 09:45:00,0.3941392649903288,0.4602705361434608
2017-01-27 10:00:00,0.3941392649903288,0.4558263936757872
2017-01-27 10:15:00,0.3941392649903288,0.45162779421727933
2017-01-27 10:30:00,0.3941392649903288,0.44841750583273887
2017-01-27 10:45:00,0.3941392649903288,0.44520082614669676
2017-01-27 11:00:00,0.3941392649903288,0.44252127726986334
2017-01-27 11:15:00,0.3941392649903288,0.4433549622613477
2017-01-27 11:30:00,0.3941392649903288,0.4435251037462412
2017-01-27 11:45:00,0.3941392649903288,0.4446846030372014
2017-01-27 12:00:00,0.3941392649903288,0.44521969947478296
2017-01-27 12:15:00,0.3941392649903288,0.44354114159466507
2017-01-27 12:30:00,0.3941392649903288,0.4424778573967309
2017-01-27 12:45:00,0.3941392649903288,0.442345514655252
2017-01-27 13:00:00,0.3941392649903288,0.4418957322139511
2017-01-27 13:15:00,0.3941392649903288,0.4428895610711635
2017-01-27 13:30:00,0.3941392649903288,0.4440090221027924
2017-01-27 13:45:00,0.3941392649903288,0.4455747642012353
2017-01-27 14:00:00,0.3941392649903288,0.4469707666245743
2017-01-27 14:15:00,0.3941392649903288,0.4498038825527298
2017-01-27 14:30:00,0.3941392649903288,0.4530525194954233
2017-01-27 14:45:00,0.3941392649903288,0.4569595092239605
2017-01-27 15:00:00,0.3941392649903288,0.45995609948074023
2017-01-27 15:15:00,0.3941392649903288,0.46291701790451006
2017-01-27 15:30:00,0.3941392649903288,0.4663572726556661
2017-01-27 15:45:00,0.3941392649903288,0.4701652552830358
2017-01-27 16:00:00,0.3941392649903288,0.4741345673520453
2017-01-27 16:15:00,0.3941392649903288,0.47169139597714116
2017-01-27 16:30:00,0.3941392649903288,0.47018632333555904
2017-01-27 16:45:00,0.40365570599613154,0.4654796969566716
2017-01-27 17:00:00,0.40365570599613154,0.4605149537927298
2017-01-27 17:15:00,0.40365570599613154,0.4647558186683255
2017-01-27 17:30:00,0.40365570599613154,0.4695809638879847
2017-01-27 17:45:00,0.40365570599613154,0.46992533190306957
2017-01-27 18:00:00,0.40365570599613154,0.4691445486988227
2017-01-27 18:15:00,0.40365570599613154,0.471390345744443
2017-01-27 18:30:00,0.40365570599613154,0.4712985976046969
2017-01-27 18:45:00,0.40365570599613154,0.47445706353643824
2017-01-27 19:00:00,0.40365570599613154,0.47565495562017257
2017-01-27 19:15:00,0.40365570599613154,0.4838746033398456
2017-01-27 19:30:00,0.40365570599613154,0.48549379607277815
2017-01-27 19:45:00,0.4020696324951644,0.48780264134846707
2017-01-27 20:00:00,0.4020696324951644,0.4904383462806913
2017-01-27 20:15:00,0.3973114119922631,0.49328713464544066
2017-01-27 20:30:00,0.3877949709864604,0.4959588076041794
2017-01-27 20:45:00,0.3846228239845261,0.49969862463555553
2017-01-27 21:00:00,0.3814506769825919,0.5035446194326074
2017-01-27 21:15:00,0.3766924564796905,0.5020182100942716
2017-01-27 21:30:00,0.3687620889748549,0.5095715304159876
2017-01-27 21:45:00,0.3687620889748549,0.49729341219459616
2017-01-27 22:00:00,0.3687620889748549,0.48983390656867537
2017-01-27 22:15:00,0.3640038684719536,0.48843383789438455
2017-01-27 22:30:00,0.35290135396518374,0.4891720434130253
2017-01-27 22:45:00,0.3513152804642166,0.48773973119526004
2017-01-27 23:00:00,0.3513152804642166,0.48135489196784265
2017-01-27 23:15:00,0.3497292069632495,0.48217609373666587
2017-01-27 23:30:00,0.3497292069632495,0.4827799837890874
2017-01-27 23:45:00,0.34655705996131525,0.4831087845279321
2017-01-28 00:00:00,0.3449709864603482,0.4858969368476044
2017-01-28 00:15:00,0.4536363636363636,0.4886019759268296
2017-01-28 00:30:00,0.3417988394584139,0.49062741460340276
2017-01-28 00:45:00,0.3402127659574468,0.4928383791773778
2017-01-28 01:00:00,0.3402127659574468,0.4973639881461599
2017-01-28 01:15:00,0.33704061895551257,0.49566414686624094
2017-01-28 01:30:00,0.33545454545454545,0.4983028611768053
2017-01-28 01:45:00,0.33545454545454545,0.497052423218403
2017-01-28 02:00:00,0.9988888888888889,0.49454767195989363
2017-01-28 02:15:00,0.9988888888888889,0.49435770157313913
2017-01-28 02:30:00,0.9988888888888889,0.4936059247342189
2017-01-28 02:45:00,0.9988888888888889,0.494053004640644
2017-01-28 03:00:00,0.9988888888888889,0.49164317701255
2017-01-28 03:15:00,0.9988888888888889,0.48513825341919936
2017-01-28 03:30:00,0.9988888888888889,0.4841014023271762
2017-01-28 03:45:00,0.9988888888888889,0.48529589890766134
2017-01-28 04:00:00,0.9988888888888889,0.48201717965920626
2017-01-28 04:15:00,0.9988888888888889,0.484528574373327
2017-01-28 04:30:00,0.9988888888888889,0.48732379036358864
2017-01-28 04:45:00,0.9988888888888889,0.4859858820004192
2017-01-28 05:00:00,0.9988888888888889,0.4752050488938136
2017-01-28 05:15:00,0.9988888888888889,0.4714408020352873
2017-01-28 05:30:00,0.9988888888888889,0.4716008392878026
2017-01-28 05:45:00,0.9988888888888889,0.47449049371134794
2017-01-28 06:00:00,0.9988888888888889,0.4808077978102641
2017-01-28 06:15:00,0.9988888888888889,0.4775162906504203
2017-01-28 06:30:00,0.9988888888888889,0.47711559409677456
2017-01-28 06:45:00,0.9988888888888889,0.4767866015510206
2017-01-28 07:00:00,0.9988888888888889,0.47635457310017154
2017-01-28 07:15:00,0.9988888888888889,0.47755038004483696
2017-01-28 07:30:00,0.9988888888888889,0.4747870304159406
2017-01-28 07:45:00,0.9988888888888889,0.47974697144649237
2017-01-28 08:00:00,0.4536363636363636,0.48267820453878446
2017-01-28 08:15:00,0.33545454545454545,0.4794788673573939
2017-01-28 08:30:00,0.33545454545454545,0.4781433820177599
2017-01-28 08:45:00,0.33545454545454545,0.4762703530370295
2017-01-28 09:00:00,0.33545454545454545,0.482933333503742
2017-01-28 09:15:00,0.33545454545454545,0.4697919882545179
2017-01-28 09:30:00,0.33545454545454545,0.4602931346550866
2017-01-28 09:45:00,0.33545454545454545,0.4655058067884784
2017-01-28 10:00:00,0.33545454545454545,0.47460075713650024
2017-01-28 10:15:00,0.33545454545454545,0.4670944076547897
2017-01-28 10:30:00,0.33545454545454545,0.4669745123807791
2017-01-28 10:45:00,0.33545454545454545,0.46115313991852286
2017-01-28 11:00:00,0.33545454545454545,0.4711103989011046
2017-01-28 11:15:00,0.33545454545454545,0.46525213220769435
2017-01-28 11:30:00,0.33545454545454545,0.460778593626122
2017-01-28 11:45:00,0.33545454545454545,0.46214043377670283
2017-01-28 12:00:00,0.33545454545454545,0.4619301085201329
2017-01-28 12:15:00,0.4536363636363636,0.4767967131162271
2017-01-28 12:30:00,0.4536363636363636,0.4781800659966578
2017-01-28 12:45:00,0.9988888888888889,0.4857805375008521
2017-01-28 13:00:00,0.9988888888888889,0.48019386457290564
2017-01-28 13:15:00,0.9988888888888889,0.47126904959304805
2017-01-28 13:30:00,0.9988888888888889,0.4626379712079687
2017-01-28 13:45:00,0.9988888888888889,0.45732295417733115
2017-01-28 14:00:00,0.9988888888888889,0.4589645860498913
2017-01-28 14:15:00,0.9988888888888889,0.4775742023158101
2017-01-28 14:30:00,0.9988888888888889,0.47267731189934103
2017-01-28 14:45:00,0.9988888888888889,0.4728559554553096
2017-01-28 15:00:00,0.9988888888888889,0.46916176619131467
2017-01-28 15:15:00,0.9988888888888889,0.4685873937530376
2017-01-28 15:30:00,0.9988888888888889,0.46296812165012197
2017-01-28 15:45:00,0.9988888888888889,0.44927633732521755
2017-01-28 16:00:00,0.9988888888888889,0.491178783137285
2017-01-28 16:15:00,0.9988888888888889,0.46501140874595337
2017-01-28 16:30:00,0.9988888888888889,0.4479406482299417
2017-01-28 16:45:00,0.9988888888888889,0.4747583693067287
2017-01-28 17:00:00,0.33545454545454545,0.47288548211942116
2017-01-28 17:15:00,0.34655705996131525,0.4590164660877325
2017-01-28 17:30:00,0.34655705996131525,0.4523645718584202
2017-01-28 17:45:00,0.4536363636363636,0.44164783909768596
2017-01-28 18:00:00,0.4536363636363636,0.433422843153338
2017-01-28 18:15:00,0.4536363636363636,0.44102237819036544
2017-01-28 18:30:00,0.3497292069632495,0.43466274882233435
2017-01-28 18:45:00,0.3497292069632495,0.43536664486657844
2017-01-28 19:00:00,0.3497292069632495,0.44801761729762574
2017-01-28 19:15:00,0.3497292069632495,0.45062256471906137
2017-01-28 19:30:00,0.3497292069632495,0.45211338499273646
2017-01-28 19:45:00,0.3497292069632495,0.4734286772738644
2017-01-28 20:00:00,0.3497292069632495,0.4808054678160109
2017-01-28 20:15:00,0.3497292069632495,0.48234334318345923
2017-01-28 20:30:00,0.3497292069632495,0.4880671258909033
2017-01-28 20:45:00,0.3497292069632495,0.49441358107177963
2017-01-28 21:00:00,0.3497292069632495,0.4997108067113725
2017-01-28 21:15:00,0.3497292069632495,0.5070548236856889
2017-01-28 21:30:00,0.3497292069632495,0.5048576274247023
2017-01-28 21:45:00,0.3497292069632495,0.5120770589459783
2017-01-28 22:00:00,0.3497292069632495,0.5045720659350267
2017-01-28 22:15:00,0.3497292069632495,0.5137318088717889
2017-01-28 22:30:00,0.343384912959381,0.5175072672660185
2017-01-28 22:45:00,0.3386266924564797,0.5193255135272552
2017-01-28 23:00:00,0.3386266924564797,0.5100682940721837
2017-01-28 23:15:00,0.3386266924564797,0.509074652181572
2017-01-28 23:30:00,0.33704061895551257,0.5096514070710839
2017-01-28 23:45:00,0.33545454545454545,0.5107594261793559
2017-01-29 00:00:00,0.4536363636363636,0.5105493454600721
2017-01-29 00:15:00,0.9988888888888889,0.5105605171040637
2017-01-29 00:30:00,0.9988888888888889,0.49542729052655504
2017-01-29 00:45:00,0.9988888888888889,0.4988768203170646
2017-01-29 01:00:00,0.9988888888888889,0.49639596934371505
2017-01-29 01:15:00,0.9988888888888889,0.47699065372806904
2017-01-29 01:30:00,0.9988888888888889,0.45919747450243414
2017-01-29 01:45:00,0.9988888888888889,0.4465324765376001
2017-01-29 02:00:00,0.9988888888888889,0.43233773236367856
2017-01-29 02:15:00,0.9988888888888889,0.43032101519948435
2017-01-29 02:30:00,0.9988888888888889,0.4331727045100818
2017-01-29 02:45:00,0.9988888888888889,0.43206307977910746
2017-01-29 03:00:00,0.9988888888888889,0.4322067657154885
2017-01-29 03:15:00,0.9988888888888889,0.4454826356715668
2017-01-29 03:30:00,0.9988888888888889,0.45690120300983705
2017-01-29 03:45:00,0.9988888888888889,0.4707133001919871
2017-01-29 04:00:00,0.9988888888888889,0.4859521225672521
2017-01-29 04:15:00,0.9988888888888889,0.48060482752463574
2017-01-29 04:30:00,0.9988888888888889,0.47648231075334047
2017-01-29 04:45:00,0.9988888888888889,0.47134433049438235
2017-01-29 05:00:00,0.9988888888888889,0.4679076882015403
2017-01-29 05:15:00,0.9988888888888889,0.4643024968716049
2017-01-29 05:30:00,0.9988888888888889,0.4584041880344944
2017-01-29 05:45:00,0.9988888888888889,0.44986815474860703
2017-01-29 06:00:00,0.9988888888888889,0.43937899065431735
2017-01-29 06:15:00,0.9988888888888889,0.4545751357848792
2017-01-29 06:30:00,0.9988888888888889,0.4705192951966951
2017-01-29 06:45:00,0.9988888888888889,0.48332751114542294
2017-01-29 07:00:00,0.9988888888888889,0.4979766489982041
2017-01-29 07:15:00,0.9988888888888889,0.48685639137995596
2017-01-29 07:30:00,0.9988888888888889,0.48736819925532104
2017-01-29 07:45:00,0.9988888888888889,0.48202762534641674
2017-01-29 08:00:00,0.9988888888888889,0.4802766268412125
2017-01-29 08:15:00,0.9988888888888889,0.4735313522990707
2017-01-29 08:30:00,0.9988888888888889,0.46482680613149063
2017-01-29 08:45:00,0.9988888888888889,0.45488070932683516
2017-01-29 09:00:00,0.9988888888888889,0.4523901007452164
2017-01-29 09:15:00,0.9988888888888889,0.4310760535492372
2017-01-29 09:30:00,0.9988888888888889,0.40551127847257235
2017-01-29 09:45:00,0.9988888888888889,0.37923279439837765
2017-01-29 10:00:00,0.9988888888888889,0.35916387305087777
2017-01-29 10:15:00,0.9988888888888889,0.3602877409784832
2017-01-29 10:30:00,0.9988888888888889,0.3597373159621741
2017-01-29 10:45:00,0.9988888888888889,0.3528036625130885
2017-01-29 11:00:00,0.9988888888888889,0.35106880705577603
2017-01-29 11:15:00,0.9988888888888889,0.35098937540579306
2017-01-29 11:30:00,0.9988888888888889,0.3480986382357967
2017-01-29 11:45:00,0.9988888888888889,0.3500493994946943
2017-01-29 12:00:00,0.9988888888888889,0.34930116595084465
2017-01-29 12:15:00,0.9988888888888889,0.34627759226790017
2017-01-29 12:30:00,0.9988888888888889,0.33817718404518093
2017-01-29 12:45:00,0.9988888888888889,0.3444608383754765
2017-01-29 13:00:00,0.9988888888888889,0.35357654546188805
2017-01-29 13:15:00,0.9988888888888889,0.36430428866559517
2017-01-29 13:30:00,0.9988888888888889,0.37144809265672957
2017-01-29 13:45:00,0.9988888888888889,0.3679161977383329
2017-01-29 14:00:00,0.9988888888888889,0.36460284550565364
2017-01-29 14:15:00,0.9988888888888889,0.36976206218514746
2017-01-29 14:30:00,0.9988888888888889,0.3651040771077242
2017-01-29 14:45:00,0.9988888888888889,0.3667126117757114
2017-01-29 15:00:00,0.9988888888888889,0.3673365367859634
2017-01-29 15:15:00,0.9988888888888889,0.4006837889301858
2017-01-29 15:30:00,0.9988888888888889,0.4431787524016861
2017-01-29 15:45:00,0.9988888888888889,0.48186630955797977
2017-01-29 16:00:00,0.3402127659574468,0.4995459749272945
2017-01-29 16:15:00,0.3449709864603482,0.5061695696892068
2017-01-29 16:30:00,0.35448742746615086,0.5099225620755609
2017-01-29 16:45:00,0.3624177949709865,0.5155275989574404
2017-01-29 17:00:00,0.3846228239845261,0.5196748623986118
2017-01-29 17:15:00,0.38620889748549325,0.5183797584916143
2017-01-29 17:30:00,0.38620889748549325,0.5223512090575805
2017-01-29 17:45:00,0.38620889748549325,0.5230951077021185
2017-01-29 18:00:00,0.38620889748549325,0.518953968785806
2017-01-29 18:15:00,0.38620889748549325,0.5139902307859862
2017-01-29 18:30:00,0.38620889748549325,0.5104254216378507
2017-01-29 18:45:00,0.38620889748549325,0.5209629909873669
2017-01-29 19:00:00,0.38620889748549325,0.5324458268581425
2017-01-29 19:15:00,0.38620889748549325,0.5265667080399531
2017-01-29 19:30:00,0.38620889748549325,0.5258565861227397
2017-01-29 19:45:00,0.38620889748549325,0.5269381968452695
2017-01-29 20:00:00,0.38620889748549325,0.5305738953598812
2017-01-29 20:15:00,0.38303675048355895,0.5313639484145223
2017-01-29 20:30:00,0.38303675048355895,0.5352245640157025
2017-01-29 20:45:00,0.38303675048355895,0.536585963653803
2017-01-29 21:00:00,0.38303675048355895,0.5390013563693713
2017-01-29 21:15:00,0.38303675048355895,0.5426186677278952
2017-01-29 21:30:00,0.38303675048355895,0.5447247960580626
2017-01-29 21:45:00,0.38303675048355895,0.5463086930983129
2017-01-29 22:00:00,0.38303675048355895,0.542663351717466
2017-01-29 22:15:00,0.38303675048355895,0.5385489753636958
2017-01-29 22:30:00,0.38303675048355895,0.5351063672265804
2017-01-29 22:45:00,0.38303675048355895,0.5426140550829945
2017-01-29 23:00:00,0.38303675048355895,0.5463396524886396
2017-01-29 23:15:00,0.38303675048355895,0.5431895964296809
2017-01-29 23:30:00,0.38303675048355895,0.5397698197477456
2017-01-29 23:45:00,0.38303675048355895,0.5365817595291389
2017-01-30 00:00:00,0.41000000000000003,0.5344101108720566
2017-01-30 00:15:00,0.41000000000000003,0.5434803362018117
2017-01-30 00:30:00,0.41000000000000003,0.5467389253504593
2017-01-30 00:45:00,0.41000000000000003,0.55164595983256
2017-01-30 01:00:00,0.41000000000000003,0.557887080176645
2017-01-30 01:15:00,0.41000000000000003,0.5648935890257524
2017-01-30 01:30:00,0.41000000000000003,0.5708900467896516
2017-01-30 01:45:00,0.41000000000000003,0.5764310704383473
2017-01-30 02:00:00,0.41000000000000003,0.5815400280687291
2017-01-30 02:15:00,0.41000000000000003,0.5786547911362515
2017-01-30 02:30:00,0.41000000000000003,0.5747475759302504
2017-01-30 02:45:00,0.41000000000000003,0.5715202358945005
2017-01-30 03:00:00,0.41000000000000003,0.5668220206648237
2017-01-30 03:15:00,0.41000000000000003,0.5638138885475559
2017-01-30 03:30:00,0.41000000000000003,0.5593017767926023
2017-01-30 03:45:00,0.41000000000000003,0.5550663641600265
2017-01-30 04:00:00,0.41000000000000003,0.5508812205678076
2017-01-30 04:15:00,0.41000000000000003,0.548413712024872
2017-01-30 04:30:00,0.41000000000000003,0.5477846977887282
2017-01-30 04:45:00,0.41000000000000003,0.5465020865222718
2017-01-30 05:00:00,0.41000000000000003,0.5427824337482161
2017-01-30 05:15:00,0.41000000000000003,0.5413904180166801
2017-01-30 05:30:00,0.41000000000000003,0.5390454556414631
2017-01-30 05:45:00,0.41000000000000003,0.535882860309706
2017-01-30 06:00:00,0.41000000000000003,0.5292615183780227
2017-01-30 06:15:00,0.41000000000000003,0.5240488889718334
2017-01-30 06:30:00,0.41000000000000003,0.5197386844021863
2017-01-30 06:45:00,0.41000000000000003,0.5155550011569067
2017-01-30 07:00:00,0.41000000000000003,0.5123240195323067
2017-01-30 07:15:00,0.41000000000000003,0.5058551367504502
2017-01-30 07:30:00,0.41000000000000003,0.5030961219088386
2017-01-30 07:45:00,0.41000000000000003,0.49912614845959424
2017-01-30 08:00:00,0.41000000000000003,0.49498893972158936
2017-01-30 08:15:00,0.41000000000000003,0.49032631551706335
2017-01-30 08:30:00,0.41000000000000003,0.48399056277059305
2017-01-30 08:45:00,0.41000000000000003,0.47973421352993545
2017-01-30 09:00:00,0.41000000000000003,0.4747632125502302
2017-01-30 09:15:00,0.41000000000000003,0.4731377201515589
2017-01-30 09:30:00,0.41000000000000003,0.4719202316948121
2017-01-30 09:45:00,0.41000000000000003,0.4711195776036299
2017-01-30 10:00:00,0.41000000000000003,0.46957733130555385
2017-01-30 10:15:00,0.41000000000000003,0.46317215040737664
2017-01-30 10:30:00,0.41000000000000003,0.454878008234892
2017-01-30 10:45:00,0.41000000000000003,0.447480077021369
2017-01-30 11:00:00,0.41000000000000003,0.4405442372423736
2017-01-30 11:15:00,0.41000000000000003,0.44340781054037803
2017-01-30 11:30:00,0.41000000000000003,0.42968657910251584
2017-01-30 11:45:00,0.41000000000000003,0.4238692661122739
2017-01-30 12:00:00,0.41000000000000003,0.41755253753925825
2017-01-30 12:15:00,0.41000000000000003,0.4136793358577712
2017-01-30 12:30:00,0.41000000000000003,0.40974118903139967
2017-01-30 12:45:00,0.41000000000000003,0.40578672452115006
2017-01-30 13:00:00,0.41000000000000003,0.40205187830280725
2017-01-30 13:15:00,0.41000000000000003,0.4052865840475163
2017-01-30 13:30:00,0.41000000000000003,0.4087015606362173
2017-01-30 13:45:00,0.41000000000000003,0.41397406922513436
2017-01-30 14:00:00,0.41000000000000003,0.4157490636425312
2017-01-30 14:15:00,0.41000000000000003,0.42035512054186863
2017-01-30 14:30:00,0.41000000000000003,0.4247770640312901
2017-01-30 14:45:00,0.41000000000000003,0.42905376848745225
2017-01-30 15:00:00,0.41000000000000003,0.433377857729749
2017-01-30 15:15:00,0.41000000000000003,0.4406637463099878
2017-01-30 15:30:00,0.41000000000000003,0.44771533152346205
2017-01-30 15:45:00,0.41000000000000003,0.4549603990822334
2017-01-30 16:00:00,0.41000000000000003,0.4640125033802268
2017-01-30 16:15:00,0.41000000000000003,0.46713912902004984
2017-01-30 16:30:00,0.41000000000000003,0.47106459332483075
2017-01-30 16:45:00,0.41000000000000003,0.47689570729335057
2017-01-30 17:00:00,0.41000000000000003,0.48198834277182645
2017-01-30 17:15:00,0.41000000000000003,0.47939445447775714
2017-01-30 17:30:00,0.41000000000000003,0.4773261601674402
2017-01-30 17:45:00,0.41000000000000003,0.4699385688759683
2017-01-30 18:00:00,0.41000000000000003,0.4753087335808479
2017-01-30 18:15:00,0.41000000000000003,0.47695853074951244
2017-01-30 18:30:00,0.41000000000000003,0.4776306208925178
2017-01-30 18:45:00,0.41000000000000003,0.47879349876588356
2017-01-30 19:00:00,0.41000000000000003,0.4799504320387235
2017-01-30 19:15:00,0.41000000000000003,0.4781578232407538
2017-01-30 19:30:00,0.41000000000000003,0.4769101524009434
2017-01-30 19:45:00,0.41000000000000003,0.4752323095522775
2017-01-30 20:00:00,0.41000000000000003,0.4769791937666991
2017-01-30 20:15:00,0.41000000000000003,0.4845026031518925
2017-01-30 20:30:00,0.41000000000000003,0.4872850908911589
2017-01-30 20:45:00,0.41000000000000003,0.49024213316372184
2017-01-30 21:00:00,0.41000000000000003,0.4945216875730491
2017-01-30 21:15:00,0.41000000000000003,0.4953696188732573
2017-01-30 21:30:00,0.41000000000000003,0.49831370402764225
2017-01-30 21:45:00,0.41000000000000003,0.4980452628018272
2017-01-30 22:00:00,0.41000000000000003,0.49614693168605406
2017-01-30 22:15:00,0.41000000000000003,0.49617096191748683
2017-01-30 22:30:00,0.41000000000000003,0.4962681707402554
2017-01-30 22:45:00,0.41000000000000003,0.5001772506284511
2017-01-30 23:00:00,0.41000000000000003,0.5030589830390332
2017-01-30 23:15:00,0.41000000000000003,0.5054293353785336
2017-01-30 23:30:00,0.41000000000000003,0.5076235055611656
2017-01-30 23:45:00,0.41000000000000003,0.5072470713607393
2017-01-31 00:00:00,0.37510638297872334,0.5114387621169803
2017-01-31 00:15:00,0.37510638297872334,0.5117407343914823
2017-01-31 00:30:00,0.37510638297872334,0.5131681153211621
2017-01-31 00:45:00,0.37510638297872334,0.516114743178262
2017-01-31 01:00:00,0.37510638297872334,0.521458169666644
2017-01-31 01:15:00,0.37510638297872334,0.5266418018136653
2017-01-31 01:30:00,0.37510638297872334,0.5306824019986154
2017-01-31 01:45:00,0.37510638297872334,0.532050048457149
2017-01-31 02:00:00,0.37510638297872334,0.5336988773643161
2017-01-31 02:15:00,0.37510638297872334,0.5354158570640135
2017-01-31 02:30:00,0.37510638297872334,0.5350705240589206
2017-01-31 02:45:00,0.37510638297872334,0.5364694483239135
2017-01-31 03:00:00,0.37510638297872334,0.5349065725101306
2017-01-31 03:15:00,0.37510638297872334,0.5344808799945479
2017-01-31 03:30:00,0.37510638297872334,0.5338377208795608
2017-01-31 03:45:00,0.37510638297872334,0.5347013935399909
2017-01-31 04:00:00,0.37510638297872334,0.5315109189165843
2017-01-31 04:15:00,0.37510638297872334,0.5275401652250808
2017-01-31 04:30:00,0.37510638297872334,0.5233740516958006
2017-01-31 04:45:00,0.37510638297872334,0.5236079211304848
2017-01-31 05:00:00,0.37510638297872334,0.5232478164097326
2017-01-31 05:15:00,0.37510638297872334,0.5213541454395083
2017-01-31 05:30:00,0.37510638297872334,0.5169057347161518
2017-01-31 05:45:00,0.37510638297872334,0.5132846340203521
2017-01-31 06:00:00,0.37510638297872334,0.506641918401774
2017-01-31 06:15:00,0.37510638297872334,0.4995795008665043
2017-01-31 06:30:00,0.37510638297872334,0.4947402370513129
2017-01-31 06:45:00,0.37510638297872334,0.49092635138879864
2017-01-31 07:00:00,0.37827852998065764,0.48685132434410794
2017-01-31 07:15:00,0.37827852998065764,0.4838366717021403
2017-01-31 07:30:00,0.37827852998065764,0.4791607164872048
2017-01-31 07:45:00,0.3814506769825919,0.47367988835007807
2017-01-31 08:00:00,0.3814506769825919,0.4700167076485003
2017-01-31 08:15:00,0.3814506769825919,0.46822146745530513
2017-01-31 08:30:00,0.3814506769825919,0.4664211321718773
2017-01-31 08:45:00,0.3814506769825919,0.46427257133327626
2017-01-31 09:00:00,0.3814506769825919,0.4643314689724213
2017-01-31 09:15:00,0.3814506769825919,0.4607710224097277
2017-01-31 09:30:00,0.3814506769825919,0.45864605865267977
2017-01-31 09:45:00,0.3814506769825919,0.45513943456075057
2017-01-31 10:00:00,0.3814506769825919,0.4513609712155208
2017-01-31 10:15:00,0.3814506769825919,0.4486006525005796
2017-01-31 10:30:00,0.3814506769825919,0.44438664819417756
2017-01-31 10:45:00,0.3814506769825919,0.4415055263074487
2017-01-31 11:00:00,0.3814506769825919,0.43915219195216404
2017-01-31 11:15:00,0.3814506769825919,0.4371970737187482
2017-01-31 11:30:00,0.3814506769825919,0.43558855465742885
2017-01-31 11:45:00,0.3814506769825919,0.4344073272276867
2017-01-31 12:00:00,0.3814506769825919,0.4336038068713408
2017-01-31 12:15:00,0.3814506769825919,0.4359903506877675
2017-01-31 12:30:00,0.3814506769825919,0.43804146594453935
2017-01-31 12:45:00,0.3814506769825919,0.44023569369166715
2017-01-31 13:00:00,0.3814506769825919,0.44207523073503013
2017-01-31 13:15:00,0.3814506769825919,0.441341431919178
2017-01-31 13:30:00,0.3814506769825919,0.44025470862659605
2017-01-31 13:45:00,0.3814506769825919,0.43991246185146127
2017-01-31 14:00:00,0.3814506769825919,0.4389771502605934
2017-01-31 14:15:00,0.3814506769825919,0.44652030317029207
2017-01-31 14:30:00,0.3814506769825919,0.45369733604657797
2017-01-31 14:45:00,0.3814506769825919,0.4615963470864897
2017-01-31 15:00:00,0.3814506769825919,0.4685022116187936
2017-01-31 15:15:00,0.3814506769825919,0.47683226522900773
2017-01-31 15:30:00,0.3877949709864604,0.48202196880694126
2017-01-31 15:45:00,0.39096711798839456,0.48955359852597025
2017-01-31 16:00:00,0.3973114119922631,0.49446366872464204
2017-01-31 16:15:00,0.4004835589941973,0.49882092955426943
2017-01-31 16:30:00,0.4052417794970986,0.5011945329113668
2017-01-31 16:45:00,0.4052417794970986,0.5011882824427101
2017-01-31 17:00:00,0.4052417794970986,0.4911902679011181
2017-01-31 17:15:00,0.4052417794970986,0.4829969178976018
2017-01-31 17:30:00,0.4052417794970986,0.47784628220676356
2017-01-31 17:45:00,0.4052417794970986,0.47806435712070233
2017-01-31 18:00:00,0.4052417794970986,0.4791628297051816
2017-01-31 18:15:00,0.4052417794970986,0.48092043561514397
2017-01-31 18:30:00,0.4052417794970986,0.4914824789541761
2017-01-31 18:45:00,0.4052417794970986,0.4938208852025035
2017-01-31 19:00:00,0.4052417794970986,0.4940920505671617
2017-01-31 19:15:00,0.4052417794970986,0.4967023730152233
2017-01-31 19:30:00,0.40365570599613154,0.4990734464394963
2017-01-31 19:45:00,0.4004835589941973,0.49997970263041824
2017-01-31 20:00:00,0.3988974854932302,0.4992642630475926
2017-01-31 20:15:00,0.39096711798839456,0.4988537320197556
2017-01-31 20:30:00,0.37510638297872334,0.5085439973523396
2017-01-31 20:45:00,0.37510638297872334,0.49871177729269045
2017-01-31 21:00:00,0.37510638297872334,0.4960636187410817
2017-01-31 21:15:00,0.3640038684719536,0.5013856144507518
2017-01-31 21:30:00,0.3640038684719536,0.5034653073930754
2017-01-31 21:45:00,0.3640038684719536,0.4974917502207243
2017-01-31 22:00:00,0.3640038684719536,0.4952196015752874
2017-01-31 22:15:00,0.3640038684719536,0.4959820556024698
2017-01-31 22:30:00,0.35924564796905223,0.5014105417288129
2017-01-31 22:45:00,0.35448742746615086,0.5143831351844191
2017-01-31 23:00:00,0.35448742746615086,0.505227027090777
2017-01-31 23:15:00,0.3481431334622824,0.5000239762731203
2017-01-31 23:30:00,0.3417988394584139,0.4983827690707263
2017-01-31 23:45:00,0.3417988394584139,0.49667984191445974
2017-02-01 00:00:00,0.3417988394584139,0.4859383324410189
2017-02-01 00:15:00,0.3417988394584139,0.49191029390277
2017-02-01 00:30:00,0.3417988394584139,0.49818617835279755
2017-02-01 00:45:00,0.3417988394584139,0.5051616160563392
2017-02-01 01:00:00,0.3417988394584139,0.5101159486147454
2017-02-01 01:15:00,0.3417988394584139,0.5144088181409417
2017-02-01 01:30:00,0.3417988394584139,0.5153260653867046
2017-02-01 01:45:00,0.3417988394584139,0.5178117125585225
2017-02-01 02:00:00,0.3417988394584139,0.5228446755603924
2017-02-01 02:15:00,0.3417988394584139,0.5236168428152836
2017-02-01 02:30:00,0.3417988394584139,0.5259877131746472
2017-02-01 02:45:00,0.3417988394584139,0.5244110919455269
2017-02-01 03:00:00,0.3417988394584139,0.5205716329212976
2017-02-01 03:15:00,0.3417988394584139,0.5180742029807781
2017-02-01 03:30:00,0.3417988394584139,0.5175854232218794
2017-02-01 03:45:00,0.3417988394584139,0.5167068193169229
2017-02-01 04:00:00,0.3417988394584139,0.5172762460348935
2017-02-01 04:15:00,0.3417988394584139,0.5145442534832931
2017-02-01 04:30:00,0.3417988394584139,0.5118927281500654
2017-02-01 04:45:00,0.3417988394584139,0.506155836512095
2017-02-01 05:00:00,0.3417988394584139,0.5004327909300479
2017-02-01 05:15:00,0.3417988394584139,0.4968832385457661
2017-02-01 05:30:00,0.3417988394584139,0.4910300123467961
2017-02-01 05:45:00,0.3417988394584139,0.4873286060039145
2017-02-01 06:00:00,0.3481431334622824,0.4819014233258241
2017-02-01 06:15:00,0.35290135396518374,0.47622267191112005
2017-02-01 06:30:00,0.3576595744680851,0.47050678975892335
2017-02-01 06:45:00,0.3608317214700193,0.46544237688699697
2017-02-01 07:00:00,0.36558994197292066,0.4610492430592796
2017-02-01 07:15:00,0.36558994197292066,0.4583883948606796
2017-02-01 07:30:00,0.36717601547388784,0.4554640055858042
2017-02-01 07:45:00,0.36717601547388784,0.4524585396632058
2017-02-01 08:00:00,0.36717601547388784,0.4504173232638203
2017-02-01 08:15:00,0.36717601547388784,0.44702865448804774
2017-02-01 08:30:00,0.36717601547388784,0.44365938873398886
2017-02-01 08:45:00,0.36717601547388784,0.4408860278520407
2017-02-01 09:00:00,0.36717601547388784,0.4380248350803691
2017-02-01 09:15:00,0.36717601547388784,0.4365670131757356
2017-02-01 09:30:00,0.36717601547388784,0.4346601020430474
2017-02-01 09:45:00,0.36717601547388784,0.4329217808430457
2017-02-01 10:00:00,0.36717601547388784,0.4311488290816991
2017-02-01 10:15:00,0.36717601547388784,0.4283152990251528
2017-02-01 10:30:00,0.36717601547388784,0.42557080175499357
2017-02-01 10:45:00,0.36717601547388784,0.42303666369048865
2017-02-01 11:00:00,0.36717601547388784,0.41975957542766174
2017-02-01 11:15:00,0.36717601547388784,0.41814016028155426
2017-02-01 11:30:00,0.36717601547388784,0.41670085973897414
2017-02-01 11:45:00,0.36717601547388784,0.41529972031091694
2017-02-01 12:00:00,0.36717601547388784,0.41392603495526764
2017-02-01 12:15:00,0.36717601547388784,0.41556738645790936
2017-02-01 12:30:00,0.36717601547388784,0.4169638198992832
2017-02-01 12:45:00,0.36717601547388784,0.4190793424072259
2017-02-01 13:00:00,0.36717601547388784,0.4201798403631518
2017-02-01 13:15:00,0.36717601547388784,0.4210845038408333
2017-02-01 13:30:00,0.36717601547388784,0.4221903736175442
2017-02-01 13:45:00,0.36717601547388784,0.4232443129985661
2017-02-01 14:00:00,0.36717601547388784,0.4242508650382458
2017-02-01 14:15:00,0.36717601547388784,0.4284088355445207
2017-02-01 14:30:00,0.36717601547388784,0.43245357144606206
2017-02-01 14:45:00,0.36717601547388784,0.43789557527992673
2017-02-01 15:00:00,0.36717601547388784,0.4414467179479234
2017-02-01 15:15:00,0.36717601547388784,0.4510242782595113
2017-02-01 15:30:00,0.37034816247582203,0.4601533092273873
2017-02-01 15:45:00,0.3766924564796905,0.4687166032340522
2017-02-01 16:00:00,0.3814506769825919,0.47696324189527944
2017-02-01 16:15:00,0.3846228239845261,0.4782019478269625
2017-02-01 16:30:00,0.3846228239845261,0.4800561064795187
2017-02-01 16:45:00,0.3877949709864604,0.4777630548171819
2017-02-01 17:00:00,0.39096711798839456,0.4776838758020699
2017-02-01 17:15:00,0.3925531914893617,0.4742060574913269
2017-02-01 17:30:00,0.3925531914893617,0.4656119349924883
2017-02-01 17:45:00,0.3925531914893617,0.4572201286665543
2017-02-01 18:00:00,0.3925531914893617,0.45452849132938666
2017-02-01 18:15:00,0.3925531914893617,0.4543602263476692
2017-02-01 18:30:00,0.3925531914893617,0.45329397630933876
2017-02-01 18:45:00,0.3925531914893617,0.4580990699430726
2017-02-01 19:00:00,0.3925531914893617,0.4573953197184599
2017-02-01 19:15:00,0.3925531914893617,0.46134398433338886
2017-02-01 19:30:00,0.3925531914893617,0.4764364716741909
2017-02-01 19:45:00,0.3925531914893617,0.47864050085772025
2017-02-01 20:00:00,0.3925531914893617,0.4884418534943315
2017-02-01 20:15:00,0.37986460348162476,0.49234746903755844
2017-02-01 20:30:00,0.3766924564796905,0.49150373553761156
2017-02-01 20:45:00,0.3766924564796905,0.4871507109523519
2017-02-01 21:00:00,0.37352030947775633,0.4852637870172835
2017-02-01 21:15:00,0.37352030947775633,0.4862248935221419
2017-02-01 21:30:00,0.37193423597678915,0.48919190700840437
2017-02-01 21:45:00,0.36558994197292066,0.4942763709295802
2017-02-01 22:00:00,0.3624177949709865,0.4956852722407471
2017-02-01 22:15:00,0.3624177949709865,0.5003380790716817
2017-02-01 22:30:00,0.3624177949709865,0.5050637539588582
2017-02-01 22:45:00,0.3624177949709865,0.5057255583219485
2017-02-01 23:00:00,0.35924564796905223,0.5131798160116134
2017-02-01 23:15:00,0.35924564796905223,0.511855691148422
2017-02-01 23:30:00,0.35924564796905223,0.5071051788771992
2017-02-01 23:45:00,0.35924564796905223,0.5062213711077921
2017-02-02 00:00:00,0.35924564796905223,0.5053458834574337
2017-02-02 00:15:00,0.35924564796905223,0.505013843818671
2017-02-02 00:30:00,0.35924564796905223,0.5042317976896165
2017-02-02 00:45:00,0.35924564796905223,0.5057236437478857
2017-02-02 01:00:00,0.35924564796905223,0.51233553442737
2017-02-02 01:15:00,0.35924564796905223,0.52001398937926
2017-02-02 01:30:00,0.35924564796905223,0.5232147414006006
2017-02-02 01:45:00,0.35924564796905223,0.5280054000263938
2017-02-02 02:00:00,0.35924564796905223,0.5302352459574873
2017-02-02 02:15:00,0.35924564796905223,0.5308026063433022
2017-02-02 02:30:00,0.35924564796905223,0.5298840079131613
2017-02-02 02:45:00,0.35924564796905223,0.5302091973244543
2017-02-02 03:00:00,0.35924564796905223,0.5321408548092993
2017-02-02 03:15:00,0.35924564796905223,0.5318929651034902
2017-02-02 03:30:00,0.35924564796905223,0.5351578934283164
2017-02-02 03:45:00,0.35924564796905223,0.5316678905150326
2017-02-02 04:00:00,0.35924564796905223,0.5267560271152046
2017-02-02 04:15:00,0.35924564796905223,0.5242780499255494
2017-02-02 04:30:00,0.35924564796905223,0.5259299702493613
2017-02-02 04:45:00,0.35924564796905223,0.5217366538074534
2017-02-02 05:00:00,0.35924564796905223,0.5136637403347472
2017-02-02 05:15:00,0.35924564796905223,0.5127443140056883
2017-02-02 05:30:00,0.35924564796905223,0.5103178368352557
2017-02-02 05:45:00,0.35924564796905223,0.5073277875545834
2017-02-02 06:00:00,0.35924564796905223,0.5013047459720422
2017-02-02 06:15:00,0.3640038684719536,0.49801387827151916
2017-02-02 06:30:00,0.3687620889748549,0.49575445682947267
2017-02-02 06:45:00,0.37034816247582203,0.49535876249724947
2017-02-02 07:00:00,0.37986460348162476,0.49152947186675605
2017-02-02 07:15:00,0.37986460348162476,0.4835491925206917
2017-02-02 07:30:00,0.37986460348162476,0.4823951818934315
2017-02-02 07:45:00,0.37986460348162476,0.4780970235918053
2017-02-02 08:00:00,0.37986460348162476,0.47395614169247346
2017-02-02 08:15:00,0.37986460348162476,0.47248139235353287
2017-02-02 08:30:00,0.37986460348162476,0.4729884437984574
2017-02-02 08:45:00,0.37986460348162476,0.4725048111635933
2017-02-02 09:00:00,0.37986460348162476,0.47107976751680963
2017-02-02 09:15:00,0.37986460348162476,0.4669951220394235
2017-02-02 09:30:00,0.37986460348162476,0.4628799485270339
2017-02-02 09:45:00,0.37986460348162476,0.4589708702638696
2017-02-02 10:00:00,0.37986460348162476,0.4550655375091182
2017-02-02 10:15:00,0.37986460348162476,0.4551603825460784
2017-02-02 10:30:00,0.37986460348162476,0.455075399454379
2017-02-02 10:45:00,0.37986460348162476,0.45575823157548245
2017-02-02 11:00:00,0.37986460348162476,0.45644527601985285
2017-02-02 11:15:00,0.37986460348162476,0.45354284718989907
2017-02-02 11:30:00,0.37986460348162476,0.4515184105468525
2017-02-02 11:45:00,0.37986460348162476,0.44833376238327816
2017-02-02 12:00:00,0.37986460348162476,0.44671429888049746
2017-02-02 12:15:00,0.37986460348162476,0.44771840565532534
2017-02-02 12:30:00,0.37986460348162476,0.4477465234935038
2017-02-02 12:45:00,0.37986460348162476,0.44773011661071566
2017-02-02 13:00:00,0.37986460348162476,0.4494908474978043
2017-02-02 13:15:00,0.37986460348162476,0.45412085489892196
2017-02-02 13:30:00,0.37986460348162476,0.4586876694989903
2017-02-02 13:45:00,0.37986460348162476,0.4659508002613822
2017-02-02 14:00:00,0.37986460348162476,0.47112495390256043
2017-02-02 14:15:00,0.37986460348162476,0.47319015221117494
2017-02-02 14:30:00,0.37986460348162476,0.4771261378247653
2017-02-02 14:45:00,0.37986460348162476,0.47963277656396835
2017-02-02 15:00:00,0.37986460348162476,0.4813779876943077
2017-02-02 15:15:00,0.37986460348162476,0.4823885935702814
2017-02-02 15:30:00,0.37986460348162476,0.48385862390388945
2017-02-02 15:45:00,0.3814506769825919,0.48287361488436165
2017-02-02 16:00:00,0.3814506769825919,0.4855012004254571
2017-02-02 16:15:00,0.3846228239845261,0.48874218546949083
2017-02-02 16:30:00,0.3893810444874275,0.49206898117140285
2017-02-02 16:45:00,0.3941392649903288,0.4986291767812522
2017-02-02 17:00:00,0.395725338491296,0.4879598997998224
2017-02-02 17:15:00,0.395725338491296,0.476000099036246
2017-02-02 17:30:00,0.395725338491296,0.4703389785354688
2017-02-02 17:45:00,0.395725338491296,0.4743567358220479
2017-02-02 18:00:00,0.395725338491296,0.46682467510691417
2017-02-02 18:15:00,0.395725338491296,0.46728186268356325
2017-02-02 18:30:00,0.395725338491296,0.46108159733020126
2017-02-02 18:45:00,0.395725338491296,0.46030483238191383
2017-02-02 19:00:00,0.395725338491296,0.46218794693158505
2017-02-02 19:15:00,0.395725338491296,0.4713347348422163
2017-02-02 19:30:00,0.395725338491296,0.4788792602455663
2017-02-02 19:45:00,0.395725338491296,0.48167189073451006
2017-02-02 20:00:00,0.3766924564796905,0.4812988939780635
2017-02-02 20:15:00,0.3687620889748549,0.47890850807448393
2017-02-02 20:30:00,0.3640038684719536,0.474553956440088
2017-02-02 20:45:00,0.3576595744680851,0.4710503400479196
2017-02-02 21:00:00,0.3576595744680851,0.4663894475640079
2017-02-02 21:15:00,0.3576595744680851,0.4640721171840261
2017-02-02 21:30:00,0.3513152804642166,0.46679346220792955
2017-02-02 21:45:00,0.3513152804642166,0.4665940806003762
2017-02-02 22:00:00,0.3513152804642166,0.4655209770480203
2017-02-02 22:15:00,0.3497292069632495,0.4695367434194528
2017-02-02 22:30:00,0.3481431334622824,0.47299164062231686
2017-02-02 22:45:00,0.3449709864603482,0.477327922436549
2017-02-02 23:00:00,0.3417988394584139,0.4826911821130461
2017-02-02 23:15:00,0.3417988394584139,0.48789798087111474
2017-02-02 23:30:00,0.3386266924564797,0.4963106851248147
2017-02-02 23:45:00,0.3386266924564797,0.5071778559940384
2017-02-03 00:00:00,0.3386266924564797,0.5043616555347841
2017-02-03 00:15:00,0.9988888888888889,0.49634879152188655
2017-02-03 00:30:00,0.9988888888888889,0.49139392008778626
2017-02-03 00:45:00,0.9988888888888889,0.49499108683296317
2017-02-03 01:00:00,0.9988888888888889,0.49900248244876566
2017-02-03 01:15:00,0.9988888888888889,0.4948518746948041
2017-02-03 01:30:00,0.9988888888888889,0.5067538062164498
2017-02-03 01:45:00,0.9988888888888889,0.4973056946302126
2017-02-03 02:00:00,0.9988888888888889,0.4947508670674049
2017-02-03 02:15:00,0.9988888888888889,0.4964482882993639
2017-02-03 02:30:00,0.9988888888888889,0.4969704311699599
2017-02-03 02:45:00,0.9988888888888889,0.49802728979668476
2017-02-03 03:00:00,0.9988888888888889,0.5024712744430491
2017-02-03 03:15:00,0.9988888888888889,0.5083721236918504
2017-02-03 03:30:00,0.9988888888888889,0.5197097386597395
2017-02-03 03:45:00,0.33545454545454545,0.5265070688261452
2017-02-03 04:00:00,0.3386266924564797,0.533708251938731
2017-02-03 04:15:00,0.3386266924564797,0.5289949134239369
2017-02-03 04:30:00,0.3386266924564797,0.5249840334587437
2017-02-03 04:45:00,0.3386266924564797,0.5217602742468125
2017-02-03 05:00:00,0.3386266924564797,0.5126775364946656
2017-02-03 05:15:00,0.3417988394584139,0.5139318461360427
2017-02-03 05:30:00,0.343384912959381,0.5097677469462525
2017-02-03 05:45:00,0.4536363636363636,0.5081310685816697
2017-02-03 06:00:00,0.3513152804642166,0.5013069687669757
2017-02-03 06:15:00,0.35924564796905223,0.5045426550664481
2017-02-03 06:30:00,0.37034816247582203,0.5077490967161895
2017-02-03 06:45:00,0.37034816247582203,0.5008488210608035
2017-02-03 07:00:00,0.37034816247582203,0.481021831792892
2017-02-03 07:15:00,0.37034816247582203,0.47555077589386124
2017-02-03 07:30:00,0.37034816247582203,0.4694396710868274
2017-02-03 07:45:00,0.37034816247582203,0.47987752172146186
2017-02-03 08:00:00,0.37034816247582203,0.46989743395456096
2017-02-03 08:15:00,0.37034816247582203,0.45957009737319704
2017-02-03 08:30:00,0.4536363636363636,0.46625740019534184
2017-02-03 08:45:00,0.4536363636363636,0.47052740558996936
2017-02-03 09:00:00,0.37034816247582203,0.4621531023095353
2017-02-03 09:15:00,0.37034816247582203,0.4555343701890622
2017-02-03 09:30:00,0.3687620889748549,0.44874452966498823
2017-02-03 09:45:00,0.3687620889748549,0.4418843483957255
2017-02-03 10:00:00,0.3687620889748549,0.4369188871276387
2017-02-03 10:15:00,0.3687620889748549,0.4346569566147385
2017-02-03 10:30:00,0.3687620889748549,0.4322343859795288
2017-02-03 10:45:00,0.3687620889748549,0.43009089736294515
2017-02-03 11:00:00,0.3687620889748549,0.4277904449355961
2017-02-03 11:15:00,0.3687620889748549,0.4206293957488222
2017-02-03 11:30:00,0.3687620889748549,0.41698207961442196
2017-02-03 11:45:00,0.3687620889748549,0.4180862353307438
2017-02-03 12:00:00,0.3687620889748549,0.4227319320951789
2017-02-03 12:15:00,0.3687620889748549,0.43744709968632267
2017-02-03 12:30:00,0.3687620889748549,0.4275966781283826
2017-02-03 12:45:00,0.3687620889748549,0.42473344962136367
2017-02-03 13:00:00,0.3687620889748549,0.4230107557092524
2017-02-03 13:15:00,0.3687620889748549,0.4258677612634559
2017-02-03 13:30:00,0.3687620889748549,0.4289401130202584
2017-02-03 13:45:00,0.3687620889748549,0.43643916254659654
2017-02-03 14:00:00,0.3687620889748549,0.4344243239517614
2017-02-03 14:15:00,0.3687620889748549,0.44388314036242965
2017-02-03 14:30:00,0.3687620889748549,0.4474983423928551
2017-02-03 14:45:00,0.3687620889748549,0.4480538812045107
2017-02-03 15:00:00,0.3687620889748549,0.4568662788272301
2017-02-03 15:15:00,0.3687620889748549,0.46123933275455453
2017-02-03 15:30:00,0.3687620889748549,0.46772119464484646
2017-02-03 15:45:00,0.3687620889748549,0.47402689465242875
2017-02-03 16:00:00,0.37352030947775633,0.4807587226779165
2017-02-03 16:15:00,0.37827852998065764,0.48635166345955666
2017-02-03 16:30:00,0.4536363636363636,0.49210446524309426
2017-02-03 16:45:00,0.3814506769825919,0.4834021109048501
2017-02-03 17:00:00,0.4536363636363636,0.5087092184839439
2017-02-03 17:15:00,0.3814506769825919,0.474402785354183
2017-02-03 17:30:00,0.3814506769825919,0.4636292888884656
2017-02-03 17:45:00,0.3814506769825919,0.49330525372366407
2017-02-03 18:00:00,0.3814506769825919,0.4700915221072125
2017-02-03 18:15:00,0.3814506769825919,0.46526433230667563
2017-02-03 18:30:00,0.3814506769825919,0.46094361123755373
2017-02-03 18:45:00,0.3814506769825919,0.472834600155087
2017-02-03 19:00:00,0.3814506769825919,0.47388471612905725
2017-02-03 19:15:00,0.3814506769825919,0.4796881470397161
2017-02-03 19:30:00,0.3814506769825919,0.47905123393863486
2017-02-03 19:45:00,0.3814506769825919,0.48593448248166576
2017-02-03 20:00:00,0.37352030947775633,0.49440358052873945
2017-02-03 20:15:00,0.3687620889748549,0.4941787079737716
2017-02-03 20:30:00,0.4536363636363636,0.49440407009403575
2017-02-03 20:45:00,0.35924564796905223,0.49528350638276514
2017-02-03 21:00:00,0.35924564796905223,0.49312065731992655
2017-02-03 21:15:00,0.35924564796905223,0.4969453745957012
2017-02-03 21:30:00,0.35924564796905223,0.5008257907235018
2017-02-03 21:45:00,0.35924564796905223,0.5040598513436536
2017-02-03 22:00:00,0.4536363636363636,0.5103457064903884
2017-02-03 22:15:00,0.35290135396518374,0.5111787938110628
2017-02-03 22:30:00,0.35290135396518374,0.5088381784088809
2017-02-03 22:45:00,0.4536363636363636,0.5084905517227879
2017-02-03 23:00:00,0.34655705996131525,0.5093733956079465
2017-02-03 23:15:00,0.343384912959381,0.5122928095484205
2017-02-03 23:30:00,0.33704061895551257,0.5230932483019431
2017-02-03 23:45:00,0.33704061895551257,0.5234586519301152
2017-02-04 00:00:00,0.35290135396518374,0.4712711037117874
2017-02-04 00:15:00,0.35290135396518374,0.47384988611386375
2017-02-04 00:30:00,0.3481431334622824,0.4793129100978744
2017-02-04 00:45:00,0.34655705996131525,0.48090915932381284
2017-02-04 01:00:00,0.34655705996131525,0.4825327197019008
2017-02-04 01:15:00,0.343384912959381,0.47952026065947856
2017-02-04 01:30:00,0.33704061895551257,0.4764964621618224
2017-02-04 01:45:00,0.9702126528442319,0.468756001848447
2017-02-04 02:00:00,0.9702126528442319,0.45602829223491875
2017-02-04 02:15:00,0.9702126528442319,0.45427528029894193
2017-02-04 02:30:00,0.9702126528442319,0.4538794978015353
2017-02-04 02:45:00,0.9702126528442319,0.45416067224737416
2017-02-04 03:00:00,0.9702126528442319,0.4571936105821661
2017-02-04 03:15:00,0.9702126528442319,0.46101589445503116
2017-02-04 03:30:00,0.9702126528442319,0.466366609636536
2017-02-04 03:45:00,0.9702126528442319,0.47030518798388965
2017-02-04 04:00:00,0.9702126528442319,0.47258928897865177
2017-02-04 04:15:00,0.9702126528442319,0.46365155842957323
2017-02-04 04:30:00,0.9702126528442319,0.4513916592506669
2017-02-04 04:45:00,0.9702126528442319,0.4432327614315153
2017-02-04 05:00:00,0.9702126528442319,0.43077527470376986
2017-02-04 05:15:00,0.9702126528442319,0.4249631489788615
2017-02-04 05:30:00,0.9702126528442319,0.42230533635232054
2017-02-04 05:45:00,0.9702126528442319,0.4201523955058306
2017-02-04 06:00:00,0.9702126528442319,0.41534617047566663
2017-02-04 06:15:00,0.9702126528442319,0.41898676166183085
2017-02-04 06:30:00,0.9702126528442319,0.42091189476050767
2017-02-04 06:45:00,0.9702126528442319,0.4247008890330635
2017-02-04 07:00:00,0.9702126528442319,0.43114173786128257
2017-02-04 07:15:00,0.9702126528442319,0.42269438025527545
2017-02-04 07:30:00,0.9702126528442319,0.40909482379011847
2017-02-04 07:45:00,0.9702126528442319,0.3976312815433156
2017-02-04 08:00:00,0.9702126528442319,0.3845779116071911
2017-02-04 08:15:00,0.9702126528442319,0.36930514863782227
2017-02-04 08:30:00,0.9702126528442319,0.33818388452451137
2017-02-04 08:45:00,0.9702126528442319,0.3277224612433025
2017-02-04 09:00:00,0.9702126528442319,0.31676772066311343
2017-02-04 09:15:00,0.9702126528442319,0.3145617538788449
2017-02-04 09:30:00,0.9702126528442319,0.3172424325724625
2017-02-04 09:45:00,0.9702126528442319,0.30698256081909236
2017-02-04 10:00:00,0.9702126528442319,0.30126900973814047
2017-02-04 10:15:00,0.9702126528442319,0.2989358547242726
2017-02-04 10:30:00,0.9702126528442319,0.29264841322629237
2017-02-04 10:45:00,0.9702126528442319,0.27352537329098947
2017-02-04 11:00:00,0.9702126528442319,0.2749441911692351
2017-02-04 11:15:00,0.9702126528442319,0.26341026393453376
2017-02-04 11:30:00,0.9702126528442319,0.24472760784964737
2017-02-04 11:45:00,0.9702126528442319,0.23703178668279207
2017-02-04 12:00:00,0.9702126528442319,0.22939818332405093
2017-02-04 12:15:00,0.9702126528442319,0.2292351892920472
2017-02-04 12:30:00,0.9702126528442319,0.22898610437543918
2017-02-04 12:45:00,0.9702126528442319,0.230701198022467
2017-02-04 13:00:00,0.9702126528442319,0.23818670251409896
2017-02-04 13:15:00,0.9702126528442319,0.2410207093518077
2017-02-04 13:30:00,0.9702126528442319,0.24460774158951284
2017-02-04 13:45:00,0.9702126528442319,0.2553995124525661
2017-02-04 14:00:00,0.9702126528442319,0.252217857002747
2017-02-04 14:15:00,0.9702126528442319,0.2525580553245831
2017-02-04 14:30:00,0.9702126528442319,0.2439187811431854
2017-02-04 14:45:00,0.9702126528442319,0.24922047089370372
2017-02-04 15:00:00,0.9702126528442319,0.24567485822270616
2017-02-04 15:15:00,0.9702126528442319,0.2660791167192553
2017-02-04 15:30:00,0.9702126528442319,0.28106726889796874
2017-02-04 15:45:00,0.9702126528442319,0.31975732737327106
2017-02-04 16:00:00,0.9702126528442319,0.3518908776859678
2017-02-04 16:15:00,0.9702126528442319,0.36348660355010015
2017-02-04 16:30:00,0.9702126528442319,0.39725263460308863
2017-02-04 16:45:00,0.33545454545454545,0.3888897074428253
2017-02-04 17:00:00,0.33545454545454545,0.38830292074896317
2017-02-04 17:15:00,0.33545454545454545,0.39029042078216986
2017-02-04 17:30:00,0.33545454545454545,0.3807135142934611
2017-02-04 17:45:00,0.33545454545454545,0.3718845673206174
2017-02-04 18:00:00,0.33545454545454545,0.3757575711376564
2017-02-04 18:15:00,0.33545454545454545,0.37113585447490655
2017-02-04 18:30:00,0.33545454545454545,0.36388600871067134
2017-02-04 18:45:00,0.33545454545454545,0.3688539385263763
2017-02-04 19:00:00,0.33545454545454545,0.36632541335039376
2017-02-04 19:15:00,0.33545454545454545,0.3696413288416381
2017-02-04 19:30:00,0.33545454545454545,0.34402743435671473
2017-02-04 19:45:00,0.9702126528442319,0.31801892758897216
2017-02-04 20:00:00,0.9702126528442319,0.2936825294817757
2017-02-04 20:15:00,0.9702126528442319,0.2645454228203548
2017-02-04 20:30:00,0.9702126528442319,0.25197255090814136
2017-02-04 20:45:00,0.9702126528442319,0.21616827985608922
2017-02-04 21:00:00,0.9702126528442319,0.22664289085046754
2017-02-04 21:15:00,0.9702126528442319,0.24896149046989183
2017-02-04 21:30:00,0.9702126528442319,0.2777116950920571
2017-02-04 21:45:00,0.9702126528442319,0.3134238398673663
2017-02-04 22:00:00,0.9702126528442319,0.35506948402139943
2017-02-04 22:15:00,0.9702126528442319,0.3313604239233715
2017-02-04 22:30:00,0.9702126528442319,0.3007192479824478
2017-02-04 22:45:00,0.9702126528442319,0.2599814328815663
2017-02-04 23:00:00,0.9702126528442319,0.211657208094187
2017-02-04 23:15:00,0.9702126528442319,0.2170525375562697
2017-02-04 23:30:00,0.9702126528442319,0.20970219807271387
2017-02-04 23:45:00,0.9702126528442319,0.2014578173375478
2017-02-05 00:00:00,0.9988888888888889,0.20413899910305708
2017-02-05 00:15:00,0.9988888888888889,0.2107490162938762
2017-02-05 00:30:00,0.9988888888888889,0.22512164515068375
2017-02-05 00:45:00,0.9988888888888889,0.23371684659453448
2017-02-05 01:00:00,0.9988888888888889,0.25075364722331145
2017-02-05 01:15:00,0.9988888888888889,0.2286774112439144
2017-02-05 01:30:00,0.011,0.2200477740811249
2017-02-05 01:45:00,0.011,0.21960396773224558
2017-02-05 02:00:00,0.011,0.2186084899338806
2017-02-05 02:15:00,0.011,0.22133320186381908
2017-02-05 02:30:00,0.011,0.2206494197876623
2017-02-05 02:45:00,0.011,0.22064065329965799
2017-02-05 03:00:00,0.011,0.22076951862884486
2017-02-05 03:15:00,0.011,0.22181532277571506
2017-02-05 03:30:00,0.011,0.22346319400386233
2017-02-05 03:45:00,0.011,0.2233015006389846
2017-02-05 04:00:00,0.011,0.222674133704069
2017-02-05 04:15:00,0.9988888888888889,0.22366587030776938
2017-02-05 04:30:00,0.9988888888888889,0.22282000539955013
2017-02-05 04:45:00,0.9988888888888889,0.22229491161618115
2017-02-05 05:00:00,0.011,0.21956869551596364
2017-02-05 05:15:00,0.011,0.2218647955166386
2017-02-05 05:30:00,0.011,0.22409558948638048
2017-02-05 05:45:00,0.9988888888888889,0.2255190588797055
2017-02-05 06:00:00,0.9988888888888889,0.22535717683206286
2017-02-05 06:15:00,0.041,0.22423899821696802
2017-02-05 06:30:00,0.041,0.22086848445068302
2017-02-05 06:45:00,0.9988888888888889,0.21940941396722924
2017-02-05 07:00:00,0.9988888888888889,0.21888119287510985
2017-02-05 07:15:00,0.9988888888888889,0.21573471390457627
2017-02-05 07:30:00,0.9988888888888889,0.2131524623400887
2017-02-05 07:45:00,0.9988888888888889,0.21074270197564787
2017-02-05 08:00:00,0.9988888888888889,0.20972410240650566
2017-02-05 08:15:00,0.041,0.20849404515122985
2017-02-05 08:30:00,0.041,0.20803331706819247
2017-02-05 08:45:00,0.041,0.20620229122473288
2017-02-05 09:00:00,0.9988888888888889,0.20865030304366278
2017-02-05 09:15:00,0.9988888888888889,0.20240664570787398
2017-02-05 09:30:00,0.9988888888888889,0.2009052939448108
2017-02-05 09:45:00,0.041,0.19387940327631792
2017-02-05 10:00:00,0.041,0.19077940243856628
2017-02-05 10:15:00,0.041,0.19009140134830296
2017-02-05 10:30:00,0.041,0.18908427869935895
2017-02-05 10:45:00,0.041,0.18749997706856134
2017-02-05 11:00:00,0.041,0.18523315978048363
2017-02-05 11:15:00,0.041,0.18448505247062416
2017-02-05 11:30:00,0.041,0.1844479669030337
2017-02-05 11:45:00,0.041,0.18570400934156053
2017-02-05 12:00:00,0.041,0.18735353527996826
2017-02-05 12:15:00,0.041,0.1868338621412681
2017-02-05 12:30:00,0.041,0.18762215826054165
2017-02-05 12:45:00,0.041,0.18855384821819263
2017-02-05 13:00:00,0.041,0.1876168123903877
2017-02-05 13:15:00,0.041,0.189959897802086
2017-02-05 13:30:00,0.041,0.18980119937200723
2017-02-05 13:45:00,0.041,0.19104316270650487
2017-02-05 14:00:00,0.041,0.19148912392442832
2017-02-05 14:15:00,0.041,0.19178653020756262
2017-02-05 14:30:00,0.041,0.19324037570980487
2017-02-05 14:45:00,0.041,0.19353618997940786
2017-02-05 15:00:00,0.041,0.18997112946819036
2017-02-05 15:15:00,0.9988888888888889,0.19239444480750842
2017-02-05 15:30:00,0.9988888888888889,0.25276369695411244
2017-02-05 15:45:00,0.9988888888888889,0.29250624006667225
2017-02-05 16:00:00,0.9988888888888889,0.344109839576917
2017-02-05 16:15:00,0.9988888888888889,0.34455963368658715
2017-02-05 16:30:00,0.9988888888888889,0.3472413062791962
2017-02-05 16:45:00,0.9988888888888889,0.36577009043326086
2017-02-05 17:00:00,0.9988888888888889,0.37803927355662525
2017-02-05 17:15:00,0.9988888888888889,0.3893956061254068
2017-02-05 17:30:00,0.9988888888888889,0.39858191192071335
2017-02-05 17:45:00,0.9988888888888889,0.4029991820848262
2017-02-05 18:00:00,0.9988888888888889,0.3990968656654336
2017-02-05 18:15:00,0.9988888888888889,0.40509766215816306
2017-02-05 18:30:00,0.9988888888888889,0.39122691532879195
2017-02-05 18:45:00,0.9988888888888889,0.3825651641469673
2017-02-05 19:00:00,0.9988888888888889,0.35371548237915956
2017-02-05 19:15:00,0.9988888888888889,0.35287589930240226
2017-02-05 19:30:00,0.9988888888888889,0.34898378323970064
2017-02-05 19:45:00,0.9988888888888889,0.3565001574538079
2017-02-05 20:00:00,0.9988888888888889,0.3548818816522762
2017-02-05 20:15:00,0.9988888888888889,0.32176819418863933
2017-02-05 20:30:00,0.9988888888888889,0.27768267473721203
2017-02-05 20:45:00,0.9988888888888889,0.2567421434365502
2017-02-05 21:00:00,0.9988888888888889,0.21195477875856317
2017-02-05 21:15:00,0.9988888888888889,0.20985657286339987
2017-02-05 21:30:00,0.9988888888888889,0.2003163781107967
2017-02-05 21:45:00,0.9988888888888889,0.19870530190437535
2017-02-05 22:00:00,0.9988888888888889,0.22765243631700463
2017-02-05 22:15:00,0.9988888888888889,0.23444490680830546
2017-02-05 22:30:00,0.9988888888888889,0.24784454383258991
2017-02-05 22:45:00,0.9988888888888889,0.2569231453036228
2017-02-05 23:00:00,0.9988888888888889,0.25735752355055125
2017-02-05 23:15:00,0.9988888888888889,0.2522515573986219
2017-02-05 23:30:00,0.9988888888888889,0.25917152739604393
2017-02-05 23:45:00,0.9988888888888889,0.2586296038265713
2017-02-06 00:00:00,0.9988888888888889,0.26627511911269763
2017-02-06 00:15:00,0.9988888888888889,0.2697190660142144
2017-02-06 00:30:00,0.9988888888888889,0.2727658105758844
2017-02-06 00:45:00,0.9988888888888889,0.2750220665101964
2017-02-06 01:00:00,0.9988888888888889,0.2769814585906574
2017-02-06 01:15:00,0.9988888888888889,0.27846349932358777
2017-02-06 01:30:00,0.9988888888888889,0.2776849879773681
2017-02-06 01:45:00,0.9988888888888889,0.279767163573893
2017-02-06 02:00:00,0.9988888888888889,0.28621916176202716
2017-02-06 02:15:00,0.9988888888888889,0.29323427588841783
2017-02-06 02:30:00,0.9988888888888889,0.2972081931118048
2017-02-06 02:45:00,0.9988888888888889,0.2971832623326951
2017-02-06 03:00:00,0.9988888888888889,0.29597637551862643
2017-02-06 03:15:00,0.9988888888888889,0.29427391002151737
2017-02-06 03:30:00,0.9988888888888889,0.29291253035312953
2017-02-06 03:45:00,0.9988888888888889,0.2916302460810699
2017-02-06 04:00:00,0.9988888888888889,0.281626850459423
2017-02-06 04:15:00,0.9988888888888889,0.2875511519875638
2017-02-06 04:30:00,0.9988888888888889,0.29110221359933003
2017-02-06 04:45:00,0.9988888888888889,0.3093710992440791
2017-02-06 05:00:00,0.9988888888888889,0.3381946433073869
2017-02-06 05:15:00,0.9988888888888889,0.3442154568377529
2017-02-06 05:30:00,0.9988888888888889,0.3552853400472312
2017-02-06 05:45:00,0.9988888888888889,0.3677200815338437
2017-02-06 06:00:00,0.9988888888888889,0.3934555250234534
2017-02-06 06:15:00,0.9988888888888889,0.4208232915495827
2017-02-06 06:30:00,0.33704061895551257,0.43976408688367835
2017-02-06 06:45:00,0.33704061895551257,0.43449797683066815
2017-02-06 07:00:00,0.33704061895551257,0.4234524167076066
2017-02-06 07:15:00,0.33704061895551257,0.4139844971227864
2017-02-06 07:30:00,0.33704061895551257,0.4077548853778531
2017-02-06 07:45:00,0.33704061895551257,0.4085403469432684
2017-02-06 08:00:00,0.33704061895551257,0.40802141887788007
2017-02-06 08:15:00,0.33704061895551257,0.4005164381899441
2017-02-06 08:30:00,0.4536363636363636,0.413653712117495
2017-02-06 08:45:00,0.33704061895551257,0.3995345423469294
2017-02-06 09:00:00,0.33704061895551257,0.3980733356947557
2017-02-06 09:15:00,0.33704061895551257,0.3958842511805784
2017-02-06 09:30:00,0.33545454545454545,0.39218027952344137
2017-02-06 09:45:00,0.9988888888888889,0.39071861164410165
2017-02-06 10:00:00,0.9988888888888889,0.3893637644919824
2017-02-06 10:15:00,0.9988888888888889,0.38201474737929386
2017-02-06 10:30:00,0.9988888888888889,0.3800796449628417
2017-02-06 10:45:00,0.9988888888888889,0.3784518366510813
2017-02-06 11:00:00,0.9988888888888889,0.3793266482009212
2017-02-06 11:15:00,0.9988888888888889,0.3809161548591581
2017-02-06 11:30:00,0.9988888888888889,0.37976311888504566
2017-02-06 11:45:00,0.9988888888888889,0.380527175378523
2017-02-06 12:00:00,0.9988888888888889,0.38245996162918033
2017-02-06 12:15:00,0.9988888888888889,0.3731843527761399
2017-02-06 12:30:00,0.9988888888888889,0.37108080540467253
2017-02-06 12:45:00,0.9988888888888889,0.373025658042831
2017-02-06 13:00:00,0.9988888888888889,0.37635893242273
2017-02-06 13:15:00,0.9988888888888889,0.37511586351873416
2017-02-06 13:30:00,0.9988888888888889,0.37474210152811266
2017-02-06 13:45:00,0.9988888888888889,0.3748078123313937
2017-02-06 14:00:00,0.9988888888888889,0.3751512745202013
2017-02-06 14:15:00,0.9988888888888889,0.37389656208846545
2017-02-06 14:30:00,0.9988888888888889,0.37404592869452236
2017-02-06 14:45:00,0.9988888888888889,0.37823475486249236
2017-02-06 15:00:00,0.9988888888888889,0.3889376984931874
2017-02-06 15:15:00,0.9988888888888889,0.39734304733332004
2017-02-06 15:30:00,0.3386266924564797,0.40602241293897456
2017-02-06 15:45:00,0.3417988394584139,0.41404023659478706
2017-02-06 16:00:00,0.3481431334622824,0.4188984763864048
2017-02-06 16:15:00,0.4536363636363636,0.42631758216921845
2017-02-06 16:30:00,0.36558994197292066,0.4333754012952444
2017-02-06 16:45:00,0.37193423597678915,0.4407323770713977
2017-02-06 17:00:00,0.39096711798839456,0.44884383742815814
2017-02-06 17:15:00,0.39096711798839456,0.4572000150391856
2017-02-06 17:30:00,0.39096711798839456,0.463787968346126
2017-02-06 17:45:00,0.39096711798839456,0.4555215189273447
2017-02-06 18:00:00,0.39096711798839456,0.45378074881079344
2017-02-06 18:15:00,0.39096711798839456,0.4588558189739831
2017-02-06 18:30:00,0.39096711798839456,0.4550309276109998
2017-02-06 18:45:00,0.39096711798839456,0.45415420664565304
2017-02-06 19:00:00,0.39096711798839456,0.4603901195795511
2017-02-06 19:15:00,0.39096711798839456,0.46115987189042595
2017-02-06 19:30:00,0.4536363636363636,0.4674848628808578
2017-02-06 19:45:00,0.39096711798839456,0.4723292953518824
2017-02-06 20:00:00,0.3893810444874275,0.47974705643292537
2017-02-06 20:15:00,0.3846228239845261,0.4792574183650589
2017-02-06 20:30:00,0.37827852998065764,0.4791389277022842
2017-02-06 20:45:00,0.37034816247582203,0.478720229244625
2017-02-06 21:00:00,0.36717601547388784,0.4774279313048819
2017-02-06 21:15:00,0.36717601547388784,0.48487776769232804
2017-02-06 21:30:00,0.36717601547388784,0.49365190137378523
2017-02-06 21:45:00,0.36717601547388784,0.5034144902247636
2017-02-06 22:00:00,0.36717601547388784,0.5065639646551315
2017-02-06 22:15:00,0.36717601547388784,0.5050697219654019
2017-02-06 22:30:00,0.36558994197292066,0.506367737451913
2017-02-06 22:45:00,0.3640038684719536,0.5086244446767679
2017-02-06 23:00:00,0.3640038684719536,0.5115069417230155
2017-02-06 23:15:00,0.3640038684719536,0.5095745571390784
2017-02-06 23:30:00,0.3640038684719536,0.5062009606315856
2017-02-06 23:45:00,0.3640038684719536,0.5031256113115526
2017-02-07 00:00:00,0.37034816247582203,0.5033205193554374
2017-02-07 00:15:00,0.37034816247582203,0.5043583808237578
2017-02-07 00:30:00,0.37034816247582203,0.5122664374875232
2017-02-07 00:45:00,0.37034816247582203,0.5191357722372877
2017-02-07 01:00:00,0.37034816247582203,0.5238824401056199
2017-02-07 01:15:00,0.37034816247582203,0.5290384624214074
2017-02-07 01:30:00,0.37034816247582203,0.5315549553638966
2017-02-07 01:45:00,0.37034816247582203,0.5309439281263356
2017-02-07 02:00:00,0.37034816247582203,0.5356378753704388
2017-02-07 02:15:00,0.37034816247582203,0.5359755064314942
2017-02-07 02:30:00,0.37034816247582203,0.5353122682884688
2017-02-07 02:45:00,0.37034816247582203,0.5350078018244392
2017-02-07 03:00:00,0.37034816247582203,0.5352423517516595
2017-02-07 03:15:00,0.37034816247582203,0.5343285994588076
2017-02-07 03:30:00,0.37034816247582203,0.5346809358669786
2017-02-07 03:45:00,0.37034816247582203,0.5355245591575679
2017-02-07 04:00:00,0.37034816247582203,0.5385466831560756
2017-02-07 04:15:00,0.37034816247582203,0.5331374102576146
2017-02-07 04:30:00,0.37034816247582203,0.5277675692927115
2017-02-07 04:45:00,0.37034816247582203,0.5235900185412711
2017-02-07 05:00:00,0.37034816247582203,0.5169072165989197
2017-02-07 05:15:00,0.37034816247582203,0.5121710752033904
2017-02-07 05:30:00,0.37034816247582203,0.507207179583617
2017-02-07 05:45:00,0.37034816247582203,0.5015140244694352
2017-02-07 06:00:00,0.37034816247582203,0.49378742000476306
2017-02-07 06:15:00,0.37034816247582203,0.48596992029086583
2017-02-07 06:30:00,0.37034816247582203,0.47924794764080864
2017-02-07 06:45:00,0.37034816247582203,0.4725046184218331
2017-02-07 07:00:00,0.37034816247582203,0.4664125919541775
2017-02-07 07:15:00,0.37193423597678915,0.4632868513613798
2017-02-07 07:30:00,0.37193423597678915,0.4597328418168227
2017-02-07 07:45:00,0.37193423597678915,0.45667111024240686
2017-02-07 08:00:00,0.37193423597678915,0.4519321238162722
2017-02-07 08:15:00,0.37193423597678915,0.4515089473416682
2017-02-07 08:30:00,0.37193423597678915,0.4498041360322792
2017-02-07 08:45:00,0.37193423597678915,0.4464428322044624
2017-02-07 09:00:00,0.37193423597678915,0.4431681169211238
2017-02-07 09:15:00,0.37193423597678915,0.4376901307879411
2017-02-07 09:30:00,0.37193423597678915,0.43198478653146366
2017-02-07 09:45:00,0.37193423597678915,0.4264761489214524
2017-02-07 10:00:00,0.37193423597678915,0.4210408178362311
2017-02-07 10:15:00,0.37193423597678915,0.4195666657415651
2017-02-07 10:30:00,0.37193423597678915,0.41766012190286844
2017-02-07 10:45:00,0.37193423597678915,0.41606776376465626
2017-02-07 11:00:00,0.37193423597678915,0.4143084450338274
2017-02-07 11:15:00,0.37193423597678915,0.4134813070550737
2017-02-07 11:30:00,0.37193423597678915,0.41289720073716535
2017-02-07 11:45:00,0.37193423597678915,0.41242852275930264
2017-02-07 12:00:00,0.37193423597678915,0.41218688153927324
2017-02-07 12:15:00,0.37193423597678915,0.40913421310115505
2017-02-07 12:30:00,0.37193423597678915,0.40560921954894463
2017-02-07 12:45:00,0.37193423597678915,0.40254109901063845
2017-02-07 13:00:00,0.37193423597678915,0.4007951443902349
2017-02-07 13:15:00,0.37193423597678915,0.3985852907878462
2017-02-07 13:30:00,0.37193423597678915,0.3982968159112524
2017-02-07 13:45:00,0.37193423597678915,0.40114172280156635
2017-02-07 14:00:00,0.37193423597678915,0.4038115021754635
2017-02-07 14:15:00,0.37193423597678915,0.4027938543322073
2017-02-07 14:30:00,0.37193423597678915,0.4188916951714661
2017-02-07 14:45:00,0.37193423597678915,0.43513084125792434
2017-02-07 15:00:00,0.37510638297872334,0.45072566189562957
2017-02-07 15:15:00,0.37510638297872334,0.44877413700156527
2017-02-07 15:30:00,0.37510638297872334,0.4458191901911753
2017-02-07 15:45:00,0.37510638297872334,0.4438797334230045
2017-02-07 16:00:00,0.37510638297872334,0.44173326062126456
2017-02-07 16:15:00,0.37510638297872334,0.4458643693790074
2017-02-07 16:30:00,0.37510638297872334,0.44984872807190796
2017-02-07 16:45:00,0.38620889748549325,0.4511983348708052
2017-02-07 17:00:00,0.38620889748549325,0.4513361974569363
2017-02-07 17:15:00,0.38620889748549325,0.4444781496903092
2017-02-07 17:30:00,0.38620889748549325,0.43891707288364495
2017-02-07 17:45:00,0.38620889748549325,0.44193791007012473
2017-02-07 18:00:00,0.38620889748549325,0.45127092731473484
2017-02-07 18:15:00,0.38620889748549325,0.44316153305377254
2017-02-07 18:30:00,0.38620889748549325,0.44144734854631434
2017-02-07 18:45:00,0.38620889748549325,0.4381002930854374
2017-02-07 19:00:00,0.38620889748549325,0.44062802199803947
2017-02-07 19:15:00,0.38620889748549325,0.4415689573402106
2017-02-07 19:30:00,0.38620889748549325,0.4408124148517043
2017-02-07 19:45:00,0.38620889748549325,0.43959495330794396
2017-02-07 20:00:00,0.37034816247582203,0.43981036108537097
2017-02-07 20:15:00,0.3624177949709865,0.4442537580619566
2017-02-07 20:30:00,0.3624177949709865,0.44544173003186927
2017-02-07 20:45:00,0.3624177949709865,0.4461292763370059
2017-02-07 21:00:00,0.3624177949709865,0.44629581007688846
2017-02-07 21:15:00,0.3624177949709865,0.44527244536062904
2017-02-07 21:30:00,0.3624177949709865,0.44484589172766825
2017-02-07 21:45:00,0.3624177949709865,0.44203174483734
2017-02-07 22:00:00,0.3624177949709865,0.440894407125478
2017-02-07 22:15:00,0.3624177949709865,0.44448424814374976
2017-02-07 22:30:00,0.3624177949709865,0.4497569952378678
2017-02-07 22:45:00,0.3624177949709865,0.45430469263747814
2017-02-07 23:00:00,0.3624177949709865,0.4579041040672361
2017-02-07 23:15:00,0.3624177949709865,0.47114641892938386
2017-02-07 23:30:00,0.3624177949709865,0.47883540365281946
2017-02-07 23:45:00,0.3624177949709865,0.4836766780958006
2017-02-08 00:00:00,0.37510638297872334,0.48604033166135335
2017-02-08 00:15:00,0.37510638297872334,0.4887822547022062
2017-02-08 00:30:00,0.37510638297872334,0.49044892458433675
2017-02-08 00:45:00,0.37510638297872334,0.50077137968463
2017-02-08 01:00:00,0.37510638297872334,0.5073896678565497
2017-02-08 01:15:00,0.37510638297872334,0.5124345201920233
2017-02-08 01:30:00,0.37510638297872334,0.5121652673582755
2017-02-08 01:45:00,0.37510638297872334,0.5126760482016192
2017-02-08 02:00:00,0.37510638297872334,0.515981257253949
2017-02-08 02:15:00,0.37510638297872334,0.5179804381008124
2017-02-08 02:30:00,0.37510638297872334,0.5162071359427711
2017-02-08 02:45:00,0.37510638297872334,0.5148469459351103
2017-02-08 03:00:00,0.37510638297872334,0.5141254336862748
2017-02-08 03:15:00,0.37510638297872334,0.5140632283991796
2017-02-08 03:30:00,0.37510638297872334,0.5142317054016582
2017-02-08 03:45:00,0.37510638297872334,0.5129110364248319
2017-02-08 04:00:00,0.37510638297872334,0.5079995101575832
2017-02-08 04:15:00,0.37510638297872334,0.5058663694807242
2017-02-08 04:30:00,0.37510638297872334,0.5072251320974058
2017-02-08 04:45:00,0.37510638297872334,0.5082742736665569
2017-02-08 05:00:00,0.37510638297872334,0.5080778911892613
2017-02-08 05:15:00,0.37510638297872334,0.5019293832953671
2017-02-08 05:30:00,0.37510638297872334,0.49525844477635494
2017-02-08 05:45:00,0.37510638297872334,0.4881451392533254
2017-02-08 06:00:00,0.37510638297872334,0.479700312145355
2017-02-08 06:15:00,0.37510638297872334,0.4781322018388254
2017-02-08 06:30:00,0.37510638297872334,0.47679460225129633
2017-02-08 06:45:00,0.3766924564796905,0.47613548868746536
2017-02-08 07:00:00,0.3814506769825919,0.4754565839606085
2017-02-08 07:15:00,0.38303675048355895,0.47255103635783957
2017-02-08 07:30:00,0.38303675048355895,0.4642602583127419
2017-02-08 07:45:00,0.38303675048355895,0.46808518105530034
2017-02-08 08:00:00,0.38303675048355895,0.46563104806388855
2017-02-08 08:15:00,0.38303675048355895,0.4699536840147157
2017-02-08 08:30:00,0.38303675048355895,0.46358237878330516
2017-02-08 08:45:00,0.38303675048355895,0.46220677876412497
2017-02-08 09:00:00,0.38303675048355895,0.45794456800758593
2017-02-08 09:15:00,0.38303675048355895,0.45242753188712703
2017-02-08 09:30:00,0.38303675048355895,0.4472647475689757
2017-02-08 09:45:00,0.38303675048355895,0.44196134987603675
2017-02-08 10:00:00,0.38303675048355895,0.43686139630782383
2017-02-08 10:15:00,0.38303675048355895,0.4311631383678198
2017-02-08 10:30:00,0.38303675048355895,0.4261861223033956
2017-02-08 10:45:00,0.38303675048355895,0.42066369053102476
2017-02-08 11:00:00,0.38303675048355895,0.4149256836461538
2017-02-08 11:15:00,0.38303675048355895,0.4122337483506006
2017-02-08 11:30:00,0.38303675048355895,0.40931865793504685
2017-02-08 11:45:00,0.38303675048355895,0.40817435188963763
2017-02-08 12:00:00,0.38303675048355895,0.4034579255935102
2017-02-08 12:15:00,0.38303675048355895,0.4037916966125211
2017-02-08 12:30:00,0.38303675048355895,0.4055737645496337
2017-02-08 12:45:00,0.38303675048355895,0.4091438554241254
2017-02-08 13:00:00,0.38303675048355895,0.4073680028368327
2017-02-08 13:15:00,0.38303675048355895,0.41634998203320617
2017-02-08 13:30:00,0.38303675048355895,0.4159833664742137
2017-02-08 13:45:00,0.38303675048355895,0.41590987639167387
2017-02-08 14:00:00,0.38303675048355895,0.4144061885133464
2017-02-08 14:15:00,0.38303675048355895,0.4166928128952291
2017-02-08 14:30:00,0.38303675048355895,0.4199260759673231
2017-02-08 14:45:00,0.38303675048355895,0.42851275613035555
2017-02-08 15:00:00,0.38303675048355895,0.4365610065695001
2017-02-08 15:15:00,0.38303675048355895,0.444104170520633
2017-02-08 15:30:00,0.38303675048355895,0.45320408196290624
2017-02-08 15:45:00,0.38303675048355895,0.45909474697044267
2017-02-08 16:00:00,0.38303675048355895,0.46494314129439984
2017-02-08 16:15:00,0.3846228239845261,0.4725280220434048
2017-02-08 16:30:00,0.3877949709864604,0.47961115012641237
2017-02-08 16:45:00,0.395725338491296,0.48488553801518575
2017-02-08 17:00:00,0.40365570599613154,0.4903176321324436
2017-02-08 17:15:00,0.40365570599613154,0.4863178750012296
2017-02-08 17:30:00,0.40365570599613154,0.4797834601901795
2017-02-08 17:45:00,0.40365570599613154,0.47507525154879376
2017-02-08 18:00:00,0.40365570599613154,0.4695907185859441
2017-02-08 18:15:00,0.40365570599613154,0.4694436247106521
2017-02-08 18:30:00,0.40365570599613154,0.46200838270976824
2017-02-08 18:45:00,0.40365570599613154,0.47293557937330866
2017-02-08 19:00:00,0.40365570599613154,0.48503038301012125
2017-02-08 19:15:00,0.40365570599613154,0.48298422353732257
2017-02-08 19:30:00,0.40365570599613154,0.4871933890600261
2017-02-08 19:45:00,0.40365570599613154,0.49279286169904213
2017-02-08 20:00:00,0.4004835589941973,0.5085867569266624
2017-02-08 20:15:00,0.3988974854932302,0.5105906694271488
2017-02-08 20:30:00,0.3941392649903288,0.5176497663944699
2017-02-08 20:45:00,0.3941392649903288,0.5231220163500542
2017-02-08 21:00:00,0.3941392649903288,0.52232550591478
2017-02-08 21:15:00,0.3941392649903288,0.5199864678634554
2017-02-08 21:30:00,0.3925531914893617,0.5192357492909981
2017-02-08 21:45:00,0.3877949709864604,0.5196498827604769
2017-02-08 22:00:00,0.3877949709864604,0.5173333088035311
2017-02-08 22:15:00,0.38620889748549325,0.5131994978982055
2017-02-08 22:30:00,0.38303675048355895,0.5101759974742007
2017-02-08 22:45:00,0.37827852998065764,0.5081592652390966
2017-02-08 23:00:00,0.37034816247582203,0.5082472575836574
2017-02-08 23:15:00,0.3640038684719536,0.5057055329592133
2017-02-08 23:30:00,0.3608317214700193,0.5009327741462366
2017-02-08 23:45:00,0.356073500967118,0.49833029707512017
2017-02-09 00:00:00,0.3497292069632495,0.49607521038645114
2017-02-09 00:15:00,0.3449709864603482,0.4939921868061681
2017-02-09 00:30:00,0.3402127659574468,0.4912997700363484
2017-02-09 00:45:00,0.33545454545454545,0.4891994237641829
2017-02-09 01:00:00,0.9988888888888889,0.4923357997237903
2017-02-09 01:15:00,0.9988888888888889,0.49624668669734734
2017-02-09 01:30:00,0.9988888888888889,0.4871334920394107
2017-02-09 01:45:00,0.9988888888888889,0.4855954793138892
2017-02-09 02:00:00,0.9988888888888889,0.4919168542245855
2017-02-09 02:15:00,0.9988888888888889,0.49864828127704214
2017-02-09 02:30:00,0.9988888888888889,0.5031362161468927
2017-02-09 02:45:00,0.9988888888888889,0.5084068247385077
2017-02-09 03:00:00,0.9988888888888889,0.5113978703617966
2017-02-09 03:15:00,0.9988888888888889,0.5090780051573541
2017-02-09 03:30:00,0.9988888888888889,0.5093140212501587
2017-02-09 03:45:00,0.9988888888888889,0.49625016064698724
2017-02-09 04:00:00,0.9988888888888889,0.5003267991822556
2017-02-09 04:15:00,0.9988888888888889,0.5059930304779265
2017-02-09 04:30:00,0.9988888888888889,0.5016166668718433
2017-02-09 04:45:00,0.33545454545454545,0.497873723251217
2017-02-09 05:00:00,0.3417988394584139,0.5018250134538216
2017-02-09 05:15:00,0.3417988394584139,0.4975548534679744
2017-02-09 05:30:00,0.343384912959381,0.4922687974382411
2017-02-09 05:45:00,0.3449709864603482,0.48512859050988977
2017-02-09 06:00:00,0.3640038684719536,0.4825492588842536
2017-02-09 06:15:00,0.3640038684719536,0.4788087891908541
2017-02-09 06:30:00,0.3640038684719536,0.48164615617115775
2017-02-09 06:45:00,0.4536363636363636,0.4817613648321217
2017-02-09 07:00:00,0.4536363636363636,0.4790646506342509
2017-02-09 07:15:00,0.3640038684719536,0.4553506120781934
2017-02-09 07:30:00,0.3640038684719536,0.44531106646910684
2017-02-09 07:45:00,0.3640038684719536,0.445385174745425
2017-02-09 08:00:00,0.3640038684719536,0.44208920680171265
2017-02-09 08:15:00,0.3640038684719536,0.44151397008014664
2017-02-09 08:30:00,0.3640038684719536,0.4362268583521158
2017-02-09 08:45:00,0.3640038684719536,0.4356576004407229
2017-02-09 09:00:00,0.3624177949709865,0.4300792222389267
2017-02-09 09:15:00,0.3608317214700193,0.4247997494651509
2017-02-09 09:30:00,0.3608317214700193,0.41785034233411017
2017-02-09 09:45:00,0.3608317214700193,0.41223785539817676
2017-02-09 10:00:00,0.3449709864603482,0.40472006155000795
2017-02-09 10:15:00,0.343384912959381,0.4023536629250186
2017-02-09 10:30:00,0.3417988394584139,0.40014398412216123
2017-02-09 10:45:00,0.3386266924564797,0.39742239520836614
2017-02-09 11:00:00,0.9988888888888889,0.3939482656719602
2017-02-09 11:15:00,0.9988888888888889,0.38970506330530574
2017-02-09 11:30:00,0.9988888888888889,0.3834085333228927
2017-02-09 11:45:00,0.9988888888888889,0.3818937674344367
2017-02-09 12:00:00,0.9988888888888889,0.3920631657558409
2017-02-09 12:15:00,0.9988888888888889,0.38435055490098885
2017-02-09 12:30:00,0.9988888888888889,0.3901520703717562
2017-02-09 12:45:00,0.9988888888888889,0.3847901460005076
2017-02-09 13:00:00,0.9988888888888889,0.3788159788842362
2017-02-09 13:15:00,0.9988888888888889,0.38122245825973566
2017-02-09 13:30:00,0.9988888888888889,0.37626002998963104
2017-02-09 13:45:00,0.9988888888888889,0.39630291282285923
2017-02-09 14:00:00,0.9988888888888889,0.3894561419593267
2017-02-09 14:15:00,0.9988888888888889,0.40173703850595965
2017-02-09 14:30:00,0.3417988394584139,0.40856713407302625
2017-02-09 14:45:00,0.4536363636363636,0.4151367418697359
2017-02-09 15:00:00,0.3497292069632495,0.42232506175788326
2017-02-09 15:15:00,0.4536363636363636,0.4332786885444107
2017-02-09 15:30:00,0.3624177949709865,0.4437109324353844
2017-02-09 15:45:00,0.4536363636363636,0.4545026577292835
2017-02-09 16:00:00,0.4536363636363636,0.4639637787788802
2017-02-09 16:15:00,0.37986460348162476,0.46491223597614706
2017-02-09 16:30:00,0.37986460348162476,0.464792213589492
2017-02-09 16:45:00,0.4536363636363636,0.46438352350974843
2017-02-09 17:00:00,0.4536363636363636,0.46475272587537997
2017-02-09 17:15:00,0.4536363636363636,0.4674629606407809
2017-02-09 17:30:00,0.4536363636363636,0.4602617054929616
2017-02-09 17:45:00,0.38303675048355895,0.449653654753929
2017-02-09 18:00:00,0.3846228239845261,0.44882145454824673
2017-02-09 18:15:00,0.3846228239845261,0.45174346831536827
2017-02-09 18:30:00,0.3846228239845261,0.44591626644672516
2017-02-09 18:45:00,0.3846228239845261,0.44051249411454957
2017-02-09 19:00:00,0.3846228239845261,0.4460603538605805
2017-02-09 19:15:00,0.3846228239845261,0.4511147307465632
2017-02-09 19:30:00,0.3846228239845261,0.47204079768151663
2017-02-09 19:45:00,0.3846228239845261,0.47045485865296705
2017-02-09 20:00:00,0.3846228239845261,0.4683935027802544
2017-02-09 20:15:00,0.3846228239845261,0.47069365463436996
2017-02-09 20:30:00,0.3846228239845261,0.4725691135790327
2017-02-09 20:45:00,0.3846228239845261,0.47399905090222577
2017-02-09 21:00:00,0.3640038684719536,0.4741985805765269
2017-02-09 21:15:00,0.4536363636363636,0.4763533706432164
2017-02-09 21:30:00,0.3624177949709865,0.4783818737059517
2017-02-09 21:45:00,0.35924564796905223,0.48802109885942313
2017-02-09 22:00:00,0.35924564796905223,0.4832534788571529
2017-02-09 22:15:00,0.35924564796905223,0.4862362685891127
2017-02-09 22:30:00,0.35924564796905223,0.48936689756749313
2017-02-09 22:45:00,0.35924564796905223,0.4894366004699831
2017-02-09 23:00:00,0.35924564796905223,0.4918674780430476
2017-02-09 23:15:00,0.3576595744680851,0.4942555672359559
2017-02-09 23:30:00,0.35290135396518374,0.4971766469909142
2017-02-09 23:45:00,0.3497292069632495,0.49757279411090405
2017-02-10 00:00:00,0.4536363636363636,0.4978328399731662
2017-02-10 00:15:00,0.4536363636363636,0.5002475149516605
2017-02-10 00:30:00,0.4536363636363636,0.5025406529961681
2017-02-10 00:45:00,0.343384912959381,0.5050037885678039
2017-02-10 01:00:00,0.3417988394584139,0.5076905699723073
2017-02-10 01:15:00,0.3386266924564797,0.508297645782808
2017-02-10 01:30:00,0.33704061895551257,0.5078496048319318
2017-02-10 01:45:00,0.33704061895551257,0.5092522245831654
2017-02-10 02:00:00,0.33704061895551257,0.5104997540573321
2017-02-10 02:15:00,0.33704061895551257,0.5118705973224358
2017-02-10 02:30:00,0.33704061895551257,0.5119556927892424
2017-02-10 02:45:00,0.33704061895551257,0.513828238767638
2017-02-10 03:00:00,0.33704061895551257,0.5143727594817674
2017-02-10 03:15:00,0.33704061895551257,0.5129685238346638
2017-02-10 03:30:00,0.33704061895551257,0.5119713985759828
2017-02-10 03:45:00,0.33704061895551257,0.5122959127400116
2017-02-10 04:00:00,0.33704061895551257,0.508912373764796
2017-02-10 04:15:00,0.33704061895551257,0.5083972830356313
2017-02-10 04:30:00,0.33704061895551257,0.50530443080309
2017-02-10 04:45:00,0.33704061895551257,0.5018315726534976
2017-02-10 05:00:00,0.33704061895551257,0.49747694249108587
2017-02-10 05:15:00,0.33704061895551257,0.49168538226317415
2017-02-10 05:30:00,0.33704061895551257,0.4833217365232861
2017-02-10 05:45:00,0.33704061895551257,0.47445583666668284
2017-02-10 06:00:00,0.3386266924564797,0.4625018640279364
2017-02-10 06:15:00,0.343384912959381,0.4579323413817179
2017-02-10 06:30:00,0.34655705996131525,0.44849706622692215
2017-02-10 06:45:00,0.34655705996131525,0.4374335989173596
2017-02-10 07:00:00,0.34655705996131525,0.4306902193110267
2017-02-10 07:15:00,0.34655705996131525,0.4245174352293843
2017-02-10 07:30:00,0.34655705996131525,0.421415936873261
2017-02-10 07:45:00,0.34655705996131525,0.41725362382155007
2017-02-10 08:00:00,0.34655705996131525,0.4144787329846384
2017-02-10 08:15:00,0.4536363636363636,0.422860219821474
2017-02-10 08:30:00,0.4536363636363636,0.4287609029588421
2017-02-10 08:45:00,0.34655705996131525,0.419126188308759
2017-02-10 09:00:00,0.34655705996131525,0.41191547823216274
2017-02-10 09:15:00,0.34655705996131525,0.4056737038294716
2017-02-10 09:30:00,0.33704061895551257,0.4001546728629664
2017-02-10 09:45:00,0.33545454545454545,0.3945591422055825
2017-02-10 10:00:00,0.9988888888888889,0.3838695293600536
2017-02-10 10:15:00,0.9988888888888889,0.37121720950573217
2017-02-10 10:30:00,0.9988888888888889,0.36144459629001024
2017-02-10 10:45:00,0.9988888888888889,0.35089070768076863
2017-02-10 11:00:00,0.9988888888888889,0.3289981469080398
2017-02-10 11:15:00,0.9988888888888889,0.32585009936512754
2017-02-10 11:30:00,0.9988888888888889,0.3177914695860529
2017-02-10 11:45:00,0.9988888888888889,0.3219091750886063
2017-02-10 12:00:00,0.9988888888888889,0.3214820337974876
2017-02-10 12:15:00,0.9988888888888889,0.3200644252951685
2017-02-10 12:30:00,0.9988888888888889,0.3152711821393018
2017-02-10 12:45:00,0.9988888888888889,0.3088848249082334
2017-02-10 13:00:00,0.9988888888888889,0.3103643974759562
2017-02-10 13:15:00,0.9988888888888889,0.3128443007814946
2017-02-10 13:30:00,0.9988888888888889,0.3125174374413743
2017-02-10 13:45:00,0.9988888888888889,0.3137905770475083
2017-02-10 14:00:00,0.9988888888888889,0.31574142874615785
2017-02-10 14:15:00,0.9988888888888889,0.3186821428007686
2017-02-10 14:30:00,0.9988888888888889,0.3188746782853693
2017-02-10 14:45:00,0.9988888888888889,0.32214888623197346
2017-02-10 15:00:00,0.9988888888888889,0.32120571242070206
2017-02-10 15:15:00,0.9988888888888889,0.3270666181506456
2017-02-10 15:30:00,0.9988888888888889,0.323189524279484
2017-02-10 15:45:00,0.9988888888888889,0.331775683861262
2017-02-10 16:00:00,0.9988888888888889,0.34279610203855165
2017-02-10 16:15:00,0.9988888888888889,0.3452356164887217
2017-02-10 16:30:00,0.9988888888888889,0.32987961763415435
2017-02-10 16:45:00,0.9988888888888889,0.3431478790619756
2017-02-10 17:00:00,0.9988888888888889,0.36459063705518713
2017-02-10 17:15:00,0.9988888888888889,0.3803623409795482
2017-02-10 17:30:00,0.9988888888888889,0.373591184782476
2017-02-10 17:45:00,0.9988888888888889,0.3730036102378558
2017-02-10 18:00:00,0.9988888888888889,0.3749388015995195
2017-02-10 18:15:00,0.9988888888888889,0.37476325177315833
2017-02-10 18:30:00,0.9988888888888889,0.37536003260418144
2017-02-10 18:45:00,0.9988888888888889,0.37196897164066023
2017-02-10 19:00:00,0.9988888888888889,0.3594029254219455
2017-02-10 19:15:00,0.9988888888888889,0.3560392444852687
2017-02-10 19:30:00,0.9988888888888889,0.3676086827586294
2017-02-10 19:45:00,0.9988888888888889,0.36847682513101176
2017-02-10 20:00:00,0.9988888888888889,0.36911895151289464
2017-02-10 20:15:00,0.9988888888888889,0.3715007184296968
2017-02-10 20:30:00,0.9988888888888889,0.3674155856388875
2017-02-10 20:45:00,0.9988888888888889,0.3718024869051199
2017-02-10 21:00:00,0.9988888888888889,0.37058420009702964
2017-02-10 21:15:00,0.9988888888888889,0.37381328106317896
2017-02-10 21:30:00,0.9988888888888889,0.35242560721470956
2017-02-10 21:45:00,0.9988888888888889,0.36803523385543635
2017-02-10 22:00:00,0.9988888888888889,0.38272374072094417
2017-02-10 22:15:00,0.9988888888888889,0.36560989783845
2017-02-10 22:30:00,0.9988888888888889,0.3537864118518332
2017-02-10 22:45:00,0.9988888888888889,0.3499684356768199
2017-02-10 23:00:00,0.9988888888888889,0.35186392964295005
2017-02-10 23:15:00,0.9988888888888889,0.35465846104937154
2017-02-10 23:30:00,0.9988888888888889,0.3683280405699092
2017-02-10 23:45:00,0.9988888888888889,0.37638656258240727
2017-02-11 00:00:00,0.9988888888888889,0.3942995948072456
2017-02-11 00:15:00,0.9988888888888889,0.3964901725258872
2017-02-11 00:30:00,0.9988888888888889,0.4044661414733766
2017-02-11 00:45:00,0.9988888888888889,0.4143711723091906
2017-02-11 01:00:00,0.9988888888888889,0.42550567278014284
2017-02-11 01:15:00,0.9988888888888889,0.4191601343330239
2017-02-11 01:30:00,0.9988888888888889,0.41926819007487726
2017-02-11 01:45:00,0.9988888888888889,0.42303317451346045
2017-02-11 02:00:00,0.9988888888888889,0.4248018168060882
2017-02-11 02:15:00,0.9988888888888889,0.4243590122199628
2017-02-11 02:30:00,0.9988888888888889,0.42947842876480274
2017-02-11 02:45:00,0.9988888888888889,0.4312078790838496
2017-02-11 03:00:00,0.9988888888888889,0.43163744488710337
2017-02-11 03:15:00,0.9988888888888889,0.4302609730735403
2017-02-11 03:30:00,0.9988888888888889,0.43501966374859286
2017-02-11 03:45:00,0.9988888888888889,0.44267307894355706
2017-02-11 04:00:00,0.9988888888888889,0.44940139401224954
2017-02-11 04:15:00,0.9988888888888889,0.4514775392762919
2017-02-11 04:30:00,0.9988888888888889,0.44964705576537917
2017-02-11 04:45:00,0.9988888888888889,0.4506961972625709
2017-02-11 05:00:00,0.9988888888888889,0.4506181271054237
2017-02-11 05:15:00,0.9988888888888889,0.4518193573844657
2017-02-11 05:30:00,0.9988888888888889,0.4511787497334763
2017-02-11 05:45:00,0.9988888888888889,0.4525102950204943
2017-02-11 06:00:00,0.9988888888888889,0.4534998449086473
2017-02-11 06:15:00,0.9988888888888889,0.4481628464753364
2017-02-11 06:30:00,0.9988888888888889,0.4572886268898261
2017-02-11 06:45:00,0.9988888888888889,0.4703392300916603
2017-02-11 07:00:00,0.9988888888888889,0.4783387772686145
2017-02-11 07:15:00,0.9988888888888889,0.47284015176270544
2017-02-11 07:30:00,0.9988888888888889,0.47964581930564393
2017-02-11 07:45:00,0.9988888888888889,0.4824317085978225
2017-02-11 08:00:00,0.9988888888888889,0.4874115436916437
2017-02-11 08:15:00,0.9988888888888889,0.47676839483256817
2017-02-11 08:30:00,0.9988888888888889,0.47456605558449044
2017-02-11 08:45:00,0.9988888888888889,0.45811926734705427
2017-02-11 09:00:00,0.9988888888888889,0.4423229926311811
2017-02-11 09:15:00,0.9988888888888889,0.439639570293657
2017-02-11 09:30:00,0.9988888888888889,0.4355559896402173
2017-02-11 09:45:00,0.9988888888888889,0.44866028045184136
2017-02-11 10:00:00,0.9988888888888889,0.44903855916505175
2017-02-11 10:15:00,0.9988888888888889,0.44723927992698564
2017-02-11 10:30:00,0.9988888888888889,0.4377359736579794
2017-02-11 10:45:00,0.9988888888888889,0.43726984818150927
2017-02-11 11:00:00,0.9988888888888889,0.43710264790722236
2017-02-11 11:15:00,0.9988888888888889,0.4477405698523884
2017-02-11 11:30:00,0.9988888888888889,0.4538050389017524
2017-02-11 11:45:00,0.9988888888888889,0.45389521866849025
2017-02-11 12:00:00,0.9988888888888889,0.4573624427238052
2017-02-11 12:15:00,0.9988888888888889,0.4528587171400679
2017-02-11 12:30:00,0.9988888888888889,0.4498711550486576
2017-02-11 12:45:00,0.9988888888888889,0.43751616335839727
2017-02-11 13:00:00,0.9988888888888889,0.41575538962261743
2017-02-11 13:15:00,0.9988888888888889,0.4361615905007737
2017-02-11 13:30:00,0.9988888888888889,0.4535477305852048
2017-02-11 13:45:00,0.9988888888888889,0.46522555021457773
2017-02-11 14:00:00,0.9988888888888889,0.4825205829328253
2017-02-11 14:15:00,0.3386266924564797,0.48634798232809173
2017-02-11 14:30:00,0.3402127659574468,0.4900702266992563
2017-02-11 14:45:00,0.3449709864603482,0.49587057385387456
2017-02-11 15:00:00,0.3449709864603482,0.5073973507521113
2017-02-11 15:15:00,0.3449709864603482,0.5112427252345063
2017-02-11 15:30:00,0.3449709864603482,0.5149238569858728
2017-02-11 15:45:00,0.3449709864603482,0.5201310292617244
2017-02-11 16:00:00,0.3513152804642166,0.5180119844410553
2017-02-11 16:15:00,0.3640038684719536,0.5207794150977235
2017-02-11 16:30:00,0.37034816247582203,0.5267770319899328
2017-02-11 16:45:00,0.37510638297872334,0.5356046240035361
2017-02-11 17:00:00,0.3846228239845261,0.5402018327177666
2017-02-11 17:15:00,0.3877949709864604,0.5400259050139928
2017-02-11 17:30:00,0.3925531914893617,0.5375919619330671
2017-02-11 17:45:00,0.3941392649903288,0.5162505880099131
2017-02-11 18:00:00,0.3941392649903288,0.5167966284902141
2017-02-11 18:15:00,0.3941392649903288,0.5130862268252105
2017-02-11 18:30:00,0.3941392649903288,0.5329213483260634
2017-02-11 18:45:00,0.3941392649903288,0.5183235396187952
2017-02-11 19:00:00,0.3941392649903288,0.5147225281465753
2017-02-11 19:15:00,0.3941392649903288,0.5340332211479629
2017-02-11 19:30:00,0.3941392649903288,0.544520761076514
2017-02-11 19:45:00,0.3941392649903288,0.5465607083048534
2017-02-11 20:00:00,0.3941392649903288,0.5633942059883968
2017-02-11 20:15:00,0.3941392649903288,0.5731569959948786
2017-02-11 20:30:00,0.3941392649903288,0.5884060932244269
2017-02-11 20:45:00,0.3941392649903288,0.5918837504527691
2017-02-11 21:00:00,0.3941392649903288,0.5991152796584706
2017-02-11 21:15:00,0.3941392649903288,0.6022770828121142
2017-02-11 21:30:00,0.39096711798839456,0.6003466038885218
2017-02-11 21:45:00,0.3846228239845261,0.6013322243525034
2017-02-11 22:00:00,0.38303675048355895,0.5975348852300336
2017-02-11 22:15:00,0.37352030947775633,0.6066625595049892
2017-02-11 22:30:00,0.37034816247582203,0.612122684022276
2017-02-11 22:45:00,0.37034816247582203,0.6099754282971901
2017-02-11 23:00:00,0.37034816247582203,0.608047200864558
2017-02-11 23:15:00,0.37034816247582203,0.5997606187206811
2017-02-11 23:30:00,0.36558994197292066,0.6064013193520773
2017-02-11 23:45:00,0.36558994197292066,0.6064264974844703
2017-02-12 00:00:00,0.4536363636363636,0.6093250011038093
2017-02-12 00:15:00,0.3608317214700193,0.6168216705984688
2017-02-12 00:30:00,0.35924564796905223,0.6244549414769824
2017-02-12 00:45:00,0.4536363636363636,0.6286310891068942
2017-02-12 01:00:00,0.35924564796905223,0.633308078460644
2017-02-12 01:15:00,0.3576595744680851,0.6348519165216017
2017-02-12 01:30:00,0.356073500967118,0.6344216679056803
2017-02-12 01:45:00,0.35448742746615086,0.6326148866704155
2017-02-12 02:00:00,0.35448742746615086,0.6303277062900071
2017-02-12 02:15:00,0.35290135396518374,0.6273455238710923
2017-02-12 02:30:00,0.3513152804642166,0.6249745231222901
2017-02-12 02:45:00,0.3481431334622824,0.6248152167883909
2017-02-12 03:00:00,0.34655705996131525,0.6219457090742048
2017-02-12 03:15:00,0.34655705996131525,0.6165454980582296
2017-02-12 03:30:00,0.343384912959381,0.6134279002304971
2017-02-12 03:45:00,0.3417988394584139,0.6102162695853617
2017-02-12 04:00:00,0.3402127659574468,0.6057986155732653
2017-02-12 04:15:00,0.3386266924564797,0.6026240236561162
2017-02-12 04:30:00,0.33704061895551257,0.5991172863871624
2017-02-12 04:45:00,0.33545454545454545,0.5962966170961979
2017-02-12 05:00:00,0.33545454545454545,0.5940010215082808
2017-02-12 05:15:00,0.9988888888888889,0.5889308721731872
2017-02-12 05:30:00,0.9988888888888889,0.5807486982434764
2017-02-12 05:45:00,0.9988888888888889,0.5734195207975091
2017-02-12 06:00:00,0.9988888888888889,0.5612498618609894
2017-02-12 06:15:00,0.9988888888888889,0.5610628594259637
2017-02-12 06:30:00,0.9988888888888889,0.5580385691073945
2017-02-12 06:45:00,0.9988888888888889,0.5570223224850008
2017-02-12 07:00:00,0.9988888888888889,0.5571191068908865
2017-02-12 07:15:00,0.9988888888888889,0.5461060060457124
2017-02-12 07:30:00,0.9988888888888889,0.5302143335734025
2017-02-12 07:45:00,0.9988888888888889,0.5338758310293575
2017-02-12 08:00:00,0.9988888888888889,0.5245346126611387
2017-02-12 08:15:00,0.9988888888888889,0.5148162412680102
2017-02-12 08:30:00,0.9988888888888889,0.5153367741613247
2017-02-12 08:45:00,0.9988888888888889,0.5040620320203736
2017-02-12 09:00:00,0.9988888888888889,0.49145961974745783
2017-02-12 09:15:00,0.9988888888888889,0.48523207027847776
2017-02-12 09:30:00,0.9988888888888889,0.47810375975529656
2017-02-12 09:45:00,0.9988888888888889,0.4564677779612625
2017-02-12 10:00:00,0.9988888888888889,0.4575162812659537
2017-02-12 10:15:00,0.9988888888888889,0.45101277659941513
2017-02-12 10:30:00,0.9988888888888889,0.43860129515812113
2017-02-12 10:45:00,0.9988888888888889,0.42366252017030187
2017-02-12 11:00:00,0.9988888888888889,0.4147353792822982
2017-02-12 11:15:00,0.9988888888888889,0.4096237142498718
2017-02-12 11:30:00,0.9988888888888889,0.39303333154927966
2017-02-12 11:45:00,0.9988888888888889,0.37839193196241405
2017-02-12 12:00:00,0.9988888888888889,0.3783599444389611
2017-02-12 12:15:00,0.9988888888888889,0.3664874894763853
2017-02-12 12:30:00,0.9988888888888889,0.352981573157071
2017-02-12 12:45:00,0.9988888888888889,0.3365716105545287
2017-02-12 13:00:00,0.9988888888888889,0.32172002264144917
2017-02-12 13:15:00,0.9988888888888889,0.30765581465590813
2017-02-12 13:30:00,0.9988888888888889,0.29743433625342763
2017-02-12 13:45:00,0.9988888888888889,0.2761745887769235
2017-02-12 14:00:00,0.9988888888888889,0.259974113925678
2017-02-12 14:15:00,0.9988888888888889,0.26155063969046066
2017-02-12 14:30:00,0.9988888888888889,0.2622150238937223
2017-02-12 14:45:00,0.9988888888888889,0.27186971975842117
2017-02-12 15:00:00,0.9988888888888889,0.28194662127643866
2017-02-12 15:15:00,0.9988888888888889,0.3104316630258037
2017-02-12 15:30:00,0.9988888888888889,0.3269462690282751
2017-02-12 15:45:00,0.9988888888888889,0.34026325348093517
2017-02-12 16:00:00,0.9988888888888889,0.34503717824760777
2017-02-12 16:15:00,0.9988888888888889,0.3556185268091397
2017-02-12 16:30:00,0.9988888888888889,0.3569572809874097
2017-02-12 16:45:00,0.9988888888888889,0.35556559049770675
2017-02-12 17:00:00,0.9988888888888889,0.37591568541987447
2017-02-12 17:15:00,0.9988888888888889,0.370028966567164
2017-02-12 17:30:00,0.9988888888888889,0.37581721083327807
2017-02-12 17:45:00,0.9988888888888889,0.3932095309427382
2017-02-12 18:00:00,0.9988888888888889,0.3993140013272475
2017-02-12 18:15:00,0.9988888888888889,0.38293948950620155
2017-02-12 18:30:00,0.9988888888888889,0.3863168095919806
2017-02-12 18:45:00,0.9988888888888889,0.36462921152201877
2017-02-12 19:00:00,0.9988888888888889,0.35060140637368475
2017-02-12 19:15:00,0.9988888888888889,0.35621418006474304
2017-02-12 19:30:00,0.9988888888888889,0.353956494384545
2017-02-12 19:45:00,0.9988888888888889,0.35322844826171534
2017-02-12 20:00:00,0.9988888888888889,0.3483865592463605
2017-02-12 20:15:00,0.9988888888888889,0.35217818822059815
2017-02-12 20:30:00,0.9988888888888889,0.3604619999962026
2017-02-12 20:45:00,0.9988888888888889,0.3689731354747637
2017-02-12 21:00:00,0.9988888888888889,0.37719529336355934
2017-02-12 21:15:00,0.9988888888888889,0.3447732826312452
2017-02-12 21:30:00,0.9988888888888889,0.33247540083703697
2017-02-12 21:45:00,0.9988888888888889,0.32217954391036513
2017-02-12 22:00:00,0.9988888888888889,0.31398205009851843
2017-02-12 22:15:00,0.9988888888888889,0.2882004457187658
2017-02-12 22:30:00,0.9988888888888889,0.2795695780068377
2017-02-12 22:45:00,0.9988888888888889,0.25596479411276357
2017-02-12 23:00:00,0.9988888888888889,0.24703676587220819
2017-02-12 23:15:00,0.9988888888888889,0.2589769685194053
2017-02-12 23:30:00,0.9988888888888889,0.2535503164151136
2017-02-12 23:45:00,0.9988888888888889,0.24497317932887144
2017-02-13 00:00:00,0.9988888888888889,0.23361748684735512
2017-02-13 00:15:00,0.9988888888888889,0.23790874625655284
2017-02-13 00:30:00,0.9988888888888889,0.2414865373372482
2017-02-13 00:45:00,0.9988888888888889,0.2438830851153376
2017-02-13 01:00:00,0.9988888888888889,0.23403730078085525
2017-02-13 01:15:00,0.9988888888888889,0.2324489063431757
2017-02-13 01:30:00,0.9988888888888889,0.23343181333914836
2017-02-13 01:45:00,0.9988888888888889,0.2339183868962245
2017-02-13 02:00:00,0.9988888888888889,0.23498605781630183
2017-02-13 02:15:00,0.9988888888888889,0.2368001654328628
2017-02-13 02:30:00,0.9988888888888889,0.24353429998794393
2017-02-13 02:45:00,0.9988888888888889,0.2487936380197882
2017-02-13 03:00:00,0.9988888888888889,0.25154054836105666
2017-02-13 03:15:00,0.9988888888888889,0.2518977461148332
2017-02-13 03:30:00,0.9988888888888889,0.25039781816876966
2017-02-13 03:45:00,0.9988888888888889,0.24887227273257292
2017-02-13 04:00:00,0.9988888888888889,0.2456805224866377
2017-02-13 04:15:00,0.9988888888888889,0.25318677097036474
2017-02-13 04:30:00,0.9988888888888889,0.2703717514394322
2017-02-13 04:45:00,0.9988888888888889,0.2890499661829414
2017-02-13 05:00:00,0.9988888888888889,0.3103785334894851
2017-02-13 05:15:00,0.9988888888888889,0.33240719076706454
2017-02-13 05:30:00,0.9988888888888889,0.35432526228526595
2017-02-13 05:45:00,0.9988888888888889,0.3821452093391842
2017-02-13 06:00:00,0.9988888888888889,0.4181147839368477
2017-02-13 06:15:00,0.9988888888888889,0.43552859333661137
2017-02-13 06:30:00,0.33545454545454545,0.4324095670579699
2017-02-13 06:45:00,0.33545454545454545,0.42032890876565965
2017-02-13 07:00:00,0.33545454545454545,0.4101690102583732
2017-02-13 07:15:00,0.33545454545454545,0.4053563132156914
2017-02-13 07:30:00,0.33545454545454545,0.40152515789687476
2017-02-13 07:45:00,0.33545454545454545,0.4101665083160038
2017-02-13 08:00:00,0.33545454545454545,0.3941861195030671
2017-02-13 08:15:00,0.33545454545454545,0.3899076256375067
2017-02-13 08:30:00,0.33545454545454545,0.3874151814664192
2017-02-13 08:45:00,0.33545454545454545,0.39138620461244317
2017-02-13 09:00:00,0.33545454545454545,0.39195421882558307
2017-02-13 09:15:00,0.33545454545454545,0.39321745253139795
2017-02-13 09:30:00,0.33545454545454545,0.395234732896481
2017-02-13 09:45:00,0.33545454545454545,0.3943608673268358
2017-02-13 10:00:00,0.33545454545454545,0.39173086170461907
2017-02-13 10:15:00,0.33545454545454545,0.40062667478780306
2017-02-13 10:30:00,0.33545454545454545,0.3928386497195761
2017-02-13 10:45:00,0.33545454545454545,0.39023704300111706
2017-02-13 11:00:00,0.33704061895551257,0.39129834732372343
2017-02-13 11:15:00,0.343384912959381,0.3965493143348065
2017-02-13 11:30:00,0.34655705996131525,0.4016235064737344
2017-02-13 11:45:00,0.34655705996131525,0.4029890166320735
2017-02-13 12:00:00,0.34655705996131525,0.4035878158339462
2017-02-13 12:15:00,0.34655705996131525,0.40769261068874907
2017-02-13 12:30:00,0.34655705996131525,0.4022521868520187
2017-02-13 12:45:00,0.34655705996131525,0.39649761767415886
2017-02-13 13:00:00,0.34655705996131525,0.3930365669021916
2017-02-13 13:15:00,0.34655705996131525,0.3954721030907827
2017-02-13 13:30:00,0.34655705996131525,0.39954339765086866
2017-02-13 13:45:00,0.34655705996131525,0.4039582029744718
2017-02-13 14:00:00,0.34655705996131525,0.4086174770330587
2017-02-13 14:15:00,0.34655705996131525,0.4090105838038267
2017-02-13 14:30:00,0.34655705996131525,0.416004948607099
2017-02-13 14:45:00,0.34655705996131525,0.4177283005630666
2017-02-13 15:00:00,0.34655705996131525,0.4096909617883833
2017-02-13 15:15:00,0.34655705996131525,0.4120002728015525
2017-02-13 15:30:00,0.3497292069632495,0.413343343141438
2017-02-13 15:45:00,0.3513152804642166,0.4154514700182577
2017-02-13 16:00:00,0.35448742746615086,0.4185087745661477
2017-02-13 16:15:00,0.356073500967118,0.42576712957706314
2017-02-13 16:30:00,0.3624177949709865,0.43202999157743993
2017-02-13 16:45:00,0.36558994197292066,0.4390038140888696
2017-02-13 17:00:00,0.3846228239845261,0.4452139058286688
2017-02-13 17:15:00,0.3846228239845261,0.4446718268724146
2017-02-13 17:30:00,0.3877949709864604,0.44304199857480425
2017-02-13 17:45:00,0.3877949709864604,0.4416048145977432
2017-02-13 18:00:00,0.3877949709864604,0.4410252708125305
2017-02-13 18:15:00,0.3877949709864604,0.43809206597699385
2017-02-13 18:30:00,0.3877949709864604,0.4332267990737699
2017-02-13 18:45:00,0.3877949709864604,0.43939463747135327
2017-02-13 19:00:00,0.3877949709864604,0.4398037931194615
2017-02-13 19:15:00,0.3877949709864604,0.44194138386379167
2017-02-13 19:30:00,0.3877949709864604,0.448256734893827
2017-02-13 19:45:00,0.3877949709864604,0.4539838015728904
2017-02-13 20:00:00,0.3877949709864604,0.45865872395942725
2017-02-13 20:15:00,0.3877949709864604,0.4565701758290635
2017-02-13 20:30:00,0.37986460348162476,0.4552429797843425
2017-02-13 20:45:00,0.37986460348162476,0.4523181527418093
2017-02-13 21:00:00,0.37986460348162476,0.4501039650263505
2017-02-13 21:15:00,0.37986460348162476,0.4563357853394315
2017-02-13 21:30:00,0.37986460348162476,0.4636484969103928
2017-02-13 21:45:00,0.37986460348162476,0.4702328107140831
2017-02-13 22:00:00,0.37986460348162476,0.47396358129789357
2017-02-13 22:15:00,0.37986460348162476,0.480164706085309
2017-02-13 22:30:00,0.37986460348162476,0.48806888395185116
2017-02-13 22:45:00,0.37986460348162476,0.49108611948148845
2017-02-13 23:00:00,0.37986460348162476,0.5005271334661836
2017-02-13 23:15:00,0.37986460348162476,0.5032384849788586
2017-02-13 23:30:00,0.37986460348162476,0.5063260284259383
2017-02-13 23:45:00,0.37986460348162476,0.504992991021789
2017-02-14 00:00:00,0.41000000000000003,0.5177361021347707
2017-02-14 00:15:00,0.41000000000000003,0.5215776702283904
2017-02-14 00:30:00,0.41000000000000003,0.5251998225065702
2017-02-14 00:45:00,0.41000000000000003,0.5288775205860653
2017-02-14 01:00:00,0.41000000000000003,0.5318644121723115
2017-02-14 01:15:00,0.41000000000000003,0.5347279878446418
2017-02-14 01:30:00,0.41000000000000003,0.5372513671872605
2017-02-14 01:45:00,0.41000000000000003,0.5392647558238615
2017-02-14 02:00:00,0.41000000000000003,0.5423582146824465
2017-02-14 02:15:00,0.41000000000000003,0.5421514093844801
2017-02-14 02:30:00,0.41000000000000003,0.5446546475123596
2017-02-14 02:45:00,0.41000000000000003,0.5439225396145058
2017-02-14 03:00:00,0.41000000000000003,0.5455793240610896
2017-02-14 03:15:00,0.41000000000000003,0.546334435994076
2017-02-14 03:30:00,0.41000000000000003,0.5444627265852954
2017-02-14 03:45:00,0.41000000000000003,0.5438012041382118
2017-02-14 04:00:00,0.41000000000000003,0.5440281545035508
2017-02-14 04:15:00,0.41000000000000003,0.5435160285249873
2017-02-14 04:30:00,0.41000000000000003,0.5428763517135428
2017-02-14 04:45:00,0.41000000000000003,0.5406240321521988
2017-02-14 05:00:00,0.41000000000000003,0.5370345792709629
2017-02-14 05:15:00,0.41000000000000003,0.5345726002985411
2017-02-14 05:30:00,0.41000000000000003,0.5349500974580157
2017-02-14 05:45:00,0.41000000000000003,0.5329057266903743
2017-02-14 06:00:00,0.41000000000000003,0.5266310734255081
2017-02-14 06:15:00,0.41000000000000003,0.5223247086432437
2017-02-14 06:30:00,0.41000000000000003,0.5202071886447729
2017-02-14 06:45:00,0.41000000000000003,0.5156999509363411
2017-02-14 07:00:00,0.41000000000000003,0.5148951366250247
2017-02-14 07:15:00,0.41000000000000003,0.5116007898289853
2017-02-14 07:30:00,0.41000000000000003,0.5122193497049256
2017-02-14 07:45:00,0.41000000000000003,0.5103221142238199
2017-02-14 08:00:00,0.41000000000000003,0.5105320770021139
2017-02-14 08:15:00,0.41000000000000003,0.5030310359900717
2017-02-14 08:30:00,0.41000000000000003,0.4964426438669012
2017-02-14 08:45:00,0.41000000000000003,0.4917550947517922
2017-02-14 09:00:00,0.41000000000000003,0.48577953601161583
2017-02-14 09:15:00,0.41000000000000003,0.48124687972813607
2017-02-14 09:30:00,0.41000000000000003,0.4779844997320202
2017-02-14 09:45:00,0.41000000000000003,0.4776444687249376
2017-02-14 10:00:00,0.41000000000000003,0.47483770915837054
2017-02-14 10:15:00,0.41000000000000003,0.47616281635590624
2017-02-14 10:30:00,0.41000000000000003,0.47856651382318965
2017-02-14 10:45:00,0.41000000000000003,0.4817389714904342
2017-02-14 11:00:00,0.41000000000000003,0.4864597901763251
2017-02-14 11:15:00,0.41000000000000003,0.48628482520572375
2017-02-14 11:30:00,0.41000000000000003,0.48344664791838904
2017-02-14 11:45:00,0.41000000000000003,0.48220703862571707
2017-02-14 12:00:00,0.41000000000000003,0.48447007507583
2017-02-14 12:15:00,0.41000000000000003,0.47864177968093763
2017-02-14 12:30:00,0.41000000000000003,0.4743193280626153
2017-02-14 12:45:00,0.41000000000000003,0.46968970376127805
2017-02-14 13:00:00,0.41000000000000003,0.4659060458511624
2017-02-14 13:15:00,0.41000000000000003,0.4692171415460708
2017-02-14 13:30:00,0.41000000000000003,0.4688421723029546
2017-02-14 13:45:00,0.41000000000000003,0.4680128769565639
2017-02-14 14:00:00,0.41000000000000003,0.46916039799509973
2017-02-14 14:15:00,0.41000000000000003,0.4723899049048301
2017-02-14 14:30:00,0.41000000000000003,0.47721026321727555
2017-02-14 14:45:00,0.41000000000000003,0.48311534445737764
2017-02-14 15:00:00,0.41000000000000003,0.4852178760410231
2017-02-14 15:15:00,0.41000000000000003,0.4888184412064823
2017-02-14 15:30:00,0.41000000000000003,0.4924193815471109
2017-02-14 15:45:00,0.41000000000000003,0.4957540443500655
2017-02-14 16:00:00,0.41000000000000003,0.5008745370134831
2017-02-14 16:15:00,0.41000000000000003,0.5050760705808438
2017-02-14 16:30:00,0.41000000000000003,0.5042130326707673
2017-02-14 16:45:00,0.41000000000000003,0.5054867938693707
2017-02-14 17:00:00,0.41000000000000003,0.5103722946931711
2017-02-14 17:15:00,0.41000000000000003,0.5064622661400549
2017-02-14 17:30:00,0.41000000000000003,0.4981894358034133
2017-02-14 17:45:00,0.41000000000000003,0.4937689667616439
2017-02-14 18:00:00,0.41000000000000003,0.48700631336023387
2017-02-14 18:15:00,0.41000000000000003,0.4794989522796979
2017-02-14 18:30:00,0.41000000000000003,0.48214981618881997
2017-02-14 18:45:00,0.41000000000000003,0.4870359568129267
2017-02-14 19:00:00,0.41000000000000003,0.4893031141647382
2017-02-14 19:15:00,0.41000000000000003,0.4988865589910489
2017-02-14 19:30:00,0.41000000000000003,0.49918642881229175
2017-02-14 19:45:00,0.41000000000000003,0.501243366647071
2017-02-14 20:00:00,0.41000000000000003,0.5056944665475952
2017-02-14 20:15:00,0.41000000000000003,0.508686207631171
2017-02-14 20:30:00,0.41000000000000003,0.5121557778111676
2017-02-14 20:45:00,0.41000000000000003,0.511145696839319
2017-02-14 21:00:00,0.41000000000000003,0.5111404784058516
2017-02-14 21:15:00,0.41000000000000003,0.5157872503623558
2017-02-14 21:30:00,0.41000000000000003,0.5204475180523844
2017-02-14 21:45:00,0.41000000000000003,0.5262686311248878
2017-02-14 22:00:00,0.41000000000000003,0.534387112781196
2017-02-14 22:15:00,0.41000000000000003,0.5379189990543177
2017-02-14 22:30:00,0.41000000000000003,0.5344136501553551
2017-02-14 22:45:00,0.41000000000000003,0.535893926733042
2017-02-14 23:00:00,0.41000000000000003,0.5377332373487089
2017-02-14 23:15:00,0.41000000000000003,0.5499761473364286
2017-02-14 23:30:00,0.41000000000000003,0.5515023433026842
2017-02-14 23:45:00,0.41000000000000003,0.5548128223206849
2017-02-15 00:00:00,0.3973114119922631,0.5586774283075568
2017-02-15 00:15:00,0.3973114119922631,0.5558484519525302
2017-02-15 00:30:00,0.3973114119922631,0.5537886450636086
2017-02-15 00:45:00,0.3973114119922631,0.5517266969421998
2017-02-15 01:00:00,0.3973114119922631,0.5521402552658905
2017-02-15 01:15:00,0.3973114119922631,0.5574202499688143
2017-02-15 01:30:00,0.3973114119922631,0.5584989803794365
2017-02-15 01:45:00,0.3973114119922631,0.5588547264283024
2017-02-15 02:00:00,0.3973114119922631,0.565711916631999
2017-02-15 02:15:00,0.3973114119922631,0.5651309098540492
2017-02-15 02:30:00,0.3973114119922631,0.5628453121926169
2017-02-15 02:45:00,0.3973114119922631,0.5647901735903722
2017-02-15 03:00:00,0.3973114119922631,0.5647910899530769
2017-02-15 03:15:00,0.3973114119922631,0.560996430828313
2017-02-15 03:30:00,0.3973114119922631,0.5633599766619987
2017-02-15 03:45:00,0.3973114119922631,0.5648563782987304
2017-02-15 04:00:00,0.3973114119922631,0.5655753087174434
2017-02-15 04:15:00,0.3973114119922631,0.5634332512069977
2017-02-15 04:30:00,0.3973114119922631,0.5623493382770101
2017-02-15 04:45:00,0.3973114119922631,0.5592848544139314
2017-02-15 05:00:00,0.3973114119922631,0.5553466230779323
2017-02-15 05:15:00,0.3973114119922631,0.5523314415080754
2017-02-15 05:30:00,0.3973114119922631,0.5473860039113445
2017-02-15 05:45:00,0.3973114119922631,0.5421582612292302
2017-02-15 06:00:00,0.3973114119922631,0.5343326346572106
2017-02-15 06:15:00,0.3973114119922631,0.5299868626585531
2017-02-15 06:30:00,0.3973114119922631,0.5263542282686774
2017-02-15 06:45:00,0.3973114119922631,0.5172745004205114
2017-02-15 07:00:00,0.3973114119922631,0.5074026723038803
2017-02-15 07:15:00,0.3973114119922631,0.5025924742681561
2017-02-15 07:30:00,0.3973114119922631,0.5011374882902065
2017-02-15 07:45:00,0.3973114119922631,0.49621750488896355
2017-02-15 08:00:00,0.3941392649903288,0.48854880231495207
2017-02-15 08:15:00,0.3925531914893617,0.4866253563594259
2017-02-15 08:30:00,0.39096711798839456,0.48438222213330073
2017-02-15 08:45:00,0.39096711798839456,0.48416305558348366
2017-02-15 09:00:00,0.39096711798839456,0.48284984371398115
2017-02-15 09:15:00,0.39096711798839456,0.47732202312603383
2017-02-15 09:30:00,0.39096711798839456,0.47129690373920946
2017-02-15 09:45:00,0.39096711798839456,0.4659040623124996
2017-02-15 10:00:00,0.39096711798839456,0.45814985516721735
2017-02-15 10:15:00,0.39096711798839456,0.45631546399311174
2017-02-15 10:30:00,0.39096711798839456,0.45366444551573215
2017-02-15 10:45:00,0.39096711798839456,0.4508789983700318
2017-02-15 11:00:00,0.39096711798839456,0.4507855292416531
2017-02-15 11:15:00,0.39096711798839456,0.44953246944994646
2017-02-15 11:30:00,0.39096711798839456,0.44772001045939663
2017-02-15 11:45:00,0.39096711798839456,0.4458102842512791
2017-02-15 12:00:00,0.39096711798839456,0.44536100088265806
2017-02-15 12:15:00,0.39096711798839456,0.44325526460388315
2017-02-15 12:30:00,0.39096711798839456,0.4423533366472678
2017-02-15 12:45:00,0.39096711798839456,0.44105777750463776
2017-02-15 13:00:00,0.39096711798839456,0.4403807798292578
2017-02-15 13:15:00,0.39096711798839456,0.4509292218156099
2017-02-15 13:30:00,0.39096711798839456,0.4447673249735786
2017-02-15 13:45:00,0.39096711798839456,0.45224507535736946
2017-02-15 14:00:00,0.39096711798839456,0.46009413826105705
2017-02-15 14:15:00,0.39096711798839456,0.4614188108778176
2017-02-15 14:30:00,0.39096711798839456,0.4618937916739543
2017-02-15 14:45:00,0.39096711798839456,0.4603167092901574
2017-02-15 15:00:00,0.39096711798839456,0.45254847403276627
2017-02-15 15:15:00,0.39096711798839456,0.4530286868743924
2017-02-15 15:30:00,0.39096711798839456,0.4625483318752879
2017-02-15 15:45:00,0.39096711798839456,0.47078435997856904
2017-02-15 16:00:00,0.39096711798839456,0.4779441861317767
2017-02-15 16:15:00,0.39096711798839456,0.4784336045350766
2017-02-15 16:30:00,0.39096711798839456,0.47913807099525557
2017-02-15 16:45:00,0.39096711798839456,0.47864096142853224
2017-02-15 17:00:00,0.39096711798839456,0.4784059197634309
2017-02-15 17:15:00,0.3988974854932302,0.4786834922526227
2017-02-15 17:30:00,0.3988974854932302,0.4775824468202406
2017-02-15 17:45:00,0.3988974854932302,0.47890115771385516
2017-02-15 18:00:00,0.3988974854932302,0.4777275060170403
2017-02-15 18:15:00,0.4052417794970986,0.4737765675570134
2017-02-15 18:30:00,0.4052417794970986,0.4699994760462242
2017-02-15 18:45:00,0.4052417794970986,0.4638601068913679
2017-02-15 19:00:00,0.4052417794970986,0.4695796091195095
2017-02-15 19:15:00,0.4052417794970986,0.47788763953640767
2017-02-15 19:30:00,0.4052417794970986,0.49031830947926286
2017-02-15 19:45:00,0.4052417794970986,0.48976936794469567
2017-02-15 20:00:00,0.4052417794970986,0.4934009915834836
2017-02-15 20:15:00,0.4052417794970986,0.49783175603883695
2017-02-15 20:30:00,0.4052417794970986,0.4980203985322143
2017-02-15 20:45:00,0.4052417794970986,0.5003980854472766
2017-02-15 21:00:00,0.4052417794970986,0.49782473395497256
2017-02-15 21:15:00,0.37352030947775633,0.4965540808078592
2017-02-15 21:30:00,0.37034816247582203,0.5000480771237732
2017-02-15 21:45:00,0.3687620889748549,0.5029861714161423
2017-02-15 22:00:00,0.3687620889748549,0.4987632890143049
2017-02-15 22:15:00,0.3687620889748549,0.4993962065404524
2017-02-15 22:30:00,0.3687620889748549,0.5004911470062278
2017-02-15 22:45:00,0.3687620889748549,0.5028949154019017
2017-02-15 23:00:00,0.3687620889748549,0.5036409132134324
2017-02-15 23:15:00,0.3687620889748549,0.503564577953594
2017-02-15 23:30:00,0.3687620889748549,0.5029077845393926
2017-02-15 23:45:00,0.3687620889748549,0.5037485591100057
2017-02-16 00:00:00,0.37352030947775633,0.5037793688954466
2017-02-16 00:15:00,0.37352030947775633,0.5073318159166967
2017-02-16 00:30:00,0.37352030947775633,0.5125614994761513
2017-02-16 00:45:00,0.37352030947775633,0.5180890002897053
2017-02-16 01:00:00,0.37352030947775633,0.523024759582378
2017-02-16 01:15:00,0.37352030947775633,0.5271835593409113
2017-02-16 01:30:00,0.37352030947775633,0.527093396634849
2017-02-16 01:45:00,0.37352030947775633,0.5289057680976341
2017-02-16 02:00:00,0.37352030947775633,0.5338566644874129
2017-02-16 02:15:00,0.37352030947775633,0.5317134183392527
2017-02-16 02:30:00,0.37352030947775633,0.5301590221679648
2017-02-16 02:45:00,0.37352030947775633,0.5299047042929866
2017-02-16 03:00:00,0.37352030947775633,0.5311131255262467
2017-02-16 03:15:00,0.37352030947775633,0.5278853119040324
2017-02-16 03:30:00,0.37352030947775633,0.52624927887522
2017-02-16 03:45:00,0.37352030947775633,0.5237438024062541
2017-02-16 04:00:00,0.37352030947775633,0.5213793680845726
2017-02-16 04:15:00,0.37352030947775633,0.5163708344650549
2017-02-16 04:30:00,0.37352030947775633,0.509389297201075
2017-02-16 04:45:00,0.37352030947775633,0.5069766935404599
2017-02-16 05:00:00,0.37352030947775633,0.5037747786024425
2017-02-16 05:15:00,0.37352030947775633,0.5035280033403464
2017-02-16 05:30:00,0.37352030947775633,0.5024160566062099
2017-02-16 05:45:00,0.37510638297872334,0.5012912838107492
2017-02-16 06:00:00,0.37510638297872334,0.4978317055034858
2017-02-16 06:15:00,0.37510638297872334,0.4949280514589639
2017-02-16 06:30:00,0.37510638297872334,0.49440505576534577
2017-02-16 06:45:00,0.37510638297872334,0.49473734500696903
2017-02-16 07:00:00,0.37510638297872334,0.4801398864958976
2017-02-16 07:15:00,0.37510638297872334,0.4698745899080589
2017-02-16 07:30:00,0.37510638297872334,0.46704001907253584
2017-02-16 07:45:00,0.37510638297872334,0.4657461800968785
2017-02-16 08:00:00,0.37510638297872334,0.45743158058158284
2017-02-16 08:15:00,0.37510638297872334,0.45462355508680724
2017-02-16 08:30:00,0.37510638297872334,0.4463526696835088
2017-02-16 08:45:00,0.37352030947775633,0.43843559210022803
2017-02-16 09:00:00,0.37352030947775633,0.4309499621813255
2017-02-16 09:15:00,0.37352030947775633,0.42592660845428554
2017-02-16 09:30:00,0.37352030947775633,0.42008146404729096
2017-02-16 09:45:00,0.37352030947775633,0.4143550737359574
2017-02-16 10:00:00,0.37352030947775633,0.40749175552718375
2017-02-16 10:15:00,0.37352030947775633,0.41045526430590235
2017-02-16 10:30:00,0.37352030947775633,0.4069439359136884
2017-02-16 10:45:00,0.37352030947775633,0.4086015535485654
2017-02-16 11:00:00,0.37352030947775633,0.40724183347599396
2017-02-16 11:15:00,0.37352030947775633,0.40558632952658524
2017-02-16 11:30:00,0.37352030947775633,0.4035338357430447
2017-02-16 11:45:00,0.37352030947775633,0.4045096158250308
2017-02-16 12:00:00,0.37352030947775633,0.40724273628819496
2017-02-16 12:15:00,0.37352030947775633,0.4083262672982539
2017-02-16 12:30:00,0.37352030947775633,0.41115379386924256
2017-02-16 12:45:00,0.37352030947775633,0.4139078941181663
2017-02-16 13:00:00,0.37352030947775633,0.4172412844240917
2017-02-16 13:15:00,0.37352030947775633,0.41987387288548267
2017-02-16 13:30:00,0.37352030947775633,0.42129991417574025
2017-02-16 13:45:00,0.37352030947775633,0.4234944668273724
2017-02-16 14:00:00,0.37352030947775633,0.425070655991265
2017-02-16 14:15:00,0.37352030947775633,0.4236974793417293
2017-02-16 14:30:00,0.37352030947775633,0.42174820939401253
2017-02-16 14:45:00,0.37352030947775633,0.4439297077776482
2017-02-16 15:00:00,0.37352030947775633,0.42038542613149765
2017-02-16 15:15:00,0.37352030947775633,0.4294439718498847
2017-02-16 15:30:00,0.37352030947775633,0.44156003897269785
2017-02-16 15:45:00,0.37352030947775633,0.4499558650924639
2017-02-16 16:00:00,0.37352030947775633,0.4586682598236309
2017-02-16 16:15:00,0.37510638297872334,0.46218651572073616
2017-02-16 16:30:00,0.3766924564796905,0.46765474395953055
2017-02-16 16:45:00,0.38303675048355895,0.471562109077023
2017-02-16 17:00:00,0.3846228239845261,0.4765762999033602
2017-02-16 17:15:00,0.3877949709864604,0.4741430129322104
2017-02-16 17:30:00,0.3877949709864604,0.47218862443781984
2017-02-16 17:45:00,0.3877949709864604,0.4704937144409352
2017-02-16 18:00:00,0.3877949709864604,0.46826174701357326
2017-02-16 18:15:00,0.3877949709864604,0.4601849542588666
2017-02-16 18:30:00,0.3877949709864604,0.45210903421733695
2017-02-16 18:45:00,0.3877949709864604,0.451124662171298
2017-02-16 19:00:00,0.3877949709864604,0.44637478007317516
2017-02-16 19:15:00,0.3877949709864604,0.45767207860901127
2017-02-16 19:30:00,0.3877949709864604,0.4675389189966919
2017-02-16 19:45:00,0.3877949709864604,0.46382799366895977
2017-02-16 20:00:00,0.3877949709864604,0.46005760871373114
2017-02-16 20:15:00,0.38620889748549325,0.4656247571126356
2017-02-16 20:30:00,0.37510638297872334,0.4697770053282623
2017-02-16 20:45:00,0.37510638297872334,0.4751608209088331
2017-02-16 21:00:00,0.37510638297872334,0.48029738672027356
2017-02-16 21:15:00,0.37352030947775633,0.48256918422187123
2017-02-16 21:30:00,0.37034816247582203,0.4855496980232238
2017-02-16 21:45:00,0.36558994197292066,0.49026468545880175
2017-02-16 22:00:00,0.3640038684719536,0.4926999251504973
2017-02-16 22:15:00,0.3640038684719536,0.49730867883001595
2017-02-16 22:30:00,0.3640038684719536,0.5002132942049085
2017-02-16 22:45:00,0.3640038684719536,0.5047909038902073
2017-02-16 23:00:00,0.3640038684719536,0.5132719743021517
2017-02-16 23:15:00,0.3640038684719536,0.5176167087372688
2017-02-16 23:30:00,0.3640038684719536,0.5133147704851058
2017-02-16 23:45:00,0.3640038684719536,0.5121019714093623
2017-02-17 00:00:00,0.36717601547388784,0.511298233661751
2017-02-17 00:15:00,0.36717601547388784,0.5147500098545005
2017-02-17 00:30:00,0.36717601547388784,0.5183588635946998
2017-02-17 00:45:00,0.36717601547388784,0.5208074707945891
2017-02-17 01:00:00,0.36717601547388784,0.5244273297638721
2017-02-17 01:15:00,0.36717601547388784,0.5252664220233073
2017-02-17 01:30:00,0.36717601547388784,0.5245860712903135
2017-02-17 01:45:00,0.36717601547388784,0.5286837170160553
2017-02-17 02:00:00,0.36717601547388784,0.5285527105770246
2017-02-17 02:15:00,0.36717601547388784,0.5311623755503865
2017-02-17 02:30:00,0.36717601547388784,0.5321632252854492
2017-02-17 02:45:00,0.36717601547388784,0.5316533501130094
2017-02-17 03:00:00,0.36717601547388784,0.5315608308980463
2017-02-17 03:15:00,0.36717601547388784,0.5272549977948701
2017-02-17 03:30:00,0.36717601547388784,0.5260946759113561
2017-02-17 03:45:00,0.36717601547388784,0.52362573325859
2017-02-17 04:00:00,0.36717601547388784,0.5172542417289264
2017-02-17 04:15:00,0.36717601547388784,0.5161459510833222
2017-02-17 04:30:00,0.36717601547388784,0.5141206470441928
2017-02-17 04:45:00,0.36717601547388784,0.5094394628314364
2017-02-17 05:00:00,0.36717601547388784,0.5070031848739738
2017-02-17 05:15:00,0.36717601547388784,0.5065297991892243
2017-02-17 05:30:00,0.36717601547388784,0.5050826818386532
2017-02-17 05:45:00,0.36717601547388784,0.502678438266607
2017-02-17 06:00:00,0.36717601547388784,0.49761177961714204
2017-02-17 06:15:00,0.3687620889748549,0.49191909513795884
2017-02-17 06:30:00,0.37034816247582203,0.48330367874079344
2017-02-17 06:45:00,0.37034816247582203,0.4722320623475521
2017-02-17 07:00:00,0.37034816247582203,0.46686608770896987
2017-02-17 07:15:00,0.37034816247582203,0.4628324570495518
2017-02-17 07:30:00,0.37034816247582203,0.4542517754852765
2017-02-17 07:45:00,0.37034816247582203,0.4500961709805423
2017-02-17 08:00:00,0.37034816247582203,0.44541574549346813
2017-02-17 08:15:00,0.37034816247582203,0.4440647216020015
2017-02-17 08:30:00,0.37034816247582203,0.4499496681276508
2017-02-17 08:45:00,0.37034816247582203,0.44286168840383616
2017-02-17 09:00:00,0.37034816247582203,0.4355067370458318
2017-02-17 09:15:00,0.37034816247582203,0.4285677025998069
2017-02-17 09:30:00,0.35290135396518374,0.4232544376739623
2017-02-17 09:45:00,0.3449709864603482,0.41864794463716765
2017-02-17 10:00:00,0.3402127659574468,0.41361518003332853
2017-02-17 10:15:00,0.3402127659574468,0.40496610259857047
2017-02-17 10:30:00,0.3402127659574468,0.3987755176316991
2017-02-17 10:45:00,0.33704061895551257,0.39236381304997364
2017-02-17 11:00:00,0.9988888888888889,0.3809964643534574
2017-02-17 11:15:00,0.9988888888888889,0.37896930346855473
2017-02-17 11:30:00,0.9988888888888889,0.3834490438666593
2017-02-17 11:45:00,0.9988888888888889,0.38667650396196435
2017-02-17 12:00:00,0.9988888888888889,0.3903538306123323
2017-02-17 12:15:00,0.9988888888888889,0.38325783444554407
2017-02-17 12:30:00,0.9988888888888889,0.3853663090836034
2017-02-17 12:45:00,0.9988888888888889,0.38287598168770043
2017-02-17 13:00:00,0.9988888888888889,0.37623779676922736
2017-02-17 13:15:00,0.9988888888888889,0.3727014803878576
2017-02-17 13:30:00,0.9988888888888889,0.37342281161268764
2017-02-17 13:45:00,0.9988888888888889,0.3743029007572412
2017-02-17 14:00:00,0.9988888888888889,0.37596565166028306
2017-02-17 14:15:00,0.9988888888888889,0.3854023130231433
2017-02-17 14:30:00,0.9988888888888889,0.3968909917065257
2017-02-17 14:45:00,0.33545454545454545,0.40728986370965514
2017-02-17 15:00:00,0.3402127659574468,0.41571644905706967
2017-02-17 15:15:00,0.343384912959381,0.418695546160269
2017-02-17 15:30:00,0.3449709864603482,0.4219064101238941
2017-02-17 15:45:00,0.34655705996131525,0.4250119234087001
2017-02-17 16:00:00,0.4536363636363636,0.4283611838089251
2017-02-17 16:15:00,0.4536363636363636,0.4352366088580881
2017-02-17 16:30:00,0.4536363636363636,0.4420914058148667
2017-02-17 16:45:00,0.4536363636363636,0.44994887228145886
2017-02-17 17:00:00,0.4536363636363636,0.4406694125350032
2017-02-17 17:15:00,0.356073500967118,0.4432156233857759
2017-02-17 17:30:00,0.356073500967118,0.4263110807554384
2017-02-17 17:45:00,0.356073500967118,0.42375600698785165
2017-02-17 18:00:00,0.356073500967118,0.41135218321937905
2017-02-17 18:15:00,0.356073500967118,0.4040597935929815
2017-02-17 18:30:00,0.356073500967118,0.3990431145180907
2017-02-17 18:45:00,0.356073500967118,0.4056923033747827
2017-02-17 19:00:00,0.356073500967118,0.4157986468802648
2017-02-17 19:15:00,0.356073500967118,0.41717503338918005
2017-02-17 19:30:00,0.3449709864603482,0.4188131067853747
2017-02-17 19:45:00,0.343384912959381,0.4225891158049225
2017-02-17 20:00:00,0.343384912959381,0.42107548888437385
2017-02-17 20:15:00,0.343384912959381,0.42773331884836224
2017-02-17 20:30:00,0.343384912959381,0.4371173283414399
2017-02-17 20:45:00,0.343384912959381,0.4457474173532004
2017-02-17 21:00:00,0.343384912959381,0.4527091208018509
2017-02-17 21:15:00,0.343384912959381,0.4579046256483014
2017-02-17 21:30:00,0.343384912959381,0.4627799924548552
2017-02-17 21:45:00,0.343384912959381,0.4690316765588351
2017-02-17 22:00:00,0.343384912959381,0.47375288618712685
2017-02-17 22:15:00,0.3402127659574468,0.4745040762383282
2017-02-17 22:30:00,0.33545454545454545,0.4792219829378422
2017-02-17 22:45:00,0.9988888888888889,0.4699479231794874
2017-02-17 23:00:00,0.9988888888888889,0.4652296694759806
2017-02-17 23:15:00,0.9988888888888889,0.4760211866378537
2017-02-17 23:30:00,0.9988888888888889,0.48161333648062254
2017-02-17 23:45:00,0.9988888888888889,0.49692211842634554
2017-02-18 00:00:00,0.4536363636363636,0.505676628556273
2017-02-18 00:15:00,0.9988888888888889,0.5003062554959782
2017-02-18 00:30:00,0.9988888888888889,0.4936050145158257
2017-02-18 00:45:00,0.9988888888888889,0.48789011494593754
2017-02-18 01:00:00,0.9988888888888889,0.48277396532698735
2017-02-18 01:15:00,0.9988888888888889,0.47866392836786353
2017-02-18 01:30:00,0.9988888888888889,0.4749461414228276
2017-02-18 01:45:00,0.9988888888888889,0.47315312702815226
2017-02-18 02:00:00,0.9988888888888889,0.4773989431136191
2017-02-18 02:15:00,0.9988888888888889,0.4837020340146005
2017-02-18 02:30:00,0.9988888888888889,0.4863426624728194
2017-02-18 02:45:00,0.9988888888888889,0.48809770565040944
2017-02-18 03:00:00,0.9988888888888889,0.49010233204459747
2017-02-18 03:15:00,0.9988888888888889,0.48643368620957
2017-02-18 03:30:00,0.9988888888888889,0.48513345425702137
2017-02-18 03:45:00,0.9988888888888889,0.4850919128832966
2017-02-18 04:00:00,0.9988888888888889,0.4722924661762915
2017-02-18 04:15:00,0.9988888888888889,0.47834398223447994
2017-02-18 04:30:00,0.9988888888888889,0.48126042509761974
2017-02-18 04:45:00,0.9988888888888889,0.48030837242003266
2017-02-18 05:00:00,0.9988888888888889,0.4824204663573777
2017-02-18 05:15:00,0.9988888888888889,0.48532461411184014
2017-02-18 05:30:00,0.9988888888888889,0.4938163625888778
2017-02-18 05:45:00,0.9988888888888889,0.5056736561596981
2017-02-18 06:00:00,0.9988888888888889,0.5199756308529895
2017-02-18 06:15:00,0.9988888888888889,0.5376337149769748
2017-02-18 06:30:00,0.9988888888888889,0.5433202194053425
2017-02-18 06:45:00,0.9988888888888889,0.5360306611155342
2017-02-18 07:00:00,0.9988888888888889,0.529524178741666
2017-02-18 07:15:00,0.9988888888888889,0.5234845059874146
2017-02-18 07:30:00,0.9988888888888889,0.5191072173345203
2017-02-18 07:45:00,0.9988888888888889,0.5087178975504628
2017-02-18 08:00:00,0.9988888888888889,0.5016805272659983
2017-02-18 08:15:00,0.9988888888888889,0.5018738612643537
2017-02-18 08:30:00,0.9988888888888889,0.49024700667497545
2017-02-18 08:45:00,0.9988888888888889,0.4834757238481854
2017-02-18 09:00:00,0.9988888888888889,0.46053809925275785
2017-02-18 09:15:00,0.9988888888888889,0.45166314615765935
2017-02-18 09:30:00,0.9988888888888889,0.4304575338595643
2017-02-18 09:45:00,0.9988888888888889,0.4228918846366261
2017-02-18 10:00:00,0.9988888888888889,0.41012358987418096
2017-02-18 10:15:00,0.9988888888888889,0.39539429389216196
2017-02-18 10:30:00,0.9988888888888889,0.38778927958247533
2017-02-18 10:45:00,0.9988888888888889,0.3806754510751552
2017-02-18 11:00:00,0.9988888888888889,0.3846076467267515
2017-02-18 11:15:00,0.9988888888888889,0.3805884866012591
2017-02-18 11:30:00,0.9988888888888889,0.37941466945087715
2017-02-18 11:45:00,0.9988888888888889,0.3802018070232277
2017-02-18 12:00:00,0.9988888888888889,0.3797644652338505
2017-02-18 12:15:00,0.9988888888888889,0.382652585977587
2017-02-18 12:30:00,0.9988888888888889,0.39305480210298815
2017-02-18 12:45:00,0.9988888888888889,0.39265431528624584
2017-02-18 13:00:00,0.9988888888888889,0.4085435930273942
2017-02-18 13:15:00,0.9988888888888889,0.3993516693057406
2017-02-18 13:30:00,0.9988888888888889,0.39127710641211666
2017-02-18 13:45:00,0.9988888888888889,0.39145241714356444
2017-02-18 14:00:00,0.9988888888888889,0.4034206724024768
2017-02-18 14:15:00,0.9988888888888889,0.38687452564100283
2017-02-18 14:30:00,0.9988888888888889,0.38557422499421984
2017-02-18 14:45:00,0.9988888888888889,0.38868398362063605
2017-02-18 15:00:00,0.9988888888888889,0.39034635715950294
2017-02-18 15:15:00,0.9988888888888889,0.40440474250546926
2017-02-18 15:30:00,0.9988888888888889,0.4145562832885952
2017-02-18 15:45:00,0.9988888888888889,0.4370446157797735
2017-02-18 16:00:00,0.9988888888888889,0.4555848960271587
2017-02-18 16:15:00,0.9988888888888889,0.4913493806356756
2017-02-18 16:30:00,0.3417988394584139,0.5059018453288858
2017-02-18 16:45:00,0.36717601547388784,0.5186210859555945
2017-02-18 17:00:00,0.36717601547388784,0.5194971543397704
2017-02-18 17:15:00,0.36717601547388784,0.5138866608444159
2017-02-18 17:30:00,0.36717601547388784,0.4976435185477372
2017-02-18 17:45:00,0.36717601547388784,0.49493480337758855
2017-02-18 18:00:00,0.36717601547388784,0.4838537351283195
2017-02-18 18:15:00,0.36717601547388784,0.4996895291085745
2017-02-18 18:30:00,0.36717601547388784,0.498010008469505
2017-02-18 18:45:00,0.4536363636363636,0.4886074016045527
2017-02-18 19:00:00,0.36717601547388784,0.4981383303919261
2017-02-18 19:15:00,0.36717601547388784,0.5073092842024088
2017-02-18 19:30:00,0.36717601547388784,0.5040417326684207
2017-02-18 19:45:00,0.36558994197292066,0.5038678951599928
2017-02-18 20:00:00,0.35924564796905223,0.5055663140738856
2017-02-18 20:15:00,0.35924564796905223,0.5120706022776155
2017-02-18 20:30:00,0.3576595744680851,0.5228343932127862
2017-02-18 20:45:00,0.3576595744680851,0.5320016040601229
2017-02-18 21:00:00,0.3576595744680851,0.5385019490258931
2017-02-18 21:15:00,0.3576595744680851,0.5472458570979615
2017-02-18 21:30:00,0.3576595744680851,0.5460163863672775
2017-02-18 21:45:00,0.3576595744680851,0.5437342670698961
2017-02-18 22:00:00,0.3576595744680851,0.5409221678496516
2017-02-18 22:15:00,0.35448742746615086,0.5502281948888766
2017-02-18 22:30:00,0.35448742746615086,0.5505471443025836
2017-02-18 22:45:00,0.35448742746615086,0.5491383761111449
2017-02-18 23:00:00,0.35290135396518374,0.55288914548161
2017-02-18 23:15:00,0.3513152804642166,0.5534479176041733
2017-02-18 23:30:00,0.3481431334622824,0.555411337987436
2017-02-18 23:45:00,0.34655705996131525,0.5560656436061934
2017-02-19 00:00:00,0.343384912959381,0.5582096218513217
2017-02-19 00:15:00,0.4536363636363636,0.5508961751902508
2017-02-19 00:30:00,0.9988888888888889,0.5249829260708532
2017-02-19 00:45:00,0.9988888888888889,0.49564016877016265
2017-02-19 01:00:00,0.9988888888888889,0.46524006629172626
2017-02-19 01:15:00,0.9988888888888889,0.4831111515540737
2017-02-19 01:30:00,0.9988888888888889,0.49776544645792076
2017-02-19 01:45:00,0.9988888888888889,0.5096398809563754
2017-02-19 02:00:00,0.9988888888888889,0.5219233357838697
2017-02-19 02:15:00,0.9988888888888889,0.5201719321755938
2017-02-19 02:30:00,0.9988888888888889,0.5194638860047792
2017-02-19 02:45:00,0.9988888888888889,0.5175076088089755
2017-02-19 03:00:00,0.9988888888888889,0.5129846099727556
2017-02-19 03:15:00,0.9988888888888889,0.5138126765504069
2017-02-19 03:30:00,0.9988888888888889,0.5129870718664206
2017-02-19 03:45:00,0.9988888888888889,0.5142830015443859
2017-02-19 04:00:00,0.9988888888888889,0.5156295839883698
2017-02-19 04:15:00,0.9988888888888889,0.5200088211040016
2017-02-19 04:30:00,0.9988888888888889,0.5265412105722542
2017-02-19 04:45:00,0.9988888888888889,0.5293693062039218
2017-02-19 05:00:00,0.9988888888888889,0.5322906525914758
2017-02-19 05:15:00,0.9988888888888889,0.5308647029852102
2017-02-19 05:30:00,0.9988888888888889,0.5281881662868214
2017-02-19 05:45:00,0.9988888888888889,0.5233689967928669
2017-02-19 06:00:00,0.9988888888888889,0.5182506033059963
2017-02-19 06:15:00,0.9988888888888889,0.5145577681949424
2017-02-19 06:30:00,0.9988888888888889,0.5097785295048897
2017-02-19 06:45:00,0.9988888888888889,0.5035202059383451
2017-02-19 07:00:00,0.9988888888888889,0.5028359933679925
2017-02-19 07:15:00,0.9988888888888889,0.49807233665408174
2017-02-19 07:30:00,0.9988888888888889,0.4796566805823236
2017-02-19 07:45:00,0.9988888888888889,0.48389282376262943
2017-02-19 08:00:00,0.9988888888888889,0.4805608659409279
2017-02-19 08:15:00,0.9988888888888889,0.46195128751158565
2017-02-19 08:30:00,0.9988888888888889,0.4327327072961967
2017-02-19 08:45:00,0.9988888888888889,0.41801287548721117
2017-02-19 09:00:00,0.9988888888888889,0.40267128292412585
2017-02-19 09:15:00,0.9988888888888889,0.3943894648223992
2017-02-19 09:30:00,0.9988888888888889,0.3937220735607301
2017-02-19 09:45:00,0.9988888888888889,0.38581687533287345
2017-02-19 10:00:00,0.9988888888888889,0.39023980951120857
2017-02-19 10:15:00,0.9988888888888889,0.3826580178322273
2017-02-19 10:30:00,0.9988888888888889,0.37499037682512776
2017-02-19 10:45:00,0.9988888888888889,0.3796419902699361
2017-02-19 11:00:00,0.9988888888888889,0.3812204783218765
2017-02-19 11:15:00,0.9988888888888889,0.37644579457249044
2017-02-19 11:30:00,0.9988888888888889,0.37183143784949535
2017-02-19 11:45:00,0.9988888888888889,0.37187000574973117
2017-02-19 12:00:00,0.9988888888888889,0.3804059850757741
2017-02-19 12:15:00,0.9988888888888889,0.380013672117668
2017-02-19 12:30:00,0.9988888888888889,0.38251905891236404
2017-02-19 12:45:00,0.9988888888888889,0.3930914029806841
2017-02-19 13:00:00,0.9988888888888889,0.38692917749956035
2017-02-19 13:15:00,0.9988888888888889,0.3896288217203248
2017-02-19 13:30:00,0.9988888888888889,0.38936865922121916
2017-02-19 13:45:00,0.9988888888888889,0.3815880235048211
2017-02-19 14:00:00,0.9988888888888889,0.38518305984471635
2017-02-19 14:15:00,0.9988888888888889,0.37823284876495644
2017-02-19 14:30:00,0.9988888888888889,0.3798633216862847
2017-02-19 14:45:00,0.9988888888888889,0.37719632446984064
2017-02-19 15:00:00,0.9988888888888889,0.3777455057547015
2017-02-19 15:15:00,0.9988888888888889,0.3749076352812486
2017-02-19 15:30:00,0.9988888888888889,0.3862800744413204
2017-02-19 15:45:00,0.9988888888888889,0.40801875846777363
2017-02-19 16:00:00,0.9988888888888889,0.43861671703555993
2017-02-19 16:15:00,0.9988888888888889,0.46601445154628957
2017-02-19 16:30:00,0.9988888888888889,0.4866071890997084
2017-02-19 16:45:00,0.4536363636363636,0.4938508326976169
2017-02-19 17:00:00,0.3449709864603482,0.486281444298657
2017-02-19 17:15:00,0.3449709864603482,0.4902790845319847
2017-02-19 17:30:00,0.3449709864603482,0.49119577356310345
2017-02-19 17:45:00,0.4536363636363636,0.5144554991632933
2017-02-19 18:00:00,0.4536363636363636,0.48198143087139417
2017-02-19 18:15:00,0.3449709864603482,0.45545159761449316
2017-02-19 18:30:00,0.3449709864603482,0.46113362070506436
2017-02-19 18:45:00,0.3449709864603482,0.4538261078606859
2017-02-19 19:00:00,0.3449709864603482,0.4529187717026768
2017-02-19 19:15:00,0.3449709864603482,0.46155471678324217
2017-02-19 19:30:00,0.3449709864603482,0.47403575152100424
2017-02-19 19:45:00,0.3449709864603482,0.46974021195677607
2017-02-19 20:00:00,0.343384912959381,0.46591005424444193
2017-02-19 20:15:00,0.343384912959381,0.4414209637699489
2017-02-19 20:30:00,0.9988888888888889,0.44520795177028366
2017-02-19 20:45:00,0.9988888888888889,0.4391091121692477
2017-02-19 21:00:00,0.9988888888888889,0.4306411522732019
2017-02-19 21:15:00,0.9988888888888889,0.4348211985060684
2017-02-19 21:30:00,0.9988888888888889,0.4410774672350737
2017-02-19 21:45:00,0.9988888888888889,0.4492546933945902
2017-02-19 22:00:00,0.9988888888888889,0.44585024864352857
2017-02-19 22:15:00,0.9988888888888889,0.4286634966956461
2017-02-19 22:30:00,0.9988888888888889,0.44363334013392636
2017-02-19 22:45:00,0.9988888888888889,0.4392432237601351
2017-02-19 23:00:00,0.9988888888888889,0.43037150170455607
2017-02-19 23:15:00,0.9988888888888889,0.41579665302679103
2017-02-19 23:30:00,0.9988888888888889,0.40013895890360957
2017-02-19 23:45:00,0.9988888888888889,0.3951030785072443
2017-02-20 00:00:00,0.9988888888888889,0.41575146121348217
2017-02-20 00:15:00,0.9988888888888889,0.42209495338567327
2017-02-20 00:30:00,0.9988888888888889,0.4131792491153628
2017-02-20 00:45:00,0.9988888888888889,0.4251558118195591
2017-02-20 01:00:00,0.9988888888888889,0.4363657741455862
2017-02-20 01:15:00,0.9988888888888889,0.4384662006287137
2017-02-20 01:30:00,0.9988888888888889,0.43254930483687487
2017-02-20 01:45:00,0.9988888888888889,0.44079688465190514
2017-02-20 02:00:00,0.9988888888888889,0.42860311966773035
2017-02-20 02:15:00,0.9988888888888889,0.42448925087706835
2017-02-20 02:30:00,0.9988888888888889,0.420878893062985
2017-02-20 02:45:00,0.9988888888888889,0.4185559267195457
2017-02-20 03:00:00,0.9988888888888889,0.4172554421223591
2017-02-20 03:15:00,0.9988888888888889,0.4249101680778221
2017-02-20 03:30:00,0.9988888888888889,0.42789443890365025
2017-02-20 03:45:00,0.9988888888888889,0.42814401201107033
2017-02-20 04:00:00,0.9988888888888889,0.43458496168463057
2017-02-20 04:15:00,0.9988888888888889,0.4378729387523746
2017-02-20 04:30:00,0.9988888888888889,0.4444065019089015
2017-02-20 04:45:00,0.9988888888888889,0.45058901475544066
2017-02-20 05:00:00,0.9988888888888889,0.46231758589576716
2017-02-20 05:15:00,0.9988888888888889,0.4753666284525944
2017-02-20 05:30:00,0.9988888888888889,0.4921215760374969
2017-02-20 05:45:00,0.33704061895551257,0.498747924580403
2017-02-20 06:00:00,0.34655705996131525,0.49385088063704624
2017-02-20 06:15:00,0.3513152804642166,0.48123906866044713
2017-02-20 06:30:00,0.3513152804642166,0.46372057055399263
2017-02-20 06:45:00,0.3513152804642166,0.45373894255615504
2017-02-20 07:00:00,0.3513152804642166,0.4449591744225669
2017-02-20 07:15:00,0.3513152804642166,0.4389692616502362
2017-02-20 07:30:00,0.4536363636363636,0.4558571738101789
2017-02-20 07:45:00,0.3513152804642166,0.42987591341752424
2017-02-20 08:00:00,0.3513152804642166,0.43232056748743775
2017-02-20 08:15:00,0.3513152804642166,0.42740778843833765
2017-02-20 08:30:00,0.3513152804642166,0.42554345927236603
2017-02-20 08:45:00,0.3513152804642166,0.42161578293098406
2017-02-20 09:00:00,0.3513152804642166,0.4125383785879703
2017-02-20 09:15:00,0.3402127659574468,0.4082459197240614
2017-02-20 09:30:00,0.33704061895551257,0.4056237684138918
2017-02-20 09:45:00,0.33704061895551257,0.40341172151465576
2017-02-20 10:00:00,0.33545454545454545,0.39933246249574716
2017-02-20 10:15:00,0.9988888888888889,0.3929202989336756
2017-02-20 10:30:00,0.9988888888888889,0.38827710041222885
2017-02-20 10:45:00,0.9988888888888889,0.3882446074413392
2017-02-20 11:00:00,0.9988888888888889,0.38733303980416384
2017-02-20 11:15:00,0.9988888888888889,0.37824431198382963
2017-02-20 11:30:00,0.9988888888888889,0.36030343353972405
2017-02-20 11:45:00,0.9988888888888889,0.36091478330825333
2017-02-20 12:00:00,0.9988888888888889,0.3533988382604595
2017-02-20 12:15:00,0.9988888888888889,0.3518151797168689
2017-02-20 12:30:00,0.9988888888888889,0.3517059708034926
2017-02-20 12:45:00,0.9988888888888889,0.35198336484324205
2017-02-20 13:00:00,0.9988888888888889,0.3494546621268502
2017-02-20 13:15:00,0.9988888888888889,0.3498768814985218
2017-02-20 13:30:00,0.9988888888888889,0.3524726967143564
2017-02-20 13:45:00,0.9988888888888889,0.3600540653116805
2017-02-20 14:00:00,0.9988888888888889,0.36260944499399966
2017-02-20 14:15:00,0.9988888888888889,0.35856680769496524
2017-02-20 14:30:00,0.9988888888888889,0.3599736126017869
2017-02-20 14:45:00,0.9988888888888889,0.36568357840661553
2017-02-20 15:00:00,0.9988888888888889,0.36826807954187885
2017-02-20 15:15:00,0.9988888888888889,0.3738618107505729
2017-02-20 15:30:00,0.9988888888888889,0.38235160125563306
2017-02-20 15:45:00,0.3386266924564797,0.39650547409871423
2017-02-20 16:00:00,0.34655705996131525,0.4057279566533109
2017-02-20 16:15:00,0.3497292069632495,0.4186215415824167
2017-02-20 16:30:00,0.35290135396518374,0.4308892434297777
2017-02-20 16:45:00,0.39096711798839456,0.44417138112332927
2017-02-20 17:00:00,0.39096711798839456,0.45400369391287454
2017-02-20 17:15:00,0.3925531914893617,0.45583142238462265
2017-02-20 17:30:00,0.3925531914893617,0.4580889851708805
2017-02-20 17:45:00,0.3925531914893617,0.44986536072556366
2017-02-20 18:00:00,0.3925531914893617,0.4502651772699266
2017-02-20 18:15:00,0.3925531914893617,0.4535775748187382
2017-02-20 18:30:00,0.3925531914893617,0.453174079243173
2017-02-20 18:45:00,0.3925531914893617,0.4535130836483617
2017-02-20 19:00:00,0.3925531914893617,0.46345666114821993
2017-02-20 19:15:00,0.3925531914893617,0.466536600788021
2017-02-20 19:30:00,0.3925531914893617,0.4558412184382974
2017-02-20 19:45:00,0.3925531914893617,0.4770073087018018
2017-02-20 20:00:00,0.3925531914893617,0.47541621414371954
2017-02-20 20:15:00,0.3893810444874275,0.47282966902987916
2017-02-20 20:30:00,0.38620889748549325,0.4733410476138854
2017-02-20 20:45:00,0.38303675048355895,0.47280257315666596
2017-02-20 21:00:00,0.37986460348162476,0.47271654870899366
2017-02-20 21:15:00,0.3766924564796905,0.4756676397850935
2017-02-20 21:30:00,0.37510638297872334,0.47929926166217524
2017-02-20 21:45:00,0.37510638297872334,0.48289179367116475
2017-02-20 22:00:00,0.37510638297872334,0.4822585553218545
2017-02-20 22:15:00,0.37510638297872334,0.4809009703985778
2017-02-20 22:30:00,0.37510638297872334,0.47949169327659086
2017-02-20 22:45:00,0.37510638297872334,0.48885790752074226
2017-02-20 23:00:00,0.37510638297872334,0.47962785818592146
2017-02-20 23:15:00,0.37510638297872334,0.48167534855661304
2017-02-20 23:30:00,0.37510638297872334,0.4851851027894778
2017-02-20 23:45:00,0.37510638297872334,0.48873423067855654
2017-02-21 00:00:00,0.38303675048355895,0.49617904811277835
2017-02-21 00:15:00,0.38303675048355895,0.5036398352163454
2017-02-21 00:30:00,0.38303675048355895,0.5103335554275099
2017-02-21 00:45:00,0.38303675048355895,0.5202813140757327
2017-02-21 01:00:00,0.38303675048355895,0.5277420358919517
2017-02-21 01:15:00,0.38303675048355895,0.5270516849091132
2017-02-21 01:30:00,0.38303675048355895,0.5308665528218122
2017-02-21 01:45:00,0.38303675048355895,0.5369644405765848
2017-02-21 02:00:00,0.38303675048355895,0.5424072005136559
2017-02-21 02:15:00,0.38303675048355895,0.5409146943997556
2017-02-21 02:30:00,0.38303675048355895,0.5402457028865141
2017-02-21 02:45:00,0.38303675048355895,0.5410613938541393
2017-02-21 03:00:00,0.38303675048355895,0.540506356150486
2017-02-21 03:15:00,0.38303675048355895,0.5395010464576897
2017-02-21 03:30:00,0.38303675048355895,0.539567816296836
2017-02-21 03:45:00,0.38303675048355895,0.5368409155377761
2017-02-21 04:00:00,0.38303675048355895,0.5342966677898671
2017-02-21 04:15:00,0.38303675048355895,0.5300480609299234
2017-02-21 04:30:00,0.38303675048355895,0.5306280460880968
2017-02-21 04:45:00,0.38303675048355895,0.5298479362940024
2017-02-21 05:00:00,0.38303675048355895,0.5276280376042106
2017-02-21 05:15:00,0.38303675048355895,0.5273351681139015
2017-02-21 05:30:00,0.38303675048355895,0.5253363373850022
2017-02-21 05:45:00,0.38303675048355895,0.5225250831290449
2017-02-21 06:00:00,0.38303675048355895,0.5166151532229232
2017-02-21 06:15:00,0.38303675048355895,0.5110947088515263
2017-02-21 06:30:00,0.38303675048355895,0.5050607172078565
2017-02-21 06:45:00,0.3846228239845261,0.4958797384162318
2017-02-21 07:00:00,0.3846228239845261,0.48463051592888906
2017-02-21 07:15:00,0.3846228239845261,0.4809206330036258
2017-02-21 07:30:00,0.3846228239845261,0.4773042719751069
2017-02-21 07:45:00,0.3846228239845261,0.47173184084802416
2017-02-21 08:00:00,0.3846228239845261,0.46235497118158403
2017-02-21 08:15:00,0.3846228239845261,0.4512116807578337
2017-02-21 08:30:00,0.3846228239845261,0.4408679733073491
2017-02-21 08:45:00,0.3846228239845261,0.4321199593206978
2017-02-21 09:00:00,0.3846228239845261,0.4208142925335704
2017-02-21 09:15:00,0.3846228239845261,0.41526720102780434
2017-02-21 09:30:00,0.3846228239845261,0.41009431705755744
2017-02-21 09:45:00,0.3814506769825919,0.40827939111766054
2017-02-21 10:00:00,0.3814506769825919,0.40992291234461486
2017-02-21 10:15:00,0.3814506769825919,0.41325940664772887
2017-02-21 10:30:00,0.3814506769825919,0.4081189306190518
2017-02-21 10:45:00,0.3814506769825919,0.40658536348371077
2017-02-21 11:00:00,0.3814506769825919,0.40350115354995775
2017-02-21 11:15:00,0.3814506769825919,0.40047674673574424
2017-02-21 11:30:00,0.3814506769825919,0.3986571289877286
2017-02-21 11:45:00,0.3814506769825919,0.40332734837017054
2017-02-21 12:00:00,0.3814506769825919,0.4075078383315725
2017-02-21 12:15:00,0.3814506769825919,0.4064536321269021
2017-02-21 12:30:00,0.3814506769825919,0.4064370208954531
2017-02-21 12:45:00,0.3814506769825919,0.40577679656871946
2017-02-21 13:00:00,0.3814506769825919,0.4099609615113648
2017-02-21 13:15:00,0.3814506769825919,0.4125069239582714
2017-02-21 13:30:00,0.3814506769825919,0.41582203435984744
2017-02-21 13:45:00,0.3814506769825919,0.41924469072035875
2017-02-21 14:00:00,0.3814506769825919,0.4222878026474982
2017-02-21 14:15:00,0.3814506769825919,0.42784910055979136
2017-02-21 14:30:00,0.3814506769825919,0.4337240967705065
2017-02-21 14:45:00,0.3814506769825919,0.4388995516147169
2017-02-21 15:00:00,0.3814506769825919,0.4443789676075455
2017-02-21 15:15:00,0.3814506769825919,0.45408607564908454
2017-02-21 15:30:00,0.3814506769825919,0.4641968391235045
2017-02-21 15:45:00,0.3814506769825919,0.4751108643639981
2017-02-21 16:00:00,0.3846228239845261,0.4860129770501414
2017-02-21 16:15:00,0.3877949709864604,0.49260744910809096
2017-02-21 16:30:00,0.3973114119922631,0.4959493988045146
2017-02-21 16:45:00,0.3973114119922631,0.5108445152390142
2017-02-21 17:00:00,0.3973114119922631,0.5167380487009305
2017-02-21 17:15:00,0.3988974854932302,0.5103906461844354
2017-02-21 17:30:00,0.40365570599613154,0.5035029474755345
2017-02-21 17:45:00,0.40682785299806573,0.498851228371001
2017-02-21 18:00:00,0.40682785299806573,0.49518266448225673
2017-02-21 18:15:00,0.40682785299806573,0.48487176963614687
2017-02-21 18:30:00,0.40682785299806573,0.4919707091088309
2017-02-21 18:45:00,0.40682785299806573,0.4976584995007031
2017-02-21 19:00:00,0.40682785299806573,0.4920039054645658
2017-02-21 19:15:00,0.40682785299806573,0.49802886031608246
2017-02-21 19:30:00,0.40682785299806573,0.5060388368107633
2017-02-21 19:45:00,0.40682785299806573,0.5167241476708833
2017-02-21 20:00:00,0.40682785299806573,0.5140027549617742
2017-02-21 20:15:00,0.40682785299806573,0.5208716968470153
2017-02-21 20:30:00,0.40682785299806573,0.5211979702426961
2017-02-21 20:45:00,0.3941392649903288,0.5226121117330552
2017-02-21 21:00:00,0.3893810444874275,0.5226754090246556
2017-02-21 21:15:00,0.3893810444874275,0.5286964767111991
2017-02-21 21:30:00,0.3893810444874275,0.5320042206665639
2017-02-21 21:45:00,0.3893810444874275,0.5354514427821021
2017-02-21 22:00:00,0.3893810444874275,0.5380219433979396
2017-02-21 22:15:00,0.3814506769825919,0.5420044969293318
2017-02-21 22:30:00,0.37986460348162476,0.540988903345927
2017-02-21 22:45:00,0.37986460348162476,0.5397264897103704
2017-02-21 23:00:00,0.37986460348162476,0.5359132141862448
2017-02-21 23:15:00,0.37986460348162476,0.5363130671197366
2017-02-21 23:30:00,0.37986460348162476,0.5398134720032497
2017-02-21 23:45:00,0.37986460348162476,0.5412158916991342
2017-02-22 00:00:00,0.37986460348162476,0.5429729090020073
2017-02-22 00:15:00,0.37986460348162476,0.5438963422901005
2017-02-22 00:30:00,0.37986460348162476,0.5457802165012784
2017-02-22 00:45:00,0.37986460348162476,0.5484407538113097
2017-02-22 01:00:00,0.37986460348162476,0.5500805455776888
2017-02-22 01:15:00,0.37986460348162476,0.5550648260664547
2017-02-22 01:30:00,0.37986460348162476,0.5585625253156087
2017-02-22 01:45:00,0.37986460348162476,0.5596793787260412
2017-02-22 02:00:00,0.37986460348162476,0.5602997831568591
2017-02-22 02:15:00,0.37986460348162476,0.5615578287605021
2017-02-22 02:30:00,0.37986460348162476,0.5618497824319365
2017-02-22 02:45:00,0.37986460348162476,0.5598312968367981
2017-02-22 03:00:00,0.37986460348162476,0.5581569772622146
2017-02-22 03:15:00,0.37986460348162476,0.5549452463092958
2017-02-22 03:30:00,0.37986460348162476,0.5535460150691077
2017-02-22 03:45:00,0.37986460348162476,0.545424377971612
2017-02-22 04:00:00,0.37986460348162476,0.5423617317245528
2017-02-22 04:15:00,0.37986460348162476,0.5408367481077582
2017-02-22 04:30:00,0.37986460348162476,0.536977752214165
2017-02-22 04:45:00,0.37986460348162476,0.5355465021933041
2017-02-22 05:00:00,0.37986460348162476,0.5257828541819087
2017-02-22 05:15:00,0.37986460348162476,0.5198298203399085
2017-02-22 05:30:00,0.37986460348162476,0.5136754600394555
2017-02-22 05:45:00,0.37986460348162476,0.5085994511613163
2017-02-22 06:00:00,0.37986460348162476,0.5017997530524323
2017-02-22 06:15:00,0.37986460348162476,0.49660919544046456
2017-02-22 06:30:00,0.37986460348162476,0.49285243096329434
2017-02-22 06:45:00,0.37986460348162476,0.4847013600814716
2017-02-22 07:00:00,0.37986460348162476,0.471818810320228
2017-02-22 07:15:00,0.37986460348162476,0.4675757367303935
2017-02-22 07:30:00,0.37986460348162476,0.4641923992705547
2017-02-22 07:45:00,0.37352030947775633,0.4570693699150884
2017-02-22 08:00:00,0.3687620889748549,0.44760707927501747
2017-02-22 08:15:00,0.36717601547388784,0.437402540522324
2017-02-22 08:30:00,0.3624177949709865,0.42796640325794544
2017-02-22 08:45:00,0.3576595744680851,0.4188603557465211
2017-02-22 09:00:00,0.3513152804642166,0.4100824594861949
2017-02-22 09:15:00,0.34655705996131525,0.4036046841861417
2017-02-22 09:30:00,0.3402127659574468,0.3970270501898484
2017-02-22 09:45:00,0.3386266924564797,0.3904584243946322
2017-02-22 10:00:00,0.9988888888888889,0.37491486105433247
2017-02-22 10:15:00,0.9988888888888889,0.3698770445861173
2017-02-22 10:30:00,0.9988888888888889,0.3631239629392013
2017-02-22 10:45:00,0.9988888888888889,0.3623522580707652
2017-02-22 11:00:00,0.9988888888888889,0.3676235298979682
2017-02-22 11:15:00,0.9988888888888889,0.3456198791002408
2017-02-22 11:30:00,0.9988888888888889,0.34138991154954795
2017-02-22 11:45:00,0.9988888888888889,0.3424921438757899
2017-02-22 12:00:00,0.9988888888888889,0.34558403303742646
2017-02-22 12:15:00,0.9988888888888889,0.33701039070726335
2017-02-22 12:30:00,0.9988888888888889,0.3406398379313329
2017-02-22 12:45:00,0.9988888888888889,0.3362386298527426
2017-02-22 13:00:00,0.9988888888888889,0.33911746198343196
2017-02-22 13:15:00,0.9988888888888889,0.3440600268650202
2017-02-22 13:30:00,0.9988888888888889,0.33670417408793174
2017-02-22 13:45:00,0.9988888888888889,0.33859740651926656
2017-02-22 14:00:00,0.9988888888888889,0.3436400584235472
2017-02-22 14:15:00,0.9988888888888889,0.35800581097738776
2017-02-22 14:30:00,0.9988888888888889,0.3655663476513621
2017-02-22 14:45:00,0.9988888888888889,0.38069566260061743
2017-02-22 15:00:00,0.33545454545454545,0.394993525829092
2017-02-22 15:15:00,0.3417988394584139,0.4003574809478124
2017-02-22 15:30:00,0.34655705996131525,0.40586417392838864
2017-02-22 15:45:00,0.3497292069632495,0.4116262459290289
2017-02-22 16:00:00,0.35290135396518374,0.41721048296286567
2017-02-22 16:15:00,0.3608317214700193,0.42601427132689
2017-02-22 16:30:00,0.3687620889748549,0.4348974839957908
2017-02-22 16:45:00,0.37510638297872334,0.4442778217410092
2017-02-22 17:00:00,0.4536363636363636,0.4526093125354872
2017-02-22 17:15:00,0.3846228239845261,0.45118837316764016
2017-02-22 17:30:00,0.3846228239845261,0.44375615093999454
2017-02-22 17:45:00,0.3846228239845261,0.43891538868974317
2017-02-22 18:00:00,0.3846228239845261,0.43847020865651487
2017-02-22 18:15:00,0.4536363636363636,0.44943733437164224
2017-02-22 18:30:00,0.3846228239845261,0.4528449647799569
2017-02-22 18:45:00,0.3846228239845261,0.449534659673121
2017-02-22 19:00:00,0.3846228239845261,0.4410792123806454
2017-02-22 19:15:00,0.3846228239845261,0.44882553374512657
2017-02-22 19:30:00,0.3846228239845261,0.4483121507298379
2017-02-22 19:45:00,0.3846228239845261,0.45612872772990215
2017-02-22 20:00:00,0.3846228239845261,0.456403422350965
2017-02-22 20:15:00,0.3846228239845261,0.4659300934585815
2017-02-22 20:30:00,0.4536363636363636,0.47547693241829714
2017-02-22 20:45:00,0.4536363636363636,0.477589812111051
2017-02-22 21:00:00,0.37510638297872334,0.47919726872980395
2017-02-22 21:15:00,0.3687620889748549,0.47628843891164035
2017-02-22 21:30:00,0.4536363636363636,0.47331222542532997
2017-02-22 21:45:00,0.35924564796905223,0.46974532362196186
2017-02-22 22:00:00,0.3576595744680851,0.46577277367172115
2017-02-22 22:15:00,0.3576595744680851,0.46629355055997856
2017-02-22 22:30:00,0.3576595744680851,0.4673751625493253
2017-02-22 22:45:00,0.3576595744680851,0.46959614235648084
2017-02-22 23:00:00,0.3576595744680851,0.4682974456925387
2017-02-22 23:15:00,0.3576595744680851,0.4732949077085738
2017-02-22 23:30:00,0.3576595744680851,0.482426125147809
2017-02-22 23:45:00,0.3576595744680851,0.4903736079605943
2017-02-23 00:00:00,0.3624177949709865,0.4923777004107772
2017-02-23 00:15:00,0.3624177949709865,0.49808887706322813
2017-02-23 00:30:00,0.3624177949709865,0.5015850449097187
2017-02-23 00:45:00,0.3624177949709865,0.5116449057725827
2017-02-23 01:00:00,0.3624177949709865,0.5179384371551443
2017-02-23 01:15:00,0.3624177949709865,0.5218381424311179
2017-02-23 01:30:00,0.3624177949709865,0.524824097886098
2017-02-23 01:45:00,0.3624177949709865,0.5280237722044144
2017-02-23 02:00:00,0.3624177949709865,0.5315171748479358
2017-02-23 02:15:00,0.3624177949709865,0.5343639470165807
2017-02-23 02:30:00,0.3624177949709865,0.5350427087115436
2017-02-23 02:45:00,0.3624177949709865,0.5339197752777126
2017-02-23 03:00:00,0.3624177949709865,0.5325430835538616
2017-02-23 03:15:00,0.3624177949709865,0.5308786284490965
2017-02-23 03:30:00,0.3624177949709865,0.5343091302915637
2017-02-23 03:45:00,0.3624177949709865,0.5363389900483425
2017-02-23 04:00:00,0.3624177949709865,0.537777325743902
2017-02-23 04:15:00,0.3624177949709865,0.5356063253841743
2017-02-23 04:30:00,0.3624177949709865,0.5320156244041253
2017-02-23 04:45:00,0.3624177949709865,0.5293394385991737
2017-02-23 05:00:00,0.3624177949709865,0.5253741237786393
2017-02-23 05:15:00,0.36558994197292066,0.5263135945240683
2017-02-23 05:30:00,0.36558994197292066,0.5260166532189088
2017-02-23 05:45:00,0.36558994197292066,0.5250728497966664
2017-02-23 06:00:00,0.36558994197292066,0.5145023088084755
2017-02-23 06:15:00,0.36558994197292066,0.4999222822979383
2017-02-23 06:30:00,0.36558994197292066,0.48854453094028033
2017-02-23 06:45:00,0.36558994197292066,0.4771138024397053
2017-02-23 07:00:00,0.36558994197292066,0.46726209081440756
2017-02-23 07:15:00,0.36558994197292066,0.46336511113276174
2017-02-23 07:30:00,0.36558994197292066,0.470352596473244
2017-02-23 07:45:00,0.36558994197292066,0.4622764022310964
2017-02-23 08:00:00,0.36558994197292066,0.4590134394738424
2017-02-23 08:15:00,0.3640038684719536,0.4538831151804019
2017-02-23 08:30:00,0.3640038684719536,0.4407301506377456
2017-02-23 08:45:00,0.34655705996131525,0.4278405250223558
2017-02-23 09:00:00,0.3386266924564797,0.4154675740323686
2017-02-23 09:15:00,0.9988888888888889,0.3987827946659769
2017-02-23 09:30:00,0.9988888888888889,0.37840424862604893
2017-02-23 09:45:00,0.9988888888888889,0.3594779647895672
2017-02-23 10:00:00,0.9988888888888889,0.346349541934468
2017-02-23 10:15:00,0.9988888888888889,0.33260519362618285
2017-02-23 10:30:00,0.9988888888888889,0.32484316014397857
2017-02-23 10:45:00,0.9988888888888889,0.32514323777841314
2017-02-23 11:00:00,0.9988888888888889,0.32821709215221695
2017-02-23 11:15:00,0.9988888888888889,0.31760851958520797
2017-02-23 11:30:00,0.9988888888888889,0.31402889383903854
2017-02-23 11:45:00,0.9988888888888889,0.3149881457835475
2017-02-23 12:00:00,0.9988888888888889,0.31788623307582053
2017-02-23 12:15:00,0.9988888888888889,0.31722707174265913
2017-02-23 12:30:00,0.9988888888888889,0.3179273015615511
2017-02-23 12:45:00,0.9988888888888889,0.31937313344515833
2017-02-23 13:00:00,0.9988888888888889,0.31787301618965563
2017-02-23 13:15:00,0.9988888888888889,0.31961339190938165
2017-02-23 13:30:00,0.9988888888888889,0.32037164013640396
2017-02-23 13:45:00,0.9988888888888889,0.3230716385903109
2017-02-23 14:00:00,0.9988888888888889,0.3244052902777512
2017-02-23 14:15:00,0.9988888888888889,0.3270301443710646
2017-02-23 14:30:00,0.9988888888888889,0.33718019518810743
2017-02-23 14:45:00,0.9988888888888889,0.3572205499942551
2017-02-23 15:00:00,0.9988888888888889,0.37403104664368125
2017-02-23 15:15:00,0.33545454545454545,0.4004070212671221
2017-02-23 15:30:00,0.343384912959381,0.4118233285003475
2017-02-23 15:45:00,0.3513152804642166,0.4231437952040783
2017-02-23 16:00:00,0.35924564796905223,0.4342910318143032
2017-02-23 16:15:00,0.3640038684719536,0.44295745934482
2017-02-23 16:30:00,0.37034816247582203,0.45033098250288234
2017-02-23 16:45:00,0.37352030947775633,0.46056204001444573
2017-02-23 17:00:00,0.38620889748549325,0.4657865149629204
2017-02-23 17:15:00,0.3877949709864604,0.4689089496364666
2017-02-23 17:30:00,0.3941392649903288,0.4724945601474895
2017-02-23 17:45:00,0.395725338491296,0.46581953788600705
2017-02-23 18:00:00,0.395725338491296,0.4625052094851153
2017-02-23 18:15:00,0.395725338491296,0.4604821301661768
2017-02-23 18:30:00,0.395725338491296,0.45005010657342254
2017-02-23 18:45:00,0.395725338491296,0.4582786305792032
2017-02-23 19:00:00,0.395725338491296,0.46187789471603297
2017-02-23 19:15:00,0.395725338491296,0.4683918102782791
2017-02-23 19:30:00,0.395725338491296,0.47774022672633937
2017-02-23 19:45:00,0.395725338491296,0.4798778558386969
2017-02-23 20:00:00,0.395725338491296,0.4839094819608435
2017-02-23 20:15:00,0.395725338491296,0.4916410346456684
2017-02-23 20:30:00,0.395725338491296,0.49627601459351683
2017-02-23 20:45:00,0.39096711798839456,0.5005125760746121
2017-02-23 21:00:00,0.3877949709864604,0.5054914814344534
2017-02-23 21:15:00,0.38620889748549325,0.5041257826255127
2017-02-23 21:30:00,0.38303675048355895,0.5022601021413349
2017-02-23 21:45:00,0.37986460348162476,0.5043365134505225
2017-02-23 22:00:00,0.37827852998065764,0.5022437997874178
2017-02-23 22:15:00,0.37827852998065764,0.5065642353926443
2017-02-23 22:30:00,0.37827852998065764,0.5155467004693802
2017-02-23 22:45:00,0.37827852998065764,0.5165840517524319
2017-02-23 23:00:00,0.37827852998065764,0.5213862927069559
2017-02-23 23:15:00,0.37827852998065764,0.5263442333944274
2017-02-23 23:30:00,0.37827852998065764,0.5209355442660483
2017-02-23 23:45:00,0.37827852998065764,0.5204710804988103
2017-02-24 00:00:00,0.37986460348162476,0.5223220358494473
2017-02-24 00:15:00,0.37986460348162476,0.5244403063555659
2017-02-24 00:30:00,0.37986460348162476,0.5274060498172489
2017-02-24 00:45:00,0.37986460348162476,0.5301409816033021
2017-02-24 01:00:00,0.37986460348162476,0.5318828325788921
2017-02-24 01:15:00,0.37986460348162476,0.5309289643266123
2017-02-24 01:30:00,0.37986460348162476,0.5350048208506044
2017-02-24 01:45:00,0.37986460348162476,0.5378588590269036
2017-02-24 02:00:00,0.37986460348162476,0.5363275729740847
2017-02-24 02:15:00,0.37986460348162476,0.5374904662230013
2017-02-24 02:30:00,0.37986460348162476,0.5362677874621472
2017-02-24 02:45:00,0.37986460348162476,0.5393497731020083
2017-02-24 03:00:00,0.37986460348162476,0.5414785427930059
2017-02-24 03:15:00,0.37986460348162476,0.5419334201436083
2017-02-24 03:30:00,0.37986460348162476,0.541663919725482
2017-02-24 03:45:00,0.37986460348162476,0.5419417144239103
2017-02-24 04:00:00,0.37986460348162476,0.5395871328790435
2017-02-24 04:15:00,0.37986460348162476,0.538405522822842
2017-02-24 04:30:00,0.37986460348162476,0.5364435568891607
2017-02-24 04:45:00,0.37986460348162476,0.5345855613873238
2017-02-24 05:00:00,0.37986460348162476,0.5314930754845816
2017-02-24 05:15:00,0.37986460348162476,0.5309614928732316
2017-02-24 05:30:00,0.37986460348162476,0.5290376137140125
2017-02-24 05:45:00,0.37986460348162476,0.5267255680081202
2017-02-24 06:00:00,0.37986460348162476,0.5213717928529435
2017-02-24 06:15:00,0.37986460348162476,0.5141325309875469
2017-02-24 06:30:00,0.37986460348162476,0.5079938132462402
2017-02-24 06:45:00,0.37986460348162476,0.49882870569106397
2017-02-24 07:00:00,0.37986460348162476,0.4889007442017653
2017-02-24 07:15:00,0.37986460348162476,0.4929321148357296
2017-02-24 07:30:00,0.37827852998065764,0.48811554757936243
2017-02-24 07:45:00,0.37827852998065764,0.4801758184695575
2017-02-24 08:00:00,0.37827852998065764,0.4727617710271332
2017-02-24 08:15:00,0.37034816247582203,0.4637158884571428
2017-02-24 08:30:00,0.3640038684719536,0.4535923526512901
2017-02-24 08:45:00,0.3576595744680851,0.4426535402469382
2017-02-24 09:00:00,0.3481431334622824,0.4340450984366241
2017-02-24 09:15:00,0.3417988394584139,0.42568403470132143
2017-02-24 09:30:00,0.33545454545454545,0.41634934181779165
2017-02-24 09:45:00,0.9988888888888889,0.39791052425941237
2017-02-24 10:00:00,0.9988888888888889,0.36955940789360386
2017-02-24 10:15:00,0.9988888888888889,0.3507979649638879
2017-02-24 10:30:00,0.9988888888888889,0.3436683625065633
2017-02-24 10:45:00,0.9988888888888889,0.32293016432512905
2017-02-24 11:00:00,0.9988888888888889,0.3039809165573986
2017-02-24 11:15:00,0.9988888888888889,0.29830597947827686
2017-02-24 11:30:00,0.9988888888888889,0.2924074140543856
2017-02-24 11:45:00,0.9988888888888889,0.29310467175516025
2017-02-24 12:00:00,0.9988888888888889,0.2964970717101955
2017-02-24 12:15:00,0.9988888888888889,0.31740836784218013
2017-02-24 12:30:00,0.9988888888888889,0.3031627717395208
2017-02-24 12:45:00,0.9988888888888889,0.29983001283012495
2017-02-24 13:00:00,0.9988888888888889,0.29876912547842616
2017-02-24 13:15:00,0.9988888888888889,0.29975070845977314
2017-02-24 13:30:00,0.9988888888888889,0.3039468269465709
2017-02-24 13:45:00,0.9988888888888889,0.3074999601184594
2017-02-24 14:00:00,0.9988888888888889,0.30555641934213096
2017-02-24 14:15:00,0.9988888888888889,0.3120915528797745
2017-02-24 14:30:00,0.9988888888888889,0.320948946230147
2017-02-24 14:45:00,0.9988888888888889,0.32807346821522704
2017-02-24 15:00:00,0.9988888888888889,0.3468041882160825
2017-02-24 15:15:00,0.9988888888888889,0.351863677766528
2017-02-24 15:30:00,0.9988888888888889,0.381589200617491
2017-02-24 15:45:00,0.9988888888888889,0.4104031319871932
2017-02-24 16:00:00,0.9988888888888889,0.41861621085762535
2017-02-24 16:15:00,0.33704061895551257,0.44396680774766817
2017-02-24 16:30:00,0.343384912959381,0.45152101475514295
2017-02-24 16:45:00,0.35290135396518374,0.46025149729684717
2017-02-24 17:00:00,0.3576595744680851,0.4696013475222044
2017-02-24 17:15:00,0.3640038684719536,0.4716973325638592
2017-02-24 17:30:00,0.3640038684719536,0.46864845905120134
2017-02-24 17:45:00,0.3640038684719536,0.4582348341390697
2017-02-24 18:00:00,0.3640038684719536,0.44796901944750234
2017-02-24 18:15:00,0.3640038684719536,0.45673456542095553
2017-02-24 18:30:00,0.3640038684719536,0.45061667132219246
2017-02-24 18:45:00,0.3640038684719536,0.4409549987149115
2017-02-24 19:00:00,0.3640038684719536,0.4387304751261951
2017-02-24 19:15:00,0.3640038684719536,0.4438421036266678
2017-02-24 19:30:00,0.3640038684719536,0.45142981631728984
2017-02-24 19:45:00,0.3640038684719536,0.45625904218793034
2017-02-24 20:00:00,0.3640038684719536,0.4705827318155832
2017-02-24 20:15:00,0.3608317214700193,0.46807715004363915
2017-02-24 20:30:00,0.3608317214700193,0.4645590397329589
2017-02-24 20:45:00,0.3608317214700193,0.46153171430612344
2017-02-24 21:00:00,0.3608317214700193,0.45908605409524716
2017-02-24 21:15:00,0.3386266924564797,0.46201839392954624
2017-02-24 21:30:00,0.33704061895551257,0.4661228810620026
2017-02-24 21:45:00,0.33545454545454545,0.4649487507759823
2017-02-24 22:00:00,0.9988888888888889,0.46904747385715134
2017-02-24 22:15:00,0.9988888888888889,0.46075233698837564
2017-02-24 22:30:00,0.9988888888888889,0.45763386878047985
2017-02-24 22:45:00,0.9988888888888889,0.4548401306780747
2017-02-24 23:00:00,0.9988888888888889,0.45710364848290963
2017-02-24 23:15:00,0.9988888888888889,0.4757596789930769
2017-02-24 23:30:00,0.9988888888888889,0.4898441763425232
2017-02-24 23:45:00,0.9988888888888889,0.4901416104907855
2017-02-25 00:00:00,0.9988888888888889,0.4967422556962054
2017-02-25 00:15:00,0.9988888888888889,0.49220012751417425
2017-02-25 00:30:00,0.9988888888888889,0.4809097970682349
2017-02-25 00:45:00,0.9988888888888889,0.47019746388281475
2017-02-25 01:00:00,0.9988888888888889,0.46120639554077963
2017-02-25 01:15:00,0.9988888888888889,0.466059334646372
2017-02-25 01:30:00,0.9988888888888889,0.4700420465080175
2017-02-25 01:45:00,0.9988888888888889,0.47462635578854523
2017-02-25 02:00:00,0.9988888888888889,0.48115645233247073
2017-02-25 02:15:00,0.9988888888888889,0.46541255539322307
2017-02-25 02:30:00,0.9988888888888889,0.4493957078714172
2017-02-25 02:45:00,0.9988888888888889,0.4338523812266255
2017-02-25 03:00:00,0.9988888888888889,0.4210047638101398
2017-02-25 03:15:00,0.9988888888888889,0.4270216891354156
2017-02-25 03:30:00,0.9988888888888889,0.43474304624209237
2017-02-25 03:45:00,0.9988888888888889,0.4359211935999239
2017-02-25 04:00:00,0.9988888888888889,0.44502225375801946
2017-02-25 04:15:00,0.9988888888888889,0.4435373637193084
2017-02-25 04:30:00,0.9988888888888889,0.44181426019492276
2017-02-25 04:45:00,0.9988888888888889,0.44248328253009456
2017-02-25 05:00:00,0.9988888888888889,0.44443932752196885
2017-02-25 05:15:00,0.9988888888888889,0.44545582216631396
2017-02-25 05:30:00,0.9988888888888889,0.44912886131559565
2017-02-25 05:45:00,0.9988888888888889,0.45182500812790294
2017-02-25 06:00:00,0.9988888888888889,0.46076719558393847
2017-02-25 06:15:00,0.9988888888888889,0.4564790198930274
2017-02-25 06:30:00,0.9988888888888889,0.4540598528326245
2017-02-25 06:45:00,0.9988888888888889,0.44898041822824775
2017-02-25 07:00:00,0.9988888888888889,0.4450877521574671
2017-02-25 07:15:00,0.9988888888888889,0.4286450267483595
2017-02-25 07:30:00,0.9988888888888889,0.41600877236988626
2017-02-25 07:45:00,0.9988888888888889,0.4018548514632669
2017-02-25 08:00:00,0.9988888888888889,0.37771819988613825
2017-02-25 08:15:00,0.9988888888888889,0.36557810953540415
2017-02-25 08:30:00,0.9988888888888889,0.33587921544011384
2017-02-25 08:45:00,0.9988888888888889,0.3204134929437497
2017-02-25 09:00:00,0.9988888888888889,0.29495837446496215
2017-02-25 09:15:00,0.9988888888888889,0.293680817193264
2017-02-25 09:30:00,0.9988888888888889,0.295248884876476
2017-02-25 09:45:00,0.9988888888888889,0.290376835454206
2017-02-25 10:00:00,0.9988888888888889,0.2907887721795276
2017-02-25 10:15:00,0.9988888888888889,0.27937052474382135
2017-02-25 10:30:00,0.9988888888888889,0.2603200111730753
2017-02-25 10:45:00,0.9988888888888889,0.23990222372029077
2017-02-25 11:00:00,0.9988888888888889,0.21901296182247634
2017-02-25 11:15:00,0.9988888888888889,0.21549134689866806
2017-02-25 11:30:00,0.9988888888888889,0.21185300652038963
2017-02-25 11:45:00,0.9988888888888889,0.1965468084816152
2017-02-25 12:00:00,0.9988888888888889,0.2017154562050638
2017-02-25 12:15:00,0.9988888888888889,0.20448442480970544
2017-02-25 12:30:00,0.9988888888888889,0.20051083609347875
2017-02-25 12:45:00,0.9988888888888889,0.2032384945880626
2017-02-25 13:00:00,0.9988888888888889,0.2048765281457719
2017-02-25 13:15:00,0.9988888888888889,0.2025833684413421
2017-02-25 13:30:00,0.9988888888888889,0.20516810253117607
2017-02-25 13:45:00,0.9988888888888889,0.20669234394102998
2017-02-25 14:00:00,0.9988888888888889,0.20463407143508958
2017-02-25 14:15:00,0.9988888888888889,0.2071831830029585
2017-02-25 14:30:00,0.9988888888888889,0.20728272892255378
2017-02-25 14:45:00,0.9988888888888889,0.2159130738223767
2017-02-25 15:00:00,0.9988888888888889,0.23735646147120015
2017-02-25 15:15:00,0.9988888888888889,0.2661277339250402
2017-02-25 15:30:00,0.9988888888888889,0.2832551381576494
2017-02-25 15:45:00,0.9988888888888889,0.3028926247564831
2017-02-25 16:00:00,0.9988888888888889,0.3509520804057934
2017-02-25 16:15:00,0.9988888888888889,0.41168427451607786
2017-02-25 16:30:00,0.9988888888888889,0.4783183669247839
2017-02-25 16:45:00,0.3449709864603482,0.49673545600746005
2017-02-25 17:00:00,0.35448742746615086,0.5151088528633168
2017-02-25 17:15:00,0.35448742746615086,0.5137373069559048
2017-02-25 17:30:00,0.35448742746615086,0.5157807077447194
2017-02-25 17:45:00,0.35924564796905223,0.4926415478120584
2017-02-25 18:00:00,0.35924564796905223,0.4777630152165266
2017-02-25 18:15:00,0.35924564796905223,0.46737271970826966
2017-02-25 18:30:00,0.35924564796905223,0.4697390398680185
2017-02-25 18:45:00,0.35924564796905223,0.48420839030457247
2017-02-25 19:00:00,0.35924564796905223,0.48832328947139503
2017-02-25 19:15:00,0.35924564796905223,0.49183030373343695
2017-02-25 19:30:00,0.35924564796905223,0.48348025170112646
2017-02-25 19:45:00,0.35924564796905223,0.5040443979024677
2017-02-25 20:00:00,0.35924564796905223,0.5013762099504229
2017-02-25 20:15:00,0.35924564796905223,0.5014075299553655
2017-02-25 20:30:00,0.35924564796905223,0.5061128340540944
2017-02-25 20:45:00,0.35448742746615086,0.516084492330793
2017-02-25 21:00:00,0.35290135396518374,0.5198727820885465
2017-02-25 21:15:00,0.35290135396518374,0.527015693594826
2017-02-25 21:30:00,0.35290135396518374,0.5295673251929003
2017-02-25 21:45:00,0.35290135396518374,0.5313115388760039
2017-02-25 22:00:00,0.35290135396518374,0.5290659298942959
2017-02-25 22:15:00,0.3497292069632495,0.5330198246629014
2017-02-25 22:30:00,0.3481431334622824,0.5332623821262539
2017-02-25 22:45:00,0.34655705996131525,0.5335122093025767
2017-02-25 23:00:00,0.34655705996131525,0.533520570061446
2017-02-25 23:15:00,0.34655705996131525,0.5412605423282228
2017-02-25 23:30:00,0.34655705996131525,0.5469496224063354
2017-02-25 23:45:00,0.34655705996131525,0.553474958769405
2017-02-26 00:00:00,0.34655705996131525,0.5549084844874709
2017-02-26 00:15:00,0.3417988394584139,0.5568846058292763
2017-02-26 00:30:00,0.33704061895551257,0.5586983496147877
2017-02-26 00:45:00,0.9988888888888889,0.5430276281558294
2017-02-26 01:00:00,0.9988888888888889,0.5378914440943183
2017-02-26 01:15:00,0.9988888888888889,0.5484167770767135
2017-02-26 01:30:00,0.9988888888888889,0.5515556285832321
2017-02-26 01:45:00,0.9988888888888889,0.5555619987797272
2017-02-26 02:00:00,0.9988888888888889,0.5560831264144549
2017-02-26 02:15:00,0.9988888888888889,0.557053297301346
2017-02-26 02:30:00,0.9988888888888889,0.5633935889472199
2017-02-26 02:45:00,0.9988888888888889,0.5709283269791542
2017-02-26 03:00:00,0.9988888888888889,0.5659360584612747
2017-02-26 03:15:00,0.9988888888888889,0.5555152591515515
2017-02-26 03:30:00,0.9988888888888889,0.5511164808662086
2017-02-26 03:45:00,0.9988888888888889,0.5460355907556795
2017-02-26 04:00:00,0.9988888888888889,0.5497726007491384
2017-02-26 04:15:00,0.9988888888888889,0.5518256451917624
2017-02-26 04:30:00,0.9988888888888889,0.553011286229065
2017-02-26 04:45:00,0.9988888888888889,0.5530821669087282
2017-02-26 05:00:00,0.9988888888888889,0.5546466310741569
2017-02-26 05:15:00,0.9988888888888889,0.546584431190573
2017-02-26 05:30:00,0.9988888888888889,0.5462454948240628
2017-02-26 05:45:00,0.9988888888888889,0.5410323600827015
2017-02-26 06:00:00,0.9988888888888889,0.5361508555583072
2017-02-26 06:15:00,0.9988888888888889,0.5299066208539476
2017-02-26 06:30:00,0.9988888888888889,0.5161168685549757
2017-02-26 06:45:00,0.9988888888888889,0.5068702433323605
2017-02-26 07:00:00,0.9988888888888889,0.5088884735551026
2017-02-26 07:15:00,0.9988888888888889,0.47434432510515523
2017-02-26 07:30:00,0.9988888888888889,0.4339476829931892
2017-02-26 07:45:00,0.9988888888888889,0.417518921578478
2017-02-26 08:00:00,0.9988888888888889,0.39634447851414123
2017-02-26 08:15:00,0.9988888888888889,0.3801558261869682
2017-02-26 08:30:00,0.9988888888888889,0.31211541275434473
2017-02-26 08:45:00,0.9988888888888889,0.3216537184903577
2017-02-26 09:00:00,0.9988888888888889,0.318949764402831
2017-02-26 09:15:00,0.9988888888888889,0.2960606680047368
2017-02-26 09:30:00,0.9988888888888889,0.26403528435916457
2017-02-26 09:45:00,0.9988888888888889,0.253999918782982
2017-02-26 10:00:00,0.9988888888888889,0.2425545646871969
2017-02-26 10:15:00,0.9988888888888889,0.23250821811083663
2017-02-26 10:30:00,0.9988888888888889,0.2270182955270291
2017-02-26 10:45:00,0.9988888888888889,0.22525150928120788
2017-02-26 11:00:00,0.9988888888888889,0.214623795505948
2017-02-26 11:15:00,0.9988888888888889,0.21287086558590151
2017-02-26 11:30:00,0.9988888888888889,0.21177261208321538
2017-02-26 11:45:00,0.9988888888888889,0.20825235774879175
2017-02-26 12:00:00,0.9988888888888889,0.21103844886838027
2017-02-26 12:15:00,0.9988888888888889,0.2141385251525084
2017-02-26 12:30:00,0.9988888888888889,0.21169862544659687
2017-02-26 12:45:00,0.9988888888888889,0.21310343966644743
2017-02-26 13:00:00,0.9988888888888889,0.21604507921081928
2017-02-26 13:15:00,0.9988888888888889,0.22238957885588717
2017-02-26 13:30:00,0.9988888888888889,0.2257027867292835
2017-02-26 13:45:00,0.9988888888888889,0.24122013938938966
2017-02-26 14:00:00,0.9988888888888889,0.24317362168762408
2017-02-26 14:15:00,0.9988888888888889,0.23994471685735114
2017-02-26 14:30:00,0.9988888888888889,0.23349172546394975
2017-02-26 14:45:00,0.9988888888888889,0.22833030099188892
2017-02-26 15:00:00,0.9988888888888889,0.2360686966837549
2017-02-26 15:15:00,0.9988888888888889,0.2632758725609197
2017-02-26 15:30:00,0.9988888888888889,0.2990517085793467
2017-02-26 15:45:00,0.9988888888888889,0.3551568869403748
2017-02-26 16:00:00,0.9988888888888889,0.40085219052910137
2017-02-26 16:15:00,0.9988888888888889,0.42801383348795013
2017-02-26 16:30:00,0.9988888888888889,0.4619478683615155
2017-02-26 16:45:00,0.9988888888888889,0.49494255623185784
2017-02-26 17:00:00,0.3386266924564797,0.519058058781162
2017-02-26 17:15:00,0.3386266924564797,0.5313346291665396
2017-02-26 17:30:00,0.3497292069632495,0.5287944485534958
2017-02-26 17:45:00,0.356073500967118,0.5332193366469766
2017-02-26 18:00:00,0.3640038684719536,0.5354901392587896
2017-02-26 18:15:00,0.36717601547388784,0.5231999174290194
2017-02-26 18:30:00,0.36717601547388784,0.5241667343842854
2017-02-26 18:45:00,0.36717601547388784,0.5225078184797063
2017-02-26 19:00:00,0.36717601547388784,0.5141900961360699
2017-02-26 19:15:00,0.36717601547388784,0.5206271955160207
2017-02-26 19:30:00,0.36717601547388784,0.5192208151339427
2017-02-26 19:45:00,0.36717601547388784,0.5215840628550847
2017-02-26 20:00:00,0.36717601547388784,0.5272908120022352
2017-02-26 20:15:00,0.36717601547388784,0.5383235164302002
2017-02-26 20:30:00,0.36717601547388784,0.5480258148718113
2017-02-26 20:45:00,0.36717601547388784,0.5610802660615996
2017-02-26 21:00:00,0.36717601547388784,0.564491961668876
2017-02-26 21:15:00,0.36717601547388784,0.5587089274831911
2017-02-26 21:30:00,0.36717601547388784,0.5567852763138659
2017-02-26 21:45:00,0.36717601547388784,0.5585493087314574
2017-02-26 22:00:00,0.36717601547388784,0.5512772150558936
2017-02-26 22:15:00,0.36717601547388784,0.5578553389453292
2017-02-26 22:30:00,0.36717601547388784,0.5508135816430332
2017-02-26 22:45:00,0.36717601547388784,0.545139832100353
2017-02-26 23:00:00,0.36717601547388784,0.545424085995759
2017-02-26 23:15:00,0.36717601547388784,0.5550167944297689
2017-02-26 23:30:00,0.36717601547388784,0.5610455886788638
2017-02-26 23:45:00,0.36717601547388784,0.56756807668283
2017-02-27 00:00:00,0.37827852998065764,0.5756956615608168
2017-02-27 00:15:00,0.37827852998065764,0.5822155611100188
2017-02-27 00:30:00,0.37827852998065764,0.585001245687654
2017-02-27 00:45:00,0.37827852998065764,0.5889615442645635
2017-02-27 01:00:00,0.37827852998065764,0.5931620085921893
2017-02-27 01:15:00,0.37827852998065764,0.5919408511825339
2017-02-27 01:30:00,0.37827852998065764,0.5925747034930449
2017-02-27 01:45:00,0.37827852998065764,0.5955809798384833
2017-02-27 02:00:00,0.37827852998065764,0.596956486290287
2017-02-27 02:15:00,0.37827852998065764,0.6023536129724086
2017-02-27 02:30:00,0.37827852998065764,0.5995879703072697
2017-02-27 02:45:00,0.37827852998065764,0.5989791024704609
2017-02-27 03:00:00,0.37827852998065764,0.5939410103535221
2017-02-27 03:15:00,0.37827852998065764,0.5916240693012542
2017-02-27 03:30:00,0.37827852998065764,0.5896362380126523
2017-02-27 03:45:00,0.37827852998065764,0.5848129321692004
2017-02-27 04:00:00,0.37827852998065764,0.5743412410988277
2017-02-27 04:15:00,0.37827852998065764,0.5745291099938818
2017-02-27 04:30:00,0.37827852998065764,0.5754245761609349
2017-02-27 04:45:00,0.37827852998065764,0.5752142337211832
2017-02-27 05:00:00,0.37827852998065764,0.5720012251273702
2017-02-27 05:15:00,0.37827852998065764,0.5729356545683197
2017-02-27 05:30:00,0.37827852998065764,0.5715511940409549
2017-02-27 05:45:00,0.37827852998065764,0.5704993368917114
2017-02-27 06:00:00,0.37827852998065764,0.565285257513562
2017-02-27 06:15:00,0.37827852998065764,0.5582565053322865
2017-02-27 06:30:00,0.37827852998065764,0.5483912321259446
2017-02-27 06:45:00,0.37827852998065764,0.5409781921909301
2017-02-27 07:00:00,0.37827852998065764,0.5258842480117057
2017-02-27 07:15:00,0.37827852998065764,0.5197111599995127
2017-02-27 07:30:00,0.37827852998065764,0.5112179979967861
2017-02-27 07:45:00,0.37827852998065764,0.5066698651763563
2017-02-27 08:00:00,0.37034816247582203,0.49732988686164875
2017-02-27 08:15:00,0.37034816247582203,0.48663564432554235
2017-02-27 08:30:00,0.36558994197292066,0.47767586263968587
2017-02-27 08:45:00,0.3608317214700193,0.4699009388312641
2017-02-27 09:00:00,0.35448742746615086,0.4618291941491184
2017-02-27 09:15:00,0.3497292069632495,0.4520146246095191
2017-02-27 09:30:00,0.3449709864603482,0.44242126029969836
2017-02-27 09:45:00,0.33704061895551257,0.434226984575504
2017-02-27 10:00:00,0.9988888888888889,0.40794396256809956
2017-02-27 10:15:00,0.9988888888888889,0.3702854200760066
2017-02-27 10:30:00,0.9988888888888889,0.357870574262398
2017-02-27 10:45:00,0.9988888888888889,0.33389252972598876
2017-02-27 11:00:00,0.9988888888888889,0.32643871754781323
2017-02-27 11:15:00,0.9988888888888889,0.3186981933784554
2017-02-27 11:30:00,0.9988888888888889,0.31757297899699943
2017-02-27 11:45:00,0.9988888888888889,0.31581651166086133
2017-02-27 12:00:00,0.9988888888888889,0.3146859180627748
2017-02-27 12:15:00,0.9988888888888889,0.3166126522495201
2017-02-27 12:30:00,0.9988888888888889,0.3178504301095123
2017-02-27 12:45:00,0.9988888888888889,0.3196753882786628
2017-02-27 13:00:00,0.9988888888888889,0.32234202302604065
2017-02-27 13:15:00,0.9988888888888889,0.3280483579437455
2017-02-27 13:30:00,0.9988888888888889,0.33999686403475504
2017-02-27 13:45:00,0.9988888888888889,0.34680270985035827
2017-02-27 14:00:00,0.9988888888888889,0.3453762277978954
2017-02-27 14:15:00,0.9988888888888889,0.34286095669694333
2017-02-27 14:30:00,0.9988888888888889,0.3248382207352965
2017-02-27 14:45:00,0.9988888888888889,0.3332038950709109
2017-02-27 15:00:00,0.9988888888888889,0.35144448574475085
2017-02-27 15:15:00,0.9988888888888889,0.3696084927150631
2017-02-27 15:30:00,0.9988888888888889,0.38906094902852323
2017-02-27 15:45:00,0.9988888888888889,0.38151057551672934
2017-02-27 16:00:00,0.9988888888888889,0.4160779168497214
2017-02-27 16:15:00,0.33545454545454545,0.44809663357541624
2017-02-27 16:30:00,0.3449709864603482,0.4604511221492513
2017-02-27 16:45:00,0.356073500967118,0.4719008806015544
2017-02-27 17:00:00,0.3624177949709865,0.4760195417556001
2017-02-27 17:15:00,0.3624177949709865,0.4735447765697157
2017-02-27 17:30:00,0.3624177949709865,0.46450582418135605
2017-02-27 17:45:00,0.3624177949709865,0.45144422632113496
2017-02-27 18:00:00,0.3624177949709865,0.46276902110332957
2017-02-27 18:15:00,0.3624177949709865,0.4540069481957163
2017-02-27 18:30:00,0.3624177949709865,0.45247786203676776
2017-02-27 18:45:00,0.3624177949709865,0.46077459532111664
2017-02-27 19:00:00,0.3624177949709865,0.4424000724713687
2017-02-27 19:15:00,0.3624177949709865,0.45411591710413995
2017-02-27 19:30:00,0.3624177949709865,0.45333363441449426
2017-02-27 19:45:00,0.3624177949709865,0.4549772651864699
2017-02-27 20:00:00,0.3624177949709865,0.4610034576726056
2017-02-27 20:15:00,0.3624177949709865,0.46844308937083334
2017-02-27 20:30:00,0.3624177949709865,0.47296545342724555
2017-02-27 20:45:00,0.3624177949709865,0.4813333960053784
2017-02-27 21:00:00,0.35924564796905223,0.4886497937836158
2017-02-27 21:15:00,0.35448742746615086,0.48882926838921176
2017-02-27 21:30:00,0.3481431334622824,0.4891354838851834
2017-02-27 21:45:00,0.3481431334622824,0.4854266037815958
2017-02-27 22:00:00,0.34655705996131525,0.4814342506964283
2017-02-27 22:15:00,0.34655705996131525,0.4811768902829043
2017-02-27 22:30:00,0.3417988394584139,0.48358511965174533
2017-02-27 22:45:00,0.3417988394584139,0.4822458192519682
2017-02-27 23:00:00,0.3402127659574468,0.4843013467963818
2017-02-27 23:15:00,0.3402127659574468,0.489892922013281
2017-02-27 23:30:00,0.3386266924564797,0.48915171347132985
2017-02-27 23:45:00,0.3386266924564797,0.4960242720081161
2017-02-28 00:00:00,0.4536363636363636,0.49945146434908705
2017-02-28 00:15:00,0.3386266924564797,0.5009198907888308
2017-02-28 00:30:00,0.3386266924564797,0.5017837895183684
2017-02-28 00:45:00,0.33704061895551257,0.5039082549370432
2017-02-28 01:00:00,0.33545454545454545,0.5063775817109041
2017-02-28 01:15:00,0.9988888888888889,0.500678569576351
2017-02-28 01:30:00,0.9988888888888889,0.49677917402428473
2017-02-28 01:45:00,0.9988888888888889,0.4856357194792127
2017-02-28 02:00:00,0.9988888888888889,0.485581946278182
2017-02-28 02:15:00,0.9988888888888889,0.48614838488591383
2017-02-28 02:30:00,0.9988888888888889,0.49458989886694726
2017-02-28 02:45:00,0.9988888888888889,0.4993433885936919
2017-02-28 03:00:00,0.9988888888888889,0.5030559840261603
2017-02-28 03:15:00,0.9988888888888889,0.5029817924922506
2017-02-28 03:30:00,0.9988888888888889,0.49043099760142805
2017-02-28 03:45:00,0.9988888888888889,0.48343619656924336
2017-02-28 04:00:00,0.9988888888888889,0.4829954254438238
2017-02-28 04:15:00,0.9988888888888889,0.47935101182538115
2017-02-28 04:30:00,0.9988888888888889,0.4810686364237363
2017-02-28 04:45:00,0.9988888888888889,0.4848895888358743
2017-02-28 05:00:00,0.9988888888888889,0.4881682382306487
2017-02-28 05:15:00,0.9988888888888889,0.48752798588265295
2017-02-28 05:30:00,0.9988888888888889,0.48956762675693477
2017-02-28 05:45:00,0.9988888888888889,0.4879390963711897
2017-02-28 06:00:00,0.9988888888888889,0.4720139446705256
2017-02-28 06:15:00,0.9988888888888889,0.4588481882307985
2017-02-28 06:30:00,0.9988888888888889,0.4504907912957919
2017-02-28 06:45:00,0.9988888888888889,0.44414756825527274
2017-02-28 07:00:00,0.9988888888888889,0.4333766475941298
2017-02-28 07:15:00,0.9988888888888889,0.446975763022107
2017-02-28 07:30:00,0.9988888888888889,0.4324594054149661
2017-02-28 07:45:00,0.9988888888888889,0.4257436082897937
2017-02-28 08:00:00,0.9988888888888889,0.4122869461345485
2017-02-28 08:15:00,0.9988888888888889,0.3760522264030814
2017-02-28 08:30:00,0.9988888888888889,0.32645802267461677
2017-02-28 08:45:00,0.9988888888888889,0.26990037752004337
2017-02-28 09:00:00,0.9988888888888889,0.2496521114174188
2017-02-28 09:15:00,0.9988888888888889,0.2425112467276494
2017-02-28 09:30:00,0.9988888888888889,0.24501239801972713
2017-02-28 09:45:00,0.9988888888888889,0.24852975477562417
2017-02-28 10:00:00,0.9988888888888889,0.24764849237842024
2017-02-28 10:15:00,0.9988888888888889,0.24377994874788306
2017-02-28 10:30:00,0.9988888888888889,0.23647472448098528
2017-02-28 10:45:00,0.9988888888888889,0.23451653406653067
2017-02-28 11:00:00,0.9988888888888889,0.23450923428363196
2017-02-28 11:15:00,0.9988888888888889,0.23410326495316627
2017-02-28 11:30:00,0.9988888888888889,0.23575472542804377
2017-02-28 11:45:00,0.9988888888888889,0.23168165338111513
2017-02-28 12:00:00,0.9988888888888889,0.22455161417152517
2017-02-28 12:15:00,0.9988888888888889,0.2277549775316863
2017-02-28 12:30:00,0.9988888888888889,0.23149122997030175
2017-02-28 12:45:00,0.9988888888888889,0.2372049893054981
2017-02-28 13:00:00,0.9988888888888889,0.2374492789085799
2017-02-28 13:15:00,0.9988888888888889,0.24142475368051727
2017-02-28 13:30:00,0.9988888888888889,0.24008889631303615
2017-02-28 13:45:00,0.9988888888888889,0.2353486549761687
2017-02-28 14:00:00,0.9988888888888889,0.24636576286938397
2017-02-28 14:15:00,0.9988888888888889,0.25184441390536383
2017-02-28 14:30:00,0.9988888888888889,0.25517431908376015
2017-02-28 14:45:00,0.9988888888888889,0.2710801686091006
2017-02-28 15:00:00,0.9988888888888889,0.2872448391486213
2017-02-28 15:15:00,0.9988888888888889,0.3135385057663235
2017-02-28 15:30:00,0.9988888888888889,0.3415563043786815
2017-02-28 15:45:00,0.9988888888888889,0.36537222131276537
2017-02-28 16:00:00,0.9988888888888889,0.3751285447908902
2017-02-28 16:15:00,0.9988888888888889,0.3878879511204339
2017-02-28 16:30:00,0.9988888888888889,0.40848374622023814
2017-02-28 16:45:00,0.33704061895551257,0.4355982475913948
2017-02-28 17:00:00,0.4536363636363636,0.44173108848673565
2017-02-28 17:15:00,0.35448742746615086,0.4435968141698287
2017-02-28 17:30:00,0.3608317214700193,0.44583762817680817
2017-02-28 17:45:00,0.3608317214700193,0.43834715958467807
2017-02-28 18:00:00,0.3608317214700193,0.4286945508570121
2017-02-28 18:15:00,0.3608317214700193,0.4248173625658083
2017-02-28 18:30:00,0.4536363636363636,0.4292982848903002
2017-02-28 18:45:00,0.3608317214700193,0.4266766893585727
2017-02-28 19:00:00,0.3608317214700193,0.4320950888524978
2017-02-28 19:15:00,0.3608317214700193,0.43621342933497137
2017-02-28 19:30:00,0.3608317214700193,0.44751989039040196
2017-02-28 19:45:00,0.3608317214700193,0.4553232388863877
2017-02-28 20:00:00,0.3608317214700193,0.46059196003371217
2017-02-28 20:15:00,0.3608317214700193,0.4649927055274702
2017-02-28 20:30:00,0.3576595744680851,0.46672573325894073
2017-02-28 20:45:00,0.3576595744680851,0.4677287843278103
2017-02-28 21:00:00,0.343384912959381,0.4800807972598521
2017-02-28 21:15:00,0.343384912959381,0.4725389639949775
2017-02-28 21:30:00,0.343384912959381,0.46584367533769894
2017-02-28 21:45:00,0.343384912959381,0.46373632088985983
2017-02-28 22:00:00,0.3386266924564797,0.4617085557153887
2017-02-28 22:15:00,0.9988888888888889,0.44976935722069755
2017-02-28 22:30:00,0.9988888888888889,0.45664387106604787
2017-02-28 22:45:00,0.9988888888888889,0.46368341463463586
2017-02-28 23:00:00,0.9988888888888889,0.46374852884877116
2017-02-28 23:15:00,0.9988888888888889,0.45787987205325625
2017-02-28 23:30:00,0.9988888888888889,0.4550136652362887
2017-02-28 23:45:00,0.9988888888888889,0.44798872829399516
2017-03-01 00:00:00,0.9988888888888889,0.44757594311847654
2017-03-01 00:15:00,0.9988888888888889,0.44267825264731736
2017-03-01 00:30:00,0.9988888888888889,0.4428245116255143
2017-03-01 00:45:00,0.9988888888888889,0.4484419274618664
2017-03-01 01:00:00,0.9988888888888889,0.4423005330371163
2017-03-01 01:15:00,0.9988888888888889,0.4426983181352139
2017-03-01 01:30:00,0.9988888888888889,0.4432137308106433
2017-03-01 01:45:00,0.9988888888888889,0.44235638405880867
2017-03-01 02:00:00,0.9988888888888889,0.4492328657259737
2017-03-01 02:15:00,0.9988888888888889,0.44864098911229333
2017-03-01 02:30:00,0.9988888888888889,0.44867513265312653
2017-03-01 02:45:00,0.9988888888888889,0.44732431238944387
2017-03-01 03:00:00,0.9988888888888889,0.4480050332715178
2017-03-01 03:15:00,0.9988888888888889,0.4474382494227066
2017-03-01 03:30:00,0.9988888888888889,0.44672493119224876
2017-03-01 03:45:00,0.9988888888888889,0.4447423684767905
2017-03-01 04:00:00,0.9988888888888889,0.4484053303838294
2017-03-01 04:15:00,0.9988888888888889,0.4485962570503287
2017-03-01 04:30:00,0.9988888888888889,0.44531412567509904
2017-03-01 04:45:00,0.9988888888888889,0.4402698356446875
2017-03-01 05:00:00,0.9988888888888889,0.43365399141763566
2017-03-01 05:15:00,0.9988888888888889,0.4319139128280745
2017-03-01 05:30:00,0.9988888888888889,0.4443615288532794
2017-03-01 05:45:00,0.9988888888888889,0.46673712983122506
2017-03-01 06:00:00,0.9988888888888889,0.47516682279654854
2017-03-01 06:15:00,0.9988888888888889,0.45870757648610094
2017-03-01 06:30:00,0.9988888888888889,0.4427549860559191
2017-03-01 06:45:00,0.9988888888888889,0.4337783829667894
2017-03-01 07:00:00,0.9988888888888889,0.42864089406805156
2017-03-01 07:15:00,0.9988888888888889,0.4339870187893053
2017-03-01 07:30:00,0.9988888888888889,0.43274301450627084
2017-03-01 07:45:00,0.9988888888888889,0.41951296384272385
2017-03-01 08:00:00,0.9988888888888889,0.4118723465439057
2017-03-01 08:15:00,0.4536363636363636,0.42468224441701674
2017-03-01 08:30:00,0.9988888888888889,0.4128115194607783
2017-03-01 08:45:00,0.9988888888888889,0.3836099865617786
2017-03-01 09:00:00,0.9988888888888889,0.3482098351999608
2017-03-01 09:15:00,0.9988888888888889,0.32708517538869236
2017-03-01 09:30:00,0.9988888888888889,0.31744050854882033
2017-03-01 09:45:00,0.9988888888888889,0.3060895602671883
2017-03-01 10:00:00,0.9988888888888889,0.2851207314674124
2017-03-01 10:15:00,0.9988888888888889,0.2698850791934676
2017-03-01 10:30:00,0.9988888888888889,0.2701403084333748
2017-03-01 10:45:00,0.9988888888888889,0.26720415842326
2017-03-01 11:00:00,0.9988888888888889,0.2682969126366897
2017-03-01 11:15:00,0.9988888888888889,0.25582520854144014
2017-03-01 11:30:00,0.9988888888888889,0.24549456124764635
2017-03-01 11:45:00,0.9988888888888889,0.2466910602806729
2017-03-01 12:00:00,0.9988888888888889,0.24811157301280012
2017-03-01 12:15:00,0.9988888888888889,0.2464847035954881
2017-03-01 12:30:00,0.9988888888888889,0.24747832405727554
2017-03-01 12:45:00,0.9988888888888889,0.2469808752149134
2017-03-01 13:00:00,0.9988888888888889,0.24734255291608523
2017-03-01 13:15:00,0.9988888888888889,0.24803303235022456
2017-03-01 13:30:00,0.9988888888888889,0.25128470138332376
2017-03-01 13:45:00,0.9988888888888889,0.25250050232521926
2017-03-01 14:00:00,0.9988888888888889,0.2505820055597181
2017-03-01 14:15:00,0.9988888888888889,0.2527932400805252
2017-03-01 14:30:00,0.9988888888888889,0.25728589385408807
2017-03-01 14:45:00,0.9988888888888889,0.2614856807726662
2017-03-01 15:00:00,0.9988888888888889,0.2725639855467403
2017-03-01 15:15:00,0.9988888888888889,0.2919623903595738
2017-03-01 15:30:00,0.9988888888888889,0.33229484726474723
2017-03-01 15:45:00,0.9988888888888889,0.37072039515025357
2017-03-01 16:00:00,0.9988888888888889,0.4014336919232155
2017-03-01 16:15:00,0.9988888888888889,0.3980546504167217
2017-03-01 16:30:00,0.9988888888888889,0.4132298625625731
2017-03-01 16:45:00,0.9988888888888889,0.4137052925648118
2017-03-01 17:00:00,0.9988888888888889,0.4150029569675775
2017-03-01 17:15:00,0.9988888888888889,0.4158768590227992
2017-03-01 17:30:00,0.9988888888888889,0.41643199032633044
2017-03-01 17:45:00,0.33704061895551257,0.4178769066908538
2017-03-01 18:00:00,0.3386266924564797,0.41892544691767747
2017-03-01 18:15:00,0.3386266924564797,0.4044576040998778
2017-03-01 18:30:00,0.3386266924564797,0.39677140655464754
2017-03-01 18:45:00,0.3386266924564797,0.39702645224796507
2017-03-01 19:00:00,0.3386266924564797,0.39079995884759733
2017-03-01 19:15:00,0.3386266924564797,0.39869842875673034
2017-03-01 19:30:00,0.3386266924564797,0.4150709695116297
2017-03-01 19:45:00,0.3386266924564797,0.41331821875081226
2017-03-01 20:00:00,0.3386266924564797,0.4149825164795043
2017-03-01 20:15:00,0.3386266924564797,0.41486595945303145
2017-03-01 20:30:00,0.3386266924564797,0.4260581961012838
2017-03-01 20:45:00,0.3386266924564797,0.44021808216081715
2017-03-01 21:00:00,0.3386266924564797,0.4415278077500591
2017-03-01 21:15:00,0.3386266924564797,0.444126051521656
2017-03-01 21:30:00,0.3386266924564797,0.4413152378615797
2017-03-01 21:45:00,0.3386266924564797,0.4454978830355069
2017-03-01 22:00:00,0.3386266924564797,0.44703234651696894
2017-03-01 22:15:00,0.9988888888888889,0.44252754342902134
2017-03-01 22:30:00,0.9988888888888889,0.4432988866029376
2017-03-01 22:45:00,0.9988888888888889,0.4566974258439313
2017-03-01 23:00:00,0.9988888888888889,0.45075360686486093
2017-03-01 23:15:00,0.9988888888888889,0.44105073611766965
2017-03-01 23:30:00,0.9988888888888889,0.43609017094632746
2017-03-01 23:45:00,0.9988888888888889,0.4274587291116773
2017-03-02 00:00:00,0.9988888888888889,0.42009584324848825
2017-03-02 00:15:00,0.9988888888888889,0.4020271348304776
2017-03-02 00:30:00,0.9988888888888889,0.39068902564290797
2017-03-02 00:45:00,0.9988888888888889,0.37490412151728725
2017-03-02 01:00:00,0.9988888888888889,0.35866463947081956
2017-03-02 01:15:00,0.9988888888888889,0.35632650263840426
2017-03-02 01:30:00,0.9988888888888889,0.3556529357017072
2017-03-02 01:45:00,0.9988888888888889,0.35640280617669884
2017-03-02 02:00:00,0.9988888888888889,0.3609437192911833
2017-03-02 02:15:00,0.9988888888888889,0.36167200487597817
2017-03-02 02:30:00,0.9988888888888889,0.3607608136330146
2017-03-02 02:45:00,0.9988888888888889,0.3590754259537027
2017-03-02 03:00:00,0.9988888888888889,0.36114425427552826
2017-03-02 03:15:00,0.9988888888888889,0.36685135356115584
2017-03-02 03:30:00,0.9988888888888889,0.37273090885699567
2017-03-02 03:45:00,0.9988888888888889,0.37564467075975594
2017-03-02 04:00:00,0.9988888888888889,0.3730598794274041
2017-03-02 04:15:00,0.9988888888888889,0.37085462645954265
2017-03-02 04:30:00,0.9988888888888889,0.36618137059143047
2017-03-02 04:45:00,0.9988888888888889,0.36313656338116757
2017-03-02 05:00:00,0.9988888888888889,0.3578385834028576
2017-03-02 05:15:00,0.9988888888888889,0.3627446066605481
2017-03-02 05:30:00,0.9988888888888889,0.37694805619034705
2017-03-02 05:45:00,0.9988888888888889,0.39988220894755083
2017-03-02 06:00:00,0.9988888888888889,0.4252241138381597
2017-03-02 06:15:00,0.9988888888888889,0.44185538294964355
2017-03-02 06:30:00,0.9988888888888889,0.4433503171433013
2017-03-02 06:45:00,0.9988888888888889,0.4388249839723468
2017-03-02 07:00:00,0.9988888888888889,0.42682927996260656
2017-03-02 07:15:00,0.9988888888888889,0.41742634184948807
2017-03-02 07:30:00,0.9988888888888889,0.42474598268128444
2017-03-02 07:45:00,0.9988888888888889,0.39592809026211956
2017-03-02 08:00:00,0.9988888888888889,0.38393053731257337
2017-03-02 08:15:00,0.9988888888888889,0.37627440886729707
2017-03-02 08:30:00,0.9988888888888889,0.363274481685078
2017-03-02 08:45:00,0.9988888888888889,0.3458845338326518
2017-03-02 09:00:00,0.9988888888888889,0.3171238079615697
2017-03-02 09:15:00,0.9988888888888889,0.3095242134405939
2017-03-02 09:30:00,0.9988888888888889,0.2961829764815266
2017-03-02 09:45:00,0.9988888888888889,0.29067365264293715
2017-03-02 10:00:00,0.9988888888888889,0.29125974062035787
2017-03-02 10:15:00,0.9988888888888889,0.29031513161809924
2017-03-02 10:30:00,0.9988888888888889,0.2890120558679358
2017-03-02 10:45:00,0.9988888888888889,0.29389738163387985
2017-03-02 11:00:00,0.9988888888888889,0.29412992775200636
2017-03-02 11:15:00,0.9988888888888889,0.2865193992814108
2017-03-02 11:30:00,0.9988888888888889,0.2899015069629952
2017-03-02 11:45:00,0.9988888888888889,0.29323993962557976
2017-03-02 12:00:00,0.9988888888888889,0.2926210830233581
2017-03-02 12:15:00,0.9988888888888889,0.27826893397150326
2017-03-02 12:30:00,0.9988888888888889,0.2779593419403772
2017-03-02 12:45:00,0.9988888888888889,0.2728343810382116
2017-03-02 13:00:00,0.9988888888888889,0.27691772675614146
2017-03-02 13:15:00,0.9988888888888889,0.28941714269000646
2017-03-02 13:30:00,0.9988888888888889,0.30286419377447127
2017-03-02 13:45:00,0.9988888888888889,0.32545922792481596
2017-03-02 14:00:00,0.9988888888888889,0.3411703672643427
2017-03-02 14:15:00,0.9988888888888889,0.3374210426673442
2017-03-02 14:30:00,0.9988888888888889,0.3203827377560306
2017-03-02 14:45:00,0.9988888888888889,0.3030480263495618
2017-03-02 15:00:00,0.9988888888888889,0.3006021684710493
2017-03-02 15:15:00,0.9988888888888889,0.30544610833106756
2017-03-02 15:30:00,0.9988888888888889,0.31342553003178025
2017-03-02 15:45:00,0.9988888888888889,0.3240109191308821
2017-03-02 16:00:00,0.9988888888888889,0.34736240093505893
2017-03-02 16:15:00,0.9988888888888889,0.3597041379617497
2017-03-02 16:30:00,0.9988888888888889,0.38160849952964354
2017-03-02 16:45:00,0.33545454545454545,0.39510658668332604
2017-03-02 17:00:00,0.343384912959381,0.4008949901117577
2017-03-02 17:15:00,0.34655705996131525,0.40603762457620585
2017-03-02 17:30:00,0.3513152804642166,0.40928740990069723
2017-03-02 17:45:00,0.3513152804642166,0.4113663058500087
2017-03-02 18:00:00,0.3513152804642166,0.4106714467948206
2017-03-02 18:15:00,0.3513152804642166,0.40430805094431993
2017-03-02 18:30:00,0.3513152804642166,0.39937433526920996
2017-03-02 18:45:00,0.3513152804642166,0.4014522166811179
2017-03-02 19:00:00,0.3513152804642166,0.3989710736683551
2017-03-02 19:15:00,0.3513152804642166,0.40863579353512064
2017-03-02 19:30:00,0.3513152804642166,0.4114405079345954
2017-03-02 19:45:00,0.3513152804642166,0.4261549187773277
2017-03-02 20:00:00,0.3513152804642166,0.4299701700156064
2017-03-02 20:15:00,0.3513152804642166,0.4268158663847986
2017-03-02 20:30:00,0.3402127659574468,0.42532692824530605
2017-03-02 20:45:00,0.33545454545454545,0.4228850856207586
2017-03-02 21:00:00,0.9988888888888889,0.4191721640242275
2017-03-02 21:15:00,0.9988888888888889,0.41556845933939174
2017-03-02 21:30:00,0.9988888888888889,0.3982808408558798
2017-03-02 21:45:00,0.9988888888888889,0.40902850448410843
2017-03-02 22:00:00,0.9988888888888889,0.4214200602548218
2017-03-02 22:15:00,0.9988888888888889,0.43921717832943186
2017-03-02 22:30:00,0.9988888888888889,0.44624367876199295
2017-03-02 22:45:00,0.9988888888888889,0.4512876899784745
2017-03-02 23:00:00,0.9988888888888889,0.45577062761786125
2017-03-02 23:15:00,0.9988888888888889,0.44373616064213256
2017-03-02 23:30:00,0.9988888888888889,0.43626868903877436
2017-03-02 23:45:00,0.9988888888888889,0.4384120842222875
2017-03-03 00:00:00,0.9988888888888889,0.43817178581560684
2017-03-03 00:15:00,0.9988888888888889,0.4343793095183072
2017-03-03 00:30:00,0.9988888888888889,0.43221432148264555
2017-03-03 00:45:00,0.9988888888888889,0.4306098212715983
2017-03-03 01:00:00,0.9988888888888889,0.43667983072646743
2017-03-03 01:15:00,0.9988888888888889,0.44055785808902476
2017-03-03 01:30:00,0.9988888888888889,0.4450404799047931
2017-03-03 01:45:00,0.9988888888888889,0.44721470821186954
2017-03-03 02:00:00,0.9988888888888889,0.44943270484534975
2017-03-03 02:15:00,0.9988888888888889,0.4511388181984221
2017-03-03 02:30:00,0.9988888888888889,0.452011662878876
2017-03-03 02:45:00,0.9988888888888889,0.4520508979835859
2017-03-03 03:00:00,0.9988888888888889,0.4538267135928423
2017-03-03 03:15:00,0.9988888888888889,0.4500826531017305
2017-03-03 03:30:00,0.9988888888888889,0.4493369582353342
2017-03-03 03:45:00,0.9988888888888889,0.4335543301012672
2017-03-03 04:00:00,0.9988888888888889,0.4309713265357316
2017-03-03 04:15:00,0.9988888888888889,0.43774824960500464
2017-03-03 04:30:00,0.9988888888888889,0.44550605410531746
2017-03-03 04:45:00,0.9988888888888889,0.45217927585482925
2017-03-03 05:00:00,0.9988888888888889,0.4663637880277481
2017-03-03 05:15:00,0.9988888888888889,0.47218979041306913
2017-03-03 05:30:00,0.9988888888888889,0.4811412637853483
2017-03-03 05:45:00,0.9988888888888889,0.493288634511568
2017-03-03 06:00:00,0.4536363636363636,0.49611571405965776
2017-03-03 06:15:00,0.4536363636363636,0.49680487551395913
2017-03-03 06:30:00,0.4536363636363636,0.4976805925733069
2017-03-03 06:45:00,0.4536363636363636,0.4383293331215325
2017-03-03 07:00:00,0.4536363636363636,0.44001384481376365
2017-03-03 07:15:00,0.4536363636363636,0.4288513476142392
2017-03-03 07:30:00,0.4536363636363636,0.4764950216256591
2017-03-03 07:45:00,0.9988888888888889,0.42766032144877314
2017-03-03 08:00:00,0.9988888888888889,0.43462968662990525
2017-03-03 08:15:00,0.4536363636363636,0.43920928066681847
2017-03-03 08:30:00,0.4536363636363636,0.427108174691231
2017-03-03 08:45:00,0.9988888888888889,0.41467967229796504
2017-03-03 09:00:00,0.9988888888888889,0.3902924218874134
2017-03-03 09:15:00,0.9988888888888889,0.36555126458721166
2017-03-03 09:30:00,0.9988888888888889,0.3393048574573997
2017-03-03 09:45:00,0.9988888888888889,0.311920916735564
2017-03-03 10:00:00,0.9988888888888889,0.2791217843344542
2017-03-03 10:15:00,0.9988888888888889,0.2503537741440036
2017-03-03 10:30:00,0.9988888888888889,0.22653375906443163
2017-03-03 10:45:00,0.9988888888888889,0.22316342612460927
2017-03-03 11:00:00,0.9988888888888889,0.22467040365206298
2017-03-03 11:15:00,0.9988888888888889,0.2294065344439926
2017-03-03 11:30:00,0.9988888888888889,0.22754605190065427
2017-03-03 11:45:00,0.9988888888888889,0.2239029105579616
2017-03-03 12:00:00,0.9988888888888889,0.2137330359607542
2017-03-03 12:15:00,0.9988888888888889,0.21753139397484592
2017-03-03 12:30:00,0.9988888888888889,0.21505812907545116
2017-03-03 12:45:00,0.9988888888888889,0.21461519113355867
2017-03-03 13:00:00,0.9988888888888889,0.2141723162945508
2017-03-03 13:15:00,0.9988888888888889,0.2137956090587058
2017-03-03 13:30:00,0.9988888888888889,0.2149259075891005
2017-03-03 13:45:00,0.9988888888888889,0.21911014960746147
2017-03-03 14:00:00,0.9988888888888889,0.22475922420012717
2017-03-03 14:15:00,0.9988888888888889,0.2192627767161215
2017-03-03 14:30:00,0.9988888888888889,0.20885572456898746
2017-03-03 14:45:00,0.9988888888888889,0.21503300636137315
2017-03-03 15:00:00,0.9988888888888889,0.21310692355106944
2017-03-03 15:15:00,0.9988888888888889,0.2222635023102577
2017-03-03 15:30:00,0.9988888888888889,0.23661423355561367
2017-03-03 15:45:00,0.9988888888888889,0.2539694800582228
2017-03-03 16:00:00,0.9988888888888889,0.2723822602478203
2017-03-03 16:15:00,0.9988888888888889,0.30778035026014816
2017-03-03 16:30:00,0.9988888888888889,0.3340514474145653
2017-03-03 16:45:00,0.9988888888888889,0.3704120078444294
2017-03-03 17:00:00,0.9988888888888889,0.4004887648958714
2017-03-03 17:15:00,0.9988888888888889,0.4040983861798137
2017-03-03 17:30:00,0.9988888888888889,0.41015969253135387
2017-03-03 17:45:00,0.4536363636363636,0.41510741608356605
2017-03-03 18:00:00,0.4536363636363636,0.41570841141991993
2017-03-03 18:15:00,0.9988888888888889,0.4051440662599712
2017-03-03 18:30:00,0.9988888888888889,0.3945182711296938
2017-03-03 18:45:00,0.9988888888888889,0.3991481677169297
2017-03-03 19:00:00,0.9988888888888889,0.4069046888580091
2017-03-03 19:15:00,0.9988888888888889,0.4097975855287605
2017-03-03 19:30:00,0.9988888888888889,0.40904024967668096
2017-03-03 19:45:00,0.4536363636363636,0.44334435751867013
2017-03-03 20:00:00,0.4536363636363636,0.44516954582186863
2017-03-03 20:15:00,0.9988888888888889,0.4390797345716205
2017-03-03 20:30:00,0.9988888888888889,0.4268755802633529
2017-03-03 20:45:00,0.9988888888888889,0.4091751772078035
2017-03-03 21:00:00,0.9988888888888889,0.3945304321951262
2017-03-03 21:15:00,0.9988888888888889,0.3819781628328134
2017-03-03 21:30:00,0.9988888888888889,0.372357559695057
2017-03-03 21:45:00,0.9988888888888889,0.36992926226386347
2017-03-03 22:00:00,0.9988888888888889,0.3668052153453131
2017-03-03 22:15:00,0.9988888888888889,0.39302876616395166
2017-03-03 22:30:00,0.9988888888888889,0.39781675052205845
2017-03-03 22:45:00,0.9988888888888889,0.40307592098882483
2017-03-03 23:00:00,0.9988888888888889,0.41399384775383147
2017-03-03 23:15:00,0.9988888888888889,0.39074060492069995
2017-03-03 23:30:00,0.9988888888888889,0.37047210867166586
2017-03-03 23:45:00,0.9988888888888889,0.35776335774516044
2017-03-04 00:00:00,0.9988888888888889,0.3290478286395814
2017-03-04 00:15:00,0.9988888888888889,0.3319042663351784
2017-03-04 00:30:00,0.9988888888888889,0.3333412174166087
2017-03-04 00:45:00,0.9988888888888889,0.3324865354675569
2017-03-04 01:00:00,0.9988888888888889,0.33040180168978717
2017-03-04 01:15:00,0.9988888888888889,0.34748133023600886
2017-03-04 01:30:00,0.9988888888888889,0.3646214160304546
2017-03-04 01:45:00,0.9988888888888889,0.38502449510872044
2017-03-04 02:00:00,0.9988888888888889,0.408845458233719
2017-03-04 02:15:00,0.9988888888888889,0.4109912831306112
2017-03-04 02:30:00,0.9988888888888889,0.411583141335414
2017-03-04 02:45:00,0.9988888888888889,0.41536554984131063
2017-03-04 03:00:00,0.9988888888888889,0.41672462424094275
2017-03-04 03:15:00,0.9988888888888889,0.4322198645167763
2017-03-04 03:30:00,0.9988888888888889,0.44810858805490517
2017-03-04 03:45:00,0.9988888888888889,0.46495975443646215
2017-03-04 04:00:00,0.9988888888888889,0.4822713137775759
2017-03-04 04:15:00,0.9988888888888889,0.47834864812607075
2017-03-04 04:30:00,0.9988888888888889,0.48061752701801413
2017-03-04 04:45:00,0.9988888888888889,0.4850480363495299
2017-03-04 05:00:00,0.9988888888888889,0.4875532294445389
2017-03-04 05:15:00,0.9988888888888889,0.48780653158457216
2017-03-04 05:30:00,0.9988888888888889,0.4832410244133993
2017-03-04 05:45:00,0.9988888888888889,0.48454456738607143
2017-03-04 06:00:00,0.9988888888888889,0.4870651499720236
2017-03-04 06:15:00,0.9988888888888889,0.478410344144905
2017-03-04 06:30:00,0.9988888888888889,0.47028727713973695
2017-03-04 06:45:00,0.9988888888888889,0.46229677364049176
2017-03-04 07:00:00,0.9988888888888889,0.4598790406322946
2017-03-04 07:15:00,0.9988888888888889,0.4530002818114518
2017-03-04 07:30:00,0.9988888888888889,0.4410818492319198
2017-03-04 07:45:00,0.9988888888888889,0.42978306209218325
2017-03-04 08:00:00,0.9988888888888889,0.4218835633206165
2017-03-04 08:15:00,0.9988888888888889,0.39808872985146193
2017-03-04 08:30:00,0.9988888888888889,0.3993139780666712
2017-03-04 08:45:00,0.9988888888888889,0.3914461614206662
2017-03-04 09:00:00,0.9988888888888889,0.3775984593191159
2017-03-04 09:15:00,0.9988888888888889,0.353342648903868
2017-03-04 09:30:00,0.9988888888888889,0.31528694279420044
2017-03-04 09:45:00,0.9988888888888889,0.28819409343493574
2017-03-04 10:00:00,0.9988888888888889,0.2772922365118687
2017-03-04 10:15:00,0.9988888888888889,0.2523030165481453
2017-03-04 10:30:00,0.9988888888888889,0.2211384010697011
2017-03-04 10:45:00,0.9988888888888889,0.2215766104668249
2017-03-04 11:00:00,0.9988888888888889,0.21917765307283266
2017-03-04 11:15:00,0.9988888888888889,0.21940685301456686
2017-03-04 11:30:00,0.9988888888888889,0.21979371190841832
2017-03-04 11:45:00,0.9988888888888889,0.2262094511590626
2017-03-04 12:00:00,0.9988888888888889,0.23272654497409995
2017-03-04 12:15:00,0.9988888888888889,0.2407304163000896
2017-03-04 12:30:00,0.9988888888888889,0.24810875787194037
2017-03-04 12:45:00,0.9988888888888889,0.23618918833860444
2017-03-04 13:00:00,0.9988888888888889,0.24101526590269123
2017-03-04 13:15:00,0.9988888888888889,0.237187194018504
2017-03-04 13:30:00,0.9988888888888889,0.24927296655135184
2017-03-04 13:45:00,0.9988888888888889,0.2626357314768018
2017-03-04 14:00:00,0.9988888888888889,0.27976697819111446
2017-03-04 14:15:00,0.9988888888888889,0.28838991079769993
2017-03-04 14:30:00,0.9988888888888889,0.28441640031653054
2017-03-04 14:45:00,0.9988888888888889,0.2885865156192831
2017-03-04 15:00:00,0.9988888888888889,0.2990592807353367
2017-03-04 15:15:00,0.9988888888888889,0.31506402309945875
2017-03-04 15:30:00,0.9988888888888889,0.3216569436093738
2017-03-04 15:45:00,0.9988888888888889,0.3424481375551006
2017-03-04 16:00:00,0.9988888888888889,0.32818544297382474
2017-03-04 16:15:00,0.9988888888888889,0.36435488982603115
2017-03-04 16:30:00,0.9988888888888889,0.3723488753736839
2017-03-04 16:45:00,0.9988888888888889,0.42873338201183264
2017-03-04 17:00:00,0.9988888888888889,0.4621518751035971
2017-03-04 17:15:00,0.9988888888888889,0.47563317103247754
2017-03-04 17:30:00,0.9988888888888889,0.48493476872712155
2017-03-04 17:45:00,0.9988888888888889,0.4776128104440346
2017-03-04 18:00:00,0.9988888888888889,0.46444370329405804
2017-03-04 18:15:00,0.9988888888888889,0.45835687532181313
2017-03-04 18:30:00,0.9988888888888889,0.4548995019944934
2017-03-04 18:45:00,0.9988888888888889,0.462389721169508
2017-03-04 19:00:00,0.9988888888888889,0.45860448827775685
2017-03-04 19:15:00,0.9988888888888889,0.456513881581759
2017-03-04 19:30:00,0.4536363636363636,0.4751693822915771
2017-03-04 19:45:00,0.4536363636363636,0.4859202678096679
2017-03-04 20:00:00,0.4536363636363636,0.4811635394323559
2017-03-04 20:15:00,0.9988888888888889,0.47094679207392703
2017-03-04 20:30:00,0.9988888888888889,0.45863653145753297
2017-03-04 20:45:00,0.9988888888888889,0.44749219116979067
2017-03-04 21:00:00,0.9988888888888889,0.4348431924774669
2017-03-04 21:15:00,0.9988888888888889,0.4326062013726078
2017-03-04 21:30:00,0.9988888888888889,0.4322412881393274
2017-03-04 21:45:00,0.9988888888888889,0.43094614415797994
2017-03-04 22:00:00,0.9988888888888889,0.4396158347996475
2017-03-04 22:15:00,0.9988888888888889,0.4328824263647395
2017-03-04 22:30:00,0.9988888888888889,0.4297350342877342
2017-03-04 22:45:00,0.9988888888888889,0.4269101034472609
2017-03-04 23:00:00,0.9988888888888889,0.4195490764076248
2017-03-04 23:15:00,0.9988888888888889,0.411846637931534
2017-03-04 23:30:00,0.9988888888888889,0.39875079815709324
2017-03-04 23:45:00,0.9988888888888889,0.38786538350031546
2017-03-05 00:00:00,0.9988888888888889,0.3745800882762256
2017-03-05 00:15:00,0.9988888888888889,0.369978746983459
2017-03-05 00:30:00,0.9988888888888889,0.36459780814053
2017-03-05 00:45:00,0.9988888888888889,0.3572763712181146
2017-03-05 01:00:00,0.9988888888888889,0.35262414251339064
2017-03-05 01:15:00,0.9988888888888889,0.346343652513587
2017-03-05 01:30:00,0.9988888888888889,0.35701216951041465
2017-03-05 01:45:00,0.9988888888888889,0.35774208941589936
2017-03-05 02:00:00,0.9988888888888889,0.3491359646195359
2017-03-05 02:15:00,0.9988888888888889,0.3576430740774381
2017-03-05 02:30:00,0.9988888888888889,0.3613424167444409
2017-03-05 02:45:00,0.9988888888888889,0.3578333161590371
2017-03-05 03:00:00,0.9988888888888889,0.36285874860026596
2017-03-05 03:15:00,0.9988888888888889,0.35136628448573193
2017-03-05 03:30:00,0.9988888888888889,0.34351024441608924
2017-03-05 03:45:00,0.9988888888888889,0.3368394647255107
2017-03-05 04:00:00,0.9988888888888889,0.32792117182394226
2017-03-05 04:15:00,0.9988888888888889,0.3308261245682076
2017-03-05 04:30:00,0.9988888888888889,0.331599866489575
2017-03-05 04:45:00,0.9988888888888889,0.3283211901712899
2017-03-05 05:00:00,0.9988888888888889,0.3254844451456835
2017-03-05 05:15:00,0.9988888888888889,0.320498592413991
2017-03-05 05:30:00,0.9988888888888889,0.31336381048586137
2017-03-05 05:45:00,0.9988888888888889,0.30833922262105046
2017-03-05 06:00:00,0.9988888888888889,0.2990677887042266
2017-03-05 06:15:00,0.9988888888888889,0.2920307262276173
2017-03-05 06:30:00,0.9988888888888889,0.2844600812836483
2017-03-05 06:45:00,0.9988888888888889,0.27355891505813756
2017-03-05 07:00:00,0.9988888888888889,0.2677340724228791
2017-03-05 07:15:00,0.9988888888888889,0.25905684673915225
2017-03-05 07:30:00,0.9988888888888889,0.23716609064083966
2017-03-05 07:45:00,0.9988888888888889,0.2354436074501652
2017-03-05 08:00:00,0.9988888888888889,0.23555628835010864
2017-03-05 08:15:00,0.041,0.20505115397783555
2017-03-05 08:30:00,0.041,0.2028134290043729
2017-03-05 08:45:00,0.041,0.20248015957268917
2017-03-05 09:00:00,0.041,0.19939490479554825
2017-03-05 09:15:00,0.041,0.20184352153075258
2017-03-05 09:30:00,0.041,0.20239624528386974
2017-03-05 09:45:00,0.041,0.197019818672748
2017-03-05 10:00:00,0.041,0.19394251283873576
2017-03-05 10:15:00,0.041,0.19187419282172558
2017-03-05 10:30:00,0.041,0.1909659970636411
2017-03-05 10:45:00,0.9988888888888889,0.1917094245220503
2017-03-05 11:00:00,0.9988888888888889,0.1899906652466993
2017-03-05 11:15:00,0.041,0.18569699893929192
2017-03-05 11:30:00,0.041,0.1868504419947124
2017-03-05 11:45:00,0.041,0.1865673927749754
2017-03-05 12:00:00,0.041,0.1882973805609971
2017-03-05 12:15:00,0.041,0.18785127080502403
2017-03-05 12:30:00,0.041,0.18519128988393171
2017-03-05 12:45:00,0.9988888888888889,0.19235035691280936
2017-03-05 13:00:00,0.9988888888888889,0.19375659617531568
2017-03-05 13:15:00,0.041,0.2003437819516254
2017-03-05 13:30:00,0.041,0.1936621268930646
2017-03-05 13:45:00,0.9988888888888889,0.19962576590826792
2017-03-05 14:00:00,0.9988888888888889,0.19777028667089655
2017-03-05 14:15:00,0.041,0.19391702192935117
2017-03-05 14:30:00,0.041,0.1957408457633048
2017-03-05 14:45:00,0.041,0.19639853838135057
2017-03-05 15:00:00,0.041,0.1992789752372836
2017-03-05 15:15:00,0.9988888888888889,0.2117596448447024
2017-03-05 15:30:00,0.9988888888888889,0.2534585175024135
2017-03-05 15:45:00,0.9988888888888889,0.3077212274908031
2017-03-05 16:00:00,0.9988888888888889,0.36471702104086223
2017-03-05 16:15:00,0.9988888888888889,0.402778206367886
2017-03-05 16:30:00,0.9988888888888889,0.4287191155301503
2017-03-05 16:45:00,0.9988888888888889,0.4565622607656398
2017-03-05 17:00:00,0.9988888888888889,0.48180734340751474
2017-03-05 17:15:00,0.9988888888888889,0.48287552624511
2017-03-05 17:30:00,0.343384912959381,0.4850651031994288
2017-03-05 17:45:00,0.343384912959381,0.48708158106833505
2017-03-05 18:00:00,0.343384912959381,0.4668770519285037
2017-03-05 18:15:00,0.343384912959381,0.46117528957928944
2017-03-05 18:30:00,0.343384912959381,0.4582556009347714
2017-03-05 18:45:00,0.343384912959381,0.4493385404048581
2017-03-05 19:00:00,0.343384912959381,0.44807272057505215
2017-03-05 19:15:00,0.343384912959381,0.4555993356887322
2017-03-05 19:30:00,0.343384912959381,0.4694478786816533
2017-03-05 19:45:00,0.343384912959381,0.4881428661374846
2017-03-05 20:00:00,0.4536363636363636,0.4973250355820389
2017-03-05 20:15:00,0.343384912959381,0.49473461843863015
2017-03-05 20:30:00,0.3417988394584139,0.48169956793875945
2017-03-05 20:45:00,0.3417988394584139,0.47394053793654234
2017-03-05 21:00:00,0.3417988394584139,0.4501698391788884
2017-03-05 21:15:00,0.9988888888888889,0.4487277838613145
2017-03-05 21:30:00,0.9988888888888889,0.43724033112468486
2017-03-05 21:45:00,0.9988888888888889,0.4432439035795829
2017-03-05 22:00:00,0.9988888888888889,0.4507826677832372
2017-03-05 22:15:00,0.9988888888888889,0.44664471067544786
2017-03-05 22:30:00,0.9988888888888889,0.4254052802537211
2017-03-05 22:45:00,0.9988888888888889,0.41153381232430514
2017-03-05 23:00:00,0.9988888888888889,0.39047024975239075
2017-03-05 23:15:00,0.9988888888888889,0.38692192881768805
2017-03-05 23:30:00,0.9988888888888889,0.3703040018813722
2017-03-05 23:45:00,0.9988888888888889,0.35462348678851774
2017-03-06 00:00:00,0.9988888888888889,0.3681474176017457
2017-03-06 00:15:00,0.9988888888888889,0.36755661093442066
2017-03-06 00:30:00,0.9988888888888889,0.3618178470722479
2017-03-06 00:45:00,0.9988888888888889,0.3503834789037232
2017-03-06 01:00:00,0.9988888888888889,0.34126304940177277
2017-03-06 01:15:00,0.9988888888888889,0.3357404560444778
2017-03-06 01:30:00,0.9988888888888889,0.3273094090608971
2017-03-06 01:45:00,0.9988888888888889,0.36206874313072884
2017-03-06 02:00:00,0.9988888888888889,0.3149113917014209
2017-03-06 02:15:00,0.9988888888888889,0.3137806693054045
2017-03-06 02:30:00,0.9988888888888889,0.3097386732798729
2017-03-06 02:45:00,0.9988888888888889,0.31015440632732805
2017-03-06 03:00:00,0.9988888888888889,0.307819929360752
2017-03-06 03:15:00,0.9988888888888889,0.3063500234828297
2017-03-06 03:30:00,0.9988888888888889,0.30512848983332497
2017-03-06 03:45:00,0.9988888888888889,0.3042537042845868
2017-03-06 04:00:00,0.9988888888888889,0.2992122638924602
2017-03-06 04:15:00,0.9988888888888889,0.3006628181522877
2017-03-06 04:30:00,0.9988888888888889,0.3025133694678876
2017-03-06 04:45:00,0.9988888888888889,0.3030318012522556
2017-03-06 05:00:00,0.9988888888888889,0.30925159017101317
2017-03-06 05:15:00,0.9988888888888889,0.32713837948480984
2017-03-06 05:30:00,0.9988888888888889,0.34870053852057536
2017-03-06 05:45:00,0.9988888888888889,0.37401870593354486
2017-03-06 06:00:00,0.9988888888888889,0.4084456418780001
2017-03-06 06:15:00,0.9988888888888889,0.4067125140162426
2017-03-06 06:30:00,0.9988888888888889,0.4012220764908627
2017-03-06 06:45:00,0.9988888888888889,0.3794032763856572
2017-03-06 07:00:00,0.9988888888888889,0.3769969747702676
2017-03-06 07:15:00,0.9988888888888889,0.3675332489355
2017-03-06 07:30:00,0.9988888888888889,0.3529059093797298
2017-03-06 07:45:00,0.9988888888888889,0.3284971060832644
2017-03-06 08:00:00,0.9988888888888889,0.318731560157318
2017-03-06 08:15:00,0.9988888888888889,0.2982505191720188
2017-03-06 08:30:00,0.9988888888888889,0.27622465804921764
2017-03-06 08:45:00,0.9988888888888889,0.2519052590197515
2017-03-06 09:00:00,0.9988888888888889,0.2445904937218367
2017-03-06 09:15:00,0.9988888888888889,0.24307478082579967
2017-03-06 09:30:00,0.9988888888888889,0.2424284106460886
2017-03-06 09:45:00,0.9988888888888889,0.23203725838372952
2017-03-06 10:00:00,0.9988888888888889,0.22527415469868498
2017-03-06 10:15:00,0.9988888888888889,0.2285985840283549
2017-03-06 10:30:00,0.9988888888888889,0.23661850099503637
2017-03-06 10:45:00,0.9988888888888889,0.2328740110787431
2017-03-06 11:00:00,0.9988888888888889,0.23450116197097243
2017-03-06 11:15:00,0.9988888888888889,0.23150786668833026
2017-03-06 11:30:00,0.9988888888888889,0.2324660822758879
2017-03-06 11:45:00,0.9988888888888889,0.2306448976136496
2017-03-06 12:00:00,0.9988888888888889,0.2307413328391079
2017-03-06 12:15:00,0.9988888888888889,0.2360262165474735
2017-03-06 12:30:00,0.9988888888888889,0.23934418179878655
2017-03-06 12:45:00,0.9988888888888889,0.24920815335135943
2017-03-06 13:00:00,0.9988888888888889,0.2683701039381477
2017-03-06 13:15:00,0.9988888888888889,0.2677161182672464
2017-03-06 13:30:00,0.9988888888888889,0.2978304304879498
2017-03-06 13:45:00,0.9988888888888889,0.30751776719707274
2017-03-06 14:00:00,0.9988888888888889,0.30820000200172487
2017-03-06 14:15:00,0.9988888888888889,0.3193353398821847
2017-03-06 14:30:00,0.9988888888888889,0.3292512790798478
2017-03-06 14:45:00,0.9988888888888889,0.3346170841316794
2017-03-06 15:00:00,0.9988888888888889,0.34398831252359746
2017-03-06 15:15:00,0.9988888888888889,0.36230727492099885
2017-03-06 15:30:00,0.9988888888888889,0.3739523562810806
2017-03-06 15:45:00,0.9988888888888889,0.39727450876794657
2017-03-06 16:00:00,0.9988888888888889,0.4123207287351439
2017-03-06 16:15:00,0.3386266924564797,0.42780432656411327
2017-03-06 16:30:00,0.3481431334622824,0.4399502299382313
2017-03-06 16:45:00,0.3608317214700193,0.45025801858166753
2017-03-06 17:00:00,0.36717601547388784,0.45661224102010445
2017-03-06 17:15:00,0.36717601547388784,0.45338309844818153
2017-03-06 17:30:00,0.36717601547388784,0.461868270029493
2017-03-06 17:45:00,0.36717601547388784,0.4659507420228888
2017-03-06 18:00:00,0.36717601547388784,0.4576831908567908
2017-03-06 18:15:00,0.36717601547388784,0.4513444203475337
2017-03-06 18:30:00,0.36717601547388784,0.45486712177655464
2017-03-06 18:45:00,0.36717601547388784,0.4350635435644936
2017-03-06 19:00:00,0.36717601547388784,0.43154495250438557
2017-03-06 19:15:00,0.36717601547388784,0.4396971508607786
2017-03-06 19:30:00,0.36717601547388784,0.444345974661459
2017-03-06 19:45:00,0.36717601547388784,0.45094727266180146
2017-03-06 20:00:00,0.36717601547388784,0.45717021648524575
2017-03-06 20:15:00,0.36717601547388784,0.4624048319985023
2017-03-06 20:30:00,0.36717601547388784,0.46828419484220013
2017-03-06 20:45:00,0.3640038684719536,0.4726629660439713
2017-03-06 21:00:00,0.3624177949709865,0.476438564527021
2017-03-06 21:15:00,0.3576595744680851,0.48419243815607127
2017-03-06 21:30:00,0.3576595744680851,0.4919825380567801
2017-03-06 21:45:00,0.3576595744680851,0.4942048894764229
2017-03-06 22:00:00,0.3576595744680851,0.4968273051836647
2017-03-06 22:15:00,0.356073500967118,0.4947177854385353
2017-03-06 22:30:00,0.35290135396518374,0.49817443689803015
2017-03-06 22:45:00,0.3481431334622824,0.5004922584894635
2017-03-06 23:00:00,0.3402127659574468,0.5038520770602443
2017-03-06 23:15:00,0.3402127659574468,0.5030916944675923
2017-03-06 23:30:00,0.33545454545454545,0.5168212597047057
2017-03-06 23:45:00,0.33545454545454545,0.5441763342270535
2017-03-07 00:00:00,0.3386266924564797,0.518065045354181
2017-03-07 00:15:00,0.3386266924564797,0.5189557408265112
2017-03-07 00:30:00,0.3386266924564797,0.5212943783417381
2017-03-07 00:45:00,0.3386266924564797,0.5280025588450017
2017-03-07 01:00:00,0.3386266924564797,0.5321448803584046
2017-03-07 01:15:00,0.3386266924564797,0.535835797258746
2017-03-07 01:30:00,0.3386266924564797,0.541034399194315
2017-03-07 01:45:00,0.3386266924564797,0.5418109440508673
2017-03-07 02:00:00,0.3386266924564797,0.5514377668007983
2017-03-07 02:15:00,0.3386266924564797,0.5515763140191764
2017-03-07 02:30:00,0.3386266924564797,0.5483463398098141
2017-03-07 02:45:00,0.3386266924564797,0.5487066927717565
2017-03-07 03:00:00,0.3386266924564797,0.5463584676850866
2017-03-07 03:15:00,0.3386266924564797,0.5441219290970761
2017-03-07 03:30:00,0.3386266924564797,0.5418503059341472
2017-03-07 03:45:00,0.3386266924564797,0.5399806295816645
2017-03-07 04:00:00,0.3386266924564797,0.5385872455785294
2017-03-07 04:15:00,0.3386266924564797,0.5358389684269849
2017-03-07 04:30:00,0.3386266924564797,0.5310547486697883
2017-03-07 04:45:00,0.3386266924564797,0.5275024230399803
2017-03-07 05:00:00,0.3386266924564797,0.5152369904529356
2017-03-07 05:15:00,0.3417988394584139,0.5115784285535259
2017-03-07 05:30:00,0.343384912959381,0.5062879609488438
2017-03-07 05:45:00,0.34655705996131525,0.5046535240314536
2017-03-07 06:00:00,0.34655705996131525,0.49003906531917596
2017-03-07 06:15:00,0.34655705996131525,0.4828813547940707
2017-03-07 06:30:00,0.34655705996131525,0.4719077181639074
2017-03-07 06:45:00,0.34655705996131525,0.4573551403889328
2017-03-07 07:00:00,0.34655705996131525,0.448484856414246
2017-03-07 07:15:00,0.34655705996131525,0.4402537760864296
2017-03-07 07:30:00,0.4536363636363636,0.4431141588532022
2017-03-07 07:45:00,0.34655705996131525,0.4449223552482725
2017-03-07 08:00:00,0.34655705996131525,0.441868474513851
2017-03-07 08:15:00,0.34655705996131525,0.44702075783946466
2017-03-07 08:30:00,0.34655705996131525,0.43752035062246625
2017-03-07 08:45:00,0.34655705996131525,0.4284969438535315
2017-03-07 09:00:00,0.3386266924564797,0.4199729498536788
2017-03-07 09:15:00,0.9988888888888889,0.3997772535135298
2017-03-07 09:30:00,0.9988888888888889,0.37610531033164246
2017-03-07 09:45:00,0.9988888888888889,0.36128675891851614
2017-03-07 10:00:00,0.9988888888888889,0.34351462470491956
2017-03-07 10:15:00,0.9988888888888889,0.32474167289526423
2017-03-07 10:30:00,0.9988888888888889,0.3292106604240409
2017-03-07 10:45:00,0.9988888888888889,0.3318065681562059
2017-03-07 11:00:00,0.9988888888888889,0.3330801546125048
2017-03-07 11:15:00,0.9988888888888889,0.323808584142369
2017-03-07 11:30:00,0.9988888888888889,0.31150112788885975
2017-03-07 11:45:00,0.9988888888888889,0.31068695708259164
2017-03-07 12:00:00,0.9988888888888889,0.3143827721782469
2017-03-07 12:15:00,0.9988888888888889,0.320516320687629
2017-03-07 12:30:00,0.9988888888888889,0.32188157189902067
2017-03-07 12:45:00,0.9988888888888889,0.3180388516830835
2017-03-07 13:00:00,0.9988888888888889,0.3195382135615187
2017-03-07 13:15:00,0.9988888888888889,0.3282151071972589
2017-03-07 13:30:00,0.9988888888888889,0.3236842138645646
2017-03-07 13:45:00,0.9988888888888889,0.3306882051144637
2017-03-07 14:00:00,0.9988888888888889,0.3365942690380187
2017-03-07 14:15:00,0.9988888888888889,0.3503771588569232
2017-03-07 14:30:00,0.9988888888888889,0.356544348045129
2017-03-07 14:45:00,0.9988888888888889,0.3785679575692941
2017-03-07 15:00:00,0.9988888888888889,0.4027157710412905
2017-03-07 15:15:00,0.9988888888888889,0.421219815686855
2017-03-07 15:30:00,0.33704061895551257,0.43502595101638497
2017-03-07 15:45:00,0.343384912959381,0.441832065516538
2017-03-07 16:00:00,0.3449709864603482,0.4499942351017865
2017-03-07 16:15:00,0.3497292069632495,0.45097358373767127
2017-03-07 16:30:00,0.35290135396518374,0.45292316596302895
2017-03-07 16:45:00,0.4536363636363636,0.4537856063973613
2017-03-07 17:00:00,0.35924564796905223,0.45649322952226035
2017-03-07 17:15:00,0.35924564796905223,0.45572087414831297
2017-03-07 17:30:00,0.35924564796905223,0.45597109576238226
2017-03-07 17:45:00,0.4536363636363636,0.4553839284271553
2017-03-07 18:00:00,0.4536363636363636,0.45048007334876977
2017-03-07 18:15:00,0.35924564796905223,0.4356006283922991
2017-03-07 18:30:00,0.35924564796905223,0.43342442774640505
2017-03-07 18:45:00,0.35924564796905223,0.42621334798733146
2017-03-07 19:00:00,0.35924564796905223,0.4274751797847545
2017-03-07 19:15:00,0.35924564796905223,0.4351465184563793
2017-03-07 19:30:00,0.35924564796905223,0.4345462141417191
2017-03-07 19:45:00,0.35924564796905223,0.44996893359907547
2017-03-07 20:00:00,0.356073500967118,0.45424829879961576
2017-03-07 20:15:00,0.3513152804642166,0.4578433720438758
2017-03-07 20:30:00,0.3481431334622824,0.46140000242531837
2017-03-07 20:45:00,0.3481431334622824,0.46280566022507336
2017-03-07 21:00:00,0.3481431334622824,0.46519411308673136
2017-03-07 21:15:00,0.3449709864603482,0.4695150202618767
2017-03-07 21:30:00,0.3417988394584139,0.4705022606234842
2017-03-07 21:45:00,0.3417988394584139,0.47386894516591477
2017-03-07 22:00:00,0.3417988394584139,0.47479929804423726
2017-03-07 22:15:00,0.3417988394584139,0.4728026690128534
2017-03-07 22:30:00,0.9988888888888889,0.4692978869318424
2017-03-07 22:45:00,0.9988888888888889,0.4543036847136052
2017-03-07 23:00:00,0.9988888888888889,0.4414652178263075
2017-03-07 23:15:00,0.9988888888888889,0.4528907913827438
2017-03-07 23:30:00,0.9988888888888889,0.4618309384285012
2017-03-07 23:45:00,0.9988888888888889,0.4718657630190048
2017-03-08 00:00:00,0.9988888888888889,0.48162234463283227
2017-03-08 00:15:00,0.9988888888888889,0.4564457990449471
2017-03-08 00:30:00,0.9988888888888889,0.43331862829109974
2017-03-08 00:45:00,0.9988888888888889,0.40888347928016405
2017-03-08 01:00:00,0.9988888888888889,0.4034660315600853
2017-03-08 01:15:00,0.9988888888888889,0.40765994055102933
2017-03-08 01:30:00,0.9988888888888889,0.410247079441045
2017-03-08 01:45:00,0.9988888888888889,0.410054666633448
2017-03-08 02:00:00,0.9988888888888889,0.4154426579705355
2017-03-08 02:15:00,0.9988888888888889,0.41626013804683376
2017-03-08 02:30:00,0.9988888888888889,0.41562558760098267
2017-03-08 02:45:00,0.9988888888888889,0.4136383036072423
2017-03-08 03:00:00,0.9988888888888889,0.412372280107911
2017-03-08 03:15:00,0.9988888888888889,0.4110621832842231
2017-03-08 03:30:00,0.9988888888888889,0.4166978165171357
2017-03-08 03:45:00,0.9988888888888889,0.42171910298179066
2017-03-08 04:00:00,0.9988888888888889,0.42973126057450944
2017-03-08 04:15:00,0.9988888888888889,0.4213437352702243
2017-03-08 04:30:00,0.9988888888888889,0.41765671904122653
2017-03-08 04:45:00,0.9988888888888889,0.41479112837714677
2017-03-08 05:00:00,0.9988888888888889,0.40696125955888957
2017-03-08 05:15:00,0.9988888888888889,0.4030827160311985
2017-03-08 05:30:00,0.9988888888888889,0.4022151494146512
2017-03-08 05:45:00,0.9988888888888889,0.4064631825104511
2017-03-08 06:00:00,0.9988888888888889,0.42320867071629314
2017-03-08 06:15:00,0.9988888888888889,0.4289857366711137
2017-03-08 06:30:00,0.9988888888888889,0.4286633784611156
2017-03-08 06:45:00,0.9988888888888889,0.4186606540508167
2017-03-08 07:00:00,0.9988888888888889,0.4154288274654365
2017-03-08 07:15:00,0.9988888888888889,0.4272162173297619
2017-03-08 07:30:00,0.9988888888888889,0.4241920346086671
2017-03-08 07:45:00,0.9988888888888889,0.41898425971438985
2017-03-08 08:00:00,0.9988888888888889,0.41470880828013407
2017-03-08 08:15:00,0.9988888888888889,0.41566104186572966
2017-03-08 08:30:00,0.9988888888888889,0.397517798914621
2017-03-08 08:45:00,0.9988888888888889,0.3892478288876349
2017-03-08 09:00:00,0.9988888888888889,0.3749834249472197
2017-03-08 09:15:00,0.9988888888888889,0.3384568158269825
2017-03-08 09:30:00,0.9988888888888889,0.31969172871324003
2017-03-08 09:45:00,0.9988888888888889,0.3139012737503582
2017-03-08 10:00:00,0.9988888888888889,0.31067626841771373
2017-03-08 10:15:00,0.9988888888888889,0.30730799658362395
2017-03-08 10:30:00,0.9988888888888889,0.3120769505230918
2017-03-08 10:45:00,0.9988888888888889,0.31765220261605676
2017-03-08 11:00:00,0.9988888888888889,0.31666214202093956
2017-03-08 11:15:00,0.9988888888888889,0.3164482509647309
2017-03-08 11:30:00,0.9988888888888889,0.3062649388314609
2017-03-08 11:45:00,0.9988888888888889,0.30444711545446623
2017-03-08 12:00:00,0.9988888888888889,0.30949859677502733
2017-03-08 12:15:00,0.9988888888888889,0.31676334947385854
2017-03-08 12:30:00,0.9988888888888889,0.3334147714142301
2017-03-08 12:45:00,0.9988888888888889,0.34999347402922487
2017-03-08 13:00:00,0.9988888888888889,0.3658710335621772
2017-03-08 13:15:00,0.9988888888888889,0.36232610860324443
2017-03-08 13:30:00,0.9988888888888889,0.3608444207111435
2017-03-08 13:45:00,0.9988888888888889,0.3629498314317552
2017-03-08 14:00:00,0.9988888888888889,0.36336350592214267
2017-03-08 14:15:00,0.9988888888888889,0.3987897588352616
2017-03-08 14:30:00,0.3386266924564797,0.4160385093784862
2017-03-08 14:45:00,0.34655705996131525,0.4303571375833513
2017-03-08 15:00:00,0.35448742746615086,0.4432413704542283
2017-03-08 15:15:00,0.3576595744680851,0.4463167058474626
2017-03-08 15:30:00,0.3576595744680851,0.45016574426720035
2017-03-08 15:45:00,0.3640038684719536,0.45120680074772995
2017-03-08 16:00:00,0.36558994197292066,0.45427251294975207
2017-03-08 16:15:00,0.36558994197292066,0.4548238114294549
2017-03-08 16:30:00,0.36558994197292066,0.4543892601859248
2017-03-08 16:45:00,0.36717601547388784,0.45401192112929184
2017-03-08 17:00:00,0.38303675048355895,0.45421002306789515
2017-03-08 17:15:00,0.38303675048355895,0.464320138034688
2017-03-08 17:30:00,0.38303675048355895,0.4746862736847182
2017-03-08 17:45:00,0.38303675048355895,0.4696367046385383
2017-03-08 18:00:00,0.38303675048355895,0.48372172874772057
2017-03-08 18:15:00,0.38303675048355895,0.46315138280489393
2017-03-08 18:30:00,0.38303675048355895,0.45265708889554646
2017-03-08 18:45:00,0.38303675048355895,0.45102304096128054
2017-03-08 19:00:00,0.38303675048355895,0.45505753572100016
2017-03-08 19:15:00,0.38303675048355895,0.47171999370417717
2017-03-08 19:30:00,0.38303675048355895,0.48408756021520266
2017-03-08 19:45:00,0.38303675048355895,0.48336051429855215
2017-03-08 20:00:00,0.37986460348162476,0.48991150197476
2017-03-08 20:15:00,0.37986460348162476,0.4892878235049089
2017-03-08 20:30:00,0.3766924564796905,0.49280427994290826
2017-03-08 20:45:00,0.37510638297872334,0.49474156411142206
2017-03-08 21:00:00,0.37193423597678915,0.5009908850789515
2017-03-08 21:15:00,0.37193423597678915,0.5098478255244712
2017-03-08 21:30:00,0.37193423597678915,0.506573851706455
2017-03-08 21:45:00,0.37193423597678915,0.5107987775397362
2017-03-08 22:00:00,0.37193423597678915,0.5133183361317392
2017-03-08 22:15:00,0.37193423597678915,0.5192484507721506
2017-03-08 22:30:00,0.37193423597678915,0.5195071584395303
2017-03-08 22:45:00,0.37193423597678915,0.5189699137228739
2017-03-08 23:00:00,0.37193423597678915,0.520978242592573
2017-03-08 23:15:00,0.37193423597678915,0.5283490793497647
2017-03-08 23:30:00,0.37193423597678915,0.534320845847204
2017-03-08 23:45:00,0.37193423597678915,0.5451892817792686
2017-03-09 00:00:00,0.37827852998065764,0.5384058239416831
2017-03-09 00:15:00,0.37827852998065764,0.5406257211101005
2017-03-09 00:30:00,0.37827852998065764,0.5498259960521353
2017-03-09 00:45:00,0.37827852998065764,0.5570130029189351
2017-03-09 01:00:00,0.37827852998065764,0.5622330011687009
2017-03-09 01:15:00,0.37827852998065764,0.564518700016849
2017-03-09 01:30:00,0.37827852998065764,0.571051116804393
2017-03-09 01:45:00,0.37827852998065764,0.5713958644055508
2017-03-09 02:00:00,0.37827852998065764,0.5753226472980401
2017-03-09 02:15:00,0.37827852998065764,0.5768732718276529
2017-03-09 02:30:00,0.37827852998065764,0.5776693464091562
2017-03-09 02:45:00,0.37827852998065764,0.5783864834791659
2017-03-09 03:00:00,0.37827852998065764,0.5794734189151464
2017-03-09 03:15:00,0.37827852998065764,0.5791989090101637
2017-03-09 03:30:00,0.37827852998065764,0.5792932134306491
2017-03-09 03:45:00,0.37827852998065764,0.5775190220785691
2017-03-09 04:00:00,0.37827852998065764,0.5752677919979386
2017-03-09 04:15:00,0.37827852998065764,0.5751784031436303
2017-03-09 04:30:00,0.37827852998065764,0.5742424686142293
2017-03-09 04:45:00,0.37827852998065764,0.5733602160384214
2017-03-09 05:00:00,0.37827852998065764,0.5701020539624967
2017-03-09 05:15:00,0.37827852998065764,0.5660583060171029
2017-03-09 05:30:00,0.37827852998065764,0.5613900567388574
2017-03-09 05:45:00,0.37827852998065764,0.5547980521044146
2017-03-09 06:00:00,0.37827852998065764,0.5464917918288082
2017-03-09 06:15:00,0.37827852998065764,0.5389612502119531
2017-03-09 06:30:00,0.37827852998065764,0.5293771147171468
2017-03-09 06:45:00,0.37827852998065764,0.5205929692761513
2017-03-09 07:00:00,0.37827852998065764,0.5285665167799386
2017-03-09 07:15:00,0.37827852998065764,0.5160240251550389
2017-03-09 07:30:00,0.37827852998065764,0.5092072057363652
2017-03-09 07:45:00,0.3766924564796905,0.5009813894543171
2017-03-09 08:00:00,0.3766924564796905,0.48881052019193094
2017-03-09 08:15:00,0.37193423597678915,0.4764911050224374
2017-03-09 08:30:00,0.36558994197292066,0.465973961891436
2017-03-09 08:45:00,0.3576595744680851,0.45419899508540224
2017-03-09 09:00:00,0.3497292069632495,0.44502335894759104
2017-03-09 09:15:00,0.3386266924564797,0.4352919052223154
2017-03-09 09:30:00,0.9988888888888889,0.4189237872650674
2017-03-09 09:45:00,0.9988888888888889,0.4048368058107793
2017-03-09 10:00:00,0.9988888888888889,0.3885729356856627
2017-03-09 10:15:00,0.9988888888888889,0.37520891323184874
2017-03-09 10:30:00,0.9988888888888889,0.3730234426951615
2017-03-09 10:45:00,0.9988888888888889,0.37766726268855655
2017-03-09 11:00:00,0.9988888888888889,0.37703534194984484
2017-03-09 11:15:00,0.9988888888888889,0.37620130842020594
2017-03-09 11:30:00,0.9988888888888889,0.3777307758584777
2017-03-09 11:45:00,0.9988888888888889,0.37969306387667023
2017-03-09 12:00:00,0.9988888888888889,0.3822906931419138
2017-03-09 12:15:00,0.9988888888888889,0.39353265833997203
2017-03-09 12:30:00,0.9988888888888889,0.399203617237272
2017-03-09 12:45:00,0.9988888888888889,0.39398252802123146
2017-03-09 13:00:00,0.9988888888888889,0.3972593400655374
2017-03-09 13:15:00,0.9988888888888889,0.40485356441649134
2017-03-09 13:30:00,0.9988888888888889,0.4135696613238543
2017-03-09 13:45:00,0.9988888888888889,0.41808953650468966
2017-03-09 14:00:00,0.9988888888888889,0.42010265330915936
2017-03-09 14:15:00,0.9988888888888889,0.4208363613701637
2017-03-09 14:30:00,0.9988888888888889,0.42492536347877785
2017-03-09 14:45:00,0.9988888888888889,0.4335168337648103
2017-03-09 15:00:00,0.9988888888888889,0.4376419915205519
2017-03-09 15:15:00,0.33704061895551257,0.43542883346078265
2017-03-09 15:30:00,0.34655705996131525,0.4413742043074616
2017-03-09 15:45:00,0.35290135396518374,0.4484447679753453
2017-03-09 16:00:00,0.356073500967118,0.4566585416684828
2017-03-09 16:15:00,0.36717601547388784,0.4714514201570048
2017-03-09 16:30:00,0.4536363636363636,0.48688270629379204
2017-03-09 16:45:00,0.3877949709864604,0.5013573559499074
2017-03-09 17:00:00,0.4004835589941973,0.5148943824075305
2017-03-09 17:15:00,0.4536363636363636,0.5182825428653225
2017-03-09 17:30:00,0.4052417794970986,0.5107064965860693
2017-03-09 17:45:00,0.4536363636363636,0.5084514227874817
2017-03-09 18:00:00,0.4052417794970986,0.5047116330798622
2017-03-09 18:15:00,0.4052417794970986,0.5063761898229499
2017-03-09 18:30:00,0.4052417794970986,0.4929673190998641
2017-03-09 18:45:00,0.4052417794970986,0.502187525948023
2017-03-09 19:00:00,0.4052417794970986,0.5014956330937802
2017-03-09 19:15:00,0.4052417794970986,0.5036758755186848
2017-03-09 19:30:00,0.4052417794970986,0.5073670118154703
2017-03-09 19:45:00,0.4536363636363636,0.5155138063815073
2017-03-09 20:00:00,0.4052417794970986,0.5140055251783446
2017-03-09 20:15:00,0.4004835589941973,0.5141050660006915
2017-03-09 20:30:00,0.4536363636363636,0.5185440913161748
2017-03-09 20:45:00,0.3846228239845261,0.5191559794267311
2017-03-09 21:00:00,0.3766924564796905,0.5223553742885597
2017-03-09 21:15:00,0.3766924564796905,0.5222869645803043
2017-03-09 21:30:00,0.3766924564796905,0.5158214784271391
2017-03-09 21:45:00,0.4536363636363636,0.5124045552181854
2017-03-09 22:00:00,0.3766924564796905,0.5090226588994828
2017-03-09 22:15:00,0.4536363636363636,0.5118240280338467
2017-03-09 22:30:00,0.36717601547388784,0.5129152392989454
2017-03-09 22:45:00,0.3640038684719536,0.5133693281450418
2017-03-09 23:00:00,0.3608317214700193,0.5134801529680476
2017-03-09 23:15:00,0.4536363636363636,0.5157810350502047
2017-03-09 23:30:00,0.35448742746615086,0.5198702695985474
2017-03-09 23:45:00,0.3513152804642166,0.5206637798412109
2017-03-10 00:00:00,0.3481431334622824,0.5249525508874652
2017-03-10 00:15:00,0.4536363636363636,0.526313505920153
2017-03-10 00:30:00,0.3417988394584139,0.5272122327048024
2017-03-10 00:45:00,0.3402127659574468,0.5270931507505602
2017-03-10 01:00:00,0.3386266924564797,0.528623067859475
2017-03-10 01:15:00,0.3386266924564797,0.5307070321401676
2017-03-10 01:30:00,0.3386266924564797,0.5316438800968567
2017-03-10 01:45:00,0.3386266924564797,0.5352723107041956
2017-03-10 02:00:00,0.3386266924564797,0.5363902073311889
2017-03-10 02:15:00,0.3386266924564797,0.5380663214691404
2017-03-10 02:30:00,0.3386266924564797,0.5373031996597258
2017-03-10 02:45:00,0.3386266924564797,0.5360487164185509
2017-03-10 03:00:00,0.3386266924564797,0.5357807956948347
2017-03-10 03:15:00,0.3386266924564797,0.5342722542750212
2017-03-10 03:30:00,0.3386266924564797,0.5318225244863569
2017-03-10 03:45:00,0.3386266924564797,0.5336943423147757
2017-03-10 04:00:00,0.3386266924564797,0.526799654121114
2017-03-10 04:15:00,0.3386266924564797,0.5222651301784044
2017-03-10 04:30:00,0.3386266924564797,0.5210724313871486
2017-03-10 04:45:00,0.3386266924564797,0.5190582197525009
2017-03-10 05:00:00,0.3386266924564797,0.5071909220026837
2017-03-10 05:15:00,0.3386266924564797,0.5048199065517229
2017-03-10 05:30:00,0.3386266924564797,0.5019093758158365
2017-03-10 05:45:00,0.3386266924564797,0.49473461316925554
2017-03-10 06:00:00,0.3386266924564797,0.47457578804557604
2017-03-10 06:15:00,0.3386266924564797,0.46606443128118435
2017-03-10 06:30:00,0.3386266924564797,0.46201208220528783
2017-03-10 06:45:00,0.3386266924564797,0.44687962155961225
2017-03-10 07:00:00,0.3386266924564797,0.4386118165309839
2017-03-10 07:15:00,0.3386266924564797,0.43297599630294115
2017-03-10 07:30:00,0.3386266924564797,0.4287175561915482
2017-03-10 07:45:00,0.3386266924564797,0.4281467834899899
2017-03-10 08:00:00,0.33545454545454545,0.4195924647081412
2017-03-10 08:15:00,0.9988888888888889,0.3880039351544511
2017-03-10 08:30:00,0.9988888888888889,0.3503650456528971
2017-03-10 08:45:00,0.9988888888888889,0.3004405398514991
2017-03-10 09:00:00,0.9988888888888889,0.2550237461269001
2017-03-10 09:15:00,0.9988888888888889,0.21150650061013065
2017-03-10 09:30:00,0.9988888888888889,0.19841346711972924
2017-03-10 09:45:00,0.9988888888888889,0.19003681701276554
2017-03-10 10:00:00,0.9988888888888889,0.19123339980352896
2017-03-10 10:15:00,0.9988888888888889,0.19079644011690539
2017-03-10 10:30:00,0.9988888888888889,0.18957376798013842
2017-03-10 10:45:00,0.9988888888888889,0.19264778289467607
2017-03-10 11:00:00,0.9988888888888889,0.19726384110930448
2017-03-10 11:15:00,0.9988888888888889,0.20084355478819974
2017-03-10 11:30:00,0.9988888888888889,0.19773838550337447
2017-03-10 11:45:00,0.9988888888888889,0.20436216021310927
2017-03-10 12:00:00,0.9988888888888889,0.21589772775948327
2017-03-10 12:15:00,0.9988888888888889,0.2301033182252412
2017-03-10 12:30:00,0.9988888888888889,0.22951596600956875
2017-03-10 12:45:00,0.9988888888888889,0.22794184777220242
2017-03-10 13:00:00,0.9988888888888889,0.21743748527608275
2017-03-10 13:15:00,0.9988888888888889,0.20217949168131003
2017-03-10 13:30:00,0.9988888888888889,0.19957122508550346
2017-03-10 13:45:00,0.9988888888888889,0.20224721111254051
2017-03-10 14:00:00,0.9988888888888889,0.2082570759902753
2017-03-10 14:15:00,0.9988888888888889,0.21138359000616075
2017-03-10 14:30:00,0.9988888888888889,0.21370181904014826
2017-03-10 14:45:00,0.9988888888888889,0.22407398363639744
2017-03-10 15:00:00,0.9988888888888889,0.23909738776930747
2017-03-10 15:15:00,0.9988888888888889,0.2521110191345064
2017-03-10 15:30:00,0.9988888888888889,0.2616692595412297
2017-03-10 15:45:00,0.9988888888888889,0.2815880326049845
2017-03-10 16:00:00,0.9988888888888889,0.31115472559461654
2017-03-10 16:15:00,0.9988888888888889,0.36151992109836456
2017-03-10 16:30:00,0.9988888888888889,0.4150430125380161
2017-03-10 16:45:00,0.9988888888888889,0.45411836461440735
2017-03-10 17:00:00,0.3449709864603482,0.47159893574516787
2017-03-10 17:15:00,0.35448742746615086,0.46921165479690446
2017-03-10 17:30:00,0.3576595744680851,0.46964906546858204
2017-03-10 17:45:00,0.35924564796905223,0.47192286058810157
2017-03-10 18:00:00,0.35924564796905223,0.4735381383632626
2017-03-10 18:15:00,0.35924564796905223,0.4658645707883089
2017-03-10 18:30:00,0.35924564796905223,0.4498083124069028
2017-03-10 18:45:00,0.35924564796905223,0.45084995079380596
2017-03-10 19:00:00,0.35924564796905223,0.4615893125336512
2017-03-10 19:15:00,0.35924564796905223,0.4546968414855709
2017-03-10 19:30:00,0.35924564796905223,0.4538579907651951
2017-03-10 19:45:00,0.35924564796905223,0.46166474439147875
2017-03-10 20:00:00,0.35924564796905223,0.4699176235185927
2017-03-10 20:15:00,0.35924564796905223,0.4882194129596591
2017-03-10 20:30:00,0.35924564796905223,0.49302390570351395
2017-03-10 20:45:00,0.3497292069632495,0.49605676470719506
2017-03-10 21:00:00,0.34655705996131525,0.49997036271913925
2017-03-10 21:15:00,0.34655705996131525,0.4928394711167455
2017-03-10 21:30:00,0.34655705996131525,0.48965574052329264
2017-03-10 21:45:00,0.3417988394584139,0.4891055721210575
2017-03-10 22:00:00,0.3417988394584139,0.4850127495942103
2017-03-10 22:15:00,0.3402127659574468,0.4872960004678665
2017-03-10 22:30:00,0.33704061895551257,0.4941542256669631
2017-03-10 22:45:00,0.9988888888888889,0.49818518302399767
2017-03-10 23:00:00,0.9988888888888889,0.4876461985670191
2017-03-10 23:15:00,0.9988888888888889,0.48512513654567635
2017-03-10 23:30:00,0.9988888888888889,0.48249960020986604
2017-03-10 23:45:00,0.9988888888888889,0.48286482222445326
2017-03-11 00:00:00,0.3402127659574468,0.48845903793141204
2017-03-11 00:15:00,0.3402127659574468,0.49199681128457806
2017-03-11 00:30:00,0.3386266924564797,0.4939501929094496
2017-03-11 00:45:00,0.33704061895551257,0.4963958681968948
2017-03-11 01:00:00,0.33704061895551257,0.4952766185030794
2017-03-11 01:15:00,0.979771398192451,0.4917923598000637
2017-03-11 01:30:00,0.979771398192451,0.4825983132020151
2017-03-11 01:45:00,0.979771398192451,0.4782954931782654
2017-03-11 02:00:00,0.979771398192451,0.4715511456583188
2017-03-11 02:15:00,0.979771398192451,0.47666880241968307
2017-03-11 02:30:00,0.979771398192451,0.48525315414950704
2017-03-11 02:45:00,0.979771398192451,0.4785396518690398
2017-03-11 03:00:00,0.979771398192451,0.48682059552951995
2017-03-11 03:15:00,0.979771398192451,0.47395787441905374
2017-03-11 03:30:00,0.979771398192451,0.4870645414574273
2017-03-11 03:45:00,0.979771398192451,0.5009416310324534
2017-03-11 04:00:00,0.979771398192451,0.5149160414345386
2017-03-11 04:15:00,0.979771398192451,0.5221553785563875
2017-03-11 04:30:00,0.979771398192451,0.5257278387593887
2017-03-11 04:45:00,0.979771398192451,0.5231996417178264
2017-03-11 05:00:00,0.979771398192451,0.5210641238221674
2017-03-11 05:15:00,0.979771398192451,0.5231833839804211
2017-03-11 05:30:00,0.979771398192451,0.5165328618082013
2017-03-11 05:45:00,0.979771398192451,0.5015565557501168
2017-03-11 06:00:00,0.979771398192451,0.49017990909833803
2017-03-11 06:15:00,0.979771398192451,0.4643756219051891
2017-03-11 06:30:00,0.979771398192451,0.43492218568730234
2017-03-11 06:45:00,0.979771398192451,0.40731425683434214
2017-03-11 07:00:00,0.979771398192451,0.38379060144888816
2017-03-11 07:15:00,0.979771398192451,0.35373812123819437
2017-03-11 07:30:00,0.979771398192451,0.3104338866269198
2017-03-11 07:45:00,0.979771398192451,0.27582663215737374
2017-03-11 08:00:00,0.979771398192451,0.25956818337871773
2017-03-11 08:15:00,0.979771398192451,0.22347963374086893
2017-03-11 08:30:00,0.979771398192451,0.18849118705839998
2017-03-11 08:45:00,0.041,0.1753682390902483
2017-03-11 09:00:00,0.041,0.17610601741714124
2017-03-11 09:15:00,0.041,0.1764428032117702
2017-03-11 09:30:00,0.041,0.17619969418514983
2017-03-11 09:45:00,0.041,0.17235688951162187
2017-03-11 10:00:00,0.041,0.17012983421898498
2017-03-11 10:15:00,0.041,0.16949222151921595
2017-03-11 10:30:00,0.041,0.16875156940658523
2017-03-11 10:45:00,0.041,0.16904996201325712
2017-03-11 11:00:00,0.041,0.16894274969826542
2017-03-11 11:15:00,0.041,0.1714195442263454
2017-03-11 11:30:00,0.041,0.17124110138369078
2017-03-11 11:45:00,0.041,0.17624294589427272
2017-03-11 12:00:00,0.041,0.17056794886694746
2017-03-11 12:15:00,0.041,0.1727901193131254
2017-03-11 12:30:00,0.041,0.17595832090475338
2017-03-11 12:45:00,0.041,0.1712858733651599
2017-03-11 13:00:00,0.041,0.17625899619436583
2017-03-11 13:15:00,0.041,0.17134141111969037
2017-03-11 13:30:00,0.041,0.1762944161542724
2017-03-11 13:45:00,0.041,0.1766842051803675
2017-03-11 14:00:00,0.041,0.17568509718361214
2017-03-11 14:15:00,0.041,0.17765966966125143
2017-03-11 14:30:00,0.041,0.17627817291857173
2017-03-11 14:45:00,0.041,0.18674959002281247
2017-03-11 15:00:00,0.041,0.18374019690364754
2017-03-11 15:15:00,0.041,0.1850401474574819
2017-03-11 15:30:00,0.041,0.18283363425986746
2017-03-11 15:45:00,0.041,0.17945755507661582
2017-03-11 16:00:00,0.041,0.1779769468504892
2017-03-11 16:15:00,0.041,0.17547556866464684
2017-03-11 16:30:00,0.041,0.17613290627186257
2017-03-11 16:45:00,0.979771398192451,0.18589143898573132
2017-03-11 17:00:00,0.979771398192451,0.2160579377958497
2017-03-11 17:15:00,0.979771398192451,0.2753598748364148
2017-03-11 17:30:00,0.979771398192451,0.32170827655666145
2017-03-11 17:45:00,0.979771398192451,0.3539804898390998
2017-03-11 18:00:00,0.979771398192451,0.36025098380612325
2017-03-11 18:15:00,0.979771398192451,0.35678638514258904
2017-03-11 18:30:00,0.979771398192451,0.35994716410054833
2017-03-11 18:45:00,0.979771398192451,0.35097268532037756
2017-03-11 19:00:00,0.979771398192451,0.3476425238564987
2017-03-11 19:15:00,0.979771398192451,0.3523533146043605
2017-03-11 19:30:00,0.979771398192451,0.3584582304111701
2017-03-11 19:45:00,0.979771398192451,0.3731351836776232
2017-03-11 20:00:00,0.979771398192451,0.37556558993775835
2017-03-11 20:15:00,0.979771398192451,0.3836464326290543
2017-03-11 20:30:00,0.979771398192451,0.3948344963097655
2017-03-11 20:45:00,0.979771398192451,0.38513049004654065
2017-03-11 21:00:00,0.979771398192451,0.378132837686452
2017-03-11 21:15:00,0.979771398192451,0.38395994109204207
2017-03-11 21:30:00,0.979771398192451,0.38634991819116604
2017-03-11 21:45:00,0.979771398192451,0.378341460493935
2017-03-11 22:00:00,0.979771398192451,0.38173585789360476
2017-03-11 22:15:00,0.979771398192451,0.3806557906018416
2017-03-11 22:30:00,0.979771398192451,0.3709957252457059
2017-03-11 22:45:00,0.979771398192451,0.37050341763639577
2017-03-11 23:00:00,0.979771398192451,0.36992027961485596
2017-03-11 23:15:00,0.979771398192451,0.35756575917061534
2017-03-11 23:30:00,0.979771398192451,0.3405598181748161
2017-03-11 23:45:00,0.979771398192451,0.351180282001878
2017-03-12 00:00:00,0.9702126528442319,0.35348076958122665
2017-03-12 00:15:00,0.9702126528442319,0.3517376856426896
2017-03-12 00:30:00,0.9702126528442319,0.35516598136956573
2017-03-12 00:45:00,0.9702126528442319,0.3515952095500051
2017-03-12 01:00:00,0.9702126528442319,0.3443225408370794
2017-03-12 01:15:00,0.9702126528442319,0.3378124634139554
2017-03-12 01:30:00,0.9702126528442319,0.3321062954252343
2017-03-12 01:45:00,0.9702126528442319,0.3322328109169101
2017-03-12 02:00:00,0.9702126528442319,0.32936327824051664
2017-03-12 02:15:00,0.9702126528442319,0.3157893854735671
2017-03-12 02:30:00,0.9702126528442319,0.3022324952815118
2017-03-12 02:45:00,0.9702126528442319,0.29014711714575964
2017-03-12 03:00:00,0.9702126528442319,0.2770076136106509
2017-03-12 03:15:00,0.9702126528442319,0.27761481028548785
2017-03-12 03:30:00,0.9702126528442319,0.27572595293560187
2017-03-12 03:45:00,0.9702126528442319,0.27486661824790276
2017-03-12 04:00:00,0.9702126528442319,0.277362218010461
2017-03-12 04:15:00,0.9702126528442319,0.2686242778413538
2017-03-12 04:30:00,0.9702126528442319,0.2630811635841862
2017-03-12 04:45:00,0.9702126528442319,0.2578965863794769
2017-03-12 05:00:00,0.9702126528442319,0.24919206537895242
2017-03-12 05:15:00,0.9702126528442319,0.25736897472983616
2017-03-12 05:30:00,0.9702126528442319,0.265823455007809
2017-03-12 05:45:00,0.9702126528442319,0.2724616982857611
2017-03-12 06:00:00,0.9702126528442319,0.2747783533366524
2017-03-12 06:15:00,0.9702126528442319,0.2600347801487893
2017-03-12 06:30:00,0.9702126528442319,0.24909961626076274
2017-03-12 06:45:00,0.9702126528442319,0.2249498548980947
2017-03-12 07:00:00,0.9702126528442319,0.21662161998963755
2017-03-12 07:15:00,0.9702126528442319,0.22657250435572202
2017-03-12 07:30:00,0.9702126528442319,0.2138878294402961
2017-03-12 07:45:00,0.9702126528442319,0.1960700985275143
2017-03-12 08:00:00,0.041,0.19309844459060907
2017-03-12 08:15:00,0.041,0.18742470042098172
2017-03-12 08:30:00,0.041,0.18358986657381282
2017-03-12 08:45:00,0.041,0.18097871939976706
2017-03-12 09:00:00,0.041,0.17480243428629394
2017-03-12 09:15:00,0.041,0.17366729801007033
2017-03-12 09:30:00,0.041,0.17398646263587184
2017-03-12 09:45:00,0.041,0.17348073127123317
2017-03-12 10:00:00,0.041,0.1766515431348191
2017-03-12 10:15:00,0.041,0.17588361377451053
2017-03-12 10:30:00,0.041,0.17557336297959852
2017-03-12 10:45:00,0.041,0.1722153231317067
2017-03-12 11:00:00,0.041,0.16678233642673723
2017-03-12 11:15:00,0.041,0.16640548523999993
2017-03-12 11:30:00,0.9702126528442319,0.17069840455087062
2017-03-12 11:45:00,0.9702126528442319,0.173084596174491
2017-03-12 12:00:00,0.9702126528442319,0.17084040772988515
2017-03-12 12:15:00,0.9702126528442319,0.17548214691805727
2017-03-12 12:30:00,0.9702126528442319,0.1750879760081936
2017-03-12 12:45:00,0.9702126528442319,0.1737547156072975
2017-03-12 13:00:00,0.9702126528442319,0.17714116553430712
2017-03-12 13:15:00,0.041,0.17524618498108913
2017-03-12 13:30:00,0.041,0.17585838308619656
2017-03-12 13:45:00,0.041,0.18102375728374753
2017-03-12 14:00:00,0.041,0.18182553145051816
2017-03-12 14:15:00,0.041,0.1835709969529462
2017-03-12 14:30:00,0.041,0.18364341938088885
2017-03-12 14:45:00,0.041,0.17977551368075054
2017-03-12 15:00:00,0.041,0.17834446408454663
2017-03-12 15:15:00,0.041,0.17914355943046997
2017-03-12 15:30:00,0.041,0.17991750265786896
2017-03-12 15:45:00,0.9702126528442319,0.21023148597956653
2017-03-12 16:00:00,0.9702126528442319,0.23853142550611053
2017-03-12 16:15:00,0.9702126528442319,0.28935176033208765
2017-03-12 16:30:00,0.9702126528442319,0.33900523076148764
2017-03-12 16:45:00,0.3417988394584139,0.377929734328601
2017-03-12 17:00:00,0.3417988394584139,0.4137497866519738
2017-03-12 17:15:00,0.3417988394584139,0.4360598551360875
2017-03-12 17:30:00,0.3417988394584139,0.44995255995004896
2017-03-12 17:45:00,0.3417988394584139,0.4524530046525902
2017-03-12 18:00:00,0.3417988394584139,0.44716202168345687
2017-03-12 18:15:00,0.3417988394584139,0.4250628552850865
2017-03-12 18:30:00,0.3417988394584139,0.40787810834860727
2017-03-12 18:45:00,0.3417988394584139,0.4044491868706599
2017-03-12 19:00:00,0.3417988394584139,0.41553212414763213
2017-03-12 19:15:00,0.3417988394584139,0.426928519877832
2017-03-12 19:30:00,0.3417988394584139,0.42721885629375783
2017-03-12 19:45:00,0.3402127659574468,0.42827831788801074
2017-03-12 20:00:00,0.3402127659574468,0.4049989407912616
2017-03-12 20:15:00,0.3386266924564797,0.4057938236447913
2017-03-12 20:30:00,0.9702126528442319,0.4053327637620901
2017-03-12 20:45:00,0.9702126528442319,0.40923788708511427
2017-03-12 21:00:00,0.9702126528442319,0.40912460490077
2017-03-12 21:15:00,0.9702126528442319,0.4006516811154508
2017-03-12 21:30:00,0.9702126528442319,0.39293918647213805
2017-03-12 21:45:00,0.9702126528442319,0.37955313041746086
2017-03-12 22:00:00,0.9702126528442319,0.3774788558740536
2017-03-12 22:15:00,0.9702126528442319,0.40201426872863877
2017-03-12 22:30:00,0.9702126528442319,0.3888802535160454
2017-03-12 22:45:00,0.9702126528442319,0.3965598388109905
2017-03-12 23:00:00,0.9702126528442319,0.423826743888206
2017-03-12 23:15:00,0.9702126528442319,0.4203530397287581
2017-03-12 23:30:00,0.9702126528442319,0.4202187853882427
2017-03-12 23:45:00,0.9702126528442319,0.38870525721742427
2017-03-13 00:00:00,0.9988888888888889,0.407191624548528
2017-03-13 00:15:00,0.9988888888888889,0.40380242792558446
2017-03-13 00:30:00,0.9988888888888889,0.4005891046622007
2017-03-13 00:45:00,0.9988888888888889,0.39277043665906575
2017-03-13 01:00:00,0.9988888888888889,0.38534289939355537
2017-03-13 01:15:00,0.9988888888888889,0.3616971739432855
2017-03-13 01:30:00,0.9988888888888889,0.33955752394075295
2017-03-13 01:45:00,0.9988888888888889,0.3231249651951007
2017-03-13 02:00:00,0.9988888888888889,0.3025788208623017
2017-03-13 02:15:00,0.9988888888888889,0.2856023688423396
2017-03-13 02:30:00,0.9988888888888889,0.2721647950574897
2017-03-13 02:45:00,0.9988888888888889,0.25670014902009886
2017-03-13 03:00:00,0.9988888888888889,0.24100642425054677
2017-03-13 03:15:00,0.9988888888888889,0.2685251865280302
2017-03-13 03:30:00,0.9988888888888889,0.2993311370406251
2017-03-13 03:45:00,0.9988888888888889,0.326484093006293
2017-03-13 04:00:00,0.9988888888888889,0.3604567711522984
2017-03-13 04:15:00,0.9988888888888889,0.37648460170427045
2017-03-13 04:30:00,0.9988888888888889,0.39100848672325267
2017-03-13 04:45:00,0.9988888888888889,0.40702071107763965
2017-03-13 05:00:00,0.9988888888888889,0.428292459815416
2017-03-13 05:15:00,0.9988888888888889,0.4263661324082369
2017-03-13 05:30:00,0.9988888888888889,0.426871695879355
2017-03-13 05:45:00,0.9988888888888889,0.4332799861028099
2017-03-13 06:00:00,0.9988888888888889,0.4463269448145535
2017-03-13 06:15:00,0.9988888888888889,0.44628514807357
2017-03-13 06:30:00,0.9988888888888889,0.4410478414635508
2017-03-13 06:45:00,0.9988888888888889,0.43517259729845886
2017-03-13 07:00:00,0.9988888888888889,0.43113647514329145
2017-03-13 07:15:00,0.9988888888888889,0.40263415404980146
2017-03-13 07:30:00,0.9988888888888889,0.37251692186864216
2017-03-13 07:45:00,0.9988888888888889,0.33890252732701853
2017-03-13 08:00:00,0.9988888888888889,0.3078019183452356
2017-03-13 08:15:00,0.9988888888888889,0.27427285412838087
2017-03-13 08:30:00,0.9988888888888889,0.25140742860813853
2017-03-13 08:45:00,0.9988888888888889,0.22525932104118082
2017-03-13 09:00:00,0.9988888888888889,0.1927490752126898
2017-03-13 09:15:00,0.9988888888888889,0.18344812360769092
2017-03-13 09:30:00,0.9988888888888889,0.17267480879539054
2017-03-13 09:45:00,0.041,0.16288429236166324
2017-03-13 10:00:00,0.041,0.16333249670655323
2017-03-13 10:15:00,0.041,0.16356675496381398
2017-03-13 10:30:00,0.041,0.16155490754214932
2017-03-13 10:45:00,0.041,0.16104688240681586
2017-03-13 11:00:00,0.041,0.16083386681209702
2017-03-13 11:15:00,0.041,0.16063611891818955
2017-03-13 11:30:00,0.041,0.16491423766968658
2017-03-13 11:45:00,0.041,0.16556832146288827
2017-03-13 12:00:00,0.041,0.16036347605700904
2017-03-13 12:15:00,0.041,0.16011179244516888
2017-03-13 12:30:00,0.041,0.1646793744663055
2017-03-13 12:45:00,0.041,0.16024782638326293
2017-03-13 13:00:00,0.041,0.16284962086839747
2017-03-13 13:15:00,0.041,0.16809477952407068
2017-03-13 13:30:00,0.041,0.1673801125589239
2017-03-13 13:45:00,0.041,0.16524645023386628
2017-03-13 14:00:00,0.041,0.16228343742200946
2017-03-13 14:15:00,0.041,0.16016354545489356
2017-03-13 14:30:00,0.041,0.16040006606787072
2017-03-13 14:45:00,0.041,0.16066634704048047
2017-03-13 15:00:00,0.041,0.15943171104034026
2017-03-13 15:15:00,0.041,0.16067065144477266
2017-03-13 15:30:00,0.041,0.1618547226653538
2017-03-13 15:45:00,0.041,0.16291289005615298
2017-03-13 16:00:00,0.9988888888888889,0.17115239221314096
2017-03-13 16:15:00,0.9988888888888889,0.185756073156035
2017-03-13 16:30:00,0.9988888888888889,0.20747136492611506
2017-03-13 16:45:00,0.9988888888888889,0.2202551514328734
2017-03-13 17:00:00,0.9988888888888889,0.24519028109792193
2017-03-13 17:15:00,0.9988888888888889,0.2654851486840436
2017-03-13 17:30:00,0.9988888888888889,0.2809576521390711
2017-03-13 17:45:00,0.9988888888888889,0.2907392979137671
2017-03-13 18:00:00,0.9988888888888889,0.31174254501518245
2017-03-13 18:15:00,0.9988888888888889,0.3322251728083642
2017-03-13 18:30:00,0.9988888888888889,0.3447010654456472
2017-03-13 18:45:00,0.9988888888888889,0.34087725058296436
2017-03-13 19:00:00,0.9988888888888889,0.328290715931716
2017-03-13 19:15:00,0.9988888888888889,0.32912590356130655
2017-03-13 19:30:00,0.9988888888888889,0.32721533203361547
2017-03-13 19:45:00,0.9988888888888889,0.3357411305841186
2017-03-13 20:00:00,0.9988888888888889,0.3476056362294083
2017-03-13 20:15:00,0.9988888888888889,0.35353681383289004
2017-03-13 20:30:00,0.9988888888888889,0.34096193048541806
2017-03-13 20:45:00,0.9988888888888889,0.30314453315913065
2017-03-13 21:00:00,0.9988888888888889,0.2822750605265001
2017-03-13 21:15:00,0.9988888888888889,0.25895200188274176
2017-03-13 21:30:00,0.9988888888888889,0.2218449545044327
2017-03-13 21:45:00,0.9988888888888889,0.22267002116641277
2017-03-13 22:00:00,0.9988888888888889,0.18449657625617835
2017-03-13 22:15:00,0.9988888888888889,0.21144611902490248
2017-03-13 22:30:00,0.9988888888888889,0.21324197165544417
2017-03-13 22:45:00,0.9988888888888889,0.19609736615243778
2017-03-13 23:00:00,0.9988888888888889,0.1967479290665562
2017-03-13 23:15:00,0.9988888888888889,0.1929337570107285
2017-03-13 23:30:00,0.9988888888888889,0.19725452296834897
2017-03-13 23:45:00,0.9988888888888889,0.20239648695142332
2017-03-14 00:00:00,0.9988888888888889,0.20167261407888556
2017-03-14 00:15:00,0.9988888888888889,0.19673914647456245
2017-03-14 00:30:00,0.9988888888888889,0.19982741496093853
2017-03-14 00:45:00,0.9988888888888889,0.20156172428269434
2017-03-14 01:00:00,0.9988888888888889,0.20469330793150958
2017-03-14 01:15:00,0.9988888888888889,0.20555722375195207
2017-03-14 01:30:00,0.9988888888888889,0.20659836396112494
2017-03-14 01:45:00,0.9988888888888889,0.20712212584296394
2017-03-14 02:00:00,0.9988888888888889,0.20980070182533414
2017-03-14 02:15:00,0.9988888888888889,0.2095878106632772
2017-03-14 02:30:00,0.9988888888888889,0.20969427086251863
2017-03-14 02:45:00,0.9988888888888889,0.20952857176132936
2017-03-14 03:00:00,0.9988888888888889,0.20719361833040595
2017-03-14 03:15:00,0.011,0.20606795330701624
2017-03-14 03:30:00,0.011,0.20555661040759046
2017-03-14 03:45:00,0.011,0.2058590085465441
2017-03-14 04:00:00,0.9988888888888889,0.2019229021954324
2017-03-14 04:15:00,0.9988888888888889,0.20033378272962146
2017-03-14 04:30:00,0.9988888888888889,0.20502764466433132
2017-03-14 04:45:00,0.9988888888888889,0.24519911202266745
2017-03-14 05:00:00,0.9988888888888889,0.2837584299662519
2017-03-14 05:15:00,0.9988888888888889,0.3001064455330416
2017-03-14 05:30:00,0.9988888888888889,0.3181299358632505
2017-03-14 05:45:00,0.9988888888888889,0.33740772627277327
2017-03-14 06:00:00,0.9988888888888889,0.34042276620780176
2017-03-14 06:15:00,0.9988888888888889,0.33797787052096157
2017-03-14 06:30:00,0.9988888888888889,0.33562398119416326
2017-03-14 06:45:00,0.9988888888888889,0.32896517420758825
2017-03-14 07:00:00,0.9988888888888889,0.32149968066678236
2017-03-14 07:15:00,0.9988888888888889,0.32063871997898014
2017-03-14 07:30:00,0.9988888888888889,0.30188357399239235
2017-03-14 07:45:00,0.9988888888888889,0.29440215167168476
2017-03-14 08:00:00,0.9988888888888889,0.2954875981693304
2017-03-14 08:15:00,0.9988888888888889,0.2905729808596968
2017-03-14 08:30:00,0.9988888888888889,0.2708042932572832
2017-03-14 08:45:00,0.9988888888888889,0.26621168678766366
2017-03-14 09:00:00,0.9988888888888889,0.25063159156870507
2017-03-14 09:15:00,0.9988888888888889,0.22351468987733675
2017-03-14 09:30:00,0.9988888888888889,0.19360690677883927
2017-03-14 09:45:00,0.041,0.15836299460439732
2017-03-14 10:00:00,0.041,0.15911273126623332
2017-03-14 10:15:00,0.041,0.16028526377715205
2017-03-14 10:30:00,0.041,0.15694102349763914
2017-03-14 10:45:00,0.9988888888888889,0.15913091795773593
2017-03-14 11:00:00,0.9988888888888889,0.1594793978847378
2017-03-14 11:15:00,0.041,0.15528354466651006
2017-03-14 11:30:00,0.9988888888888889,0.15980063252394378
2017-03-14 11:45:00,0.041,0.15795247789224792
2017-03-14 12:00:00,0.041,0.16386871461473923
2017-03-14 12:15:00,0.041,0.16478647571445013
2017-03-14 12:30:00,0.9988888888888889,0.1613454629210697
2017-03-14 12:45:00,0.041,0.15653366192629817
2017-03-14 13:00:00,0.041,0.15760928362056917
2017-03-14 13:15:00,0.041,0.15804095705505558
2017-03-14 13:30:00,0.041,0.15979837450800471
2017-03-14 13:45:00,0.041,0.15992990740017735
2017-03-14 14:00:00,0.041,0.1612164721262363
2017-03-14 14:15:00,0.041,0.1638146684713569
2017-03-14 14:30:00,0.041,0.16539032087074573
2017-03-14 14:45:00,0.041,0.1661195958311099
2017-03-14 15:00:00,0.9988888888888889,0.19603582831725758
2017-03-14 15:15:00,0.9988888888888889,0.21385305411065328
2017-03-14 15:30:00,0.9988888888888889,0.24152600130202165
2017-03-14 15:45:00,0.9988888888888889,0.25224840332861836
2017-03-14 16:00:00,0.9988888888888889,0.2410872090234866
2017-03-14 16:15:00,0.9988888888888889,0.2991153546212764
2017-03-14 16:30:00,0.9988888888888889,0.36695158703064096
2017-03-14 16:45:00,0.9988888888888889,0.42231171584979055
2017-03-14 17:00:00,0.3497292069632495,0.4418468255527607
2017-03-14 17:15:00,0.3497292069632495,0.441949810988893
2017-03-14 17:30:00,0.3497292069632495,0.4374603600401628
2017-03-14 17:45:00,0.3497292069632495,0.43451079923958963
2017-03-14 18:00:00,0.3497292069632495,0.4347946538205625
2017-03-14 18:15:00,0.3497292069632495,0.43678906517360877
2017-03-14 18:30:00,0.3497292069632495,0.42076341796316097
2017-03-14 18:45:00,0.3497292069632495,0.42693054958136123
2017-03-14 19:00:00,0.3497292069632495,0.42565590755820165
2017-03-14 19:15:00,0.3497292069632495,0.42257655567627495
2017-03-14 19:30:00,0.3497292069632495,0.4227528671938078
2017-03-14 19:45:00,0.3497292069632495,0.41996624746145333
2017-03-14 20:00:00,0.3497292069632495,0.43015165526984417
2017-03-14 20:15:00,0.3497292069632495,0.43780664715168943
2017-03-14 20:30:00,0.3497292069632495,0.442944851777551
2017-03-14 20:45:00,0.3497292069632495,0.46140302161063745
2017-03-14 21:00:00,0.3497292069632495,0.4626809386950491
2017-03-14 21:15:00,0.3497292069632495,0.4694049259019735
2017-03-14 21:30:00,0.3497292069632495,0.47937012505371934
2017-03-14 21:45:00,0.3497292069632495,0.4835003701532181
2017-03-14 22:00:00,0.3497292069632495,0.4823751463590896
2017-03-14 22:15:00,0.3497292069632495,0.48725334864067166
2017-03-14 22:30:00,0.3497292069632495,0.4923056808716311
2017-03-14 22:45:00,0.34655705996131525,0.507166053779111
2017-03-14 23:00:00,0.34655705996131525,0.5133515211540594
2017-03-14 23:15:00,0.34655705996131525,0.5155050795049338
2017-03-14 23:30:00,0.34655705996131525,0.5174554501747798
2017-03-14 23:45:00,0.34655705996131525,0.5204474517367191
2017-03-15 00:00:00,0.3513152804642166,0.5236356714246488
2017-03-15 00:15:00,0.3513152804642166,0.5329707148903047
2017-03-15 00:30:00,0.3513152804642166,0.542831571729204
2017-03-15 00:45:00,0.3513152804642166,0.5628663293190879
2017-03-15 01:00:00,0.3513152804642166,0.5702936914984169
2017-03-15 01:15:00,0.3513152804642166,0.5619265255928807
2017-03-15 01:30:00,0.3513152804642166,0.561916058781666
2017-03-15 01:45:00,0.3513152804642166,0.5637727185729287
2017-03-15 02:00:00,0.3513152804642166,0.5678190251407039
2017-03-15 02:15:00,0.3513152804642166,0.5686967699905784
2017-03-15 02:30:00,0.3513152804642166,0.5692489808638412
2017-03-15 02:45:00,0.3513152804642166,0.5689852575202587
2017-03-15 03:00:00,0.3513152804642166,0.5773607340413976
2017-03-15 03:15:00,0.3513152804642166,0.5795855373189368
2017-03-15 03:30:00,0.3513152804642166,0.5782433155186518
2017-03-15 03:45:00,0.3513152804642166,0.5736796008816686
2017-03-15 04:00:00,0.3513152804642166,0.5605626233767869
2017-03-15 04:15:00,0.3513152804642166,0.5578317140289275
2017-03-15 04:30:00,0.3513152804642166,0.5561584731692775
2017-03-15 04:45:00,0.3513152804642166,0.5533916824221806
2017-03-15 05:00:00,0.3513152804642166,0.5478834541202902
2017-03-15 05:15:00,0.35290135396518374,0.541026580434436
2017-03-15 05:30:00,0.35290135396518374,0.5325956030066659
2017-03-15 05:45:00,0.35290135396518374,0.5245729276401602
2017-03-15 06:00:00,0.35290135396518374,0.504903217720068
2017-03-15 06:15:00,0.35290135396518374,0.49201593505973185
2017-03-15 06:30:00,0.35290135396518374,0.48138530274522245
2017-03-15 06:45:00,0.35290135396518374,0.46859344751463244
2017-03-15 07:00:00,0.35290135396518374,0.45934266143449276
2017-03-15 07:15:00,0.35290135396518374,0.456237419517163
2017-03-15 07:30:00,0.35290135396518374,0.4527645491926771
2017-03-15 07:45:00,0.35290135396518374,0.45198910791115154
2017-03-15 08:00:00,0.35290135396518374,0.45428861393751835
2017-03-15 08:15:00,0.3513152804642166,0.45224311902733877
2017-03-15 08:30:00,0.34655705996131525,0.44380066740778545
2017-03-15 08:45:00,0.343384912959381,0.4353790310430582
2017-03-15 09:00:00,0.33545454545454545,0.42759081213627026
2017-03-15 09:15:00,0.9988888888888889,0.4147700026982003
2017-03-15 09:30:00,0.9988888888888889,0.39808886578726255
2017-03-15 09:45:00,0.9988888888888889,0.3837169215398478
2017-03-15 10:00:00,0.9988888888888889,0.37463554352264106
2017-03-15 10:15:00,0.9988888888888889,0.35092992581300236
2017-03-15 10:30:00,0.9988888888888889,0.32472764498746165
2017-03-15 10:45:00,0.9988888888888889,0.30097877193039885
2017-03-15 11:00:00,0.9988888888888889,0.2763227454536162
2017-03-15 11:15:00,0.9988888888888889,0.2585658635217744
2017-03-15 11:30:00,0.9988888888888889,0.24344789085494475
2017-03-15 11:45:00,0.9988888888888889,0.2236044330017957
2017-03-15 12:00:00,0.9988888888888889,0.19434449741467472
2017-03-15 12:15:00,0.9988888888888889,0.1928552013123785
2017-03-15 12:30:00,0.9988888888888889,0.1926329440797676
2017-03-15 12:45:00,0.9988888888888889,0.19592135989251686
2017-03-15 13:00:00,0.9988888888888889,0.2060433739381143
2017-03-15 13:15:00,0.9988888888888889,0.18825743225471608
2017-03-15 13:30:00,0.9988888888888889,0.19014842258942488
2017-03-15 13:45:00,0.9988888888888889,0.19269068671763054
2017-03-15 14:00:00,0.9988888888888889,0.19457150526497605
2017-03-15 14:15:00,0.9988888888888889,0.1904555269217875
2017-03-15 14:30:00,0.9988888888888889,0.18703802652124854
2017-03-15 14:45:00,0.9988888888888889,0.18484396476123555
2017-03-15 15:00:00,0.9988888888888889,0.18503403032977117
2017-03-15 15:15:00,0.9988888888888889,0.18748027227236652
2017-03-15 15:30:00,0.9988888888888889,0.1796916180064559
2017-03-15 15:45:00,0.9988888888888889,0.19084711392379997
2017-03-15 16:00:00,0.9988888888888889,0.20790929056016716
2017-03-15 16:15:00,0.9988888888888889,0.24627028137297416
2017-03-15 16:30:00,0.9988888888888889,0.2767372104179162
2017-03-15 16:45:00,0.9988888888888889,0.3208249729220531
2017-03-15 17:00:00,0.9988888888888889,0.363131904371762
2017-03-15 17:15:00,0.9988888888888889,0.38472628097888456
2017-03-15 17:30:00,0.9988888888888889,0.4201459775016622
2017-03-15 17:45:00,0.343384912959381,0.42928312296671467
2017-03-15 18:00:00,0.3497292069632495,0.43912559458622535
2017-03-15 18:15:00,0.35448742746615086,0.4475558276125031
2017-03-15 18:30:00,0.35924564796905223,0.4518746738347103
2017-03-15 18:45:00,0.35924564796905223,0.442345708782113
2017-03-15 19:00:00,0.35924564796905223,0.46022128175242694
2017-03-15 19:15:00,0.35924564796905223,0.4601617903637147
2017-03-15 19:30:00,0.35924564796905223,0.4552385273002205
2017-03-15 19:45:00,0.35924564796905223,0.45856880336347927
2017-03-15 20:00:00,0.35924564796905223,0.4668205498627501
2017-03-15 20:15:00,0.35924564796905223,0.4719655937835661
2017-03-15 20:30:00,0.35924564796905223,0.4761860739707805
2017-03-15 20:45:00,0.35924564796905223,0.4803586049142204
2017-03-15 21:00:00,0.35924564796905223,0.48455268063960416
2017-03-15 21:15:00,0.35924564796905223,0.4896718766203145
2017-03-15 21:30:00,0.35924564796905223,0.5006769166114321
2017-03-15 21:45:00,0.35924564796905223,0.5065641533112416
2017-03-15 22:00:00,0.35924564796905223,0.509826568144749
2017-03-15 22:15:00,0.35924564796905223,0.514868629336552
2017-03-15 22:30:00,0.35924564796905223,0.5136085810744274
2017-03-15 22:45:00,0.35924564796905223,0.5175996230649643
2017-03-15 23:00:00,0.35924564796905223,0.5242898927960834
2017-03-15 23:15:00,0.35924564796905223,0.5271369856061607
2017-03-15 23:30:00,0.35924564796905223,0.5301743738188115
2017-03-15 23:45:00,0.35924564796905223,0.5337284312672435
2017-03-16 00:00:00,0.36717601547388784,0.5394669070459018
2017-03-16 00:15:00,0.36717601547388784,0.5494156937414317
2017-03-16 00:30:00,0.36717601547388784,0.5566264067424578
2017-03-16 00:45:00,0.36717601547388784,0.564742088066764
2017-03-16 01:00:00,0.36717601547388784,0.5716691169550764
2017-03-16 01:15:00,0.36717601547388784,0.5719202060425503
2017-03-16 01:30:00,0.36717601547388784,0.5730594944627395
2017-03-16 01:45:00,0.36717601547388784,0.5755238720097177
2017-03-16 02:00:00,0.36717601547388784,0.5798186892066785
2017-03-16 02:15:00,0.36717601547388784,0.5791620074982115
2017-03-16 02:30:00,0.36717601547388784,0.5785564110699111
2017-03-16 02:45:00,0.36717601547388784,0.5764057828991352
2017-03-16 03:00:00,0.36717601547388784,0.5747212973359938
2017-03-16 03:15:00,0.36717601547388784,0.5756007453613923
2017-03-16 03:30:00,0.36717601547388784,0.577198588083386
2017-03-16 03:45:00,0.36717601547388784,0.5780443749800096
2017-03-16 04:00:00,0.36717601547388784,0.5775638191082595
2017-03-16 04:15:00,0.36717601547388784,0.5721778645213508
2017-03-16 04:30:00,0.36717601547388784,0.5674367543272517
2017-03-16 04:45:00,0.36717601547388784,0.5613300286896351
2017-03-16 05:00:00,0.36717601547388784,0.5533098294706515
2017-03-16 05:15:00,0.36717601547388784,0.5528019203283814
2017-03-16 05:30:00,0.36717601547388784,0.5513418430597605
2017-03-16 05:45:00,0.36717601547388784,0.5486642009893541
2017-03-16 06:00:00,0.36717601547388784,0.5375652827289746
2017-03-16 06:15:00,0.36717601547388784,0.5243084185954733
2017-03-16 06:30:00,0.36717601547388784,0.5142056197450919
2017-03-16 06:45:00,0.36717601547388784,0.5053881464415032
2017-03-16 07:00:00,0.36717601547388784,0.5051322463223716
2017-03-16 07:15:00,0.36717601547388784,0.5002869757256558
2017-03-16 07:30:00,0.36717601547388784,0.4887823734146849
2017-03-16 07:45:00,0.3608317214700193,0.4802898989138546
2017-03-16 08:00:00,0.35924564796905223,0.4680478571673662
2017-03-16 08:15:00,0.35448742746615086,0.45894232495141035
2017-03-16 08:30:00,0.3481431334622824,0.4495960132763887
2017-03-16 08:45:00,0.3402127659574468,0.44122373757896427
2017-03-16 09:00:00,0.9988888888888889,0.4290807895515477
2017-03-16 09:15:00,0.9988888888888889,0.4000520713142544
2017-03-16 09:30:00,0.9988888888888889,0.3766949110147176
2017-03-16 09:45:00,0.9988888888888889,0.37288883165792164
2017-03-16 10:00:00,0.9988888888888889,0.3779346848269396
2017-03-16 10:15:00,0.9988888888888889,0.36665588179573017
2017-03-16 10:30:00,0.9988888888888889,0.3517810846199276
2017-03-16 10:45:00,0.9988888888888889,0.34811056937041335
2017-03-16 11:00:00,0.9988888888888889,0.34978983947525055
2017-03-16 11:15:00,0.9988888888888889,0.3489911346153831
2017-03-16 11:30:00,0.9988888888888889,0.34986454648290044
2017-03-16 11:45:00,0.9988888888888889,0.3581426732700114
2017-03-16 12:00:00,0.9988888888888889,0.36136114079400056
2017-03-16 12:15:00,0.9988888888888889,0.36564139092564535
2017-03-16 12:30:00,0.9988888888888889,0.3675853997121124
2017-03-16 12:45:00,0.9988888888888889,0.3674109552101323
2017-03-16 13:00:00,0.9988888888888889,0.36455174977564386
2017-03-16 13:15:00,0.9988888888888889,0.3686344694312558
2017-03-16 13:30:00,0.9988888888888889,0.3826118706048464
2017-03-16 13:45:00,0.9988888888888889,0.4001786069241779
2017-03-16 14:00:00,0.9988888888888889,0.42014104659870444
2017-03-16 14:15:00,0.9988888888888889,0.4220690647352598
2017-03-16 14:30:00,0.9988888888888889,0.4278495904215692
2017-03-16 14:45:00,0.9988888888888889,0.43463030353415516
2017-03-16 15:00:00,0.9988888888888889,0.4475823301716209
2017-03-16 15:15:00,0.3386266924564797,0.45709821264008593
2017-03-16 15:30:00,0.3449709864603482,0.46801227008336427
2017-03-16 15:45:00,0.3481431334622824,0.4783672120421677
2017-03-16 16:00:00,0.3576595744680851,0.48586380068017276
2017-03-16 16:15:00,0.3576595744680851,0.5014608538802539
2017-03-16 16:30:00,0.4536363636363636,0.5091139347861339
2017-03-16 16:45:00,0.4536363636363636,0.5217807827887054
2017-03-16 17:00:00,0.4536363636363636,0.5290187455823152
2017-03-16 17:15:00,0.3925531914893617,0.5312020870373271
2017-03-16 17:30:00,0.4536363636363636,0.5385265041481956
2017-03-16 17:45:00,0.395725338491296,0.5234596249182023
2017-03-16 18:00:00,0.395725338491296,0.5295464670216893
2017-03-16 18:15:00,0.395725338491296,0.5403948637783904
2017-03-16 18:30:00,0.395725338491296,0.5416420102115972
2017-03-16 18:45:00,0.395725338491296,0.5344201057453384
2017-03-16 19:00:00,0.395725338491296,0.5252481830564507
2017-03-16 19:15:00,0.395725338491296,0.5112294954252866
2017-03-16 19:30:00,0.4536363636363636,0.5211158603422006
2017-03-16 19:45:00,0.395725338491296,0.5200667798424585
2017-03-16 20:00:00,0.395725338491296,0.5315138967393296
2017-03-16 20:15:00,0.395725338491296,0.539191226783536
2017-03-16 20:30:00,0.3893810444874275,0.5422363860570194
2017-03-16 20:45:00,0.3846228239845261,0.5412869378946196
2017-03-16 21:00:00,0.3814506769825919,0.5384355682466627
2017-03-16 21:15:00,0.37827852998065764,0.542680665732121
2017-03-16 21:30:00,0.37510638297872334,0.5460654294234788
2017-03-16 21:45:00,0.37510638297872334,0.5478310545254337
2017-03-16 22:00:00,0.37510638297872334,0.5460923641373939
2017-03-16 22:15:00,0.37034816247582203,0.5490718813262737
2017-03-16 22:30:00,0.4536363636363636,0.5491105513325991
2017-03-16 22:45:00,0.3640038684719536,0.5503074701322502
2017-03-16 23:00:00,0.3608317214700193,0.55446855468724
2017-03-16 23:15:00,0.3608317214700193,0.5646758154884557
2017-03-16 23:30:00,0.3608317214700193,0.5804907974012264
2017-03-16 23:45:00,0.3608317214700193,0.5834286815751486
2017-03-17 00:00:00,0.3608317214700193,0.5848251763910967
2017-03-17 00:15:00,0.3608317214700193,0.5988407577365084
2017-03-17 00:30:00,0.3608317214700193,0.6142738544705929
2017-03-17 00:45:00,0.3608317214700193,0.6125776678516165
2017-03-17 01:00:00,0.3608317214700193,0.6174840779067625
2017-03-17 01:15:00,0.3608317214700193,0.6154290738118335
2017-03-17 01:30:00,0.3608317214700193,0.6120315720552038
2017-03-17 01:45:00,0.3608317214700193,0.6097141231495771
2017-03-17 02:00:00,0.3608317214700193,0.6071823763301238
2017-03-17 02:15:00,0.3608317214700193,0.6058580506460484
2017-03-17 02:30:00,0.3608317214700193,0.6104205330286556
2017-03-17 02:45:00,0.3608317214700193,0.6094779217203576
2017-03-17 03:00:00,0.3608317214700193,0.6058437343392568
2017-03-17 03:15:00,0.3608317214700193,0.5948124408698907
2017-03-17 03:30:00,0.3608317214700193,0.5770522245785309
2017-03-17 03:45:00,0.3608317214700193,0.5660798908340564
2017-03-17 04:00:00,0.3608317214700193,0.5594877999659496
2017-03-17 04:15:00,0.3608317214700193,0.5582434139058674
2017-03-17 04:30:00,0.3608317214700193,0.5603932379633081
2017-03-17 04:45:00,0.3608317214700193,0.564277958110674
2017-03-17 05:00:00,0.3608317214700193,0.5657016799773131
2017-03-17 05:15:00,0.3608317214700193,0.5567801839390955
2017-03-17 05:30:00,0.3608317214700193,0.5479155427498094
2017-03-17 05:45:00,0.3608317214700193,0.5373517232897906
2017-03-17 06:00:00,0.3608317214700193,0.5239886828238115
2017-03-17 06:15:00,0.3608317214700193,0.514477656485148
2017-03-17 06:30:00,0.3608317214700193,0.5062930433755735
2017-03-17 06:45:00,0.3608317214700193,0.4980127212044806
2017-03-17 07:00:00,0.3608317214700193,0.4915737998650179
2017-03-17 07:15:00,0.3608317214700193,0.49010910403817026
2017-03-17 07:30:00,0.3608317214700193,0.4830885512383321
2017-03-17 07:45:00,0.3608317214700193,0.4768919152126213
2017-03-17 08:00:00,0.3608317214700193,0.4729221617054188
2017-03-17 08:15:00,0.35448742746615086,0.46948162444845676
2017-03-17 08:30:00,0.35290135396518374,0.46037711641985835
2017-03-17 08:45:00,0.35290135396518374,0.45394012984817433
2017-03-17 09:00:00,0.343384912959381,0.44955998824511
2017-03-17 09:15:00,0.343384912959381,0.4415186889559658
2017-03-17 09:30:00,0.343384912959381,0.43450635246603103
2017-03-17 09:45:00,0.3386266924564797,0.4286761543362274
2017-03-17 10:00:00,0.9988888888888889,0.41001214631674104
2017-03-17 10:15:00,0.9988888888888889,0.4037181975418113
2017-03-17 10:30:00,0.9988888888888889,0.40015752374633384
2017-03-17 10:45:00,0.9988888888888889,0.39978040657906105
2017-03-17 11:00:00,0.9988888888888889,0.3793240121298183
2017-03-17 11:15:00,0.9988888888888889,0.3704550854800477
2017-03-17 11:30:00,0.9988888888888889,0.3622655148899128
2017-03-17 11:45:00,0.9988888888888889,0.34966671248374964
2017-03-17 12:00:00,0.9988888888888889,0.3434933610548868
2017-03-17 12:15:00,0.9988888888888889,0.34743652360325694
2017-03-17 12:30:00,0.9988888888888889,0.3552726861601239
2017-03-17 12:45:00,0.9988888888888889,0.345506911760872
2017-03-17 13:00:00,0.9988888888888889,0.3459006685957652
2017-03-17 13:15:00,0.9988888888888889,0.35402728873250994
2017-03-17 13:30:00,0.9988888888888889,0.3651112929530689
2017-03-17 13:45:00,0.9988888888888889,0.37668783776855086
2017-03-17 14:00:00,0.9988888888888889,0.35558757171691524
2017-03-17 14:15:00,0.9988888888888889,0.3707309735198609
2017-03-17 14:30:00,0.9988888888888889,0.38125755682012513
2017-03-17 14:45:00,0.9988888888888889,0.3795699077641327
2017-03-17 15:00:00,0.9988888888888889,0.3864409485987298
2017-03-17 15:15:00,0.9988888888888889,0.4048823446273714
2017-03-17 15:30:00,0.9988888888888889,0.42192729815728064
2017-03-17 15:45:00,0.33545454545454545,0.4396862682200929
2017-03-17 16:00:00,0.3417988394584139,0.4455518024912876
2017-03-17 16:15:00,0.3449709864603482,0.45050844180777067
2017-03-17 16:30:00,0.3497292069632495,0.4562127095815083
2017-03-17 16:45:00,0.356073500967118,0.46023774952112173
2017-03-17 17:00:00,0.3624177949709865,0.465278251344975
2017-03-17 17:15:00,0.3640038684719536,0.4677481776529766
2017-03-17 17:30:00,0.36558994197292066,0.4650528766465606
2017-03-17 17:45:00,0.36558994197292066,0.45673595094207214
2017-03-17 18:00:00,0.36558994197292066,0.46240526787777525
2017-03-17 18:15:00,0.36558994197292066,0.4646379732465534
2017-03-17 18:30:00,0.36558994197292066,0.45287144067074836
2017-03-17 18:45:00,0.36558994197292066,0.44620618936949574
2017-03-17 19:00:00,0.36558994197292066,0.45420628420597
2017-03-17 19:15:00,0.36558994197292066,0.4554094651918757
2017-03-17 19:30:00,0.36558994197292066,0.46051167169229407
2017-03-17 19:45:00,0.36558994197292066,0.466446542591697
2017-03-17 20:00:00,0.36558994197292066,0.47331062016685066
2017-03-17 20:15:00,0.36558994197292066,0.4755989617405307
2017-03-17 20:30:00,0.35290135396518374,0.4786675741120521
2017-03-17 20:45:00,0.35290135396518374,0.4818656331714597
2017-03-17 21:00:00,0.34655705996131525,0.4893383289967612
2017-03-17 21:15:00,0.34655705996131525,0.49360870344689495
2017-03-17 21:30:00,0.34655705996131525,0.4977080716683931
2017-03-17 21:45:00,0.34655705996131525,0.5013977116555214
2017-03-17 22:00:00,0.34655705996131525,0.5030510105194247
2017-03-17 22:15:00,0.34655705996131525,0.5064165737524449
2017-03-17 22:30:00,0.34655705996131525,0.5105436722299692
2017-03-17 22:45:00,0.34655705996131525,0.5152784224468183
2017-03-17 23:00:00,0.3449709864603482,0.5220720531821307
2017-03-17 23:15:00,0.3449709864603482,0.5269944450266246
2017-03-17 23:30:00,0.3449709864603482,0.5313394303815447
2017-03-17 23:45:00,0.3449709864603482,0.5404391328002952
2017-03-18 00:00:00,0.3449709864603482,0.5464417114830855
2017-03-18 00:15:00,0.3417988394584139,0.5467349464411185
2017-03-18 00:30:00,0.3386266924564797,0.5473836797118268
2017-03-18 00:45:00,0.9988888888888889,0.5472594645435089
2017-03-18 01:00:00,0.9988888888888889,0.5368042268024927
2017-03-18 01:15:00,0.9988888888888889,0.5276285046609118
2017-03-18 01:30:00,0.9988888888888889,0.522208789044986
2017-03-18 01:45:00,0.9988888888888889,0.5177328147462351
2017-03-18 02:00:00,0.9988888888888889,0.5094972123596029
2017-03-18 02:15:00,0.9988888888888889,0.5130701545484881
2017-03-18 02:30:00,0.9988888888888889,0.5147212209628601
2017-03-18 02:45:00,0.9988888888888889,0.51811931333989
2017-03-18 03:00:00,0.9988888888888889,0.5211080759662702
2017-03-18 03:15:00,0.9988888888888889,0.511810749530786
2017-03-18 03:30:00,0.9988888888888889,0.5048026148720404
2017-03-18 03:45:00,0.9988888888888889,0.49783839343376585
2017-03-18 04:00:00,0.9988888888888889,0.4905128431143239
2017-03-18 04:15:00,0.9988888888888889,0.49897171427249787
2017-03-18 04:30:00,0.9988888888888889,0.5046247451891028
2017-03-18 04:45:00,0.9988888888888889,0.5101937341418716
2017-03-18 05:00:00,0.9988888888888889,0.5174251000891591
2017-03-18 05:15:00,0.9988888888888889,0.5110257448451101
2017-03-18 05:30:00,0.9988888888888889,0.5074795511949964
2017-03-18 05:45:00,0.9988888888888889,0.5017525743568716
2017-03-18 06:00:00,0.9988888888888889,0.4921591712744942
2017-03-18 06:15:00,0.9988888888888889,0.4670589145705505
2017-03-18 06:30:00,0.9988888888888889,0.43905045091470746
2017-03-18 06:45:00,0.9988888888888889,0.4121322570778143
2017-03-18 07:00:00,0.9988888888888889,0.3865059249700222
2017-03-18 07:15:00,0.9988888888888889,0.3769409982760977
2017-03-18 07:30:00,0.9988888888888889,0.365019998768364
2017-03-18 07:45:00,0.9988888888888889,0.3532913153977507
2017-03-18 08:00:00,0.9988888888888889,0.34221862465835035
2017-03-18 08:15:00,0.9988888888888889,0.30481265189478046
2017-03-18 08:30:00,0.9988888888888889,0.2945997208412092
2017-03-18 08:45:00,0.9988888888888889,0.2807080082237337
2017-03-18 09:00:00,0.9988888888888889,0.24855861995764097
2017-03-18 09:15:00,0.9988888888888889,0.2187308373344992
2017-03-18 09:30:00,0.9988888888888889,0.18049544422803093
2017-03-18 09:45:00,0.041,0.17535246450103897
2017-03-18 10:00:00,0.041,0.17260564737554585
2017-03-18 10:15:00,0.041,0.17215164516268647
2017-03-18 10:30:00,0.041,0.17130824340876463
2017-03-18 10:45:00,0.041,0.17561577726345334
2017-03-18 11:00:00,0.041,0.17512213454763853
2017-03-18 11:15:00,0.041,0.17474645955923349
2017-03-18 11:30:00,0.041,0.1756262677421598
2017-03-18 11:45:00,0.041,0.17410692954917303
2017-03-18 12:00:00,0.041,0.18247985035391165
2017-03-18 12:15:00,0.041,0.178931340795304
2017-03-18 12:30:00,0.041,0.17804289062675432
2017-03-18 12:45:00,0.041,0.17633006618919148
2017-03-18 13:00:00,0.041,0.17716424775897743
2017-03-18 13:15:00,0.041,0.1765455432690828
2017-03-18 13:30:00,0.041,0.1807203640460487
2017-03-18 13:45:00,0.041,0.1848077896150924
2017-03-18 14:00:00,0.041,0.1826225339333328
2017-03-18 14:15:00,0.041,0.1834129077522143
2017-03-18 14:30:00,0.041,0.18393454444133914
2017-03-18 14:45:00,0.041,0.1871381112747854
2017-03-18 15:00:00,0.041,0.184778814271365
2017-03-18 15:15:00,0.041,0.1856435314089957
2017-03-18 15:30:00,0.9988888888888889,0.19072174180762477
2017-03-18 15:45:00,0.9988888888888889,0.2230070804977961
2017-03-18 16:00:00,0.9988888888888889,0.2470472644687568
2017-03-18 16:15:00,0.9988888888888889,0.2401520632881612
2017-03-18 16:30:00,0.9988888888888889,0.2614925599757801
2017-03-18 16:45:00,0.9988888888888889,0.26277428833886246
2017-03-18 17:00:00,0.9988888888888889,0.2666396665758764
2017-03-18 17:15:00,0.9988888888888889,0.32166011941072536
2017-03-18 17:30:00,0.9988888888888889,0.36206379330881583
2017-03-18 17:45:00,0.9988888888888889,0.4013472105249446
2017-03-18 18:00:00,0.9988888888888889,0.41831058853831316
2017-03-18 18:15:00,0.9988888888888889,0.4297357952394211
2017-03-18 18:30:00,0.9988888888888889,0.41530167052200534
2017-03-18 18:45:00,0.9988888888888889,0.4246782625799562
2017-03-18 19:00:00,0.9988888888888889,0.4356814891072503
2017-03-18 19:15:00,0.9988888888888889,0.43511850835874777
2017-03-18 19:30:00,0.9988888888888889,0.43098857233834414
2017-03-18 19:45:00,0.9988888888888889,0.43387994559241516
2017-03-18 20:00:00,0.9988888888888889,0.4473460803248351
2017-03-18 20:15:00,0.9988888888888889,0.46181501676525355
2017-03-18 20:30:00,0.9988888888888889,0.45865358092368946
2017-03-18 20:45:00,0.9988888888888889,0.46347514286946384
2017-03-18 21:00:00,0.9988888888888889,0.4676982007073588
2017-03-18 21:15:00,0.9988888888888889,0.44475479349034774
2017-03-18 21:30:00,0.9988888888888889,0.4276297809534213
2017-03-18 21:45:00,0.9988888888888889,0.4220549204562255
2017-03-18 22:00:00,0.9988888888888889,0.42217417756903
2017-03-18 22:15:00,0.9988888888888889,0.43098891581235116
2017-03-18 22:30:00,0.9988888888888889,0.44041461985515173
2017-03-18 22:45:00,0.9988888888888889,0.441759164781067
2017-03-18 23:00:00,0.9988888888888889,0.42983942866015007
2017-03-18 23:15:00,0.9988888888888889,0.42485455117365095
2017-03-18 23:30:00,0.9988888888888889,0.4164166143669166
2017-03-18 23:45:00,0.9988888888888889,0.4080178658226694
2017-03-19 00:00:00,0.9988888888888889,0.3963290247234216
2017-03-19 00:15:00,0.9988888888888889,0.3786737046362975
2017-03-19 00:30:00,0.9988888888888889,0.3646046536619955
2017-03-19 00:45:00,0.9988888888888889,0.35121299344954904
2017-03-19 01:00:00,0.9988888888888889,0.33956033044797995
2017-03-19 01:15:00,0.9988888888888889,0.3402425931363564
2017-03-19 01:30:00,0.9988888888888889,0.3363973984255698
2017-03-19 01:45:00,0.9988888888888889,0.3429277695050051
2017-03-19 02:00:00,0.9988888888888889,0.34744525231924045
2017-03-19 02:15:00,0.9988888888888889,0.34643176052576186
2017-03-19 02:30:00,0.9988888888888889,0.34443975951000666
2017-03-19 02:45:00,0.9988888888888889,0.34318952813090214
2017-03-19 03:00:00,0.9988888888888889,0.3420033417295822
2017-03-19 03:15:00,0.9988888888888889,0.33384958815872007
2017-03-19 03:30:00,0.9988888888888889,0.3241030158251859
2017-03-19 03:45:00,0.9988888888888889,0.3193284792360596
2017-03-19 04:00:00,0.9988888888888889,0.3186309971513999
2017-03-19 04:15:00,0.9988888888888889,0.32706203318634336
2017-03-19 04:30:00,0.9988888888888889,0.3340802477758495
2017-03-19 04:45:00,0.9988888888888889,0.3428804492741393
2017-03-19 05:00:00,0.9988888888888889,0.35302185612958287
2017-03-19 05:15:00,0.9988888888888889,0.33624449139670076
2017-03-19 05:30:00,0.9988888888888889,0.3084892208613938
2017-03-19 05:45:00,0.9988888888888889,0.26772028343960963
2017-03-19 06:00:00,0.9988888888888889,0.26483889273082584
2017-03-19 06:15:00,0.9988888888888889,0.2559887770689901
2017-03-19 06:30:00,0.9988888888888889,0.23288451252437564
2017-03-19 06:45:00,0.041,0.2314391930597163
2017-03-19 07:00:00,0.041,0.22909028232796785
2017-03-19 07:15:00,0.041,0.22760940005816888
2017-03-19 07:30:00,0.041,0.22038638938661448
2017-03-19 07:45:00,0.041,0.21522151098203632
2017-03-19 08:00:00,0.041,0.21584938733781076
2017-03-19 08:15:00,0.041,0.21604795163416068
2017-03-19 08:30:00,0.041,0.2171882393938648
2017-03-19 08:45:00,0.041,0.21386544477531166
2017-03-19 09:00:00,0.041,0.20695616014460264
2017-03-19 09:15:00,0.041,0.21351170800063599
2017-03-19 09:30:00,0.041,0.21157557347369893
2017-03-19 09:45:00,0.041,0.2052396884612525
2017-03-19 10:00:00,0.041,0.20555052065777266
2017-03-19 10:15:00,0.041,0.2005828287289991
2017-03-19 10:30:00,0.041,0.19295885373704624
2017-03-19 10:45:00,0.041,0.18995853587854175
2017-03-19 11:00:00,0.041,0.19472048823406604
2017-03-19 11:15:00,0.041,0.19305835196150223
2017-03-19 11:30:00,0.041,0.18470897204947112
2017-03-19 11:45:00,0.041,0.1859748068659859
2017-03-19 12:00:00,0.041,0.19214035048583056
2017-03-19 12:15:00,0.041,0.19118307681736427
2017-03-19 12:30:00,0.041,0.19995590501747715
2017-03-19 12:45:00,0.041,0.18954827890829565
2017-03-19 13:00:00,0.041,0.19239938791976363
2017-03-19 13:15:00,0.041,0.19265031280326847
2017-03-19 13:30:00,0.041,0.193833638895616
2017-03-19 13:45:00,0.041,0.19587184594453239
2017-03-19 14:00:00,0.041,0.19877175543389233
2017-03-19 14:15:00,0.041,0.1904603510313541
2017-03-19 14:30:00,0.041,0.18746922068166338
2017-03-19 14:45:00,0.041,0.18673755436038397
2017-03-19 15:00:00,0.041,0.19189841049773745
2017-03-19 15:15:00,0.041,0.1918629055898175
2017-03-19 15:30:00,0.041,0.1916354449547229
2017-03-19 15:45:00,0.041,0.1910862574173304
2017-03-19 16:00:00,0.041,0.18951155921495091
2017-03-19 16:15:00,0.9988888888888889,0.19744700909504564
2017-03-19 16:30:00,0.9988888888888889,0.24066846526041857
2017-03-19 16:45:00,0.9988888888888889,0.2670098125177417
2017-03-19 17:00:00,0.9988888888888889,0.30184972865485454
2017-03-19 17:15:00,0.9988888888888889,0.34515743862157694
2017-03-19 17:30:00,0.9988888888888889,0.3927610112488684
2017-03-19 17:45:00,0.9988888888888889,0.4484019668605063
2017-03-19 18:00:00,0.34655705996131525,0.466122351934188
2017-03-19 18:15:00,0.3481431334622824,0.4630384667560108
2017-03-19 18:30:00,0.3481431334622824,0.4520052353002601
2017-03-19 18:45:00,0.3481431334622824,0.4468027836317699
2017-03-19 19:00:00,0.3481431334622824,0.45031714969496484
2017-03-19 19:15:00,0.3481431334622824,0.44751567729814623
2017-03-19 19:30:00,0.3481431334622824,0.4564659077074117
2017-03-19 19:45:00,0.3481431334622824,0.4652895242352604
2017-03-19 20:00:00,0.3481431334622824,0.47143880129208343
2017-03-19 20:15:00,0.3481431334622824,0.4905470959620403
2017-03-19 20:30:00,0.3481431334622824,0.5021120887473859
2017-03-19 20:45:00,0.3481431334622824,0.4952795490804207
2017-03-19 21:00:00,0.3481431334622824,0.4882545309987961
2017-03-19 21:15:00,0.3481431334622824,0.4892461758327871
2017-03-19 21:30:00,0.3481431334622824,0.4949055889837668
2017-03-19 21:45:00,0.3481431334622824,0.4898145927072631
2017-03-19 22:00:00,0.3481431334622824,0.49596671102681955
2017-03-19 22:15:00,0.3417988394584139,0.5091969167130957
2017-03-19 22:30:00,0.3417988394584139,0.5099966807292547
2017-03-19 22:45:00,0.3402127659574468,0.5117166370566009
2017-03-19 23:00:00,0.33704061895551257,0.5142915629776463
2017-03-19 23:15:00,0.9988888888888889,0.5141015582229531
2017-03-19 23:30:00,0.9988888888888889,0.5187767125869386
2017-03-19 23:45:00,0.9988888888888889,0.5222828565057293
2017-03-20 00:00:00,0.9988888888888889,0.5081954285312995
2017-03-20 00:15:00,0.9988888888888889,0.49400597491886883
2017-03-20 00:30:00,0.9988888888888889,0.47860864476064935
2017-03-20 00:45:00,0.9988888888888889,0.4626905681246481
2017-03-20 01:00:00,0.9988888888888889,0.4408994127355624
2017-03-20 01:15:00,0.9988888888888889,0.4327080572761621
2017-03-20 01:30:00,0.9988888888888889,0.4340041455680465
2017-03-20 01:45:00,0.9988888888888889,0.4383294507366537
2017-03-20 02:00:00,0.9988888888888889,0.44428324958733695
2017-03-20 02:15:00,0.9988888888888889,0.4449942004067767
2017-03-20 02:30:00,0.9988888888888889,0.44593726832712455
2017-03-20 02:45:00,0.9988888888888889,0.44572761936520244
2017-03-20 03:00:00,0.9988888888888889,0.4455503369429139
2017-03-20 03:15:00,0.9988888888888889,0.44753921579381767
2017-03-20 03:30:00,0.9988888888888889,0.44476892413935887
2017-03-20 03:45:00,0.9988888888888889,0.4414005408018529
2017-03-20 04:00:00,0.9988888888888889,0.43858749454279167
2017-03-20 04:15:00,0.9988888888888889,0.43708265048618716
2017-03-20 04:30:00,0.9988888888888889,0.42985107184621335
2017-03-20 04:45:00,0.9988888888888889,0.4250862962553697
2017-03-20 05:00:00,0.9988888888888889,0.411437789212968
2017-03-20 05:15:00,0.9988888888888889,0.4084075474909165
2017-03-20 05:30:00,0.9988888888888889,0.41071761387119066
2017-03-20 05:45:00,0.9988888888888889,0.4162736160669375
2017-03-20 06:00:00,0.9988888888888889,0.43441323321359626
2017-03-20 06:15:00,0.9988888888888889,0.4245397531606927
2017-03-20 06:30:00,0.9988888888888889,0.41549250124670833
2017-03-20 06:45:00,0.9988888888888889,0.4247486599245863
2017-03-20 07:00:00,0.9988888888888889,0.4337228720365858
2017-03-20 07:15:00,0.9988888888888889,0.4407367106859342
2017-03-20 07:30:00,0.9988888888888889,0.438654003897743
2017-03-20 07:45:00,0.9988888888888889,0.4255090465650742
2017-03-20 08:00:00,0.9988888888888889,0.41878255484730603
2017-03-20 08:15:00,0.9988888888888889,0.41741350657696014
2017-03-20 08:30:00,0.9988888888888889,0.416271622814503
2017-03-20 08:45:00,0.9988888888888889,0.39382891308596124
2017-03-20 09:00:00,0.9988888888888889,0.3720749852090962
2017-03-20 09:15:00,0.9988888888888889,0.3723557015837039
2017-03-20 09:30:00,0.9988888888888889,0.38249526082233426
2017-03-20 09:45:00,0.9988888888888889,0.3884363184502238
2017-03-20 10:00:00,0.9988888888888889,0.37951138843213905
2017-03-20 10:15:00,0.9988888888888889,0.373737483749611
2017-03-20 10:30:00,0.9988888888888889,0.38199102115670197
2017-03-20 10:45:00,0.9988888888888889,0.3860007318491368
2017-03-20 11:00:00,0.9988888888888889,0.3852796072617599
2017-03-20 11:15:00,0.9988888888888889,0.384090753913584
2017-03-20 11:30:00,0.9988888888888889,0.38009101315347277
2017-03-20 11:45:00,0.9988888888888889,0.37349008181024934
2017-03-20 12:00:00,0.9988888888888889,0.3650155297817845
2017-03-20 12:15:00,0.9988888888888889,0.3435003907870569
2017-03-20 12:30:00,0.9988888888888889,0.33110131870699466
2017-03-20 12:45:00,0.9988888888888889,0.3253759259486371
2017-03-20 13:00:00,0.9988888888888889,0.3254780317238789
2017-03-20 13:15:00,0.9988888888888889,0.32231381360255656
2017-03-20 13:30:00,0.9988888888888889,0.3227735255688816
2017-03-20 13:45:00,0.9988888888888889,0.3249232927078276
2017-03-20 14:00:00,0.9988888888888889,0.32817969534267083
2017-03-20 14:15:00,0.9988888888888889,0.3236318984625837
2017-03-20 14:30:00,0.9988888888888889,0.32716184982636687
2017-03-20 14:45:00,0.9988888888888889,0.3372552129545341
2017-03-20 15:00:00,0.9988888888888889,0.34756227081985663
2017-03-20 15:15:00,0.9988888888888889,0.37135425989871124
2017-03-20 15:30:00,0.9988888888888889,0.39126078167493095
2017-03-20 15:45:00,0.33545454545454545,0.4097771368965486
2017-03-20 16:00:00,0.3386266924564797,0.41746091765645926
2017-03-20 16:15:00,0.4536363636363636,0.43179399771435323
2017-03-20 16:30:00,0.34655705996131525,0.44979842593703523
2017-03-20 16:45:00,0.4536363636363636,0.4642048291211771
2017-03-20 17:00:00,0.4536363636363636,0.47626902979078256
2017-03-20 17:15:00,0.37827852998065764,0.4840576068136315
2017-03-20 17:30:00,0.3893810444874275,0.4891686999104063
2017-03-20 17:45:00,0.3893810444874275,0.4831929133038404
2017-03-20 18:00:00,0.3893810444874275,0.4769557434352302
2017-03-20 18:15:00,0.3893810444874275,0.4881366803150598
2017-03-20 18:30:00,0.3893810444874275,0.4877279775474517
2017-03-20 18:45:00,0.3893810444874275,0.48161916436648433
2017-03-20 19:00:00,0.3893810444874275,0.480435287724872
2017-03-20 19:15:00,0.3893810444874275,0.48896249978092693
2017-03-20 19:30:00,0.4536363636363636,0.4984065528398137
2017-03-20 19:45:00,0.3893810444874275,0.5035827690531591
2017-03-20 20:00:00,0.3893810444874275,0.5002104079540037
2017-03-20 20:15:00,0.3893810444874275,0.5012193622603859
2017-03-20 20:30:00,0.38303675048355895,0.5132860269090143
2017-03-20 20:45:00,0.37986460348162476,0.5113144665361745
2017-03-20 21:00:00,0.3766924564796905,0.5099977093707238
2017-03-20 21:15:00,0.37193423597678915,0.5051019833192786
2017-03-20 21:30:00,0.3687620889748549,0.4997563121176505
2017-03-20 21:45:00,0.3576595744680851,0.49797240734806314
2017-03-20 22:00:00,0.35448742746615086,0.49163437639658386
2017-03-20 22:15:00,0.35290135396518374,0.4945565489866162
2017-03-20 22:30:00,0.35290135396518374,0.4969560950575294
2017-03-20 22:45:00,0.35290135396518374,0.5003376070132316
2017-03-20 23:00:00,0.35290135396518374,0.5003961506646857
2017-03-20 23:15:00,0.35290135396518374,0.5073228183887735
2017-03-20 23:30:00,0.35290135396518374,0.5135637468547419
2017-03-20 23:45:00,0.35290135396518374,0.5191496733627063
2017-03-21 00:00:00,0.35448742746615086,0.526529882105022
2017-03-21 00:15:00,0.35448742746615086,0.5313845281518503
2017-03-21 00:30:00,0.35448742746615086,0.5358565843398715
2017-03-21 00:45:00,0.35448742746615086,0.539362253674644
2017-03-21 01:00:00,0.35448742746615086,0.5424265491842797
2017-03-21 01:15:00,0.35448742746615086,0.5460087663324552
2017-03-21 01:30:00,0.35448742746615086,0.5500037137754612
2017-03-21 01:45:00,0.35448742746615086,0.5536735565525938
2017-03-21 02:00:00,0.35448742746615086,0.5612890947216225
2017-03-21 02:15:00,0.35448742746615086,0.5653236016392279
2017-03-21 02:30:00,0.35448742746615086,0.5656610955709398
2017-03-21 02:45:00,0.35448742746615086,0.5636712697450325
2017-03-21 03:00:00,0.35448742746615086,0.563505372914702
2017-03-21 03:15:00,0.35448742746615086,0.5623968264111938
2017-03-21 03:30:00,0.35448742746615086,0.5607998431524863
2017-03-21 03:45:00,0.35448742746615086,0.5570655239100749
2017-03-21 04:00:00,0.35448742746615086,0.5544430980749587
2017-03-21 04:15:00,0.35448742746615086,0.5503309581185033
2017-03-21 04:30:00,0.35448742746615086,0.5448424881886054
2017-03-21 04:45:00,0.35448742746615086,0.5373656140880722
2017-03-21 05:00:00,0.35448742746615086,0.5315442867907596
2017-03-21 05:15:00,0.35448742746615086,0.5294912102814615
2017-03-21 05:30:00,0.35448742746615086,0.5244276930931999
2017-03-21 05:45:00,0.35448742746615086,0.5185981669019134
2017-03-21 06:00:00,0.35448742746615086,0.5112743255060354
2017-03-21 06:15:00,0.35448742746615086,0.5022694628643368
2017-03-21 06:30:00,0.35448742746615086,0.4945097854169434
2017-03-21 06:45:00,0.35448742746615086,0.48153117629832
2017-03-21 07:00:00,0.35448742746615086,0.47515261602319997
2017-03-21 07:15:00,0.3513152804642166,0.46426706414755037
2017-03-21 07:30:00,0.3417988394584139,0.4513169871345929
2017-03-21 07:45:00,0.33704061895551257,0.4361042455514101
2017-03-21 08:00:00,0.9988888888888889,0.41404847374054693
2017-03-21 08:15:00,0.9988888888888889,0.37578782551261086
2017-03-21 08:30:00,0.9988888888888889,0.3386055272276768
2017-03-21 08:45:00,0.9988888888888889,0.29567209350613605
2017-03-21 09:00:00,0.9988888888888889,0.25363507856274
2017-03-21 09:15:00,0.9988888888888889,0.22752821442825535
2017-03-21 09:30:00,0.9988888888888889,0.21805372560860103
2017-03-21 09:45:00,0.9988888888888889,0.21613517211948535
2017-03-21 10:00:00,0.9988888888888889,0.21083492141440982
2017-03-21 10:15:00,0.9988888888888889,0.2158468234247024
2017-03-21 10:30:00,0.9988888888888889,0.21526261034492486
2017-03-21 10:45:00,0.9988888888888889,0.20748962757440187
2017-03-21 11:00:00,0.9988888888888889,0.2016277169419106
2017-03-21 11:15:00,0.9988888888888889,0.2000863490312965
2017-03-21 11:30:00,0.9988888888888889,0.1994112448157357
2017-03-21 11:45:00,0.9988888888888889,0.2011717479625619
2017-03-21 12:00:00,0.9988888888888889,0.208363282290269
2017-03-21 12:15:00,0.9988888888888889,0.21340547973604834
2017-03-21 12:30:00,0.9988888888888889,0.20951329434817875
2017-03-21 12:45:00,0.9988888888888889,0.21767904731854748
2017-03-21 13:00:00,0.9988888888888889,0.23334232516991116
2017-03-21 13:15:00,0.9988888888888889,0.24423037539292605
2017-03-21 13:30:00,0.9988888888888889,0.2486458738430001
2017-03-21 13:45:00,0.9988888888888889,0.2412933183173323
2017-03-21 14:00:00,0.9988888888888889,0.25245919958615587
2017-03-21 14:15:00,0.9988888888888889,0.2703925919351059
2017-03-21 14:30:00,0.9988888888888889,0.2805552325186548
2017-03-21 14:45:00,0.9988888888888889,0.29122457728757883
2017-03-21 15:00:00,0.9988888888888889,0.29012104813504086
2017-03-21 15:15:00,0.9988888888888889,0.31443512947310986
2017-03-21 15:30:00,0.9988888888888889,0.3433988574927632
2017-03-21 15:45:00,0.9988888888888889,0.3763674897664114
2017-03-21 16:00:00,0.9988888888888889,0.4237020445455255
2017-03-21 16:15:00,0.3402127659574468,0.42935959665116574
2017-03-21 16:30:00,0.343384912959381,0.435402439290525
2017-03-21 16:45:00,0.34655705996131525,0.44026433683452765
2017-03-21 17:00:00,0.3513152804642166,0.44629362362214337
2017-03-21 17:15:00,0.3513152804642166,0.4604223890219031
2017-03-21 17:30:00,0.35924564796905223,0.4597151880988873
2017-03-21 17:45:00,0.4536363636363636,0.4666411637671951
2017-03-21 18:00:00,0.4536363636363636,0.46449613968675213
2017-03-21 18:15:00,0.3640038684719536,0.4659829717086372
2017-03-21 18:30:00,0.3640038684719536,0.4562926106255828
2017-03-21 18:45:00,0.3640038684719536,0.44785602862565604
2017-03-21 19:00:00,0.3640038684719536,0.44588248040066775
2017-03-21 19:15:00,0.3640038684719536,0.4563529118232168
2017-03-21 19:30:00,0.3640038684719536,0.4643226003199692
2017-03-21 19:45:00,0.3640038684719536,0.4573502572475804
2017-03-21 20:00:00,0.3640038684719536,0.4649184883306198
2017-03-21 20:15:00,0.3640038684719536,0.478692355200831
2017-03-21 20:30:00,0.3640038684719536,0.4820062630568008
2017-03-21 20:45:00,0.3640038684719536,0.486300064461732
2017-03-21 21:00:00,0.3640038684719536,0.4914073946200993
2017-03-21 21:15:00,0.3449709864603482,0.49063482040617457
2017-03-21 21:30:00,0.33704061895551257,0.48846404301189184
2017-03-21 21:45:00,0.9988888888888889,0.4768284877992218
2017-03-21 22:00:00,0.9988888888888889,0.4707322845778154
2017-03-21 22:15:00,0.9988888888888889,0.45763965532199996
2017-03-21 22:30:00,0.9988888888888889,0.45549917912242616
2017-03-21 22:45:00,0.9988888888888889,0.45283825462171273
2017-03-21 23:00:00,0.9988888888888889,0.44368284986831674
2017-03-21 23:15:00,0.9988888888888889,0.43365021761984635
2017-03-21 23:30:00,0.9988888888888889,0.4250072616239194
2017-03-21 23:45:00,0.9988888888888889,0.42198206920861736
2017-03-22 00:00:00,0.9988888888888889,0.4221493706778329
2017-03-22 00:15:00,0.9988888888888889,0.44209221059278964
2017-03-22 00:30:00,0.9988888888888889,0.43819557119301045
2017-03-22 00:45:00,0.9988888888888889,0.4431709969844744
2017-03-22 01:00:00,0.9988888888888889,0.44697412387879687
2017-03-22 01:15:00,0.9988888888888889,0.45178484785456074
2017-03-22 01:30:00,0.9988888888888889,0.45480237311288313
2017-03-22 01:45:00,0.9988888888888889,0.45596778898269075
2017-03-22 02:00:00,0.9988888888888889,0.4582190042659269
2017-03-22 02:15:00,0.9988888888888889,0.45807476913600875
2017-03-22 02:30:00,0.9988888888888889,0.46266009744031
2017-03-22 02:45:00,0.9988888888888889,0.474918600095736
2017-03-22 03:00:00,0.9988888888888889,0.5003858385159301
2017-03-22 03:15:00,0.9988888888888889,0.5025080113523261
2017-03-22 03:30:00,0.9988888888888889,0.5020829954306596
2017-03-22 03:45:00,0.9988888888888889,0.5064381278771727
2017-03-22 04:00:00,0.9988888888888889,0.5089663971913203
2017-03-22 04:15:00,0.9988888888888889,0.5084924591064435
2017-03-22 04:30:00,0.9988888888888889,0.5105319422384978
2017-03-22 04:45:00,0.9988888888888889,0.5130612550713135
2017-03-22 05:00:00,0.3386266924564797,0.5171255862074239
2017-03-22 05:15:00,0.3402127659574468,0.5197068738783872
2017-03-22 05:30:00,0.3402127659574468,0.5128558272883473
2017-03-22 05:45:00,0.3402127659574468,0.5035584312900182
2017-03-22 06:00:00,0.3402127659574468,0.48291734400855646
2017-03-22 06:15:00,0.3402127659574468,0.4684994614913194
2017-03-22 06:30:00,0.3402127659574468,0.4574134543776866
2017-03-22 06:45:00,0.3402127659574468,0.44971244748009187
2017-03-22 07:00:00,0.3402127659574468,0.44312109162212227
2017-03-22 07:15:00,0.3402127659574468,0.4356280779884406
2017-03-22 07:30:00,0.3402127659574468,0.43158319490047464
2017-03-22 07:45:00,0.3402127659574468,0.4280592543287676
2017-03-22 08:00:00,0.3402127659574468,0.41314295776484994
2017-03-22 08:15:00,0.9988888888888889,0.37960382024858247
2017-03-22 08:30:00,0.9988888888888889,0.35224566138961977
2017-03-22 08:45:00,0.9988888888888889,0.3177519471725789
2017-03-22 09:00:00,0.9988888888888889,0.26830384594606893
2017-03-22 09:15:00,0.9988888888888889,0.2603353412360417
2017-03-22 09:30:00,0.9988888888888889,0.24846568236475963
2017-03-22 09:45:00,0.9988888888888889,0.2388821097523088
2017-03-22 10:00:00,0.9988888888888889,0.23862223898718357
2017-03-22 10:15:00,0.9988888888888889,0.23480961490863053
2017-03-22 10:30:00,0.9988888888888889,0.23427339161271052
2017-03-22 10:45:00,0.9988888888888889,0.2312930082606259
2017-03-22 11:00:00,0.9988888888888889,0.2296446912635792
2017-03-22 11:15:00,0.9988888888888889,0.2285682295252918
2017-03-22 11:30:00,0.9988888888888889,0.23065283303708065
2017-03-22 11:45:00,0.9988888888888889,0.23707142754867744
2017-03-22 12:00:00,0.9988888888888889,0.2423067352490376
2017-03-22 12:15:00,0.9988888888888889,0.24294410086204732
2017-03-22 12:30:00,0.9988888888888889,0.24400692823892564
2017-03-22 12:45:00,0.9988888888888889,0.2437856767950423
2017-03-22 13:00:00,0.9988888888888889,0.2342494569160162
2017-03-22 13:15:00,0.9988888888888889,0.23305936589022974
2017-03-22 13:30:00,0.9988888888888889,0.24612952530018728
2017-03-22 13:45:00,0.9988888888888889,0.2728508526827902
2017-03-22 14:00:00,0.9988888888888889,0.3084805926317905
2017-03-22 14:15:00,0.9988888888888889,0.33660702179713226
2017-03-22 14:30:00,0.9988888888888889,0.35700675979108365
2017-03-22 14:45:00,0.9988888888888889,0.37875586492113883
2017-03-22 15:00:00,0.9988888888888889,0.4121328391542881
2017-03-22 15:15:00,0.9988888888888889,0.43200380667310256
2017-03-22 15:30:00,0.33704061895551257,0.4396804135960467
2017-03-22 15:45:00,0.3417988394584139,0.44589534414714654
2017-03-22 16:00:00,0.34655705996131525,0.453599011310311
2017-03-22 16:15:00,0.4536363636363636,0.4613486860868881
2017-03-22 16:30:00,0.3576595744680851,0.47090490654139616
2017-03-22 16:45:00,0.4536363636363636,0.4805297513535244
2017-03-22 17:00:00,0.4536363636363636,0.48867623676850963
2017-03-22 17:15:00,0.4536363636363636,0.48714309566777614
2017-03-22 17:30:00,0.37986460348162476,0.4842115661027457
2017-03-22 17:45:00,0.4536363636363636,0.4848227680567786
2017-03-22 18:00:00,0.3846228239845261,0.4835543937378848
2017-03-22 18:15:00,0.3846228239845261,0.48395372853224666
2017-03-22 18:30:00,0.4536363636363636,0.4942053802358592
2017-03-22 18:45:00,0.3846228239845261,0.47734502538441514
2017-03-22 19:00:00,0.3846228239845261,0.4717610903856917
2017-03-22 19:15:00,0.3846228239845261,0.478032109980119
2017-03-22 19:30:00,0.3846228239845261,0.4855050854399803
2017-03-22 19:45:00,0.3846228239845261,0.48623059106292066
2017-03-22 20:00:00,0.3846228239845261,0.508823109398571
2017-03-22 20:15:00,0.3846228239845261,0.5158731452037314
2017-03-22 20:30:00,0.3846228239845261,0.513940375695247
2017-03-22 20:45:00,0.3846228239845261,0.5157776193603436
2017-03-22 21:00:00,0.3846228239845261,0.5289356278111075
2017-03-22 21:15:00,0.4536363636363636,0.531279328312941
2017-03-22 21:30:00,0.4536363636363636,0.5301432212222922
2017-03-22 21:45:00,0.4536363636363636,0.5278249931579401
2017-03-22 22:00:00,0.36558994197292066,0.5239221025338487
2017-03-22 22:15:00,0.3640038684719536,0.524270767851094
2017-03-22 22:30:00,0.4536363636363636,0.5285236149911471
2017-03-22 22:45:00,0.35448742746615086,0.5287844828197543
2017-03-22 23:00:00,0.3497292069632495,0.5312288878842278
2017-03-22 23:15:00,0.3497292069632495,0.5307495627258632
2017-03-22 23:30:00,0.3481431334622824,0.533370903528303
2017-03-22 23:45:00,0.3449709864603482,0.5356524338556257
2017-03-23 00:00:00,0.3417988394584139,0.5386944642489188
2017-03-23 00:15:00,0.3402127659574468,0.540878167824001
2017-03-23 00:30:00,0.3402127659574468,0.5426355144793091
2017-03-23 00:45:00,0.33704061895551257,0.5466920517662842
2017-03-23 01:00:00,0.33545454545454545,0.5498575014324552
2017-03-23 01:15:00,0.9988888888888889,0.5411265719705415
2017-03-23 01:30:00,0.9988888888888889,0.5403119478205598
2017-03-23 01:45:00,0.9988888888888889,0.5473624961177178
2017-03-23 02:00:00,0.9988888888888889,0.5495112941811517
2017-03-23 02:15:00,0.9988888888888889,0.5495974438976794
2017-03-23 02:30:00,0.9988888888888889,0.5476785566708573
2017-03-23 02:45:00,0.9988888888888889,0.544564351657752
2017-03-23 03:00:00,0.9988888888888889,0.5405918034325097
2017-03-23 03:15:00,0.9988888888888889,0.5398027441616772
2017-03-23 03:30:00,0.9988888888888889,0.535874156662114
2017-03-23 03:45:00,0.9988888888888889,0.5322958059153555
2017-03-23 04:00:00,0.9988888888888889,0.5285337097450209
2017-03-23 04:15:00,0.9988888888888889,0.5254422826924204
2017-03-23 04:30:00,0.9988888888888889,0.5208955267365919
2017-03-23 04:45:00,0.9988888888888889,0.515525096703421
2017-03-23 05:00:00,0.9988888888888889,0.5064692232311594
2017-03-23 05:15:00,0.9988888888888889,0.5026652152693045
2017-03-23 05:30:00,0.33704061895551257,0.509013691054232
2017-03-23 05:45:00,0.343384912959381,0.5096465021660798
2017-03-23 06:00:00,0.3481431334622824,0.5006991233889188
2017-03-23 06:15:00,0.3481431334622824,0.5028314853302086
2017-03-23 06:30:00,0.3481431334622824,0.4952144686409695
2017-03-23 06:45:00,0.3481431334622824,0.4687194982508078
2017-03-23 07:00:00,0.3481431334622824,0.4573157542934751
2017-03-23 07:15:00,0.3481431334622824,0.44960946960254333
2017-03-23 07:30:00,0.4536363636363636,0.458408088135014
2017-03-23 07:45:00,0.3481431334622824,0.448628698280555
2017-03-23 08:00:00,0.3481431334622824,0.4405962653885964
2017-03-23 08:15:00,0.3481431334622824,0.44149802187510473
2017-03-23 08:30:00,0.3481431334622824,0.4414495065881512
2017-03-23 08:45:00,0.3481431334622824,0.4419676315906805
2017-03-23 09:00:00,0.4536363636363636,0.4452439401670371
2017-03-23 09:15:00,0.4536363636363636,0.43850323287287757
2017-03-23 09:30:00,0.3417988394584139,0.4314112870249169
2017-03-23 09:45:00,0.3386266924564797,0.4249068956203302
2017-03-23 10:00:00,0.33545454545454545,0.4185628345171765
2017-03-23 10:15:00,0.9988888888888889,0.4024539500249818
2017-03-23 10:30:00,0.9988888888888889,0.3870953033546397
2017-03-23 10:45:00,0.9988888888888889,0.3720319842034038
2017-03-23 11:00:00,0.9988888888888889,0.3565873942078575
2017-03-23 11:15:00,0.9988888888888889,0.3490218499562557
2017-03-23 11:30:00,0.9988888888888889,0.33445042664975655
2017-03-23 11:45:00,0.9988888888888889,0.33006765880033484
2017-03-23 12:00:00,0.9988888888888889,0.33080324190988275
2017-03-23 12:15:00,0.9988888888888889,0.32949720890024337
2017-03-23 12:30:00,0.9988888888888889,0.3223579229565726
2017-03-23 12:45:00,0.9988888888888889,0.3283934036815621
2017-03-23 13:00:00,0.9988888888888889,0.336429736426642
2017-03-23 13:15:00,0.9988888888888889,0.3312121440715196
2017-03-23 13:30:00,0.9988888888888889,0.33125715387542076
2017-03-23 13:45:00,0.9988888888888889,0.3311735314762871
2017-03-23 14:00:00,0.9988888888888889,0.33236213022981076
2017-03-23 14:15:00,0.9988888888888889,0.3322276838494884
2017-03-23 14:30:00,0.9988888888888889,0.3361394580957573
2017-03-23 14:45:00,0.9988888888888889,0.33812908950276316
2017-03-23 15:00:00,0.9988888888888889,0.34444193281748364
2017-03-23 15:15:00,0.9988888888888889,0.3510985805981147
2017-03-23 15:30:00,0.9988888888888889,0.3523228515990624
2017-03-23 15:45:00,0.9988888888888889,0.36152960529777683
2017-03-23 16:00:00,0.9988888888888889,0.3762234081550855
2017-03-23 16:15:00,0.9988888888888889,0.39281079837409555
2017-03-23 16:30:00,0.9988888888888889,0.4170012084179733
2017-03-23 16:45:00,0.9988888888888889,0.4261712676963182
2017-03-23 17:00:00,0.33545454545454545,0.4338208114689146
2017-03-23 17:15:00,0.343384912959381,0.4448933107967468
2017-03-23 17:30:00,0.35290135396518374,0.45609756127047696
2017-03-23 17:45:00,0.35290135396518374,0.4716559268985559
2017-03-23 18:00:00,0.3687620889748549,0.4822855629703553
2017-03-23 18:15:00,0.3687620889748549,0.47700709487276977
2017-03-23 18:30:00,0.3687620889748549,0.46545150347249736
2017-03-23 18:45:00,0.3687620889748549,0.46806187339435124
2017-03-23 19:00:00,0.3687620889748549,0.4655288743902246
2017-03-23 19:15:00,0.3687620889748549,0.45761010014953923
2017-03-23 19:30:00,0.3687620889748549,0.4742171826721972
2017-03-23 19:45:00,0.3687620889748549,0.481460187034923
2017-03-23 20:00:00,0.3687620889748549,0.47636903753728754
2017-03-23 20:15:00,0.3687620889748549,0.494455334275147
2017-03-23 20:30:00,0.4536363636363636,0.4965183533238662
2017-03-23 20:45:00,0.4536363636363636,0.5126966204743364
2017-03-23 21:00:00,0.36717601547388784,0.5174519419652702
2017-03-23 21:15:00,0.3608317214700193,0.516831567291892
2017-03-23 21:30:00,0.3608317214700193,0.5121124211088041
2017-03-23 21:45:00,0.3608317214700193,0.5109128725985121
2017-03-23 22:00:00,0.3608317214700193,0.5033936414098783
2017-03-23 22:15:00,0.3608317214700193,0.5086789204897364
2017-03-23 22:30:00,0.3608317214700193,0.5141827571688802
2017-03-23 22:45:00,0.3608317214700193,0.5149640381433901
2017-03-23 23:00:00,0.3608317214700193,0.5185535028923544
2017-03-23 23:15:00,0.3608317214700193,0.5251578445634594
2017-03-23 23:30:00,0.3608317214700193,0.5299145752365182
2017-03-23 23:45:00,0.3608317214700193,0.5366243132242439
2017-03-24 00:00:00,0.3624177949709865,0.5406198329149478
2017-03-24 00:15:00,0.3624177949709865,0.543847082279778
2017-03-24 00:30:00,0.3624177949709865,0.5735759158546854
2017-03-24 00:45:00,0.3624177949709865,0.5945542987351764
2017-03-24 01:00:00,0.3624177949709865,0.5726456272505552
2017-03-24 01:15:00,0.3624177949709865,0.5704375056958413
2017-03-24 01:30:00,0.3624177949709865,0.5727613121350235
2017-03-24 01:45:00,0.3624177949709865,0.5788411733107882
2017-03-24 02:00:00,0.3624177949709865,0.5805614346396734
2017-03-24 02:15:00,0.3624177949709865,0.5800553465774598
2017-03-24 02:30:00,0.3624177949709865,0.5782975658778094
2017-03-24 02:45:00,0.3624177949709865,0.6001176322704681
2017-03-24 03:00:00,0.3624177949709865,0.6043469276131812
2017-03-24 03:15:00,0.3624177949709865,0.6016200577595341
2017-03-24 03:30:00,0.3624177949709865,0.5984859252009005
2017-03-24 03:45:00,0.3624177949709865,0.5795776916883018
2017-03-24 04:00:00,0.3624177949709865,0.581665405949185
2017-03-24 04:15:00,0.3624177949709865,0.5809743977796915
2017-03-24 04:30:00,0.3624177949709865,0.5818545550391115
2017-03-24 04:45:00,0.3624177949709865,0.5820973281913839
2017-03-24 05:00:00,0.3640038684719536,0.5795203055995778
2017-03-24 05:15:00,0.3640038684719536,0.5759046647324866
2017-03-24 05:30:00,0.3640038684719536,0.5631827133138163
2017-03-24 05:45:00,0.3640038684719536,0.5510141864189413
2017-03-24 06:00:00,0.3640038684719536,0.5306604339115414
2017-03-24 06:15:00,0.3640038684719536,0.516761131013276
2017-03-24 06:30:00,0.3640038684719536,0.509422998785029
2017-03-24 06:45:00,0.3640038684719536,0.4984257019305483
2017-03-24 07:00:00,0.3640038684719536,0.4894716445735937
2017-03-24 07:15:00,0.3640038684719536,0.476229324472413
2017-03-24 07:30:00,0.3640038684719536,0.46984140332370355
2017-03-24 07:45:00,0.3640038684719536,0.46777037164333723
2017-03-24 08:00:00,0.3608317214700193,0.45958981145561045
2017-03-24 08:15:00,0.356073500967118,0.4519276511564669
2017-03-24 08:30:00,0.3497292069632495,0.44506691279656113
2017-03-24 08:45:00,0.3402127659574468,0.439241803864466
2017-03-24 09:00:00,0.33545454545454545,0.43150254172456004
2017-03-24 09:15:00,0.9988888888888889,0.42318571554945356
2017-03-24 09:30:00,0.9988888888888889,0.4162551692610433
2017-03-24 09:45:00,0.9988888888888889,0.4029509167896536
2017-03-24 10:00:00,0.9988888888888889,0.3897384083019063
2017-03-24 10:15:00,0.9988888888888889,0.379472734334005
2017-03-24 10:30:00,0.9988888888888889,0.3724382464823766
2017-03-24 10:45:00,0.9988888888888889,0.35516809847873415
2017-03-24 11:00:00,0.9988888888888889,0.3479810405640696
2017-03-24 11:15:00,0.9988888888888889,0.337015839493646
2017-03-24 11:30:00,0.9988888888888889,0.3361968756206075
2017-03-24 11:45:00,0.9988888888888889,0.33001139729238343
2017-03-24 12:00:00,0.9988888888888889,0.3448821557676162
2017-03-24 12:15:00,0.9988888888888889,0.35430990990064554
2017-03-24 12:30:00,0.9988888888888889,0.35084647063890023
2017-03-24 12:45:00,0.9988888888888889,0.3488317159409692
2017-03-24 13:00:00,0.9988888888888889,0.35151901149557807
2017-03-24 13:15:00,0.9988888888888889,0.3536499339587407
2017-03-24 13:30:00,0.9988888888888889,0.34638902446141345
2017-03-24 13:45:00,0.9988888888888889,0.35001748759564305
2017-03-24 14:00:00,0.9988888888888889,0.35135602416551154
2017-03-24 14:15:00,0.9988888888888889,0.3592293304089935
2017-03-24 14:30:00,0.9988888888888889,0.3635491307697268
2017-03-24 14:45:00,0.9988888888888889,0.3687051034089987
2017-03-24 15:00:00,0.9988888888888889,0.380207901571312
2017-03-24 15:15:00,0.9988888888888889,0.39311631361145905
2017-03-24 15:30:00,0.9988888888888889,0.41443733261186033
2017-03-24 15:45:00,0.9988888888888889,0.43137404678479263
2017-03-24 16:00:00,0.9988888888888889,0.4484520450653175
2017-03-24 16:15:00,0.3449709864603482,0.4655987226242758
2017-03-24 16:30:00,0.4536363636363636,0.48295486260831205
2017-03-24 16:45:00,0.4536363636363636,0.49885715457873764
2017-03-24 17:00:00,0.3766924564796905,0.5134491736788294
2017-03-24 17:15:00,0.38620889748549325,0.5178704228069663
2017-03-24 17:30:00,0.3941392649903288,0.5251127286818491
2017-03-24 17:45:00,0.3941392649903288,0.5286934097467558
2017-03-24 18:00:00,0.3941392649903288,0.5346771915087478
2017-03-24 18:15:00,0.3941392649903288,0.5406245174403316
2017-03-24 18:30:00,0.4536363636363636,0.5292720741417396
2017-03-24 18:45:00,0.3941392649903288,0.5257143784205777
2017-03-24 19:00:00,0.3941392649903288,0.5101880604065735
2017-03-24 19:15:00,0.3941392649903288,0.5081123926262656
2017-03-24 19:30:00,0.3941392649903288,0.5073627736585852
2017-03-24 19:45:00,0.3941392649903288,0.5189491018274882
2017-03-24 20:00:00,0.3941392649903288,0.5275279268839245
2017-03-24 20:15:00,0.3941392649903288,0.5355452510042079
2017-03-24 20:30:00,0.3925531914893617,0.5447146301896895
2017-03-24 20:45:00,0.3846228239845261,0.5515271390422084
2017-03-24 21:00:00,0.3766924564796905,0.5592344772214666
2017-03-24 21:15:00,0.3766924564796905,0.5627766780540135
2017-03-24 21:30:00,0.3766924564796905,0.5652933955841182
2017-03-24 21:45:00,0.3766924564796905,0.5615294359987674
2017-03-24 22:00:00,0.4536363636363636,0.5586947858486861
2017-03-24 22:15:00,0.37510638297872334,0.5592408846290944
2017-03-24 22:30:00,0.4536363636363636,0.5599451518078036
2017-03-24 22:45:00,0.36558994197292066,0.5654355681259741
2017-03-24 23:00:00,0.3624177949709865,0.5671107029854288
2017-03-24 23:15:00,0.4536363636363636,0.5700071359174655
2017-03-24 23:30:00,0.4536363636363636,0.5729765926526045
2017-03-24 23:45:00,0.356073500967118,0.5724702792614558
2017-03-25 00:00:00,0.4536363636363636,0.577452083158805
2017-03-25 00:15:00,0.34655705996131525,0.5859660858791018
2017-03-25 00:30:00,0.343384912959381,0.5995921700220973
2017-03-25 00:45:00,0.343384912959381,0.5955044820306645
2017-03-25 01:00:00,0.343384912959381,0.5909107284150381
2017-03-25 01:15:00,0.343384912959381,0.591517098303208
2017-03-25 01:30:00,0.3417988394584139,0.5921469457629126
2017-03-25 01:45:00,0.3402127659574468,0.5926631436644128
2017-03-25 02:00:00,0.33704061895551257,0.5920877087849018
2017-03-25 02:15:00,0.33704061895551257,0.5955421667143233
2017-03-25 02:30:00,0.33704061895551257,0.6127965048923193
2017-03-25 02:45:00,0.33704061895551257,0.6212360775284925
2017-03-25 03:00:00,0.33704061895551257,0.6185264182116789
2017-03-25 03:15:00,0.33704061895551257,0.6168304483283019
2017-03-25 03:30:00,0.33704061895551257,0.5988512679260781
2017-03-25 03:45:00,0.33704061895551257,0.5969142326443305
2017-03-25 04:00:00,0.33704061895551257,0.593899464709909
2017-03-25 04:15:00,0.33704061895551257,0.5942730464301195
2017-03-25 04:30:00,0.33704061895551257,0.592542357532045
2017-03-25 04:45:00,0.33704061895551257,0.5936255638113149
2017-03-25 05:00:00,0.33704061895551257,0.5919341966190393
2017-03-25 05:15:00,0.33704061895551257,0.5918011248047041
2017-03-25 05:30:00,0.33704061895551257,0.5926709280172701
2017-03-25 05:45:00,0.33704061895551257,0.5913711740664175
2017-03-25 06:00:00,0.33704061895551257,0.5908425457750289
2017-03-25 06:15:00,0.9988888888888889,0.5637788949107357
2017-03-25 06:30:00,0.9988888888888889,0.5262994177837241
2017-03-25 06:45:00,0.9988888888888889,0.49218304432261145
2017-03-25 07:00:00,0.9988888888888889,0.46118368975305324
2017-03-25 07:15:00,0.9988888888888889,0.4219983741607737
2017-03-25 07:30:00,0.9988888888888889,0.3877711539556973
2017-03-25 07:45:00,0.9988888888888889,0.35135341365353356
2017-03-25 08:00:00,0.9988888888888889,0.31441574496883384
2017-03-25 08:15:00,0.9988888888888889,0.29235371051427833
2017-03-25 08:30:00,0.9988888888888889,0.26692656056740166
2017-03-25 08:45:00,0.9988888888888889,0.24430405536604305
2017-03-25 09:00:00,0.9988888888888889,0.21361668702550554
2017-03-25 09:15:00,0.041,0.19755682849293035
2017-03-25 09:30:00,0.9988888888888889,0.200552294879321
2017-03-25 09:45:00,0.9988888888888889,0.1966062058813841
2017-03-25 10:00:00,0.9988888888888889,0.19607389419254492
2017-03-25 10:15:00,0.9988888888888889,0.19461429703853128
2017-03-25 10:30:00,0.9988888888888889,0.20271559496198188
2017-03-25 10:45:00,0.9988888888888889,0.19510321414834386
2017-03-25 11:00:00,0.9988888888888889,0.19328102105588196
2017-03-25 11:15:00,0.041,0.1922114824656233
2017-03-25 11:30:00,0.9988888888888889,0.1985179662052213
2017-03-25 11:45:00,0.9988888888888889,0.20041419371290484
2017-03-25 12:00:00,0.041,0.19805128061797306
2017-03-25 12:15:00,0.9988888888888889,0.20247972420866125
2017-03-25 12:30:00,0.9988888888888889,0.19750316477455457
2017-03-25 12:45:00,0.041,0.1955823112316866
2017-03-25 13:00:00,0.041,0.2018880786005867
2017-03-25 13:15:00,0.041,0.20124544991154458
2017-03-25 13:30:00,0.9988888888888889,0.2020475813316924
2017-03-25 13:45:00,0.9988888888888889,0.2085590116882758
2017-03-25 14:00:00,0.9988888888888889,0.21191290514151492
2017-03-25 14:15:00,0.041,0.20597599778334208
2017-03-25 14:30:00,0.041,0.20494774325008783
2017-03-25 14:45:00,0.041,0.20544606003324342
2017-03-25 15:00:00,0.041,0.20914218613317367
2017-03-25 15:15:00,0.041,0.21355368958381904
2017-03-25 15:30:00,0.9988888888888889,0.23799357746115463
2017-03-25 15:45:00,0.9988888888888889,0.25524261713241
2017-03-25 16:00:00,0.9988888888888889,0.2822026691608053
2017-03-25 16:15:00,0.9988888888888889,0.3557211090532058
2017-03-25 16:30:00,0.9988888888888889,0.4009354302379615
2017-03-25 16:45:00,0.9988888888888889,0.4516522449289548
2017-03-25 17:00:00,0.9988888888888889,0.5044178273826871
2017-03-25 17:15:00,0.33704061895551257,0.5183485452123392
2017-03-25 17:30:00,0.4536363636363636,0.5234115303685959
2017-03-25 17:45:00,0.343384912959381,0.5164062444548567
2017-03-25 18:00:00,0.343384912959381,0.5072327501254154
2017-03-25 18:15:00,0.343384912959381,0.502035924259521
2017-03-25 18:30:00,0.343384912959381,0.4931711931957052
2017-03-25 18:45:00,0.343384912959381,0.49727905397861827
2017-03-25 19:00:00,0.343384912959381,0.4982834104235923
2017-03-25 19:15:00,0.343384912959381,0.5009107539274131
2017-03-25 19:30:00,0.343384912959381,0.5168810439275411
2017-03-25 19:45:00,0.343384912959381,0.5069773827048786
2017-03-25 20:00:00,0.4536363636363636,0.5256895783232663
2017-03-25 20:15:00,0.343384912959381,0.5431784797452296
2017-03-25 20:30:00,0.343384912959381,0.5445369189571923
2017-03-25 20:45:00,0.343384912959381,0.5409031911636045
2017-03-25 21:00:00,0.343384912959381,0.5411885014316862
2017-03-25 21:15:00,0.343384912959381,0.5513965393960947
2017-03-25 21:30:00,0.343384912959381,0.5624978580323164
2017-03-25 21:45:00,0.343384912959381,0.5790249718052587
2017-03-25 22:00:00,0.343384912959381,0.5751857701111283
2017-03-25 22:15:00,0.343384912959381,0.5760744064888198
2017-03-25 22:30:00,0.3386266924564797,0.585980041155934
2017-03-25 22:45:00,0.33704061895551257,0.5870012949304425
2017-03-25 23:00:00,0.33704061895551257,0.5895125530463373
2017-03-25 23:15:00,0.9988888888888889,0.5923019872307683
2017-03-25 23:30:00,0.9988888888888889,0.5894025059120509
2017-03-25 23:45:00,0.9988888888888889,0.5844806430912362
2017-03-26 00:00:00,0.9988888888888889,0.5851518478057866
2017-03-26 00:15:00,0.9988888888888889,0.5680072716766797
2017-03-26 00:30:00,0.9988888888888889,0.5642638963692757
2017-03-26 00:45:00,0.9988888888888889,0.5556581446034563
2017-03-26 01:00:00,0.9988888888888889,0.5446312625071122
2017-03-26 01:15:00,0.9988888888888889,0.5311682479366024
2017-03-26 01:30:00,0.9988888888888889,0.5415698957697382
2017-03-26 01:45:00,0.9988888888888889,0.48787156740184684
2017-03-26 02:00:00,0.9988888888888889,0.5547334509941071
2017-03-26 02:15:00,0.9988888888888889,0.5571421026755788
2017-03-26 02:30:00,0.9988888888888889,0.5561905731306687
2017-03-26 02:45:00,0.9988888888888889,0.5535043584020037
2017-03-26 03:00:00,0.9988888888888889,0.5503637439091131
2017-03-26 03:15:00,0.9988888888888889,0.5602361328311943
2017-03-26 03:30:00,0.9988888888888889,0.5616760203623867
2017-03-26 03:45:00,0.9988888888888889,0.5708828263030817
2017-03-26 04:00:00,0.9988888888888889,0.5803538503079171
2017-03-26 04:15:00,0.9988888888888889,0.5691108868735302
2017-03-26 04:30:00,0.9988888888888889,0.5691814629443084
2017-03-26 04:45:00,0.9988888888888889,0.562774243877759
2017-03-26 05:00:00,0.9988888888888889,0.5512551952617228
2017-03-26 05:15:00,0.9988888888888889,0.542041367470297
2017-03-26 05:30:00,0.9988888888888889,0.5354471940986271
2017-03-26 05:45:00,0.9988888888888889,0.5277061648597726
2017-03-26 06:00:00,0.9988888888888889,0.5171024798595227
2017-03-26 06:15:00,0.9988888888888889,0.486180179198562
2017-03-26 06:30:00,0.9988888888888889,0.46164505304889214
2017-03-26 06:45:00,0.9988888888888889,0.4389897406973244
2017-03-26 07:00:00,0.9988888888888889,0.41765239489127115
2017-03-26 07:15:00,0.9988888888888889,0.37591235270095724
2017-03-26 07:30:00,0.9988888888888889,0.3073718108871009
2017-03-26 07:45:00,0.9988888888888889,0.3007887594646561
2017-03-26 08:00:00,0.9988888888888889,0.2777026255486292
2017-03-26 08:15:00,0.9988888888888889,0.2398437111178523
2017-03-26 08:30:00,0.041,0.2146767934479184
2017-03-26 08:45:00,0.041,0.21276491536330172
2017-03-26 09:00:00,0.041,0.21367844530568866
2017-03-26 09:15:00,0.041,0.2108314872271875
2017-03-26 09:30:00,0.041,0.21416110921176237
2017-03-26 09:45:00,0.041,0.21156811853939658
2017-03-26 10:00:00,0.041,0.20775761618489205
2017-03-26 10:15:00,0.041,0.20563396414303406
2017-03-26 10:30:00,0.041,0.20638183310602723
2017-03-26 10:45:00,0.041,0.19887796129955748
2017-03-26 11:00:00,0.041,0.20182027226271823
2017-03-26 11:15:00,0.041,0.20233862374366893
2017-03-26 11:30:00,0.041,0.20336921617741352
2017-03-26 11:45:00,0.041,0.20489865843326585
2017-03-26 12:00:00,0.041,0.21282592664411126
2017-03-26 12:15:00,0.041,0.21535118895719166
2017-03-26 12:30:00,0.041,0.21732878421333057
2017-03-26 12:45:00,0.041,0.2187211107311915
2017-03-26 13:00:00,0.041,0.21525371228955914
2017-03-26 13:15:00,0.041,0.2179549989959807
2017-03-26 13:30:00,0.041,0.22203253421655078
2017-03-26 13:45:00,0.041,0.22235257794300184
2017-03-26 14:00:00,0.041,0.22357801475490813
2017-03-26 14:15:00,0.041,0.22498104647022776
2017-03-26 14:30:00,0.041,0.22562487726139963
2017-03-26 14:45:00,0.041,0.222972180918476
2017-03-26 15:00:00,0.041,0.22185282103596005
2017-03-26 15:15:00,0.041,0.2218982020056524
2017-03-26 15:30:00,0.041,0.22214146178341257
2017-03-26 15:45:00,0.9988888888888889,0.2498537480657979
2017-03-26 16:00:00,0.9988888888888889,0.291144605749362
2017-03-26 16:15:00,0.9988888888888889,0.31290639697945816
2017-03-26 16:30:00,0.9988888888888889,0.3411283786601514
2017-03-26 16:45:00,0.9988888888888889,0.37034889974909746
2017-03-26 17:00:00,0.9988888888888889,0.40810332710646985
2017-03-26 17:15:00,0.9988888888888889,0.43166220636067143
2017-03-26 17:30:00,0.9988888888888889,0.45641376676219714
2017-03-26 17:45:00,0.9988888888888889,0.46968421492547135
2017-03-26 18:00:00,0.9988888888888889,0.4800504090512085
2017-03-26 18:15:00,0.9988888888888889,0.4989080118221672
2017-03-26 18:30:00,0.9988888888888889,0.5122923093671746
2017-03-26 18:45:00,0.9988888888888889,0.4987958395813687
2017-03-26 19:00:00,0.9988888888888889,0.486345423982393
2017-03-26 19:15:00,0.9988888888888889,0.49093582241783623
2017-03-26 19:30:00,0.9988888888888889,0.49458361890466984
2017-03-26 19:45:00,0.9988888888888889,0.5111810868712048
2017-03-26 20:00:00,0.9988888888888889,0.5108259626130758
2017-03-26 20:15:00,0.9988888888888889,0.5164165904618677
2017-03-26 20:30:00,0.9988888888888889,0.5245566682917703
2017-03-26 20:45:00,0.9988888888888889,0.5142464943681464
2017-03-26 21:00:00,0.9988888888888889,0.5101110947337515
2017-03-26 21:15:00,0.9988888888888889,0.5115178919531228
2017-03-26 21:30:00,0.9988888888888889,0.5286069146254126
2017-03-26 21:45:00,0.9988888888888889,0.5330108230326891
2017-03-26 22:00:00,0.9988888888888889,0.5308702542347087
2017-03-26 22:15:00,0.9988888888888889,0.5305048434527079
2017-03-26 22:30:00,0.9988888888888889,0.5237814031552522
2017-03-26 22:45:00,0.9988888888888889,0.5153067107916892
2017-03-26 23:00:00,0.9988888888888889,0.5143572021009609
2017-03-26 23:15:00,0.9988888888888889,0.4987505414769815
2017-03-26 23:30:00,0.9988888888888889,0.49091876962278164
2017-03-26 23:45:00,0.9988888888888889,0.4966491026405324
2017-03-27 00:00:00,0.9988888888888889,0.5124706603813302
2017-03-27 00:15:00,0.9988888888888889,0.5061473068808078
2017-03-27 00:30:00,0.9988888888888889,0.5156541535210383
2017-03-27 00:45:00,0.9988888888888889,0.5246801685956484
2017-03-27 01:00:00,0.9988888888888889,0.5199584592966869
2017-03-27 01:15:00,0.9988888888888889,0.5292403107726912
2017-03-27 01:30:00,0.9988888888888889,0.5275387517250572
2017-03-27 01:45:00,0.9988888888888889,0.5235752838851939
2017-03-27 02:00:00,0.9988888888888889,0.5198300026116178
2017-03-27 02:15:00,0.9988888888888889,0.5213865837696431
2017-03-27 02:30:00,0.9988888888888889,0.5023067588804099
2017-03-27 02:45:00,0.9988888888888889,0.5044177393763005
2017-03-27 03:00:00,0.9988888888888889,0.5102012406691074
2017-03-27 03:15:00,0.9988888888888889,0.5159370467744719
2017-03-27 03:30:00,0.9988888888888889,0.5210795239837278
2017-03-27 03:45:00,0.9988888888888889,0.5269824792733834
2017-03-27 04:00:00,0.9988888888888889,0.537068606225722
2017-03-27 04:15:00,0.9988888888888889,0.5267393865324175
2017-03-27 04:30:00,0.3449709864603482,0.5216794112019929
2017-03-27 04:45:00,0.3449709864603482,0.5170023413406962
2017-03-27 05:00:00,0.4536363636363636,0.5096599319504043
2017-03-27 05:15:00,0.34655705996131525,0.5014062154012155
2017-03-27 05:30:00,0.34655705996131525,0.4821892510077579
2017-03-27 05:45:00,0.34655705996131525,0.47117569162954187
2017-03-27 06:00:00,0.34655705996131525,0.4607249553963338
2017-03-27 06:15:00,0.34655705996131525,0.45860220907937244
2017-03-27 06:30:00,0.34655705996131525,0.4546826039860375
2017-03-27 06:45:00,0.34655705996131525,0.4497332372739832
2017-03-27 07:00:00,0.4536363636363636,0.44941095761270977
2017-03-27 07:15:00,0.4536363636363636,0.45145221831333415
2017-03-27 07:30:00,0.34655705996131525,0.4337854087690535
2017-03-27 07:45:00,0.34655705996131525,0.39828900021560665
2017-03-27 08:00:00,0.34655705996131525,0.3557345764862097
2017-03-27 08:15:00,0.343384912959381,0.354775373168625
2017-03-27 08:30:00,0.9988888888888889,0.33595704654213404
2017-03-27 08:45:00,0.9988888888888889,0.31810967721001215
2017-03-27 09:00:00,0.9988888888888889,0.2980964921073916
2017-03-27 09:15:00,0.9988888888888889,0.28996013984315666
2017-03-27 09:30:00,0.9988888888888889,0.28357486996015874
2017-03-27 09:45:00,0.9988888888888889,0.27779779478291444
2017-03-27 10:00:00,0.9988888888888889,0.26676979320941374
2017-03-27 10:15:00,0.9988888888888889,0.23712207491140913
2017-03-27 10:30:00,0.9988888888888889,0.20928038302777846
2017-03-27 10:45:00,0.9988888888888889,0.18088787017024904
2017-03-27 11:00:00,0.041,0.16431863490565524
2017-03-27 11:15:00,0.9988888888888889,0.16629696661196167
2017-03-27 11:30:00,0.9988888888888889,0.16794142934205744
2017-03-27 11:45:00,0.9988888888888889,0.16821653924063257
2017-03-27 12:00:00,0.9988888888888889,0.16751110810291328
2017-03-27 12:15:00,0.9988888888888889,0.16816556802407945
2017-03-27 12:30:00,0.9988888888888889,0.17087388733542322
2017-03-27 12:45:00,0.9988888888888889,0.17253606937896057
2017-03-27 13:00:00,0.9988888888888889,0.1750891328894188
2017-03-27 13:15:00,0.041,0.17054928717649673
2017-03-27 13:30:00,0.041,0.17113004744797813
2017-03-27 13:45:00,0.041,0.1717915664424494
2017-03-27 14:00:00,0.041,0.17243834218424653
2017-03-27 14:15:00,0.041,0.1738792147788447
2017-03-27 14:30:00,0.041,0.1754904691653205
2017-03-27 14:45:00,0.041,0.1768677939775562
2017-03-27 15:00:00,0.9988888888888889,0.20347918485782143
2017-03-27 15:15:00,0.9988888888888889,0.2656883794840207
2017-03-27 15:30:00,0.9988888888888889,0.3367710400146256
2017-03-27 15:45:00,0.9988888888888889,0.4024969552956435
2017-03-27 16:00:00,0.3386266924564797,0.4602308024531912
2017-03-27 16:15:00,0.3386266924564797,0.4652918095109261
2017-03-27 16:30:00,0.3402127659574468,0.46878142207664064
2017-03-27 16:45:00,0.3417988394584139,0.4725908848969635
2017-03-27 17:00:00,0.3497292069632495,0.47486849192586156
2017-03-27 17:15:00,0.3608317214700193,0.48387968025963435
2017-03-27 17:30:00,0.3687620889748549,0.4931062053751416
2017-03-27 17:45:00,0.37352030947775633,0.50702612480118
2017-03-27 18:00:00,0.38303675048355895,0.5167046344360714
2017-03-27 18:15:00,0.38303675048355895,0.5163203335603131
2017-03-27 18:30:00,0.38303675048355895,0.5230791084215074
2017-03-27 18:45:00,0.38303675048355895,0.5176285901439049
2017-03-27 19:00:00,0.38303675048355895,0.5138523194123679
2017-03-27 19:15:00,0.38303675048355895,0.5088349407023748
2017-03-27 19:30:00,0.38303675048355895,0.5038694654579822
2017-03-27 19:45:00,0.38303675048355895,0.5138285838276525
2017-03-27 20:00:00,0.38303675048355895,0.5428921999840103
2017-03-27 20:15:00,0.38303675048355895,0.5416047069877464
2017-03-27 20:30:00,0.38303675048355895,0.5458925019383488
2017-03-27 20:45:00,0.38303675048355895,0.5571566651639528
2017-03-27 21:00:00,0.38303675048355895,0.5635705822064526
2017-03-27 21:15:00,0.3814506769825919,0.5682485144763865
2017-03-27 21:30:00,0.3814506769825919,0.565866092895167
2017-03-27 21:45:00,0.3814506769825919,0.5667254456605162
2017-03-27 22:00:00,0.3814506769825919,0.5740642392375925
2017-03-27 22:15:00,0.3814506769825919,0.5820163317034279
2017-03-27 22:30:00,0.3814506769825919,0.5868620959434258
2017-03-27 22:45:00,0.3814506769825919,0.5941948683831164
2017-03-27 23:00:00,0.3814506769825919,0.5978748887209504
2017-03-27 23:15:00,0.3814506769825919,0.5962693385526878
2017-03-27 23:30:00,0.3814506769825919,0.5980211254173139
2017-03-27 23:45:00,0.3814506769825919,0.5949314002799876
2017-03-28 00:00:00,0.3893810444874275,0.5949299081990448
2017-03-28 00:15:00,0.3893810444874275,0.5986146851581085
2017-03-28 00:30:00,0.3893810444874275,0.6011384366274967
2017-03-28 00:45:00,0.3893810444874275,0.6049688131836346
2017-03-28 01:00:00,0.3893810444874275,0.6155445916797933
2017-03-28 01:15:00,0.3893810444874275,0.6131851946523805
2017-03-28 01:30:00,0.3893810444874275,0.6131214193157661
2017-03-28 01:45:00,0.3893810444874275,0.6120797777232502
2017-03-28 02:00:00,0.3893810444874275,0.608094592233353
2017-03-28 02:15:00,0.3893810444874275,0.6104988834003076
2017-03-28 02:30:00,0.3893810444874275,0.6103251468702757
2017-03-28 02:45:00,0.3893810444874275,0.6125621914460061
2017-03-28 03:00:00,0.3893810444874275,0.6121689030760902
2017-03-28 03:15:00,0.3893810444874275,0.6097097287163555
2017-03-28 03:30:00,0.3893810444874275,0.6068258872453494
2017-03-28 03:45:00,0.3893810444874275,0.6049544553188847
2017-03-28 04:00:00,0.3893810444874275,0.5981061490234602
2017-03-28 04:15:00,0.3893810444874275,0.5928116930069675
2017-03-28 04:30:00,0.3893810444874275,0.5852949112866421
2017-03-28 04:45:00,0.3893810444874275,0.5776538000431338
2017-03-28 05:00:00,0.3893810444874275,0.5661427921437207
2017-03-28 05:15:00,0.3893810444874275,0.5559982590752532
2017-03-28 05:30:00,0.3893810444874275,0.5488079572317247
2017-03-28 05:45:00,0.3893810444874275,0.5439544584684091
2017-03-28 06:00:00,0.3893810444874275,0.5357534679802164
2017-03-28 06:15:00,0.3893810444874275,0.5303129837925292
2017-03-28 06:30:00,0.3893810444874275,0.522793700669799
2017-03-28 06:45:00,0.3877949709864604,0.5157542376388291
2017-03-28 07:00:00,0.38620889748549325,0.5079028440144888
2017-03-28 07:15:00,0.3766924564796905,0.5036947361108889
2017-03-28 07:30:00,0.37352030947775633,0.4945977588289576
2017-03-28 07:45:00,0.37352030947775633,0.482453069809339
2017-03-28 08:00:00,0.36717601547388784,0.47690499746587267
2017-03-28 08:15:00,0.3608317214700193,0.4662656593217347
2017-03-28 08:30:00,0.35290135396518374,0.45794426746005856
2017-03-28 08:45:00,0.3513152804642166,0.4465010643836565
2017-03-28 09:00:00,0.343384912959381,0.43749102785354455
2017-03-28 09:15:00,0.3402127659574468,0.43711613667066485
2017-03-28 09:30:00,0.3402127659574468,0.4319473405811822
2017-03-28 09:45:00,0.3402127659574468,0.4266160162146498
2017-03-28 10:00:00,0.3386266924564797,0.42378903170282795
2017-03-28 10:15:00,0.33545454545454545,0.41955564882847984
2017-03-28 10:30:00,0.9988888888888889,0.41092095496736636
2017-03-28 10:45:00,0.9988888888888889,0.3970406001505761
2017-03-28 11:00:00,0.9988888888888889,0.37749188651718735
2017-03-28 11:15:00,0.9988888888888889,0.35529116511554243
2017-03-28 11:30:00,0.9988888888888889,0.3490692060548937
2017-03-28 11:45:00,0.9988888888888889,0.3416171006789968
2017-03-28 12:00:00,0.9988888888888889,0.3363593517492059
2017-03-28 12:15:00,0.9988888888888889,0.32907090631813085
2017-03-28 12:30:00,0.9988888888888889,0.3263124095858552
2017-03-28 12:45:00,0.9988888888888889,0.3243638684691826
2017-03-28 13:00:00,0.9988888888888889,0.3265754498901704
2017-03-28 13:15:00,0.9988888888888889,0.3393164110244949
2017-03-28 13:30:00,0.9988888888888889,0.3449656358203822
2017-03-28 13:45:00,0.9988888888888889,0.3424349260801065
2017-03-28 14:00:00,0.9988888888888889,0.333380471931976
2017-03-28 14:15:00,0.9988888888888889,0.32842623771208623
2017-03-28 14:30:00,0.9988888888888889,0.3288992473173799
2017-03-28 14:45:00,0.9988888888888889,0.33064353303329763
2017-03-28 15:00:00,0.9988888888888889,0.3401034508728812
2017-03-28 15:15:00,0.9988888888888889,0.3510757201268266
2017-03-28 15:30:00,0.9988888888888889,0.3584184677762918
2017-03-28 15:45:00,0.9988888888888889,0.3651279392101889
2017-03-28 16:00:00,0.9988888888888889,0.3766762033730579
2017-03-28 16:15:00,0.9988888888888889,0.4091105771062014
2017-03-28 16:30:00,0.9988888888888889,0.4351930398132946
2017-03-28 16:45:00,0.9988888888888889,0.447279234385321
2017-03-28 17:00:00,0.343384912959381,0.46645559965688305
2017-03-28 17:15:00,0.3497292069632495,0.4762073380630129
2017-03-28 17:30:00,0.4536363636363636,0.48430076189944676
2017-03-28 17:45:00,0.4536363636363636,0.49384701359287014
2017-03-28 18:00:00,0.36558994197292066,0.48536856073843754
2017-03-28 18:15:00,0.36558994197292066,0.4747131407537039
2017-03-28 18:30:00,0.36558994197292066,0.47224185583141864
2017-03-28 18:45:00,0.36558994197292066,0.470804672401762
2017-03-28 19:00:00,0.4536363636363636,0.5111798544814521
2017-03-28 19:15:00,0.36558994197292066,0.47695115596641313
2017-03-28 19:30:00,0.36558994197292066,0.4938815055810941
2017-03-28 19:45:00,0.36558994197292066,0.5104704020948144
2017-03-28 20:00:00,0.36558994197292066,0.5145746445660265
2017-03-28 20:15:00,0.36558994197292066,0.5172428544028834
2017-03-28 20:30:00,0.36558994197292066,0.5191851125295615
2017-03-28 20:45:00,0.35290135396518374,0.5264156100255583
2017-03-28 21:00:00,0.35290135396518374,0.5336355456555746
2017-03-28 21:15:00,0.35290135396518374,0.5326242580234852
2017-03-28 21:30:00,0.35290135396518374,0.5362022545154493
2017-03-28 21:45:00,0.3497292069632495,0.5474736531171573
2017-03-28 22:00:00,0.3481431334622824,0.5555537008113923
2017-03-28 22:15:00,0.3481431334622824,0.5528727960283671
2017-03-28 22:30:00,0.34655705996131525,0.5528991503469193
2017-03-28 22:45:00,0.3417988394584139,0.5548483765948037
2017-03-28 23:00:00,0.33545454545454545,0.5837992248655052
2017-03-28 23:15:00,0.33545454545454545,0.5801069176587421
2017-03-28 23:30:00,0.33545454545454545,0.5824302980131905
2017-03-28 23:45:00,0.33545454545454545,0.583029496672071
2017-03-29 00:00:00,0.343384912959381,0.5738046234384041
2017-03-29 00:15:00,0.343384912959381,0.5782928611992971
2017-03-29 00:30:00,0.343384912959381,0.5849721697550305
2017-03-29 00:45:00,0.343384912959381,0.5849570497954951
2017-03-29 01:00:00,0.343384912959381,0.585612576435973
2017-03-29 01:15:00,0.343384912959381,0.5884229907301207
2017-03-29 01:30:00,0.343384912959381,0.5917050772985223
2017-03-29 01:45:00,0.343384912959381,0.5866752399208555
2017-03-29 02:00:00,0.343384912959381,0.5852904570162877
2017-03-29 02:15:00,0.343384912959381,0.5823917302248312
2017-03-29 02:30:00,0.343384912959381,0.5814091353915645
2017-03-29 02:45:00,0.343384912959381,0.5809846256967468
2017-03-29 03:00:00,0.343384912959381,0.5793021562246305
2017-03-29 03:15:00,0.343384912959381,0.5744391162877771
2017-03-29 03:30:00,0.343384912959381,0.5679813957765592
2017-03-29 03:45:00,0.343384912959381,0.5630744840816492
2017-03-29 04:00:00,0.3449709864603482,0.5558683459325249
2017-03-29 04:15:00,0.34655705996131525,0.5591943345254479
2017-03-29 04:30:00,0.3513152804642166,0.5600920445842971
2017-03-29 04:45:00,0.4536363636363636,0.559112777926025
2017-03-29 05:00:00,0.4536363636363636,0.5527688575206217
2017-03-29 05:15:00,0.37352030947775633,0.5306653204196655
2017-03-29 05:30:00,0.37352030947775633,0.5167919113451489
2017-03-29 05:45:00,0.37352030947775633,0.5078027834900277
2017-03-29 06:00:00,0.37352030947775633,0.49710761888479316
2017-03-29 06:15:00,0.37352030947775633,0.49361486666636295
2017-03-29 06:30:00,0.4536363636363636,0.5084107859128166
2017-03-29 06:45:00,0.37352030947775633,0.48260989755179057
2017-03-29 07:00:00,0.37352030947775633,0.48247647087927337
2017-03-29 07:15:00,0.37352030947775633,0.4715221943187261
2017-03-29 07:30:00,0.37352030947775633,0.46728726448843744
2017-03-29 07:45:00,0.37352030947775633,0.4598713722439986
2017-03-29 08:00:00,0.37352030947775633,0.45071383348537697
2017-03-29 08:15:00,0.3481431334622824,0.4395325759694741
2017-03-29 08:30:00,0.3417988394584139,0.4281634726192282
2017-03-29 08:45:00,0.9988888888888889,0.4169850120879977
2017-03-29 09:00:00,0.9988888888888889,0.37640553643146074
2017-03-29 09:15:00,0.9988888888888889,0.3566125224195961
2017-03-29 09:30:00,0.9988888888888889,0.3385084256883636
2017-03-29 09:45:00,0.9988888888888889,0.33385669431393933
2017-03-29 10:00:00,0.9988888888888889,0.327696460112978
2017-03-29 10:15:00,0.9988888888888889,0.32551804279274243
2017-03-29 10:30:00,0.9988888888888889,0.3255421404292745
2017-03-29 10:45:00,0.9988888888888889,0.3271896210555099
2017-03-29 11:00:00,0.9988888888888889,0.320808522741643
2017-03-29 11:15:00,0.9988888888888889,0.324361009926209
2017-03-29 11:30:00,0.9988888888888889,0.3215906810087772
2017-03-29 11:45:00,0.9988888888888889,0.31019097378814187
2017-03-29 12:00:00,0.9988888888888889,0.31180041300865496
2017-03-29 12:15:00,0.9988888888888889,0.3216972167486642
2017-03-29 12:30:00,0.9988888888888889,0.32648885498966074
2017-03-29 12:45:00,0.9988888888888889,0.3352248250390889
2017-03-29 13:00:00,0.9988888888888889,0.3354545009736986
2017-03-29 13:15:00,0.9988888888888889,0.3359282034184378
2017-03-29 13:30:00,0.9988888888888889,0.3382876378880371
2017-03-29 13:45:00,0.9988888888888889,0.3466286578539793
2017-03-29 14:00:00,0.9988888888888889,0.3602573644868466
2017-03-29 14:15:00,0.9988888888888889,0.3573558487354271
2017-03-29 14:30:00,0.9988888888888889,0.35291263725236505
2017-03-29 14:45:00,0.9988888888888889,0.343649600458701
2017-03-29 15:00:00,0.9988888888888889,0.33899665377017574
2017-03-29 15:15:00,0.9988888888888889,0.34735783170124523
2017-03-29 15:30:00,0.9988888888888889,0.35898904348346955
2017-03-29 15:45:00,0.9988888888888889,0.3779238049357745
2017-03-29 16:00:00,0.9988888888888889,0.4029888035313004
2017-03-29 16:15:00,0.9988888888888889,0.4306778025084189
2017-03-29 16:30:00,0.33704061895551257,0.4523882373347344
2017-03-29 16:45:00,0.3449709864603482,0.4623568725235911
2017-03-29 17:00:00,0.35448742746615086,0.4752534135195267
2017-03-29 17:15:00,0.3576595744680851,0.4792969152116859
2017-03-29 17:30:00,0.36717601547388784,0.48033352406602375
2017-03-29 17:45:00,0.3687620889748549,0.4832406575777495
2017-03-29 18:00:00,0.3687620889748549,0.48095285985891134
2017-03-29 18:15:00,0.3687620889748549,0.48236502106825024
2017-03-29 18:30:00,0.3687620889748549,0.48717069142142577
2017-03-29 18:45:00,0.3687620889748549,0.4705920110992318
2017-03-29 19:00:00,0.3687620889748549,0.46463127639087504
2017-03-29 19:15:00,0.3687620889748549,0.47336543145123605
2017-03-29 19:30:00,0.3687620889748549,0.49047372751641205
2017-03-29 19:45:00,0.3687620889748549,0.4989028273565629
2017-03-29 20:00:00,0.4536363636363636,0.5149677383435591
2017-03-29 20:15:00,0.4536363636363636,0.5294832119530962
2017-03-29 20:30:00,0.3687620889748549,0.5309586620964832
2017-03-29 20:45:00,0.35924564796905223,0.5344766455548223
2017-03-29 21:00:00,0.3576595744680851,0.533373407965763
2017-03-29 21:15:00,0.3576595744680851,0.5337249626171502
2017-03-29 21:30:00,0.3576595744680851,0.5299590624514084
2017-03-29 21:45:00,0.35448742746615086,0.5314709656419521
2017-03-29 22:00:00,0.3513152804642166,0.5365368170648176
2017-03-29 22:15:00,0.3513152804642166,0.5441531472115725
2017-03-29 22:30:00,0.3513152804642166,0.5511000156257722
2017-03-29 22:45:00,0.3513152804642166,0.5553501240461535
2017-03-29 23:00:00,0.3513152804642166,0.5621619063897242
2017-03-29 23:15:00,0.3513152804642166,0.5651246558900747
2017-03-29 23:30:00,0.3513152804642166,0.5930278522231459
2017-03-29 23:45:00,0.3513152804642166,0.5922741840152768
2017-03-30 00:00:00,0.35448742746615086,0.5850580166433249
2017-03-30 00:15:00,0.35448742746615086,0.5832436164304772
2017-03-30 00:30:00,0.35448742746615086,0.5877141562404717
2017-03-30 00:45:00,0.35448742746615086,0.593128064915496
2017-03-30 01:00:00,0.35448742746615086,0.6004345138922677
2017-03-30 01:15:00,0.35448742746615086,0.607683877235296
2017-03-30 01:30:00,0.35448742746615086,0.605162918563343
2017-03-30 01:45:00,0.35448742746615086,0.6057135277353487
2017-03-30 02:00:00,0.35448742746615086,0.605580736528952
2017-03-30 02:15:00,0.35448742746615086,0.6024858034029892
2017-03-30 02:30:00,0.35448742746615086,0.597789134962333
2017-03-30 02:45:00,0.35448742746615086,0.5946628964389733
2017-03-30 03:00:00,0.35448742746615086,0.5910393307135509
2017-03-30 03:15:00,0.35448742746615086,0.5875293613116302
2017-03-30 03:30:00,0.35448742746615086,0.5794129742421389
2017-03-30 03:45:00,0.35448742746615086,0.5697235227187969
2017-03-30 04:00:00,0.35448742746615086,0.5680990266181689
2017-03-30 04:15:00,0.35448742746615086,0.5699287599965283
2017-03-30 04:30:00,0.35448742746615086,0.570581865890304
2017-03-30 04:45:00,0.36717601547388784,0.5686509293035953
2017-03-30 05:00:00,0.4536363636363636,0.5658846098213411
2017-03-30 05:15:00,0.4536363636363636,0.5507152542766681
2017-03-30 05:30:00,0.36717601547388784,0.5229623881202481
2017-03-30 05:45:00,0.36717601547388784,0.5131543563600633
2017-03-30 06:00:00,0.36717601547388784,0.5015780327040029
2017-03-30 06:15:00,0.36717601547388784,0.4946355799011678
2017-03-30 06:30:00,0.36717601547388784,0.4912385564356557
2017-03-30 06:45:00,0.36717601547388784,0.48620899318250776
2017-03-30 07:00:00,0.36717601547388784,0.48377870423076064
2017-03-30 07:15:00,0.36717601547388784,0.4823232374980698
2017-03-30 07:30:00,0.36717601547388784,0.4768492740426866
2017-03-30 07:45:00,0.36558994197292066,0.4663470319071516
2017-03-30 08:00:00,0.36558994197292066,0.45626066844391444
2017-03-30 08:15:00,0.343384912959381,0.4433203015279878
2017-03-30 08:30:00,0.9988888888888889,0.42284576889002634
2017-03-30 08:45:00,0.9988888888888889,0.40617007923649995
2017-03-30 09:00:00,0.9988888888888889,0.3763391898165057
2017-03-30 09:15:00,0.9988888888888889,0.3617515430969568
2017-03-30 09:30:00,0.9988888888888889,0.34815491783316554
2017-03-30 09:45:00,0.9988888888888889,0.32066017738929004
2017-03-30 10:00:00,0.9988888888888889,0.32530980583713726
2017-03-30 10:15:00,0.9988888888888889,0.339245671897955
2017-03-30 10:30:00,0.9988888888888889,0.3389935459882238
2017-03-30 10:45:00,0.9988888888888889,0.36602178403923996
2017-03-30 11:00:00,0.9988888888888889,0.3842678409485432
2017-03-30 11:15:00,0.9988888888888889,0.356714310230813
2017-03-30 11:30:00,0.9988888888888889,0.3529323139397648
2017-03-30 11:45:00,0.9988888888888889,0.3306374795156238
2017-03-30 12:00:00,0.9988888888888889,0.31604922236497945
2017-03-30 12:15:00,0.9988888888888889,0.31222433566191593
2017-03-30 12:30:00,0.9988888888888889,0.3276041800627303
2017-03-30 12:45:00,0.9988888888888889,0.3163831311983592
2017-03-30 13:00:00,0.9988888888888889,0.30671253208955895
2017-03-30 13:15:00,0.9988888888888889,0.3094424984382305
2017-03-30 13:30:00,0.9988888888888889,0.30502675707920685
2017-03-30 13:45:00,0.9988888888888889,0.30295102666827756
2017-03-30 14:00:00,0.9988888888888889,0.3079785129660894
2017-03-30 14:15:00,0.9988888888888889,0.31359691041440585
2017-03-30 14:30:00,0.9988888888888889,0.3260837566270764
2017-03-30 14:45:00,0.9988888888888889,0.3314917688474617
2017-03-30 15:00:00,0.9988888888888889,0.31927328065627614
2017-03-30 15:15:00,0.9988888888888889,0.3284967654117885
2017-03-30 15:30:00,0.9988888888888889,0.3708338371862583
2017-03-30 15:45:00,0.9988888888888889,0.4195937794995081
2017-03-30 16:00:00,0.3386266924564797,0.45603228786610805
2017-03-30 16:15:00,0.3449709864603482,0.46239838412526907
2017-03-30 16:30:00,0.3513152804642166,0.4682535389329242
2017-03-30 16:45:00,0.3576595744680851,0.4755428172910231
2017-03-30 17:00:00,0.3576595744680851,0.4869068218088147
2017-03-30 17:15:00,0.35924564796905223,0.48735656151240614
2017-03-30 17:30:00,0.3624177949709865,0.4828697483346278
2017-03-30 17:45:00,0.3624177949709865,0.48850468584288975
2017-03-30 18:00:00,0.3624177949709865,0.4761679356762162
2017-03-30 18:15:00,0.3624177949709865,0.4740877778537908
2017-03-30 18:30:00,0.3624177949709865,0.4683451907302622
2017-03-30 18:45:00,0.3624177949709865,0.4689720476504871
2017-03-30 19:00:00,0.3624177949709865,0.47478946360252544
2017-03-30 19:15:00,0.3624177949709865,0.4907778808436168
2017-03-30 19:30:00,0.3624177949709865,0.5101554487048123
2017-03-30 19:45:00,0.3624177949709865,0.5093493335970097
2017-03-30 20:00:00,0.3624177949709865,0.5132364982259703
2017-03-30 20:15:00,0.3624177949709865,0.510220854960998
2017-03-30 20:30:00,0.3624177949709865,0.5193910363583107
2017-03-30 20:45:00,0.3624177949709865,0.532496546071947
2017-03-30 21:00:00,0.3624177949709865,0.5431317626959731
2017-03-30 21:15:00,0.3608317214700193,0.5475450257406956
2017-03-30 21:30:00,0.35448742746615086,0.5558817487446592
2017-03-30 21:45:00,0.35290135396518374,0.5599058066427283
2017-03-30 22:00:00,0.35290135396518374,0.5590526990970143
2017-03-30 22:15:00,0.3513152804642166,0.5639580414044594
2017-03-30 22:30:00,0.3513152804642166,0.5665650984664716
2017-03-30 22:45:00,0.3513152804642166,0.567894756321174
2017-03-30 23:00:00,0.3513152804642166,0.5890330655129649
2017-03-30 23:15:00,0.3513152804642166,0.58351516778516
2017-03-30 23:30:00,0.3513152804642166,0.5922431100658332
2017-03-30 23:45:00,0.3513152804642166,0.6235622467290537
2017-03-31 00:00:00,0.356073500967118,0.5983493149302634
2017-03-31 00:15:00,0.356073500967118,0.5911097918670568
2017-03-31 00:30:00,0.356073500967118,0.6036100502014407
2017-03-31 00:45:00,0.356073500967118,0.6056887728563902
2017-03-31 01:00:00,0.356073500967118,0.6115861856705881
2017-03-31 01:15:00,0.356073500967118,0.613649114308829
2017-03-31 01:30:00,0.356073500967118,0.6111194922307409
2017-03-31 01:45:00,0.356073500967118,0.6074086975813694
2017-03-31 02:00:00,0.356073500967118,0.6056642438502726
2017-03-31 02:15:00,0.356073500967118,0.6090497338458041
2017-03-31 02:30:00,0.356073500967118,0.6037311209904175
2017-03-31 02:45:00,0.356073500967118,0.5976563553830901
2017-03-31 03:00:00,0.356073500967118,0.5959626827927426
2017-03-31 03:15:00,0.356073500967118,0.5906351823703978
2017-03-31 03:30:00,0.356073500967118,0.5844974374409091
2017-03-31 03:45:00,0.356073500967118,0.5837812738604565
2017-03-31 04:00:00,0.356073500967118,0.5785345323881184
2017-03-31 04:15:00,0.356073500967118,0.5702623756230448
2017-03-31 04:30:00,0.356073500967118,0.5606026815184147
2017-03-31 04:45:00,0.356073500967118,0.5505028697650314
2017-03-31 05:00:00,0.356073500967118,0.5318905897806538
2017-03-31 05:15:00,0.356073500967118,0.5147721998452167
2017-03-31 05:30:00,0.356073500967118,0.5017227031019776
2017-03-31 05:45:00,0.356073500967118,0.4922359921328427
2017-03-31 06:00:00,0.356073500967118,0.48409771028408194
2017-03-31 06:15:00,0.356073500967118,0.48398518755744324
2017-03-31 06:30:00,0.356073500967118,0.47765160784871435
2017-03-31 06:45:00,0.356073500967118,0.4722303305762594
2017-03-31 07:00:00,0.3513152804642166,0.4596572771892446
2017-03-31 07:15:00,0.3481431334622824,0.4521589334588348
2017-03-31 07:30:00,0.3449709864603482,0.4445277888512236
2017-03-31 07:45:00,0.3402127659574468,0.4365904254973347
2017-03-31 08:00:00,0.9988888888888889,0.429919392917978
2017-03-31 08:15:00,0.9988888888888889,0.40739533760591845
2017-03-31 08:30:00,0.9988888888888889,0.3817694162978721
2017-03-31 08:45:00,0.9988888888888889,0.3540169875174157
2017-03-31 09:00:00,0.9988888888888889,0.3051339475673243
2017-03-31 09:15:00,0.9988888888888889,0.3004146944135749
2017-03-31 09:30:00,0.9988888888888889,0.2808706727646695
2017-03-31 09:45:00,0.9988888888888889,0.2564007705390623
2017-03-31 10:00:00,0.9988888888888889,0.2280386578097243
2017-03-31 10:15:00,0.9988888888888889,0.202839273511933
2017-03-31 10:30:00,0.9988888888888889,0.1769562782880275
2017-03-31 10:45:00,0.9988888888888889,0.17102408734110353
2017-03-31 11:00:00,0.9988888888888889,0.1759229582697877
2017-03-31 11:15:00,0.9988888888888889,0.17636372545035603
2017-03-31 11:30:00,0.9988888888888889,0.17629093247327826
2017-03-31 11:45:00,0.9988888888888889,0.1792050429610872
2017-03-31 12:00:00,0.9988888888888889,0.17784779127795644
2017-03-31 12:15:00,0.9988888888888889,0.17646603018849524
2017-03-31 12:30:00,0.9988888888888889,0.18044506867945992
2017-03-31 12:45:00,0.9988888888888889,0.1795519437161607
2017-03-31 13:00:00,0.9988888888888889,0.18005906086756135
2017-03-31 13:15:00,0.9988888888888889,0.17869665646379318
2017-03-31 13:30:00,0.9988888888888889,0.17932050144205816
2017-03-31 13:45:00,0.9988888888888889,0.1847768160291257
2017-03-31 14:00:00,0.9988888888888889,0.18403675399573455
2017-03-31 14:15:00,0.9988888888888889,0.18482681066274617
2017-03-31 14:30:00,0.9988888888888889,0.18436678823444286
2017-03-31 14:45:00,0.9988888888888889,0.18499537153727116
2017-03-31 15:00:00,0.9988888888888889,0.20309188571277548
2017-03-31 15:15:00,0.9988888888888889,0.23015978472655543
2017-03-31 15:30:00,0.9988888888888889,0.2573067984979087
2017-03-31 15:45:00,0.9988888888888889,0.3097094633937453
2017-03-31 16:00:00,0.9988888888888889,0.34520154971607026
2017-03-31 16:15:00,0.9988888888888889,0.3739217950794686
2017-03-31 16:30:00,0.9988888888888889,0.38926649557011395
2017-03-31 16:45:00,0.9988888888888889,0.42418625834234724
2017-03-31 17:00:00,0.9988888888888889,0.43290882571982364
2017-03-31 17:15:00,0.9988888888888889,0.4633374170106813
2017-03-31 17:30:00,0.33545454545454545,0.4792964595404787
2017-03-31 17:45:00,0.3402127659574468,0.4904423863287742
2017-03-31 18:00:00,0.3402127659574468,0.48918058655172214
2017-03-31 18:15:00,0.3417988394584139,0.48485892908336303
2017-03-31 18:30:00,0.3417988394584139,0.47268327195303733
2017-03-31 18:45:00,0.3417988394584139,0.4752410548973561
2017-03-31 19:00:00,0.3417988394584139,0.4742236068334648
2017-03-31 19:15:00,0.3417988394584139,0.46593665076458696
2017-03-31 19:30:00,0.3417988394584139,0.471894256557257
2017-03-31 19:45:00,0.4536363636363636,0.4894630268775075
2017-03-31 20:00:00,0.3417988394584139,0.4877442664289378
2017-03-31 20:15:00,0.3417988394584139,0.4943969455198721
2017-03-31 20:30:00,0.4536363636363636,0.5102528690004025
2017-03-31 20:45:00,0.3417988394584139,0.5128386706951312
2017-03-31 21:00:00,0.3417988394584139,0.4994274972126699
2017-03-31 21:15:00,0.9988888888888889,0.5125629438035069
2017-03-31 21:30:00,0.9988888888888889,0.5134139034526876
2017-03-31 21:45:00,0.9988888888888889,0.521050724415666
2017-03-31 22:00:00,0.9988888888888889,0.5312984789693688
2017-03-31 22:15:00,0.9988888888888889,0.5203894480905191
2017-03-31 22:30:00,0.9988888888888889,0.5238681876912308
2017-03-31 22:45:00,0.9988888888888889,0.5305859554300721
2017-03-31 23:00:00,0.9988888888888889,0.5249053553320802
2017-03-31 23:15:00,0.9988888888888889,0.5222193708519187
2017-03-31 23:30:00,0.9988888888888889,0.5196308462062595
2017-03-31 23:45:00,0.9988888888888889,0.5257782055168193
2017-04-01 00:00:00,0.9988888888888889,0.5267873796567611
2017-04-01 00:15:00,0.9988888888888889,0.5286169809748638
2017-04-01 00:30:00,0.9988888888888889,0.5277146769472449
2017-04-01 00:45:00,0.9988888888888889,0.5256920260949209
2017-04-01 01:00:00,0.9988888888888889,0.5265652990111547
2017-04-01 01:15:00,0.9988888888888889,0.5350811891569255
2017-04-01 01:30:00,0.9988888888888889,0.538572353836191
2017-04-01 01:45:00,0.9988888888888889,0.5436335982011262
2017-04-01 02:00:00,0.9988888888888889,0.5495836015763295
2017-04-01 02:15:00,0.9988888888888889,0.5541534915457903
2017-04-01 02:30:00,0.9988888888888889,0.563705953409442
2017-04-01 02:45:00,0.9988888888888889,0.5700925497143509
2017-04-01 03:00:00,0.9988888888888889,0.5786713208577582
2017-04-01 03:15:00,0.9988888888888889,0.5719938872124456
2017-04-01 03:30:00,0.9988888888888889,0.5675698924273387
2017-04-01 03:45:00,0.9988888888888889,0.5632671597896486
2017-04-01 04:00:00,0.9988888888888889,0.5609598305163063
2017-04-01 04:15:00,0.9988888888888889,0.5646055297699499
2017-04-01 04:30:00,0.9988888888888889,0.5705909603953253
2017-04-01 04:45:00,0.9988888888888889,0.5761701460186232
2017-04-01 05:00:00,0.9988888888888889,0.5841008087059404
2017-04-01 05:15:00,0.9988888888888889,0.5872742959190618
2017-04-01 05:30:00,0.9988888888888889,0.5912757462929129
2017-04-01 05:45:00,0.9988888888888889,0.593740314342992
2017-04-01 06:00:00,0.9988888888888889,0.5913357170675457
2017-04-01 06:15:00,0.9988888888888889,0.5737500246749142
2017-04-01 06:30:00,0.9988888888888889,0.5506035503083563
2017-04-01 06:45:00,0.9988888888888889,0.5309713848322196
2017-04-01 07:00:00,0.9988888888888889,0.5140934958881428
2017-04-01 07:15:00,0.9988888888888889,0.4894527688579465
2017-04-01 07:30:00,0.9988888888888889,0.457809270932427
2017-04-01 07:45:00,0.9988888888888889,0.4312693662977304
2017-04-01 08:00:00,0.9988888888888889,0.3972691227050927
2017-04-01 08:15:00,0.9988888888888889,0.3758233643997305
2017-04-01 08:30:00,0.9988888888888889,0.3552364467089324
2017-04-01 08:45:00,0.9988888888888889,0.31823202731493805
2017-04-01 09:00:00,0.9988888888888889,0.29883335310164255
2017-04-01 09:15:00,0.9988888888888889,0.2860866708033103
2017-04-01 09:30:00,0.9988888888888889,0.2730397888496942
2017-04-01 09:45:00,0.9988888888888889,0.2516863755542981
2017-04-01 10:00:00,0.9988888888888889,0.24386687013734332
2017-04-01 10:15:00,0.9988888888888889,0.21838640148160024
2017-04-01 10:30:00,0.041,0.20043836536554588
2017-04-01 10:45:00,0.9988888888888889,0.21020139967428633
2017-04-01 11:00:00,0.041,0.20730231513249803
2017-04-01 11:15:00,0.9988888888888889,0.21431870883354592
2017-04-01 11:30:00,0.9988888888888889,0.21754706121188808
2017-04-01 11:45:00,0.041,0.21472331366892164
2017-04-01 12:00:00,0.041,0.21429094075113653
2017-04-01 12:15:00,0.9988888888888889,0.2145266794033596
2017-04-01 12:30:00,0.041,0.21295249305199662
2017-04-01 12:45:00,0.9988888888888889,0.22542275350766602
2017-04-01 13:00:00,0.041,0.2170764033678931
2017-04-01 13:15:00,0.041,0.2165628626292115
2017-04-01 13:30:00,0.9988888888888889,0.22084078932645582
2017-04-01 13:45:00,0.041,0.21909549749465948
2017-04-01 14:00:00,0.041,0.2202730054393332
2017-04-01 14:15:00,0.041,0.2244088343442627
2017-04-01 14:30:00,0.041,0.22643202726000378
2017-04-01 14:45:00,0.041,0.2293736104939089
2017-04-01 15:00:00,0.9988888888888889,0.22707345999499015
2017-04-01 15:15:00,0.9988888888888889,0.260718227156001
2017-04-01 15:30:00,0.9988888888888889,0.27578102325392295
2017-04-01 15:45:00,0.9988888888888889,0.2955262953439606
2017-04-01 16:00:00,0.9988888888888889,0.3118319228743931
2017-04-01 16:15:00,0.9988888888888889,0.3324099540597651
2017-04-01 16:30:00,0.9988888888888889,0.3708008799189987
2017-04-01 16:45:00,0.9988888888888889,0.42009677786801
2017-04-01 17:00:00,0.9988888888888889,0.45783221119190803
2017-04-01 17:15:00,0.9988888888888889,0.49741195232540353
2017-04-01 17:30:00,0.33545454545454545,0.5363075263438547
2017-04-01 17:45:00,0.3417988394584139,0.5485961596343254
2017-04-01 18:00:00,0.3481431334622824,0.561050052302157
2017-04-01 18:15:00,0.3481431334622824,0.5705781714241769
2017-04-01 18:30:00,0.3481431334622824,0.5679822048203647
2017-04-01 18:45:00,0.3481431334622824,0.5673922603279873
2017-04-01 19:00:00,0.3481431334622824,0.5660505288953458
2017-04-01 19:15:00,0.3481431334622824,0.5614215281221132
2017-04-01 19:30:00,0.3481431334622824,0.5655890966613233
2017-04-01 19:45:00,0.3481431334622824,0.5930638997198283
2017-04-01 20:00:00,0.3481431334622824,0.5915810702262866
2017-04-01 20:15:00,0.3481431334622824,0.6031580673390687
2017-04-01 20:30:00,0.3481431334622824,0.5950511130522278
2017-04-01 20:45:00,0.3481431334622824,0.5981213974752472
2017-04-01 21:00:00,0.3481431334622824,0.5951978846431027
2017-04-01 21:15:00,0.3481431334622824,0.6115953842708842
2017-04-01 21:30:00,0.3481431334622824,0.627159097106602
2017-04-01 21:45:00,0.3402127659574468,0.639338045643318
2017-04-01 22:00:00,0.3402127659574468,0.6352471633899175
2017-04-01 22:15:00,0.33545454545454545,0.6462692917757634
2017-04-01 22:30:00,0.33545454545454545,0.6497831204895612
2017-04-01 22:45:00,0.33545454545454545,0.6558603438797068
2017-04-01 23:00:00,0.33545454545454545,0.649981599213666
2017-04-01 23:15:00,0.33545454545454545,0.6539973327566433
2017-04-01 23:30:00,0.9988888888888889,0.6560521160721828
2017-04-01 23:45:00,0.9988888888888889,0.6550887953352124
2017-04-02 00:00:00,0.9988888888888889,0.6513657447460286
2017-04-02 00:15:00,0.9988888888888889,0.6501120330631707
2017-04-02 00:30:00,0.9988888888888889,0.6522468518959847
2017-04-02 00:45:00,0.9988888888888889,0.6526662090743843
2017-04-02 01:00:00,0.9988888888888889,0.6512404892149933
2017-04-02 01:15:00,0.9988888888888889,0.6547206861741807
2017-04-02 01:30:00,0.9988888888888889,0.6596711905426128
2017-04-02 01:45:00,0.9988888888888889,0.6656745918632772
2017-04-02 02:00:00,0.9988888888888889,0.6694796834906697
2017-04-02 02:15:00,0.9988888888888889,0.6643333154246759
2017-04-02 02:30:00,0.9988888888888889,0.6615445986137212
2017-04-02 02:45:00,0.9988888888888889,0.656599647354601
2017-04-02 03:00:00,0.9988888888888889,0.651655018736959
2017-04-02 03:15:00,0.9988888888888889,0.6474098599875308
2017-04-02 03:30:00,0.9988888888888889,0.645932565857696
2017-04-02 03:45:00,0.9988888888888889,0.6453769685664951
2017-04-02 04:00:00,0.9988888888888889,0.6448303797503415
2017-04-02 04:15:00,0.9988888888888889,0.6396024721430618
2017-04-02 04:30:00,0.9988888888888889,0.6345641572095528
2017-04-02 04:45:00,0.9988888888888889,0.6298736006701708
2017-04-02 05:00:00,0.9988888888888889,0.6264555601535042
2017-04-02 05:15:00,0.9988888888888889,0.6199014979299472
2017-04-02 05:30:00,0.9988888888888889,0.612716849304535
2017-04-02 05:45:00,0.9988888888888889,0.6062045814103398
2017-04-02 06:00:00,0.9988888888888889,0.6014480022110457
2017-04-02 06:15:00,0.9988888888888889,0.565369044507332
2017-04-02 06:30:00,0.9988888888888889,0.5361668614958969
2017-04-02 06:45:00,0.9988888888888889,0.5148560077402703
2017-04-02 07:00:00,0.9988888888888889,0.4659917343864144
2017-04-02 07:15:00,0.9988888888888889,0.402902833549948
2017-04-02 07:30:00,0.9988888888888889,0.34471418795931846
2017-04-02 07:45:00,0.9988888888888889,0.28203681046018664
2017-04-02 08:00:00,0.9988888888888889,0.24287421522686742
2017-04-02 08:15:00,0.041,0.2235595012890637
2017-04-02 08:30:00,0.041,0.22174720004897364
2017-04-02 08:45:00,0.041,0.22106347478420532
2017-04-02 09:00:00,0.041,0.2244863327630247
2017-04-02 09:15:00,0.041,0.22725799366316826
2017-04-02 09:30:00,0.041,0.2283666004056864
2017-04-02 09:45:00,0.041,0.2276078708881791
2017-04-02 10:00:00,0.041,0.22397782294869448
2017-04-02 10:15:00,0.041,0.22169198370316515
2017-04-02 10:30:00,0.041,0.22209081286896262
2017-04-02 10:45:00,0.041,0.22183052986392873
2017-04-02 11:00:00,0.041,0.22127697191407955
2017-04-02 11:15:00,0.041,0.21946677574416507
2017-04-02 11:30:00,0.041,0.22020939837161158
2017-04-02 11:45:00,0.041,0.22068546544284953
2017-04-02 12:00:00,0.041,0.22770832856892603
2017-04-02 12:15:00,0.041,0.2261386251723209
2017-04-02 12:30:00,0.041,0.22800559694405653
2017-04-02 12:45:00,0.041,0.22820003373320927
2017-04-02 13:00:00,0.041,0.22988254123726942
2017-04-02 13:15:00,0.041,0.22886011710121273
2017-04-02 13:30:00,0.041,0.22972828555958733
2017-04-02 13:45:00,0.041,0.2325718073419883
2017-04-02 14:00:00,0.041,0.23584401770882252
2017-04-02 14:15:00,0.041,0.23647439694864214
2017-04-02 14:30:00,0.041,0.23914470045055589
2017-04-02 14:45:00,0.041,0.23826957173925084
2017-04-02 15:00:00,0.041,0.2332464928413406
2017-04-02 15:15:00,0.041,0.23669265749819898
2017-04-02 15:30:00,0.041,0.23088946809733585
2017-04-02 15:45:00,0.041,0.22511127776381892
2017-04-02 16:00:00,0.041,0.22486084644002982
2017-04-02 16:15:00,0.041,0.22167051227411394
2017-04-02 16:30:00,0.041,0.21825617593384383
2017-04-02 16:45:00,0.9988888888888889,0.22222873216851408
2017-04-02 17:00:00,0.9988888888888889,0.2871421322313745
2017-04-02 17:15:00,0.9988888888888889,0.3368820261804936
2017-04-02 17:30:00,0.9988888888888889,0.3889444168839802
2017-04-02 17:45:00,0.9988888888888889,0.43507180522569333
2017-04-02 18:00:00,0.9988888888888889,0.47986094857599176
2017-04-02 18:15:00,0.9988888888888889,0.4891278083777222
2017-04-02 18:30:00,0.9988888888888889,0.5014040453042272
2017-04-02 18:45:00,0.9988888888888889,0.5048981727126534
2017-04-02 19:00:00,0.9988888888888889,0.5175948543479766
2017-04-02 19:15:00,0.9988888888888889,0.52395226560484
2017-04-02 19:30:00,0.9988888888888889,0.5360356311502031
2017-04-02 19:45:00,0.9988888888888889,0.5319661314852476
2017-04-02 20:00:00,0.9988888888888889,0.5359249375248872
2017-04-02 20:15:00,0.9988888888888889,0.5115212501692282
2017-04-02 20:30:00,0.9988888888888889,0.48854310682069624
2017-04-02 20:45:00,0.9988888888888889,0.47371856060267464
2017-04-02 21:00:00,0.9988888888888889,0.4723839783235823
2017-04-02 21:15:00,0.9988888888888889,0.46050375579670905
2017-04-02 21:30:00,0.9988888888888889,0.4405504552997811
2017-04-02 21:45:00,0.9988888888888889,0.4296497241346442
2017-04-02 22:00:00,0.9988888888888889,0.4095111308325834
2017-04-02 22:15:00,0.9988888888888889,0.40941422960129226
2017-04-02 22:30:00,0.9988888888888889,0.40537695798926
2017-04-02 22:45:00,0.9988888888888889,0.3947058868046416
2017-04-02 23:00:00,0.9988888888888889,0.38177837827850064
2017-04-02 23:15:00,0.9988888888888889,0.36865597788679366
2017-04-02 23:30:00,0.9988888888888889,0.3600150083354697
2017-04-02 23:45:00,0.9988888888888889,0.34738605744316003
2017-04-03 00:00:00,0.9988888888888889,0.4412915199190825
2017-04-03 00:15:00,0.9988888888888889,0.44382514504442083
2017-04-03 00:30:00,0.9988888888888889,0.44561942991488485
2017-04-03 00:45:00,0.9988888888888889,0.4504643305739757
2017-04-03 01:00:00,0.9988888888888889,0.4560091304035382
2017-04-03 01:15:00,0.9988888888888889,0.4556056448448966
2017-04-03 01:30:00,0.9988888888888889,0.4565419069542531
2017-04-03 01:45:00,0.9988888888888889,0.45406357987574997
2017-04-03 02:00:00,0.9988888888888889,0.44658837155455466
2017-04-03 02:15:00,0.9988888888888889,0.4442270078046248
2017-04-03 02:30:00,0.9988888888888889,0.44164485621242916
2017-04-03 02:45:00,0.9988888888888889,0.43979471026466704
2017-04-03 03:00:00,0.9988888888888889,0.4354525323432571
2017-04-03 03:15:00,0.9988888888888889,0.43057447613783634
2017-04-03 03:30:00,0.9988888888888889,0.43285796221770145
2017-04-03 03:45:00,0.9988888888888889,0.44341203991022765
2017-04-03 04:00:00,0.9988888888888889,0.4617723086984812
2017-04-03 04:15:00,0.9988888888888889,0.48905776661298034
2017-04-03 04:30:00,0.9988888888888889,0.5197409698882898
2017-04-03 04:45:00,0.9988888888888889,0.5471801788632861
2017-04-03 05:00:00,0.9988888888888889,0.5158450275051729
2017-04-03 05:15:00,0.9988888888888889,0.4943051177480956
2017-04-03 05:30:00,0.9988888888888889,0.4800374553647932
2017-04-03 05:45:00,0.9988888888888889,0.4706740393205226
2017-04-03 06:00:00,0.9988888888888889,0.45913751955410825
2017-04-03 06:15:00,0.9988888888888889,0.45038872074981
2017-04-03 06:30:00,0.9988888888888889,0.4453256742747998
2017-04-03 06:45:00,0.9988888888888889,0.43417675670928013
2017-04-03 07:00:00,0.9988888888888889,0.4080250911247611
2017-04-03 07:15:00,0.9988888888888889,0.37354573061330454
2017-04-03 07:30:00,0.9988888888888889,0.32691541632759324
2017-04-03 07:45:00,0.9988888888888889,0.28892287004545797
2017-04-03 08:00:00,0.9988888888888889,0.25055438482385606
2017-04-03 08:15:00,0.9988888888888889,0.21243127155521324
2017-04-03 08:30:00,0.041,0.1696519111884865
2017-04-03 08:45:00,0.041,0.17124928571712372
2017-04-03 09:00:00,0.041,0.16931968118307358
2017-04-03 09:15:00,0.041,0.1724863107326047
2017-04-03 09:30:00,0.041,0.17217615134030673
2017-04-03 09:45:00,0.041,0.1697319288889603
2017-04-03 10:00:00,0.041,0.17091797026102035
2017-04-03 10:15:00,0.041,0.17039371286350222
2017-04-03 10:30:00,0.041,0.1667570104446408
2017-04-03 10:45:00,0.041,0.1652494209476394
2017-04-03 11:00:00,0.041,0.16410345616094713
2017-04-03 11:15:00,0.041,0.16401089313133957
2017-04-03 11:30:00,0.041,0.16428212030196382
2017-04-03 11:45:00,0.041,0.16462384476904593
2017-04-03 12:00:00,0.041,0.16585412511475833
2017-04-03 12:15:00,0.041,0.17192621773837832
2017-04-03 12:30:00,0.041,0.17154217428320337
2017-04-03 12:45:00,0.041,0.17351010581594437
2017-04-03 13:00:00,0.041,0.17553115865928226
2017-04-03 13:15:00,0.041,0.17585429468618716
2017-04-03 13:30:00,0.041,0.17650876309421673
2017-04-03 13:45:00,0.041,0.17510925462865234
2017-04-03 14:00:00,0.041,0.17509013533394904
2017-04-03 14:15:00,0.041,0.1791456508944443
2017-04-03 14:30:00,0.041,0.1789796158427186
2017-04-03 14:45:00,0.041,0.18439857873557858
2017-04-03 15:00:00,0.041,0.18537171805764452
2017-04-03 15:15:00,0.041,0.18364159224895982
2017-04-03 15:30:00,0.041,0.17753109001960812
2017-04-03 15:45:00,0.041,0.17882782656559146
2017-04-03 16:00:00,0.041,0.1825093170521954
2017-04-03 16:15:00,0.9988888888888889,0.2041921836368145
2017-04-03 16:30:00,0.9988888888888889,0.23487705908647638
2017-04-03 16:45:00,0.9988888888888889,0.2776270905405653
2017-04-03 17:00:00,0.9988888888888889,0.29537079198312777
2017-04-03 17:15:00,0.9988888888888889,0.32544663490516523
2017-04-03 17:30:00,0.9988888888888889,0.38363546188433006
2017-04-03 17:45:00,0.9988888888888889,0.43756878529099663
2017-04-03 18:00:00,0.9988888888888889,0.45341966508874554
2017-04-03 18:15:00,0.9988888888888889,0.45910830279290493
2017-04-03 18:30:00,0.9988888888888889,0.46591521363901134
2017-04-03 18:45:00,0.9988888888888889,0.45905924353799765
2017-04-03 19:00:00,0.9988888888888889,0.4517835834018496
2017-04-03 19:15:00,0.9988888888888889,0.4662817623180373
2017-04-03 19:30:00,0.9988888888888889,0.4677940214541754
2017-04-03 19:45:00,0.9988888888888889,0.4768335303106164
2017-04-03 20:00:00,0.9988888888888889,0.4775663962581259
2017-04-03 20:15:00,0.9988888888888889,0.4770788524420333
2017-04-03 20:30:00,0.9988888888888889,0.4817785820453392
2017-04-03 20:45:00,0.9988888888888889,0.4941480446498801
2017-04-03 21:00:00,0.9988888888888889,0.5116856147904865
2017-04-03 21:15:00,0.9988888888888889,0.5120889582940276
2017-04-03 21:30:00,0.9988888888888889,0.5222695547214599
2017-04-03 21:45:00,0.9988888888888889,0.5328314284663231
2017-04-03 22:00:00,0.9988888888888889,0.5462733843135342
2017-04-03 22:15:00,0.9988888888888889,0.5560152651466487
2017-04-03 22:30:00,0.9988888888888889,0.5546862005515413
2017-04-03 22:45:00,0.9988888888888889,0.5552270101423255
2017-04-03 23:00:00,0.9988888888888889,0.5516915664017192
2017-04-03 23:15:00,0.9988888888888889,0.5589362626814953
2017-04-03 23:30:00,0.9988888888888889,0.5674948407966947
2017-04-03 23:45:00,0.9988888888888889,0.5708936984058882
2017-04-04 00:00:00,0.9988888888888889,0.5788200582767961
2017-04-04 00:15:00,0.9988888888888889,0.5765271423974436
2017-04-04 00:30:00,0.9988888888888889,0.5814932200952374
2017-04-04 00:45:00,0.9988888888888889,0.5865012712399588
2017-04-04 01:00:00,0.9988888888888889,0.5972937005082501
2017-04-04 01:15:00,0.9988888888888889,0.6057702758644427
2017-04-04 01:30:00,0.9988888888888889,0.612593211697452
2017-04-04 01:45:00,0.9988888888888889,0.5949149135002926
2017-04-04 02:00:00,0.9988888888888889,0.586662773655419
2017-04-04 02:15:00,0.9988888888888889,0.5838855002667087
2017-04-04 02:30:00,0.9988888888888889,0.58023177754133
2017-04-04 02:45:00,0.9988888888888889,0.5771848837691984
2017-04-04 03:00:00,0.9988888888888889,0.5715719050715777
2017-04-04 03:15:00,0.9988888888888889,0.5714313325212707
2017-04-04 03:30:00,0.9988888888888889,0.5585985941077333
2017-04-04 03:45:00,0.9988888888888889,0.5572827668777773
2017-04-04 04:00:00,0.9988888888888889,0.5507542439052302
2017-04-04 04:15:00,0.9988888888888889,0.549631602992539
2017-04-04 04:30:00,0.3386266924564797,0.5459339566083273
2017-04-04 04:45:00,0.3402127659574468,0.536788945126915
2017-04-04 05:00:00,0.4536363636363636,0.5278364624764933
2017-04-04 05:15:00,0.3402127659574468,0.4942796056747132
2017-04-04 05:30:00,0.3402127659574468,0.4829934596800194
2017-04-04 05:45:00,0.3402127659574468,0.47695582789938284
2017-04-04 06:00:00,0.3402127659574468,0.4619007657569794
2017-04-04 06:15:00,0.3402127659574468,0.45827188351815556
2017-04-04 06:30:00,0.3402127659574468,0.45404031905135533
2017-04-04 06:45:00,0.3402127659574468,0.45823666008804165
2017-04-04 07:00:00,0.3402127659574468,0.4594742521209142
2017-04-04 07:15:00,0.4536363636363636,0.4537768375761893
2017-04-04 07:30:00,0.3402127659574468,0.4383373443192026
2017-04-04 07:45:00,0.9988888888888889,0.4110541706765071
2017-04-04 08:00:00,0.9988888888888889,0.3758854895230957
2017-04-04 08:15:00,0.9988888888888889,0.3379767377611099
2017-04-04 08:30:00,0.9988888888888889,0.3235657967358313
2017-04-04 08:45:00,0.9988888888888889,0.3021287067339516
2017-04-04 09:00:00,0.9988888888888889,0.2647251537183372
2017-04-04 09:15:00,0.9988888888888889,0.24573624155648316
2017-04-04 09:30:00,0.9988888888888889,0.25084649214724647
2017-04-04 09:45:00,0.9988888888888889,0.2484394700324151
2017-04-04 10:00:00,0.9988888888888889,0.24116628223772485
2017-04-04 10:15:00,0.9988888888888889,0.23945163549755577
2017-04-04 10:30:00,0.9988888888888889,0.24009791612867015
2017-04-04 10:45:00,0.9988888888888889,0.23085504904751153
2017-04-04 11:00:00,0.9988888888888889,0.2302395489119529
2017-04-04 11:15:00,0.9988888888888889,0.23764915701204542
2017-04-04 11:30:00,0.9988888888888889,0.2284801907603874
2017-04-04 11:45:00,0.9988888888888889,0.22839702013438037
2017-04-04 12:00:00,0.9988888888888889,0.2285617482263157
2017-04-04 12:15:00,0.9988888888888889,0.22923280578488198
2017-04-04 12:30:00,0.9988888888888889,0.23208852777030162
2017-04-04 12:45:00,0.9988888888888889,0.23530025873588456
2017-04-04 13:00:00,0.9988888888888889,0.23503803762621797
2017-04-04 13:15:00,0.9988888888888889,0.2343100360084927
2017-04-04 13:30:00,0.9988888888888889,0.23671010208253218
2017-04-04 13:45:00,0.9988888888888889,0.23786151014222295
2017-04-04 14:00:00,0.9988888888888889,0.23886288260256178
2017-04-04 14:15:00,0.9988888888888889,0.245347853019447
2017-04-04 14:30:00,0.9988888888888889,0.2608126338824715
2017-04-04 14:45:00,0.9988888888888889,0.28210434509562693
2017-04-04 15:00:00,0.9988888888888889,0.3021253484292784
2017-04-04 15:15:00,0.9988888888888889,0.2935918977962086
2017-04-04 15:30:00,0.9988888888888889,0.2817291015599179
2017-04-04 15:45:00,0.9988888888888889,0.27702960338375876
2017-04-04 16:00:00,0.9988888888888889,0.27836038004094654
2017-04-04 16:15:00,0.9988888888888889,0.30732763433260035
2017-04-04 16:30:00,0.9988888888888889,0.33736332981758815
2017-04-04 16:45:00,0.9988888888888889,0.3649121692175876
2017-04-04 17:00:00,0.9988888888888889,0.3935675816085385
2017-04-04 17:15:00,0.9988888888888889,0.43115219570471036
2017-04-04 17:30:00,0.343384912959381,0.4643760872482716
2017-04-04 17:45:00,0.343384912959381,0.47297709185990533
2017-04-04 18:00:00,0.343384912959381,0.4716680373375487
2017-04-04 18:15:00,0.343384912959381,0.47341762572270546
2017-04-04 18:30:00,0.343384912959381,0.475971375486887
2017-04-04 18:45:00,0.343384912959381,0.4620244614447433
2017-04-04 19:00:00,0.343384912959381,0.4561397645209901
2017-04-04 19:15:00,0.343384912959381,0.455624649569605
2017-04-04 19:30:00,0.4536363636363636,0.47982523017165674
2017-04-04 19:45:00,0.4536363636363636,0.5008938653514998
2017-04-04 20:00:00,0.343384912959381,0.5010483111954064
2017-04-04 20:15:00,0.343384912959381,0.49920153970987263
2017-04-04 20:30:00,0.3417988394584139,0.49374186881815824
2017-04-04 20:45:00,0.9988888888888889,0.4898129929006327
2017-04-04 21:00:00,0.9988888888888889,0.49281280675251204
2017-04-04 21:15:00,0.9988888888888889,0.4838609000347847
2017-04-04 21:30:00,0.9988888888888889,0.4488536179780339
2017-04-04 21:45:00,0.9988888888888889,0.44952473057630965
2017-04-04 22:00:00,0.9988888888888889,0.4468663176234096
2017-04-04 22:15:00,0.9988888888888889,0.43274179064610446
2017-04-04 22:30:00,0.9988888888888889,0.41369501255105456
2017-04-04 22:45:00,0.9988888888888889,0.39125790672387356
2017-04-04 23:00:00,0.9988888888888889,0.36956981697270036
2017-04-04 23:15:00,0.9988888888888889,0.34152666438771423
2017-04-04 23:30:00,0.9988888888888889,0.3196246694456371
2017-04-04 23:45:00,0.9988888888888889,0.33686140653928603
2017-04-05 00:00:00,0.9988888888888889,0.33312747632933515
2017-04-05 00:15:00,0.9988888888888889,0.33171744741596493
2017-04-05 00:30:00,0.9988888888888889,0.34373640607886624
2017-04-05 00:45:00,0.9988888888888889,0.35247960950797
2017-04-05 01:00:00,0.9988888888888889,0.34518659373143523
2017-04-05 01:15:00,0.9988888888888889,0.3591226604598847
2017-04-05 01:30:00,0.9988888888888889,0.37886149477766007
2017-04-05 01:45:00,0.9988888888888889,0.4072579057541084
2017-04-05 02:00:00,0.9988888888888889,0.43070975206695267
2017-04-05 02:15:00,0.9988888888888889,0.42609285162336497
2017-04-05 02:30:00,0.9988888888888889,0.4204272356798171
2017-04-05 02:45:00,0.9988888888888889,0.4142986865227544
2017-04-05 03:00:00,0.9988888888888889,0.412693513762676
2017-04-05 03:15:00,0.9988888888888889,0.4120880301229313
2017-04-05 03:30:00,0.9988888888888889,0.41537080998453935
2017-04-05 03:45:00,0.9988888888888889,0.418792723534108
2017-04-05 04:00:00,0.9988888888888889,0.4279413453735369
2017-04-05 04:15:00,0.9988888888888889,0.4377175311679467
2017-04-05 04:30:00,0.9988888888888889,0.4541903099907196
2017-04-05 04:45:00,0.9988888888888889,0.4726515770955567
2017-04-05 05:00:00,0.9988888888888889,0.49824648780701053
2017-04-05 05:15:00,0.9988888888888889,0.481533908045583
2017-04-05 05:30:00,0.9988888888888889,0.4704850609197167
2017-04-05 05:45:00,0.9988888888888889,0.4635995476047583
2017-04-05 06:00:00,0.9988888888888889,0.453055667980585
2017-04-05 06:15:00,0.9988888888888889,0.44992221452497094
2017-04-05 06:30:00,0.9988888888888889,0.40995679130410384
2017-04-05 06:45:00,0.9988888888888889,0.3664781094281898
2017-04-05 07:00:00,0.9988888888888889,0.31157420707790484
2017-04-05 07:15:00,0.9988888888888889,0.2976530543280508
2017-04-05 07:30:00,0.9988888888888889,0.28312644116496083
2017-04-05 07:45:00,0.9988888888888889,0.2658142313629529
2017-04-05 08:00:00,0.9988888888888889,0.23715228776848468
2017-04-05 08:15:00,0.9988888888888889,0.21728900426556122
2017-04-05 08:30:00,0.9988888888888889,0.20014600446576047
2017-04-05 08:45:00,0.9988888888888889,0.18476322513646704
2017-04-05 09:00:00,0.041,0.17025141909494163
2017-04-05 09:15:00,0.041,0.16998952644923623
2017-04-05 09:30:00,0.041,0.17068453229008793
2017-04-05 09:45:00,0.041,0.1688175892119604
2017-04-05 10:00:00,0.041,0.1645369797575454
2017-04-05 10:15:00,0.041,0.16280834305801384
2017-04-05 10:30:00,0.041,0.1616491293468321
2017-04-05 10:45:00,0.041,0.16135713529632761
2017-04-05 11:00:00,0.041,0.16707275177361508
2017-04-05 11:15:00,0.041,0.1683990655961788
2017-04-05 11:30:00,0.041,0.16892605240532418
2017-04-05 11:45:00,0.041,0.16353669574401786
2017-04-05 12:00:00,0.041,0.1681633251788811
2017-04-05 12:15:00,0.041,0.1691471647750678
2017-04-05 12:30:00,0.041,0.16561324250713072
2017-04-05 12:45:00,0.041,0.16643807128947616
2017-04-05 13:00:00,0.041,0.16945729585156097
2017-04-05 13:15:00,0.041,0.167153928408254
2017-04-05 13:30:00,0.041,0.16567232104192117
2017-04-05 13:45:00,0.041,0.16895117004830518
2017-04-05 14:00:00,0.041,0.16742640386374988
2017-04-05 14:15:00,0.041,0.16875610194808002
2017-04-05 14:30:00,0.041,0.170380324305244
2017-04-05 14:45:00,0.041,0.17025252056683354
2017-04-05 15:00:00,0.041,0.17134401973616753
2017-04-05 15:15:00,0.041,0.17411316017058182
2017-04-05 15:30:00,0.041,0.17548381588994433
2017-04-05 15:45:00,0.041,0.1755065146134887
2017-04-05 16:00:00,0.9988888888888889,0.185412904752388
2017-04-05 16:15:00,0.9988888888888889,0.24789934631801216
2017-04-05 16:30:00,0.9988888888888889,0.2977671458735886
2017-04-05 16:45:00,0.9988888888888889,0.34469295360131735
2017-04-05 17:00:00,0.9988888888888889,0.39192770144561967
2017-04-05 17:15:00,0.9988888888888889,0.42593402700256217
2017-04-05 17:30:00,0.3449709864603482,0.4368061302283211
2017-04-05 17:45:00,0.3449709864603482,0.4312484818527036
2017-04-05 18:00:00,0.3449709864603482,0.43354597952944685
2017-04-05 18:15:00,0.3449709864603482,0.43038140594554397
2017-04-05 18:30:00,0.3449709864603482,0.43270183907436954
2017-04-05 18:45:00,0.3449709864603482,0.43211284989660687
2017-04-05 19:00:00,0.3449709864603482,0.43455664553786705
2017-04-05 19:15:00,0.3449709864603482,0.4392935767926937
2017-04-05 19:30:00,0.4536363636363636,0.4585527118014059
2017-04-05 19:45:00,0.3449709864603482,0.48034193505014905
2017-04-05 20:00:00,0.3449709864603482,0.4824912370408988
2017-04-05 20:15:00,0.3449709864603482,0.47291066110762336
2017-04-05 20:30:00,0.3449709864603482,0.47673605458882934
2017-04-05 20:45:00,0.3449709864603482,0.4812295826421369
2017-04-05 21:00:00,0.3449709864603482,0.4831501462931595
2017-04-05 21:15:00,0.3449709864603482,0.4874057943935864
2017-04-05 21:30:00,0.343384912959381,0.49917201968542935
2017-04-05 21:45:00,0.3386266924564797,0.5127620383811456
2017-04-05 22:00:00,0.33704061895551257,0.5250626176830366
2017-04-05 22:15:00,0.33545454545454545,0.5242977586346729
2017-04-05 22:30:00,0.9988888888888889,0.5180444269199083
2017-04-05 22:45:00,0.9988888888888889,0.5153365209753868
2017-04-05 23:00:00,0.9988888888888889,0.5069627567443415
2017-04-05 23:15:00,0.9988888888888889,0.5069592751933039
2017-04-05 23:30:00,0.9988888888888889,0.5117771873683084
2017-04-05 23:45:00,0.9988888888888889,0.521176351504307
2017-04-06 00:00:00,0.9988888888888889,0.5348440665235501
2017-04-06 00:15:00,0.9988888888888889,0.5432562970711345
2017-04-06 00:30:00,0.9988888888888889,0.5445618560742618
2017-04-06 00:45:00,0.9988888888888889,0.5484923109899191
2017-04-06 01:00:00,0.9988888888888889,0.5461349402678499
2017-04-06 01:15:00,0.9988888888888889,0.5572453291634795
2017-04-06 01:30:00,0.9988888888888889,0.5619163242351181
2017-04-06 01:45:00,0.9988888888888889,0.552373023857057
2017-04-06 02:00:00,0.9988888888888889,0.5625284916556914
2017-04-06 02:15:00,0.9988888888888889,0.5649260866038232
2017-04-06 02:30:00,0.9988888888888889,0.5604530217545729
2017-04-06 02:45:00,0.9988888888888889,0.5588307312510087
2017-04-06 03:00:00,0.9988888888888889,0.5513937327557416
2017-04-06 03:15:00,0.9988888888888889,0.546854342802647
2017-04-06 03:30:00,0.9988888888888889,0.5457529571841372
2017-04-06 03:45:00,0.9988888888888889,0.5459606934338775
2017-04-06 04:00:00,0.9988888888888889,0.5444880717919622
2017-04-06 04:15:00,0.9988888888888889,0.5354026857436452
2017-04-06 04:30:00,0.9988888888888889,0.5279473838052424
2017-04-06 04:45:00,0.9988888888888889,0.5150606659821052
2017-04-06 05:00:00,0.9988888888888889,0.4888990735183519
2017-04-06 05:15:00,0.9988888888888889,0.4736393241347501
2017-04-06 05:30:00,0.9988888888888889,0.4662854623778291
2017-04-06 05:45:00,0.9988888888888889,0.45882700480912136
2017-04-06 06:00:00,0.9988888888888889,0.4494959496777613
2017-04-06 06:15:00,0.9988888888888889,0.4447354938697889
2017-04-06 06:30:00,0.9988888888888889,0.44239799873942104
2017-04-06 06:45:00,0.9988888888888889,0.4293053250617351
2017-04-06 07:00:00,0.9988888888888889,0.4015309582464879
2017-04-06 07:15:00,0.9988888888888889,0.37785329878635315
2017-04-06 07:30:00,0.9988888888888889,0.3579597657952515
2017-04-06 07:45:00,0.9988888888888889,0.3385224374246596
2017-04-06 08:00:00,0.9988888888888889,0.2912744731963748
2017-04-06 08:15:00,0.9988888888888889,0.2820697215603446
2017-04-06 08:30:00,0.9988888888888889,0.2931649942288176
2017-04-06 08:45:00,0.9988888888888889,0.29630291514979384
2017-04-06 09:00:00,0.9988888888888889,0.2965791802442331
2017-04-06 09:15:00,0.9988888888888889,0.28850306137181214
2017-04-06 09:30:00,0.9988888888888889,0.27951014810565394
2017-04-06 09:45:00,0.9988888888888889,0.27023525554711353
2017-04-06 10:00:00,0.9988888888888889,0.26137559922872694
2017-04-06 10:15:00,0.9988888888888889,0.22364944217246333
2017-04-06 10:30:00,0.9988888888888889,0.20260761857702686
2017-04-06 10:45:00,0.9988888888888889,0.1735696485242674
2017-04-06 11:00:00,0.041,0.16882148459976018
2017-04-06 11:15:00,0.041,0.16703761640400885
2017-04-06 11:30:00,0.041,0.1659574424134988
2017-04-06 11:45:00,0.041,0.16618035394030894
2017-04-06 12:00:00,0.041,0.167477142932024
2017-04-06 12:15:00,0.041,0.17320214384263352
2017-04-06 12:30:00,0.041,0.17378981989129613
2017-04-06 12:45:00,0.041,0.16772038587052174
2017-04-06 13:00:00,0.041,0.17431349769780577
2017-04-06 13:15:00,0.041,0.1734279990616233
2017-04-06 13:30:00,0.041,0.17423588619369498
2017-04-06 13:45:00,0.041,0.17088844618541232
2017-04-06 14:00:00,0.041,0.16978310436498717
2017-04-06 14:15:00,0.041,0.1706530348769363
2017-04-06 14:30:00,0.041,0.1761678408226038
2017-04-06 14:45:00,0.041,0.17831269315593998
2017-04-06 15:00:00,0.041,0.17592924413363223
2017-04-06 15:15:00,0.9988888888888889,0.20172450341783627
2017-04-06 15:30:00,0.9988888888888889,0.255252888348047
2017-04-06 15:45:00,0.9988888888888889,0.3060285979431884
2017-04-06 16:00:00,0.9988888888888889,0.35154303639968015
2017-04-06 16:15:00,0.9988888888888889,0.3561548038357671
2017-04-06 16:30:00,0.9988888888888889,0.38967910513839077
2017-04-06 16:45:00,0.9988888888888889,0.4148768040841368
2017-04-06 17:00:00,0.9988888888888889,0.42936346584965646
2017-04-06 17:15:00,0.33704061895551257,0.4416735224955138
2017-04-06 17:30:00,0.3417988394584139,0.4480213988878575
2017-04-06 17:45:00,0.3513152804642166,0.4516368972817353
2017-04-06 18:00:00,0.4536363636363636,0.45947908416228517
2017-04-06 18:15:00,0.35290135396518374,0.46335897151572203
2017-04-06 18:30:00,0.35290135396518374,0.4682314810428638
2017-04-06 18:45:00,0.35290135396518374,0.4676334673921788
2017-04-06 19:00:00,0.35290135396518374,0.46855774850122484
2017-04-06 19:15:00,0.35290135396518374,0.46795071799963
2017-04-06 19:30:00,0.4536363636363636,0.4775870544190041
2017-04-06 19:45:00,0.35290135396518374,0.4713141995570099
2017-04-06 20:00:00,0.35290135396518374,0.4901276577363202
2017-04-06 20:15:00,0.35290135396518374,0.5084598267583789
2017-04-06 20:30:00,0.35290135396518374,0.5083502645757078
2017-04-06 20:45:00,0.35290135396518374,0.5117967506783415
2017-04-06 21:00:00,0.3497292069632495,0.5103195370181819
2017-04-06 21:15:00,0.3449709864603482,0.508388037251634
2017-04-06 21:30:00,0.3386266924564797,0.5095173472111333
2017-04-06 21:45:00,0.9988888888888889,0.5052866992272225
2017-04-06 22:00:00,0.9988888888888889,0.48627167691592904
2017-04-06 22:15:00,0.9988888888888889,0.5039061913600014
2017-04-06 22:30:00,0.9988888888888889,0.5068816284388352
2017-04-06 22:45:00,0.9988888888888889,0.503119219813476
2017-04-06 23:00:00,0.9988888888888889,0.5294474656018335
2017-04-06 23:15:00,0.9988888888888889,0.5260944336903389
2017-04-06 23:30:00,0.9988888888888889,0.5135631407076073
2017-04-06 23:45:00,0.9988888888888889,0.5174779003426858
2017-04-07 00:00:00,0.9988888888888889,0.5301031642875526
2017-04-07 00:15:00,0.9988888888888889,0.5433647543815323
2017-04-07 00:30:00,0.9988888888888889,0.5572400146566887
2017-04-07 00:45:00,0.9988888888888889,0.5625369441260379
2017-04-07 01:00:00,0.9988888888888889,0.5508832770217614
2017-04-07 01:15:00,0.9988888888888889,0.5581352903741195
2017-04-07 01:30:00,0.9988888888888889,0.5512550483935542
2017-04-07 01:45:00,0.9988888888888889,0.5411355022257154
2017-04-07 02:00:00,0.9988888888888889,0.5456665542071523
2017-04-07 02:15:00,0.9988888888888889,0.5395185231287121
2017-04-07 02:30:00,0.9988888888888889,0.5404379965515991
2017-04-07 02:45:00,0.9988888888888889,0.5489613569693907
2017-04-07 03:00:00,0.9988888888888889,0.5597028994947298
2017-04-07 03:15:00,0.9988888888888889,0.5418762555672917
2017-04-07 03:30:00,0.9988888888888889,0.533720968739966
2017-04-07 03:45:00,0.9988888888888889,0.5330946767676682
2017-04-07 04:00:00,0.3402127659574468,0.535015427286595
2017-04-07 04:15:00,0.3402127659574468,0.535648639168822
2017-04-07 04:30:00,0.4536363636363636,0.537011932075205
2017-04-07 04:45:00,0.3402127659574468,0.5265336858151193
2017-04-07 05:00:00,0.3402127659574468,0.5016063538251415
2017-04-07 05:15:00,0.3402127659574468,0.4903579819125393
2017-04-07 05:30:00,0.3402127659574468,0.47776033550670766
2017-04-07 05:45:00,0.3402127659574468,0.4683003182545963
2017-04-07 06:00:00,0.3402127659574468,0.45799750047111887
2017-04-07 06:15:00,0.3402127659574468,0.4510629870529677
2017-04-07 06:30:00,0.4536363636363636,0.4637195287723735
2017-04-07 06:45:00,0.4536363636363636,0.4449293381765462
2017-04-07 07:00:00,0.4536363636363636,0.43403166989607855
2017-04-07 07:15:00,0.33704061895551257,0.4240100398963419
2017-04-07 07:30:00,0.33704061895551257,0.4026168395410208
2017-04-07 07:45:00,0.33545454545454545,0.3874042858113423
2017-04-07 08:00:00,0.33545454545454545,0.3636215630241315
2017-04-07 08:15:00,0.9988888888888889,0.35285049707952604
2017-04-07 08:30:00,0.9988888888888889,0.341542841908942
2017-04-07 08:45:00,0.9988888888888889,0.3324059824504267
2017-04-07 09:00:00,0.9988888888888889,0.3179890615335675
2017-04-07 09:15:00,0.9988888888888889,0.3087509979039321
2017-04-07 09:30:00,0.9988888888888889,0.29665958456478836
2017-04-07 09:45:00,0.9988888888888889,0.30173115014977075
2017-04-07 10:00:00,0.9988888888888889,0.2997883865595745
2017-04-07 10:15:00,0.9988888888888889,0.2742275472201371
2017-04-07 10:30:00,0.9988888888888889,0.2518276626698443
2017-04-07 10:45:00,0.9988888888888889,0.23278001535979675
2017-04-07 11:00:00,0.9988888888888889,0.23602672246829243
2017-04-07 11:15:00,0.9988888888888889,0.2306127040168542
2017-04-07 11:30:00,0.9988888888888889,0.2308427581175198
2017-04-07 11:45:00,0.9988888888888889,0.22942383910767938
2017-04-07 12:00:00,0.9988888888888889,0.2198701667831527
2017-04-07 12:15:00,0.9988888888888889,0.23215428398424
2017-04-07 12:30:00,0.9988888888888889,0.23396959023331576
2017-04-07 12:45:00,0.9988888888888889,0.22846302564508017
2017-04-07 13:00:00,0.9988888888888889,0.24011521561211305
2017-04-07 13:15:00,0.9988888888888889,0.23833241197003557
2017-04-07 13:30:00,0.9988888888888889,0.2470615584791123
2017-04-07 13:45:00,0.9988888888888889,0.26751889203020784
2017-04-07 14:00:00,0.9988888888888889,0.2900527217400843
2017-04-07 14:15:00,0.9988888888888889,0.2980774147953736
2017-04-07 14:30:00,0.9988888888888889,0.2991980142950576
2017-04-07 14:45:00,0.9988888888888889,0.2951229784556261
2017-04-07 15:00:00,0.9988888888888889,0.2796167699071841
2017-04-07 15:15:00,0.9988888888888889,0.34145745288734713
2017-04-07 15:30:00,0.9988888888888889,0.4000442439674926
2017-04-07 15:45:00,0.9988888888888889,0.4470805352045781
2017-04-07 16:00:00,0.3449709864603482,0.4668900168657653
2017-04-07 16:15:00,0.3481431334622824,0.4735661307932663
2017-04-07 16:30:00,0.3513152804642166,0.4797176839876242
2017-04-07 16:45:00,0.356073500967118,0.48575244563630326
2017-04-07 17:00:00,0.3576595744680851,0.4935160784414042
2017-04-07 17:15:00,0.3640038684719536,0.502893049696996
2017-04-07 17:30:00,0.3814506769825919,0.5118623790345271
2017-04-07 17:45:00,0.3814506769825919,0.5231547714260986
2017-04-07 18:00:00,0.3814506769825919,0.5205417052819165
2017-04-07 18:15:00,0.3814506769825919,0.521074043656691
2017-04-07 18:30:00,0.3814506769825919,0.5207957198753947
2017-04-07 18:45:00,0.3814506769825919,0.523882857104512
2017-04-07 19:00:00,0.3814506769825919,0.5240296402234376
2017-04-07 19:15:00,0.3814506769825919,0.5310185539991655
2017-04-07 19:30:00,0.3814506769825919,0.5417745610398735
2017-04-07 19:45:00,0.3814506769825919,0.5459153658879582
2017-04-07 20:00:00,0.3814506769825919,0.5537576949334897
2017-04-07 20:15:00,0.3814506769825919,0.5588991816043604
2017-04-07 20:30:00,0.37986460348162476,0.5638376407165294
2017-04-07 20:45:00,0.37986460348162476,0.570009553638232
2017-04-07 21:00:00,0.37986460348162476,0.5718609780353124
2017-04-07 21:15:00,0.37510638297872334,0.5688559830777108
2017-04-07 21:30:00,0.37193423597678915,0.5686701370389248
2017-04-07 21:45:00,0.36717601547388784,0.5698222717549978
2017-04-07 22:00:00,0.3608317214700193,0.5735901331912797
2017-04-07 22:15:00,0.35924564796905223,0.5769588240687618
2017-04-07 22:30:00,0.356073500967118,0.5802095749397433
2017-04-07 22:45:00,0.35448742746615086,0.5851640419095345
2017-04-07 23:00:00,0.35290135396518374,0.5866665381281407
2017-04-07 23:15:00,0.3513152804642166,0.5912306909941221
2017-04-07 23:30:00,0.3497292069632495,0.5962738913154355
2017-04-07 23:45:00,0.34655705996131525,0.6035144518267969
2017-04-08 00:00:00,0.343384912959381,0.6104942749980286
2017-04-08 00:15:00,0.3402127659574468,0.6087186587741237
2017-04-08 00:30:00,0.33545454545454545,0.6098103611497638
2017-04-08 00:45:00,0.9988888888888889,0.6074121257864328
2017-04-08 01:00:00,0.9988888888888889,0.5985084649743342
2017-04-08 01:15:00,0.9988888888888889,0.6010439705644368
2017-04-08 01:30:00,0.9988888888888889,0.6068018401543611
2017-04-08 01:45:00,0.9988888888888889,0.6065829611232735
2017-04-08 02:00:00,0.9988888888888889,0.6110095608825765
2017-04-08 02:15:00,0.9988888888888889,0.6164266071093399
2017-04-08 02:30:00,0.9988888888888889,0.6252407777936456
2017-04-08 02:45:00,0.9988888888888889,0.626231959529536
2017-04-08 03:00:00,0.9988888888888889,0.6255506189105072
2017-04-08 03:15:00,0.9988888888888889,0.6259150322968524
2017-04-08 03:30:00,0.9988888888888889,0.6214620716086192
2017-04-08 03:45:00,0.9988888888888889,0.617030641520388
2017-04-08 04:00:00,0.9988888888888889,0.6116257370257823
2017-04-08 04:15:00,0.9988888888888889,0.6001595467835029
2017-04-08 04:30:00,0.9988888888888889,0.5913346580532219
2017-04-08 04:45:00,0.9988888888888889,0.5826823022894208
2017-04-08 05:00:00,0.9988888888888889,0.5774784462892509
2017-04-08 05:15:00,0.9988888888888889,0.558137239770643
2017-04-08 05:30:00,0.9988888888888889,0.5376689799328793
2017-04-08 05:45:00,0.9988888888888889,0.5191881154585635
2017-04-08 06:00:00,0.9988888888888889,0.5029578609128318
2017-04-08 06:15:00,0.9988888888888889,0.47367996751518926
2017-04-08 06:30:00,0.9988888888888889,0.4488173805026558
2017-04-08 06:45:00,0.9988888888888889,0.4248405509553095
2017-04-08 07:00:00,0.9988888888888889,0.3940545565371092
2017-04-08 07:15:00,0.9988888888888889,0.38074442898396615
2017-04-08 07:30:00,0.9988888888888889,0.3691343691672206
2017-04-08 07:45:00,0.9988888888888889,0.35138341258872113
2017-04-08 08:00:00,0.9988888888888889,0.3379801307488309
2017-04-08 08:15:00,0.9988888888888889,0.31100889365525014
2017-04-08 08:30:00,0.9988888888888889,0.28078695397477715
2017-04-08 08:45:00,0.9988888888888889,0.23674143052982252
2017-04-08 09:00:00,0.041,0.19565487152036573
2017-04-08 09:15:00,0.041,0.19153487309891878
2017-04-08 09:30:00,0.041,0.19823879682716722
2017-04-08 09:45:00,0.041,0.19669022189334714
2017-04-08 10:00:00,0.041,0.19035773552460725
2017-04-08 10:15:00,0.041,0.1875478609445104
2017-04-08 10:30:00,0.041,0.1875201515895399
2017-04-08 10:45:00,0.041,0.18770077249801823
2017-04-08 11:00:00,0.041,0.18806309178055935
2017-04-08 11:15:00,0.041,0.18755014128505124
2017-04-08 11:30:00,0.041,0.187911473016044
2017-04-08 11:45:00,0.041,0.19419164138628442
2017-04-08 12:00:00,0.041,0.19445775518899522
2017-04-08 12:15:00,0.041,0.19716428043446668
2017-04-08 12:30:00,0.041,0.1990603038966482
2017-04-08 12:45:00,0.041,0.20065611855268495
2017-04-08 13:00:00,0.041,0.1964309919629943
2017-04-08 13:15:00,0.041,0.1978628427139212
2017-04-08 13:30:00,0.041,0.1981631557661189
2017-04-08 13:45:00,0.041,0.20082917072564804
2017-04-08 14:00:00,0.041,0.2009153540571688
2017-04-08 14:15:00,0.041,0.20908001292995929
2017-04-08 14:30:00,0.041,0.21152671827633868
2017-04-08 14:45:00,0.041,0.20611948478482037
2017-04-08 15:00:00,0.041,0.20519266897421348
2017-04-08 15:15:00,0.041,0.20729310665524184
2017-04-08 15:30:00,0.041,0.2074042695066693
2017-04-08 15:45:00,0.9988888888888889,0.2129390046976972
2017-04-08 16:00:00,0.9988888888888889,0.267493756577141
2017-04-08 16:15:00,0.9988888888888889,0.2644229581458532
2017-04-08 16:30:00,0.9988888888888889,0.23311003523146562
2017-04-08 16:45:00,0.9988888888888889,0.2495660733112019
2017-04-08 17:00:00,0.9988888888888889,0.26312648196489197
2017-04-08 17:15:00,0.9988888888888889,0.3146047241638654
2017-04-08 17:30:00,0.9988888888888889,0.3759149937655854
2017-04-08 17:45:00,0.9988888888888889,0.4191284728690677
2017-04-08 18:00:00,0.9988888888888889,0.45377000355640773
2017-04-08 18:15:00,0.9988888888888889,0.463075153151802
2017-04-08 18:30:00,0.9988888888888889,0.4657030374902732
2017-04-08 18:45:00,0.9988888888888889,0.46735753254066853
2017-04-08 19:00:00,0.9988888888888889,0.46053803184503006
2017-04-08 19:15:00,0.9988888888888889,0.4632689162937904
2017-04-08 19:30:00,0.9988888888888889,0.46191015107568023
2017-04-08 19:45:00,0.9988888888888889,0.47526417476463556
2017-04-08 20:00:00,0.9988888888888889,0.4834054346085357
2017-04-08 20:15:00,0.9988888888888889,0.49522185907679056
2017-04-08 20:30:00,0.9988888888888889,0.5234621031091325
2017-04-08 20:45:00,0.9988888888888889,0.5371365955886566
2017-04-08 21:00:00,0.9988888888888889,0.5411687467103857
2017-04-08 21:15:00,0.9988888888888889,0.5356276199591121
2017-04-08 21:30:00,0.9988888888888889,0.531543305691987
2017-04-08 21:45:00,0.9988888888888889,0.518130211661541
2017-04-08 22:00:00,0.9988888888888889,0.4983958708329655
2017-04-08 22:15:00,0.9988888888888889,0.4888586245180562
2017-04-08 22:30:00,0.9988888888888889,0.4803748865698006
2017-04-08 22:45:00,0.9988888888888889,0.47912951700231443
2017-04-08 23:00:00,0.9988888888888889,0.470237417535614
2017-04-08 23:15:00,0.9988888888888889,0.4733075417211647
2017-04-08 23:30:00,0.9988888888888889,0.4819201127715237
2017-04-08 23:45:00,0.9988888888888889,0.4943195829052806
2017-04-09 00:00:00,0.9988888888888889,0.5019407363310183
2017-04-09 00:15:00,0.9988888888888889,0.46560036381401165
2017-04-09 00:30:00,0.9988888888888889,0.43385994741071005
2017-04-09 00:45:00,0.9988888888888889,0.4058009945579059
2017-04-09 01:00:00,0.9988888888888889,0.3741365071596792
2017-04-09 01:15:00,0.9988888888888889,0.37638745768492493
2017-04-09 01:30:00,0.9988888888888889,0.37898594477834624
2017-04-09 01:45:00,0.9988888888888889,0.38320317829485095
2017-04-09 02:00:00,0.9988888888888889,0.38691078484464003
2017-04-09 02:15:00,0.9988888888888889,0.3988616394960551
2017-04-09 02:30:00,0.9988888888888889,0.4109067174419247
2017-04-09 02:45:00,0.9988888888888889,0.42503844217881365
2017-04-09 03:00:00,0.9988888888888889,0.4349409267214021
2017-04-09 03:15:00,0.9988888888888889,0.4292263909650478
2017-04-09 03:30:00,0.9988888888888889,0.43008480754601897
2017-04-09 03:45:00,0.9988888888888889,0.4298643832746778
2017-04-09 04:00:00,0.9988888888888889,0.42864859300966374
2017-04-09 04:15:00,0.9988888888888889,0.4379520942347463
2017-04-09 04:30:00,0.9988888888888889,0.4499169937625186
2017-04-09 04:45:00,0.9988888888888889,0.4632682769210738
2017-04-09 05:00:00,0.9988888888888889,0.4726145692605272
2017-04-09 05:15:00,0.9988888888888889,0.443669595513351
2017-04-09 05:30:00,0.9988888888888889,0.41643622669405445
2017-04-09 05:45:00,0.9988888888888889,0.3945534829715768
2017-04-09 06:00:00,0.9988888888888889,0.3736324287193933
2017-04-09 06:15:00,0.9988888888888889,0.3451181339361327
2017-04-09 06:30:00,0.9988888888888889,0.3179596402975231
2017-04-09 06:45:00,0.9988888888888889,0.29518803468621924
2017-04-09 07:00:00,0.9988888888888889,0.2730793176526028
2017-04-09 07:15:00,0.041,0.2230849524167938
2017-04-09 07:30:00,0.041,0.22561329190558418
2017-04-09 07:45:00,0.041,0.21872197052237868
2017-04-09 08:00:00,0.041,0.21172152768783659
2017-04-09 08:15:00,0.041,0.209892801677209
2017-04-09 08:30:00,0.041,0.2082368086095529
2017-04-09 08:45:00,0.041,0.20560251186069892
2017-04-09 09:00:00,0.041,0.20566130244512323
2017-04-09 09:15:00,0.041,0.20549124582341557
2017-04-09 09:30:00,0.041,0.2143677901666067
2017-04-09 09:45:00,0.041,0.21114716477405468
2017-04-09 10:00:00,0.041,0.20865108012116151
2017-04-09 10:15:00,0.041,0.21153255100182894
2017-04-09 10:30:00,0.041,0.20200154527278769
2017-04-09 10:45:00,0.041,0.20003047502597282
2017-04-09 11:00:00,0.041,0.1998675487063314
2017-04-09 11:15:00,0.041,0.2022992050874087
2017-04-09 11:30:00,0.041,0.20609692682934605
2017-04-09 11:45:00,0.041,0.2138417630546936
2017-04-09 12:00:00,0.041,0.21549471611270682
2017-04-09 12:15:00,0.041,0.21539900577086035
2017-04-09 12:30:00,0.041,0.21742191520776816
2017-04-09 12:45:00,0.041,0.2231749062453399
2017-04-09 13:00:00,0.041,0.2283064272321365
2017-04-09 13:15:00,0.041,0.23222672492209304
2017-04-09 13:30:00,0.041,0.23472185187349615
2017-04-09 13:45:00,0.041,0.23409412997250706
2017-04-09 14:00:00,0.041,0.23334661225380082
2017-04-09 14:15:00,0.041,0.22846311284566
2017-04-09 14:30:00,0.041,0.22699290106182704
2017-04-09 14:45:00,0.041,0.22725537626537096
2017-04-09 15:00:00,0.041,0.23257758311643
2017-04-09 15:15:00,0.041,0.22866377817619957
2017-04-09 15:30:00,0.041,0.22361697604815142
2017-04-09 15:45:00,0.041,0.2187004739493056
2017-04-09 16:00:00,0.041,0.22607552505982767
2017-04-09 16:15:00,0.041,0.2231829664819404
2017-04-09 16:30:00,0.9988888888888889,0.28596059087196385
2017-04-09 16:45:00,0.9988888888888889,0.3423393353914898
2017-04-09 17:00:00,0.9988888888888889,0.39452231157047374
2017-04-09 17:15:00,0.9988888888888889,0.4428857522728999
2017-04-09 17:30:00,0.9988888888888889,0.5003420187187854
2017-04-09 17:45:00,0.33704061895551257,0.5451678054199803
2017-04-09 18:00:00,0.3449709864603482,0.5617442501591893
2017-04-09 18:15:00,0.34655705996131525,0.5655030486200231
2017-04-09 18:30:00,0.3513152804642166,0.5681700524129972
2017-04-09 18:45:00,0.3513152804642166,0.5622857032007869
2017-04-09 19:00:00,0.3513152804642166,0.5475932713069666
2017-04-09 19:15:00,0.3513152804642166,0.5655968770071746
2017-04-09 19:30:00,0.3513152804642166,0.5846955702132041
2017-04-09 19:45:00,0.3513152804642166,0.5976446124530808
2017-04-09 20:00:00,0.3513152804642166,0.6024621028757333
2017-04-09 20:15:00,0.3513152804642166,0.589913936324521
2017-04-09 20:30:00,0.3513152804642166,0.5821653857560665
2017-04-09 20:45:00,0.3513152804642166,0.5750850156237525
2017-04-09 21:00:00,0.3513152804642166,0.5596519340177689
2017-04-09 21:15:00,0.3513152804642166,0.5577259532529151
2017-04-09 21:30:00,0.3513152804642166,0.5776929047847025
2017-04-09 21:45:00,0.3513152804642166,0.5836546598777872
2017-04-09 22:00:00,0.3513152804642166,0.5862498114196841
2017-04-09 22:15:00,0.3513152804642166,0.5889881565254326
2017-04-09 22:30:00,0.3513152804642166,0.5924336141793425
2017-04-09 22:45:00,0.3513152804642166,0.5997931681593497
2017-04-09 23:00:00,0.3513152804642166,0.6205396919587408
2017-04-09 23:15:00,0.3513152804642166,0.612541185060326
2017-04-09 23:30:00,0.3513152804642166,0.6147411562845265
2017-04-09 23:45:00,0.3513152804642166,0.6284448589290916
2017-04-10 00:00:00,0.35924564796905223,0.6153463427925578
2017-04-10 00:15:00,0.35924564796905223,0.618214196364426
2017-04-10 00:30:00,0.35924564796905223,0.6257843604567166
2017-04-10 00:45:00,0.35924564796905223,0.6319375320664657
2017-04-10 01:00:00,0.35924564796905223,0.6377645867522832
2017-04-10 01:15:00,0.35924564796905223,0.6313414067742656
2017-04-10 01:30:00,0.35924564796905223,0.6339265532482727
2017-04-10 01:45:00,0.35924564796905223,0.6287583971746779
2017-04-10 02:00:00,0.35924564796905223,0.6252208935033835
2017-04-10 02:15:00,0.35924564796905223,0.623915169919756
2017-04-10 02:30:00,0.35924564796905223,0.6229728757508175
2017-04-10 02:45:00,0.35924564796905223,0.6203908989916506
2017-04-10 03:00:00,0.35924564796905223,0.6114459929649534
2017-04-10 03:15:00,0.35924564796905223,0.6032834524661174
2017-04-10 03:30:00,0.35924564796905223,0.59915413212151
2017-04-10 03:45:00,0.35924564796905223,0.5935323833312515
2017-04-10 04:00:00,0.35924564796905223,0.5831725556855086
2017-04-10 04:15:00,0.35924564796905223,0.5828533219229918
2017-04-10 04:30:00,0.35924564796905223,0.583554560558579
2017-04-10 04:45:00,0.35924564796905223,0.5739415442869926
2017-04-10 05:00:00,0.35924564796905223,0.5607835767591235
2017-04-10 05:15:00,0.35924564796905223,0.5462019293477952
2017-04-10 05:30:00,0.35924564796905223,0.5406125499492475
2017-04-10 05:45:00,0.35924564796905223,0.5261950558245497
2017-04-10 06:00:00,0.35924564796905223,0.510178911127107
2017-04-10 06:15:00,0.35924564796905223,0.49892339785314377
2017-04-10 06:30:00,0.3513152804642166,0.4965638374956016
2017-04-10 06:45:00,0.34655705996131525,0.484319617284945
2017-04-10 07:00:00,0.3449709864603482,0.4716188425878503
2017-04-10 07:15:00,0.3449709864603482,0.45759064202658106
2017-04-10 07:30:00,0.3449709864603482,0.4445516791000284
2017-04-10 07:45:00,0.3402127659574468,0.4345727888275248
2017-04-10 08:00:00,0.9988888888888889,0.4211719946478958
2017-04-10 08:15:00,0.9988888888888889,0.3956079863229222
2017-04-10 08:30:00,0.9988888888888889,0.3666425248558786
2017-04-10 08:45:00,0.9988888888888889,0.3283583496816365
2017-04-10 09:00:00,0.9988888888888889,0.2935288331038928
2017-04-10 09:15:00,0.9988888888888889,0.2838378487401193
2017-04-10 09:30:00,0.9988888888888889,0.2884448238889443
2017-04-10 09:45:00,0.9988888888888889,0.2762250409100255
2017-04-10 10:00:00,0.9988888888888889,0.2675935283705079
2017-04-10 10:15:00,0.9988888888888889,0.2657421973363026
2017-04-10 10:30:00,0.9988888888888889,0.2657891376856388
2017-04-10 10:45:00,0.9988888888888889,0.26496745912575087
2017-04-10 11:00:00,0.9988888888888889,0.2731741524896379
2017-04-10 11:15:00,0.9988888888888889,0.2783784623466916
2017-04-10 11:30:00,0.9988888888888889,0.2820054979518014
2017-04-10 11:45:00,0.9988888888888889,0.2859367289988469
2017-04-10 12:00:00,0.9988888888888889,0.2891083379244463
2017-04-10 12:15:00,0.9988888888888889,0.2889077128237791
2017-04-10 12:30:00,0.9988888888888889,0.2911510980880268
2017-04-10 12:45:00,0.9988888888888889,0.28646718716432545
2017-04-10 13:00:00,0.9988888888888889,0.2916893354265666
2017-04-10 13:15:00,0.9988888888888889,0.29554881656251664
2017-04-10 13:30:00,0.9988888888888889,0.2949718854830534
2017-04-10 13:45:00,0.9988888888888889,0.2971744671586551
2017-04-10 14:00:00,0.9988888888888889,0.296606805480104
2017-04-10 14:15:00,0.9988888888888889,0.29720604497460046
2017-04-10 14:30:00,0.9988888888888889,0.2948011671115866
2017-04-10 14:45:00,0.9988888888888889,0.29526117395430307
2017-04-10 15:00:00,0.9988888888888889,0.294618240033362
2017-04-10 15:15:00,0.9988888888888889,0.3069956208595983
2017-04-10 15:30:00,0.9988888888888889,0.325209558242921
2017-04-10 15:45:00,0.9988888888888889,0.3485467633686786
2017-04-10 16:00:00,0.9988888888888889,0.36329043028742874
2017-04-10 16:15:00,0.9988888888888889,0.3896508663860068
2017-04-10 16:30:00,0.9988888888888889,0.42719250900949557
2017-04-10 16:45:00,0.33704061895551257,0.4481003949591281
2017-04-10 17:00:00,0.34655705996131525,0.45742245128472275
2017-04-10 17:15:00,0.3513152804642166,0.464998283523941
2017-04-10 17:30:00,0.35448742746615086,0.4733052888018042
2017-04-10 17:45:00,0.35924564796905223,0.4786928273856194
2017-04-10 18:00:00,0.35924564796905223,0.49108224731626665
2017-04-10 18:15:00,0.3608317214700193,0.49502895260305396
2017-04-10 18:30:00,0.3608317214700193,0.4888906955385018
2017-04-10 18:45:00,0.3608317214700193,0.48127784012552716
2017-04-10 19:00:00,0.3608317214700193,0.4861401888603416
2017-04-10 19:15:00,0.3608317214700193,0.49253344349376216
2017-04-10 19:30:00,0.3608317214700193,0.48647278742601674
2017-04-10 19:45:00,0.3608317214700193,0.48884786792239826
2017-04-10 20:00:00,0.3608317214700193,0.502468901129111
2017-04-10 20:15:00,0.3608317214700193,0.5230845804967889
2017-04-10 20:30:00,0.3608317214700193,0.5328426749859365
2017-04-10 20:45:00,0.3608317214700193,0.5481368674458157
2017-04-10 21:00:00,0.3608317214700193,0.5503723367357017
2017-04-10 21:15:00,0.3608317214700193,0.5482858287635703
2017-04-10 21:30:00,0.3608317214700193,0.5512567985689103
2017-04-10 21:45:00,0.3576595744680851,0.5579687477447375
2017-04-10 22:00:00,0.3576595744680851,0.5630308745426136
2017-04-10 22:15:00,0.3576595744680851,0.568808815627217
2017-04-10 22:30:00,0.3576595744680851,0.5683178759766384
2017-04-10 22:45:00,0.3576595744680851,0.5726222785867018
2017-04-10 23:00:00,0.3576595744680851,0.5788547017072007
2017-04-10 23:15:00,0.3576595744680851,0.5824884143104797
2017-04-10 23:30:00,0.3576595744680851,0.5907603283576104
2017-04-10 23:45:00,0.3576595744680851,0.5980508893850995
2017-04-11 00:00:00,0.35924564796905223,0.5977879329744238
2017-04-11 00:15:00,0.35924564796905223,0.5948141146733728
2017-04-11 00:30:00,0.35924564796905223,0.6107752093662476
2017-04-11 00:45:00,0.35924564796905223,0.6035222979878382
2017-04-11 01:00:00,0.35924564796905223,0.6219140852769559
2017-04-11 01:15:00,0.35924564796905223,0.6171631686507061
2017-04-11 01:30:00,0.35924564796905223,0.6110499093345001
2017-04-11 01:45:00,0.35924564796905223,0.6066546224575838
2017-04-11 02:00:00,0.35924564796905223,0.6025552806631203
2017-04-11 02:15:00,0.35924564796905223,0.600864882574278
2017-04-11 02:30:00,0.35924564796905223,0.5998394811300831
2017-04-11 02:45:00,0.35924564796905223,0.5928968621491
2017-04-11 03:00:00,0.35924564796905223,0.6051677531873385
2017-04-11 03:15:00,0.35924564796905223,0.6038302877123831
2017-04-11 03:30:00,0.35924564796905223,0.597435732447058
2017-04-11 03:45:00,0.35924564796905223,0.5930360433248201
2017-04-11 04:00:00,0.35924564796905223,0.5741876804789139
2017-04-11 04:15:00,0.35924564796905223,0.5737138262165296
2017-04-11 04:30:00,0.35924564796905223,0.5738203659124261
2017-04-11 04:45:00,0.35924564796905223,0.5711953973370191
2017-04-11 05:00:00,0.35924564796905223,0.5472580909919262
2017-04-11 05:15:00,0.35924564796905223,0.5345968516050469
2017-04-11 05:30:00,0.35924564796905223,0.5276167132343008
2017-04-11 05:45:00,0.35924564796905223,0.518820654084701
2017-04-11 06:00:00,0.35924564796905223,0.5043762842520054
2017-04-11 06:15:00,0.35924564796905223,0.5012165815284761
2017-04-11 06:30:00,0.35924564796905223,0.5017176664964786
2017-04-11 06:45:00,0.35924564796905223,0.506144582222686
2017-04-11 07:00:00,0.356073500967118,0.5010913641327416
2017-04-11 07:15:00,0.356073500967118,0.4890952349787968
2017-04-11 07:30:00,0.35448742746615086,0.4805528483006826
2017-04-11 07:45:00,0.3481431334622824,0.4752698786474704
2017-04-11 08:00:00,0.34655705996131525,0.466533095028291
2017-04-11 08:15:00,0.343384912959381,0.4559297058854877
2017-04-11 08:30:00,0.3402127659574468,0.4457403186569792
2017-04-11 08:45:00,0.9988888888888889,0.42737235425105974
2017-04-11 09:00:00,0.9988888888888889,0.39195021908038563
2017-04-11 09:15:00,0.9988888888888889,0.3888501441288911
2017-04-11 09:30:00,0.9988888888888889,0.37485263519728296
2017-04-11 09:45:00,0.9988888888888889,0.36725740780009386
2017-04-11 10:00:00,0.9988888888888889,0.36687445537345437
2017-04-11 10:15:00,0.9988888888888889,0.36402532378132
2017-04-11 10:30:00,0.9988888888888889,0.3560163401007286
2017-04-11 10:45:00,0.9988888888888889,0.3601470360631639
2017-04-11 11:00:00,0.9988888888888889,0.35674314306028776
2017-04-11 11:15:00,0.9988888888888889,0.3591200388125993
2017-04-11 11:30:00,0.9988888888888889,0.3566386433580934
2017-04-11 11:45:00,0.9988888888888889,0.36059307750941416
2017-04-11 12:00:00,0.9988888888888889,0.36776733254304445
2017-04-11 12:15:00,0.9988888888888889,0.36831243107003886
2017-04-11 12:30:00,0.9988888888888889,0.37428080283712145
2017-04-11 12:45:00,0.9988888888888889,0.38109274806417803
2017-04-11 13:00:00,0.9988888888888889,0.37441119861319433
2017-04-11 13:15:00,0.9988888888888889,0.3629127360769427
2017-04-11 13:30:00,0.9988888888888889,0.3710769164715619
2017-04-11 13:45:00,0.9988888888888889,0.372050970631002
2017-04-11 14:00:00,0.9988888888888889,0.3674885198780991
2017-04-11 14:15:00,0.9988888888888889,0.3639789245626875
2017-04-11 14:30:00,0.9988888888888889,0.3633325526105285
2017-04-11 14:45:00,0.9988888888888889,0.36607748757440334
2017-04-11 15:00:00,0.9988888888888889,0.37008810041273543
2017-04-11 15:15:00,0.9988888888888889,0.3755291304544555
2017-04-11 15:30:00,0.9988888888888889,0.3804913477632984
2017-04-11 15:45:00,0.9988888888888889,0.40421227749414346
2017-04-11 16:00:00,0.9988888888888889,0.42718007227353605
2017-04-11 16:15:00,0.33545454545454545,0.4482619372675703
2017-04-11 16:30:00,0.343384912959381,0.45401443634372185
2017-04-11 16:45:00,0.343384912959381,0.4636246044489855
2017-04-11 17:00:00,0.34655705996131525,0.4697594191115006
2017-04-11 17:15:00,0.356073500967118,0.47710267187845384
2017-04-11 17:30:00,0.3624177949709865,0.47586067369200286
2017-04-11 17:45:00,0.3640038684719536,0.4755847786701568
2017-04-11 18:00:00,0.3640038684719536,0.49026911334641254
2017-04-11 18:15:00,0.3640038684719536,0.48984334150430947
2017-04-11 18:30:00,0.3640038684719536,0.4954686464944812
2017-04-11 18:45:00,0.3640038684719536,0.5053248519603419
2017-04-11 19:00:00,0.3640038684719536,0.4952085110899462
2017-04-11 19:15:00,0.3640038684719536,0.4905321381073892
2017-04-11 19:30:00,0.3640038684719536,0.496542191556431
2017-04-11 19:45:00,0.3640038684719536,0.4997533935614205
2017-04-11 20:00:00,0.3640038684719536,0.5011314265363335
2017-04-11 20:15:00,0.3640038684719536,0.5347831070673386
2017-04-11 20:30:00,0.3640038684719536,0.5312241365781568
2017-04-11 20:45:00,0.35924564796905223,0.527221752845108
2017-04-11 21:00:00,0.35924564796905223,0.526541837141769
2017-04-11 21:15:00,0.356073500967118,0.527794548457798
2017-04-11 21:30:00,0.34655705996131525,0.5339156658986824
2017-04-11 21:45:00,0.3417988394584139,0.5367153208118497
2017-04-11 22:00:00,0.3417988394584139,0.533845970449582
2017-04-11 22:15:00,0.3386266924564797,0.5335995305077366
2017-04-11 22:30:00,0.9988888888888889,0.5195721584026245
2017-04-11 22:45:00,0.9988888888888889,0.507140920347783
2017-04-11 23:00:00,0.9988888888888889,0.4851849768925062
2017-04-11 23:15:00,0.9988888888888889,0.4889494793015512
2017-04-11 23:30:00,0.9988888888888889,0.5014105049744108
2017-04-11 23:45:00,0.9988888888888889,0.5067609708135012
2017-04-12 00:00:00,0.9988888888888889,0.5091708893111213
2017-04-12 00:15:00,0.9988888888888889,0.4777921718680899
2017-04-12 00:30:00,0.9988888888888889,0.447269197438257
2017-04-12 00:45:00,0.9988888888888889,0.4186871260540224
2017-04-12 01:00:00,0.9988888888888889,0.40318537321894465
2017-04-12 01:15:00,0.9988888888888889,0.403297248681401
2017-04-12 01:30:00,0.9988888888888889,0.40377436348158785
2017-04-12 01:45:00,0.9988888888888889,0.4023754578065682
2017-04-12 02:00:00,0.9988888888888889,0.4015745982748546
2017-04-12 02:15:00,0.9988888888888889,0.3990077722345452
2017-04-12 02:30:00,0.9988888888888889,0.39946236805615915
2017-04-12 02:45:00,0.9988888888888889,0.3970218868801922
2017-04-12 03:00:00,0.9988888888888889,0.3912459756025798
2017-04-12 03:15:00,0.9988888888888889,0.38935663652021923
2017-04-12 03:30:00,0.9988888888888889,0.39166093522097467
2017-04-12 03:45:00,0.9988888888888889,0.4000014155139754
2017-04-12 04:00:00,0.9988888888888889,0.4135307460557258
2017-04-12 04:15:00,0.9988888888888889,0.4316361039199217
2017-04-12 04:30:00,0.9988888888888889,0.45187976605996416
2017-04-12 04:45:00,0.9988888888888889,0.47556097899755073
2017-04-12 05:00:00,0.9988888888888889,0.49821931891066745
2017-04-12 05:15:00,0.9988888888888889,0.4840827577332453
2017-04-12 05:30:00,0.9988888888888889,0.47629330065942194
2017-04-12 05:45:00,0.9988888888888889,0.4658711130769432
2017-04-12 06:00:00,0.9988888888888889,0.4508737201015777
2017-04-12 06:15:00,0.9988888888888889,0.4428386607583643
2017-04-12 06:30:00,0.9988888888888889,0.43853807054718547
2017-04-12 06:45:00,0.9988888888888889,0.43817091657142115
2017-04-12 07:00:00,0.9988888888888889,0.42237203722147315
2017-04-12 07:15:00,0.9988888888888889,0.38446878146674696
2017-04-12 07:30:00,0.9988888888888889,0.3410683644938842
2017-04-12 07:45:00,0.9988888888888889,0.2800079820829718
2017-04-12 08:00:00,0.9988888888888889,0.23685874630264941
2017-04-12 08:15:00,0.9988888888888889,0.22357225572290537
2017-04-12 08:30:00,0.9988888888888889,0.20612069145948053
2017-04-12 08:45:00,0.9988888888888889,0.20696672856460646
2017-04-12 09:00:00,0.9988888888888889,0.20820849132623273
2017-04-12 09:15:00,0.9988888888888889,0.19919832136036272
2017-04-12 09:30:00,0.9988888888888889,0.1968559981533379
2017-04-12 09:45:00,0.9988888888888889,0.19899562348098893
2017-04-12 10:00:00,0.9988888888888889,0.20333329233522246
2017-04-12 10:15:00,0.9988888888888889,0.20201277230934278
2017-04-12 10:30:00,0.9988888888888889,0.20335982902370137
2017-04-12 10:45:00,0.9988888888888889,0.20247680598718656
2017-04-12 11:00:00,0.9988888888888889,0.2084664567065539
2017-04-12 11:15:00,0.9988888888888889,0.21166268271980193
2017-04-12 11:30:00,0.9988888888888889,0.20654551317162662
2017-04-12 11:45:00,0.9988888888888889,0.20886838850046388
2017-04-12 12:00:00,0.9988888888888889,0.20507297820088205
2017-04-12 12:15:00,0.9988888888888889,0.20467850262300402
2017-04-12 12:30:00,0.9988888888888889,0.20388223716634218
2017-04-12 12:45:00,0.9988888888888889,0.20775455559606373
2017-04-12 13:00:00,0.9988888888888889,0.20626532663785352
2017-04-12 13:15:00,0.9988888888888889,0.2209639384992246
2017-04-12 13:30:00,0.9988888888888889,0.24428850640806404
2017-04-12 13:45:00,0.9988888888888889,0.27430492392499595
2017-04-12 14:00:00,0.9988888888888889,0.2979946657681947
2017-04-12 14:15:00,0.9988888888888889,0.32378760012115315
2017-04-12 14:30:00,0.9988888888888889,0.337509362024133
2017-04-12 14:45:00,0.9988888888888889,0.34407194070129754
2017-04-12 15:00:00,0.9988888888888889,0.36411163769225213
2017-04-12 15:15:00,0.9988888888888889,0.3682635618465665
2017-04-12 15:30:00,0.9988888888888889,0.3777821699936849
2017-04-12 15:45:00,0.9988888888888889,0.39302182556331683
2017-04-12 16:00:00,0.9988888888888889,0.3995945579633083
2017-04-12 16:15:00,0.9988888888888889,0.4001679108711736
2017-04-12 16:30:00,0.9988888888888889,0.40252665223923123
2017-04-12 16:45:00,0.9988888888888889,0.40285542342539066
2017-04-12 17:00:00,0.9988888888888889,0.3996007980941043
2017-04-12 17:15:00,0.3386266924564797,0.43002484409857367
2017-04-12 17:30:00,0.4536363636363636,0.4487486705316546
2017-04-12 17:45:00,0.37510638297872334,0.46565960985678334
2017-04-12 18:00:00,0.4536363636363636,0.48537464678645004
2017-04-12 18:15:00,0.37510638297872334,0.4945535646207099
2017-04-12 18:30:00,0.37510638297872334,0.5039268115234176
2017-04-12 18:45:00,0.37510638297872334,0.5050857068665506
2017-04-12 19:00:00,0.37510638297872334,0.5016356258349326
2017-04-12 19:15:00,0.37510638297872334,0.4931108554563521
2017-04-12 19:30:00,0.37510638297872334,0.49403275598213614
2017-04-12 19:45:00,0.37510638297872334,0.504669603315923
2017-04-12 20:00:00,0.37510638297872334,0.5111368873134212
2017-04-12 20:15:00,0.37510638297872334,0.5261594418604117
2017-04-12 20:30:00,0.37510638297872334,0.5314690129563169
2017-04-12 20:45:00,0.37193423597678915,0.5354153734144315
2017-04-12 21:00:00,0.37193423597678915,0.5352272813324894
2017-04-12 21:15:00,0.3608317214700193,0.5424090021619965
2017-04-12 21:30:00,0.3608317214700193,0.5370384738468014
2017-04-12 21:45:00,0.35924564796905223,0.5372676087732565
2017-04-12 22:00:00,0.3576595744680851,0.5364446647017482
2017-04-12 22:15:00,0.4536363636363636,0.534682331334528
2017-04-12 22:30:00,0.35290135396518374,0.5390492123999204
2017-04-12 22:45:00,0.343384912959381,0.5428664657257894
2017-04-12 23:00:00,0.3386266924564797,0.5458502002365382
2017-04-12 23:15:00,0.9988888888888889,0.5394820833151328
2017-04-12 23:30:00,0.9988888888888889,0.5314901050703924
2017-04-12 23:45:00,0.9988888888888889,0.5226078702210243
2017-04-13 00:00:00,0.9988888888888889,0.5123769631529477
2017-04-13 00:15:00,0.9988888888888889,0.5120133275454686
2017-04-13 00:30:00,0.9988888888888889,0.5233125671411148
2017-04-13 00:45:00,0.9988888888888889,0.5304095717337891
2017-04-13 01:00:00,0.9988888888888889,0.5369727457725573
2017-04-13 01:15:00,0.9988888888888889,0.5413774783883233
2017-04-13 01:30:00,0.9988888888888889,0.5393612917148344
2017-04-13 01:45:00,0.9988888888888889,0.5240988644094443
2017-04-13 02:00:00,0.9988888888888889,0.5299013879867039
2017-04-13 02:15:00,0.9988888888888889,0.5353783769628373
2017-04-13 02:30:00,0.9988888888888889,0.5356881296965199
2017-04-13 02:45:00,0.9988888888888889,0.5339321504253206
2017-04-13 03:00:00,0.9988888888888889,0.5277998419859798
2017-04-13 03:15:00,0.9988888888888889,0.5246820844903801
2017-04-13 03:30:00,0.9988888888888889,0.5194672038701567
2017-04-13 03:45:00,0.9988888888888889,0.515487129646348
2017-04-13 04:00:00,0.9988888888888889,0.5008741675437726
2017-04-13 04:15:00,0.9988888888888889,0.4999750454507847
2017-04-13 04:30:00,0.9988888888888889,0.5002826375761822
2017-04-13 04:45:00,0.9988888888888889,0.5024795448289715
2017-04-13 05:00:00,0.9988888888888889,0.49183002408701104
2017-04-13 05:15:00,0.9988888888888889,0.47938264875675024
2017-04-13 05:30:00,0.9988888888888889,0.471647519474606
2017-04-13 05:45:00,0.9988888888888889,0.46285473116580694
2017-04-13 06:00:00,0.9988888888888889,0.46088971164007325
2017-04-13 06:15:00,0.9988888888888889,0.4583322818302198
2017-04-13 06:30:00,0.9988888888888889,0.44525620322560017
2017-04-13 06:45:00,0.9988888888888889,0.4406689820265804
2017-04-13 07:00:00,0.9988888888888889,0.4279818095851826
2017-04-13 07:15:00,0.9988888888888889,0.4069200475374607
2017-04-13 07:30:00,0.9988888888888889,0.3880114294640896
2017-04-13 07:45:00,0.9988888888888889,0.36850017771728455
2017-04-13 08:00:00,0.9988888888888889,0.33769874022367014
2017-04-13 08:15:00,0.9988888888888889,0.31599038878392705
2017-04-13 08:30:00,0.9988888888888889,0.2795510030688255
2017-04-13 08:45:00,0.9988888888888889,0.2783572198412053
2017-04-13 09:00:00,0.9988888888888889,0.25213037391791987
2017-04-13 09:15:00,0.9988888888888889,0.2540268165672085
2017-04-13 09:30:00,0.9988888888888889,0.2578680375193144
2017-04-13 09:45:00,0.9988888888888889,0.2618725846744867
2017-04-13 10:00:00,0.9988888888888889,0.2642799091654637
2017-04-13 10:15:00,0.9988888888888889,0.256617423127758
2017-04-13 10:30:00,0.9988888888888889,0.22558882070623393
2017-04-13 10:45:00,0.9988888888888889,0.2112178335768183
2017-04-13 11:00:00,0.9988888888888889,0.20796893253596757
2017-04-13 11:15:00,0.9988888888888889,0.20742847935658407
2017-04-13 11:30:00,0.9988888888888889,0.20635994564503166
2017-04-13 11:45:00,0.9988888888888889,0.20596468530928605
2017-04-13 12:00:00,0.9988888888888889,0.20486784441847322
2017-04-13 12:15:00,0.9988888888888889,0.2074427203609547
2017-04-13 12:30:00,0.9988888888888889,0.20931364775785147
2017-04-13 12:45:00,0.9988888888888889,0.20925753883015852
2017-04-13 13:00:00,0.9988888888888889,0.20803327043944542
2017-04-13 13:15:00,0.9988888888888889,0.1976640922741932
2017-04-13 13:30:00,0.9988888888888889,0.20345583153180413
2017-04-13 13:45:00,0.9988888888888889,0.2116721661387755
2017-04-13 14:00:00,0.9988888888888889,0.2131117016380106
2017-04-13 14:15:00,0.9988888888888889,0.21397305926330695
2017-04-13 14:30:00,0.9988888888888889,0.2129002114841681
2017-04-13 14:45:00,0.9988888888888889,0.2142562329646132
2017-04-13 15:00:00,0.9988888888888889,0.22082229356558705
2017-04-13 15:15:00,0.9988888888888889,0.22642215155471979
2017-04-13 15:30:00,0.9988888888888889,0.245239993889268
2017-04-13 15:45:00,0.9988888888888889,0.2603165724853529
2017-04-13 16:00:00,0.9988888888888889,0.2830033757486503
2017-04-13 16:15:00,0.9988888888888889,0.31372509279594013
2017-04-13 16:30:00,0.9988888888888889,0.34547015936833175
2017-04-13 16:45:00,0.9988888888888889,0.3879698658284033
2017-04-13 17:00:00,0.9988888888888889,0.41057750404968796
2017-04-13 17:15:00,0.9988888888888889,0.4257044976512425
2017-04-13 17:30:00,0.9988888888888889,0.43952970339341013
2017-04-13 17:45:00,0.3481431334622824,0.447798225422152
2017-04-13 18:00:00,0.3481431334622824,0.45193677316716585
2017-04-13 18:15:00,0.3497292069632495,0.4580265987469154
2017-04-13 18:30:00,0.3497292069632495,0.4675927251460385
2017-04-13 18:45:00,0.3497292069632495,0.46487205779778173
2017-04-13 19:00:00,0.3497292069632495,0.4619679784327083
2017-04-13 19:15:00,0.3497292069632495,0.4659629980977536
2017-04-13 19:30:00,0.3497292069632495,0.4680479077909088
2017-04-13 19:45:00,0.3497292069632495,0.4761586328120125
2017-04-13 20:00:00,0.3497292069632495,0.4859608872849855
2017-04-13 20:15:00,0.3497292069632495,0.49988684481895124
2017-04-13 20:30:00,0.3497292069632495,0.514076629510034
2017-04-13 20:45:00,0.3497292069632495,0.5325049550150502
2017-04-13 21:00:00,0.3497292069632495,0.5330273869817861
2017-04-13 21:15:00,0.34655705996131525,0.5323369032024611
2017-04-13 21:30:00,0.343384912959381,0.5338569055798332
2017-04-13 21:45:00,0.343384912959381,0.5304761857834627
2017-04-13 22:00:00,0.33545454545454545,0.5401287825030474
2017-04-13 22:15:00,0.9988888888888889,0.5421285644514275
2017-04-13 22:30:00,0.9988888888888889,0.5432384202915491
2017-04-13 22:45:00,0.9988888888888889,0.5398637001171852
2017-04-13 23:00:00,0.9988888888888889,0.5274858609829176
2017-04-13 23:15:00,0.9988888888888889,0.5264820875419207
2017-04-13 23:30:00,0.9988888888888889,0.5165178785548015
2017-04-13 23:45:00,0.9988888888888889,0.5036850871685555
2017-04-14 00:00:00,0.9988888888888889,0.4874254528373098
2017-04-14 00:15:00,0.9988888888888889,0.48860256303808763
2017-04-14 00:30:00,0.9988888888888889,0.49128402327714626
2017-04-14 00:45:00,0.9988888888888889,0.49403748121140173
2017-04-14 01:00:00,0.9988888888888889,0.49767682709809735
2017-04-14 01:15:00,0.9988888888888889,0.48761709826144967
2017-04-14 01:30:00,0.9988888888888889,0.47906440845104475
2017-04-14 01:45:00,0.9988888888888889,0.47337746263886266
2017-04-14 02:00:00,0.9988888888888889,0.4650613398470056
2017-04-14 02:15:00,0.9988888888888889,0.46736758455460514
2017-04-14 02:30:00,0.9988888888888889,0.46735887927849173
2017-04-14 02:45:00,0.9988888888888889,0.46709143787851826
2017-04-14 03:00:00,0.9988888888888889,0.4724911019768927
2017-04-14 03:15:00,0.9988888888888889,0.48188354470362743
2017-04-14 03:30:00,0.9988888888888889,0.48991940026433334
2017-04-14 03:45:00,0.9988888888888889,0.4848717863770329
2017-04-14 04:00:00,0.9988888888888889,0.5024961148060823
2017-04-14 04:15:00,0.9988888888888889,0.5000369832044098
2017-04-14 04:30:00,0.9988888888888889,0.4991435225426534
2017-04-14 04:45:00,0.9988888888888889,0.4918682398888034
2017-04-14 05:00:00,0.9988888888888889,0.487763221053572
2017-04-14 05:15:00,0.9988888888888889,0.4642176831725675
2017-04-14 05:30:00,0.9988888888888889,0.4319190090752922
2017-04-14 05:45:00,0.9988888888888889,0.40443297578982557
2017-04-14 06:00:00,0.9988888888888889,0.3892487309464606
2017-04-14 06:15:00,0.9988888888888889,0.33974701758388026
2017-04-14 06:30:00,0.9988888888888889,0.29594237973480986
2017-04-14 06:45:00,0.9988888888888889,0.2530500587041867
2017-04-14 07:00:00,0.041,0.22636630040510522
2017-04-14 07:15:00,0.041,0.22827777740046495
2017-04-14 07:30:00,0.041,0.22188050839326337
2017-04-14 07:45:00,0.041,0.2172232427587575
2017-04-14 08:00:00,0.041,0.21586533717292303
2017-04-14 08:15:00,0.041,0.21315831882935432
2017-04-14 08:30:00,0.041,0.2117494072741116
2017-04-14 08:45:00,0.041,0.21105777488363978
2017-04-14 09:00:00,0.041,0.20722348001483942
2017-04-14 09:15:00,0.041,0.21513521952422784
2017-04-14 09:30:00,0.041,0.21614739038808728
2017-04-14 09:45:00,0.041,0.21820850213828363
2017-04-14 10:00:00,0.041,0.22178238359762725
2017-04-14 10:15:00,0.041,0.2065623957176441
2017-04-14 10:30:00,0.041,0.19861343406019538
2017-04-14 10:45:00,0.041,0.19887113790649044
2017-04-14 11:00:00,0.041,0.19714046925685463
2017-04-14 11:15:00,0.041,0.19473018574791823
2017-04-14 11:30:00,0.041,0.19523525832254077
2017-04-14 11:45:00,0.041,0.19616027022551025
2017-04-14 12:00:00,0.041,0.2005843688561052
2017-04-14 12:15:00,0.041,0.19912310857485016
2017-04-14 12:30:00,0.041,0.20086476878486043
2017-04-14 12:45:00,0.041,0.20256444868111928
2017-04-14 13:00:00,0.041,0.20299732704933035
2017-04-14 13:15:00,0.041,0.20491533704497447
2017-04-14 13:30:00,0.041,0.2068696504167892
2017-04-14 13:45:00,0.041,0.2080453831195149
2017-04-14 14:00:00,0.041,0.21243693353750587
2017-04-14 14:15:00,0.041,0.2146195713112574
2017-04-14 14:30:00,0.041,0.22170265649766246
2017-04-14 14:45:00,0.041,0.2136302899189558
2017-04-14 15:00:00,0.041,0.2080301741807914
2017-04-14 15:15:00,0.041,0.20689738803872504
2017-04-14 15:30:00,0.041,0.20582132271220813
2017-04-14 15:45:00,0.041,0.2069835919713581
2017-04-14 16:00:00,0.041,0.20683077732658742
2017-04-14 16:15:00,0.9988888888888889,0.20826583897496773
2017-04-14 16:30:00,0.9988888888888889,0.23622053407912272
2017-04-14 16:45:00,0.9988888888888889,0.25264629943345646
2017-04-14 17:00:00,0.9988888888888889,0.2967598988044977
2017-04-14 17:15:00,0.9988888888888889,0.3508109675870242
2017-04-14 17:30:00,0.9988888888888889,0.40372484990006197
2017-04-14 17:45:00,0.9988888888888889,0.4568618106049782
2017-04-14 18:00:00,0.4536363636363636,0.5122618591547886
2017-04-14 18:15:00,0.4536363636363636,0.530054129179837
2017-04-14 18:30:00,0.4536363636363636,0.5481974187918783
2017-04-14 18:45:00,0.4536363636363636,0.567458820495553
2017-04-14 19:00:00,0.4536363636363636,0.5867883044386051
2017-04-14 19:15:00,0.4536363636363636,0.5900491973482412
2017-04-14 19:30:00,0.4536363636363636,0.5925639612070603
2017-04-14 19:45:00,0.4536363636363636,0.572711673761874
2017-04-14 20:00:00,0.9988888888888889,0.5254995558909155
2017-04-14 20:15:00,0.9988888888888889,0.5318422594471123
2017-04-14 20:30:00,0.9988888888888889,0.5417472870855646
2017-04-14 20:45:00,0.9988888888888889,0.5485513291971523
2017-04-14 21:00:00,0.4536363636363636,0.5965500473273542
2017-04-14 21:15:00,0.4536363636363636,0.5959986722151287
2017-04-14 21:30:00,0.9988888888888889,0.5686699746906244
2017-04-14 21:45:00,0.9988888888888889,0.5677339105759688
2017-04-14 22:00:00,0.4536363636363636,0.5981714224233119
2017-04-14 22:15:00,0.4536363636363636,0.6009954968710846
2017-04-14 22:30:00,0.9988888888888889,0.5965726347747156
2017-04-14 22:45:00,0.9988888888888889,0.5948929505317215
2017-04-14 23:00:00,0.9988888888888889,0.585909542275711
2017-04-14 23:15:00,0.9988888888888889,0.5783158012950855
2017-04-14 23:30:00,0.9988888888888889,0.5740567965487676
2017-04-14 23:45:00,0.9988888888888889,0.5702220839109514
2017-04-15 00:00:00,0.9988888888888889,0.5849562484412485
2017-04-15 00:15:00,0.9988888888888889,0.5978289875243662
2017-04-15 00:30:00,0.9988888888888889,0.6051820796660592
2017-04-15 00:45:00,0.9988888888888889,0.6124550768849465
2017-04-15 01:00:00,0.9988888888888889,0.618417814315025
2017-04-15 01:15:00,0.9988888888888889,0.6143032150420332
2017-04-15 01:30:00,0.9988888888888889,0.6142020605891911
2017-04-15 01:45:00,0.9988888888888889,0.6138167337441088
2017-04-15 02:00:00,0.9988888888888889,0.6119843026144063
2017-04-15 02:15:00,0.9988888888888889,0.6146840699908902
2017-04-15 02:30:00,0.9988888888888889,0.6202023105060668
2017-04-15 02:45:00,0.9988888888888889,0.6266446287620014
2017-04-15 03:00:00,0.9988888888888889,0.6279293026208341
2017-04-15 03:15:00,0.9988888888888889,0.6287379872821206
2017-04-15 03:30:00,0.9988888888888889,0.629824143851826
2017-04-15 03:45:00,0.9988888888888889,0.6290496726699087
2017-04-15 04:00:00,0.9988888888888889,0.6295637893332158
2017-04-15 04:15:00,0.9988888888888889,0.6230292680289576
2017-04-15 04:30:00,0.9988888888888889,0.6202352160173173
2017-04-15 04:45:00,0.9988888888888889,0.6162847772682042
2017-04-15 05:00:00,0.9988888888888889,0.6118544595112709
2017-04-15 05:15:00,0.9988888888888889,0.6036657628257471
2017-04-15 05:30:00,0.9988888888888889,0.5938787922598856
2017-04-15 05:45:00,0.9988888888888889,0.5903519614836611
2017-04-15 06:00:00,0.9988888888888889,0.5856667908121651
2017-04-15 06:15:00,0.9988888888888889,0.576813983755792
2017-04-15 06:30:00,0.9988888888888889,0.5678717351031747
2017-04-15 06:45:00,0.9988888888888889,0.5600004966684319
2017-04-15 07:00:00,0.9988888888888889,0.5526081874007248
2017-04-15 07:15:00,0.9988888888888889,0.5379911180798614
2017-04-15 07:30:00,0.9988888888888889,0.5231660818105801
2017-04-15 07:45:00,0.9988888888888889,0.5010317154307441
2017-04-15 08:00:00,0.9988888888888889,0.48999992824355704
2017-04-15 08:15:00,0.9988888888888889,0.4657446411137258
2017-04-15 08:30:00,0.9988888888888889,0.440790373456254
2017-04-15 08:45:00,0.9988888888888889,0.4132683438375766
2017-04-15 09:00:00,0.9988888888888889,0.38502862775865154
2017-04-15 09:15:00,0.9988888888888889,0.3556887031103683
2017-04-15 09:30:00,0.9988888888888889,0.32919607068442647
2017-04-15 09:45:00,0.9988888888888889,0.29551627427262506
2017-04-15 10:00:00,0.9988888888888889,0.2706023972928088
2017-04-15 10:15:00,0.9988888888888889,0.27865755586408913
2017-04-15 10:30:00,0.9988888888888889,0.276053595685621
2017-04-15 10:45:00,0.9988888888888889,0.2765449873642594
2017-04-15 11:00:00,0.9988888888888889,0.27338562544719036
2017-04-15 11:15:00,0.9988888888888889,0.2503133538866968
2017-04-15 11:30:00,0.9988888888888889,0.22679072152394467
2017-04-15 11:45:00,0.9988888888888889,0.2265102458201279
2017-04-15 12:00:00,0.9988888888888889,0.21762599313813902
2017-04-15 12:15:00,0.9988888888888889,0.21282303238574188
2017-04-15 12:30:00,0.9988888888888889,0.22062636339600666
2017-04-15 12:45:00,0.9988888888888889,0.22714947471725142
2017-04-15 13:00:00,0.9988888888888889,0.2388286361703927
2017-04-15 13:15:00,0.9988888888888889,0.23423705013534246
2017-04-15 13:30:00,0.9988888888888889,0.23945940595334148
2017-04-15 13:45:00,0.9988888888888889,0.24274347080582823
2017-04-15 14:00:00,0.9988888888888889,0.23304338137015937
2017-04-15 14:15:00,0.9988888888888889,0.2343398243711251
2017-04-15 14:30:00,0.9988888888888889,0.23718633123021646
2017-04-15 14:45:00,0.9988888888888889,0.23607341556037548
2017-04-15 15:00:00,0.9988888888888889,0.2345181801644701
2017-04-15 15:15:00,0.9988888888888889,0.2374127390496005
2017-04-15 15:30:00,0.9988888888888889,0.24220746863707482
2017-04-15 15:45:00,0.9988888888888889,0.2557427778725176
2017-04-15 16:00:00,0.9988888888888889,0.2781761714366233
2017-04-15 16:15:00,0.9988888888888889,0.32713700170167664
2017-04-15 16:30:00,0.9988888888888889,0.3791161015779363
2017-04-15 16:45:00,0.9988888888888889,0.4237945589237226
2017-04-15 17:00:00,0.9988888888888889,0.47087247352997047
2017-04-15 17:15:00,0.4536363636363636,0.4992418306682449
2017-04-15 17:30:00,0.4536363636363636,0.5138032467582765
2017-04-15 17:45:00,0.9988888888888889,0.4805178786396344
2017-04-15 18:00:00,0.9988888888888889,0.48346125805137374
2017-04-15 18:15:00,0.9988888888888889,0.4840204245514056
2017-04-15 18:30:00,0.9988888888888889,0.5194111677024631
2017-04-15 18:45:00,0.4536363636363636,0.5089973340593151
2017-04-15 19:00:00,0.4536363636363636,0.5702598317295087
2017-04-15 19:15:00,0.4536363636363636,0.5695786737439824
2017-04-15 19:30:00,0.4536363636363636,0.5680459165432105
2017-04-15 19:45:00,0.4536363636363636,0.5643244644040679
2017-04-15 20:00:00,0.4536363636363636,0.5595667601909718
2017-04-15 20:15:00,0.4536363636363636,0.56077245064435
2017-04-15 20:30:00,0.4536363636363636,0.5639943452067203
2017-04-15 20:45:00,0.4536363636363636,0.566199688550076
2017-04-15 21:00:00,0.4536363636363636,0.5684519207149952
2017-04-15 21:15:00,0.9988888888888889,0.5693817429786419
2017-04-15 21:30:00,0.9988888888888889,0.5698730276449168
2017-04-15 21:45:00,0.9988888888888889,0.568410795168405
2017-04-15 22:00:00,0.9988888888888889,0.5618929041318526
2017-04-15 22:15:00,0.9988888888888889,0.552808424448341
2017-04-15 22:30:00,0.9988888888888889,0.5578025060127427
2017-04-15 22:45:00,0.9988888888888889,0.5626929997962459
2017-04-15 23:00:00,0.9988888888888889,0.5554919827893373
2017-04-15 23:15:00,0.9988888888888889,0.5503156739189801
2017-04-15 23:30:00,0.9988888888888889,0.5439705773249592
2017-04-15 23:45:00,0.9988888888888889,0.5377626830821903
2017-04-16 00:00:00,0.9702126528442319,0.5349733658967589
2017-04-16 00:15:00,0.9702126528442319,0.5344841975290078
2017-04-16 00:30:00,0.9702126528442319,0.5338893841754039
2017-04-16 00:45:00,0.9702126528442319,0.5279427361705821
2017-04-16 01:00:00,0.9702126528442319,0.5275144407512163
2017-04-16 01:15:00,0.9702126528442319,0.5250972545257594
2017-04-16 01:30:00,0.9702126528442319,0.5257459708318812
2017-04-16 01:45:00,0.9702126528442319,0.5242905337899328
2017-04-16 02:00:00,0.9702126528442319,0.525615553798971
2017-04-16 02:15:00,0.9702126528442319,0.5122976124441913
2017-04-16 02:30:00,0.9702126528442319,0.49965025489250964
2017-04-16 02:45:00,0.9702126528442319,0.4839476057250715
2017-04-16 03:00:00,0.9702126528442319,0.47256271427222357
2017-04-16 03:15:00,0.9702126528442319,0.4833931238422096
2017-04-16 03:30:00,0.9702126528442319,0.4932456720423678
2017-04-16 03:45:00,0.9702126528442319,0.5052318007939725
2017-04-16 04:00:00,0.9702126528442319,0.5152692718355254
2017-04-16 04:15:00,0.9702126528442319,0.5104173658714145
2017-04-16 04:30:00,0.9702126528442319,0.5045285088455282
2017-04-16 04:45:00,0.9702126528442319,0.49584739247443027
2017-04-16 05:00:00,0.9702126528442319,0.48871338791172725
2017-04-16 05:15:00,0.9702126528442319,0.4785717551564729
2017-04-16 05:30:00,0.9702126528442319,0.4629383830794517
2017-04-16 05:45:00,0.9702126528442319,0.4480209567319788
2017-04-16 06:00:00,0.9702126528442319,0.4381991843213825
2017-04-16 06:15:00,0.9702126528442319,0.40860753676519507
2017-04-16 06:30:00,0.9702126528442319,0.3753547962250863
2017-04-16 06:45:00,0.9702126528442319,0.35275614177693476
2017-04-16 07:00:00,0.9702126528442319,0.3297777230377013
2017-04-16 07:15:00,0.9702126528442319,0.3040017084085769
2017-04-16 07:30:00,0.9702126528442319,0.27795775806623957
2017-04-16 07:45:00,0.9702126528442319,0.2513742305941177
2017-04-16 08:00:00,0.9702126528442319,0.21730995277099074
2017-04-16 08:15:00,0.041,0.19653450920158977
2017-04-16 08:30:00,0.041,0.19561103198346286
2017-04-16 08:45:00,0.041,0.19410090924123097
2017-04-16 09:00:00,0.041,0.19543943811066788
2017-04-16 09:15:00,0.041,0.19133318419449064
2017-04-16 09:30:00,0.041,0.1881045377469339
2017-04-16 09:45:00,0.041,0.18666158583850123
2017-04-16 10:00:00,0.041,0.185550843912209
2017-04-16 10:15:00,0.041,0.18484120785203748
2017-04-16 10:30:00,0.041,0.19044739304984118
2017-04-16 10:45:00,0.041,0.19337841299228853
2017-04-16 11:00:00,0.041,0.19482841850039787
2017-04-16 11:15:00,0.041,0.20143452145710786
2017-04-16 11:30:00,0.041,0.20137252643509226
2017-04-16 11:45:00,0.041,0.19755112776082448
2017-04-16 12:00:00,0.041,0.20079082556414843
2017-04-16 12:15:00,0.041,0.19776395013257647
2017-04-16 12:30:00,0.041,0.1964723110564555
2017-04-16 12:45:00,0.041,0.1964745850666197
2017-04-16 13:00:00,0.041,0.1985459396186842
2017-04-16 13:15:00,0.041,0.2054069994782809
2017-04-16 13:30:00,0.041,0.2036638382783154
2017-04-16 13:45:00,0.041,0.2020211154151314
2017-04-16 14:00:00,0.041,0.20217319169720877
2017-04-16 14:15:00,0.041,0.20233666861219396
2017-04-16 14:30:00,0.041,0.20282659535370415
2017-04-16 14:45:00,0.041,0.20579575513498016
2017-04-16 15:00:00,0.041,0.2013657416556135
2017-04-16 15:15:00,0.041,0.19414205760622247
2017-04-16 15:30:00,0.041,0.1934083001011394
2017-04-16 15:45:00,0.041,0.19438003860593328
2017-04-16 16:00:00,0.041,0.1929713884961402
2017-04-16 16:15:00,0.041,0.19262462652566736
2017-04-16 16:30:00,0.9702126528442319,0.19578048570546006
2017-04-16 16:45:00,0.9702126528442319,0.264333044349717
2017-04-16 17:00:00,0.9702126528442319,0.3247303948490181
2017-04-16 17:15:00,0.9702126528442319,0.3548768256975029
2017-04-16 17:30:00,0.9702126528442319,0.3992775635004512
2017-04-16 17:45:00,0.9702126528442319,0.4259022464506816
2017-04-16 18:00:00,0.9702126528442319,0.46605060993149267
2017-04-16 18:15:00,0.9702126528442319,0.47177280399840865
2017-04-16 18:30:00,0.4536363636363636,0.48902886027942744
2017-04-16 18:45:00,0.4536363636363636,0.5000752427037918
2017-04-16 19:00:00,0.4536363636363636,0.47433012590692586
2017-04-16 19:15:00,0.9702126528442319,0.4710056788529508
2017-04-16 19:30:00,0.9702126528442319,0.4914623615079889
2017-04-16 19:45:00,0.9702126528442319,0.48814711228156427
2017-04-16 20:00:00,0.9702126528442319,0.4928337134352116
2017-04-16 20:15:00,0.9702126528442319,0.4881067884056503
2017-04-16 20:30:00,0.9702126528442319,0.4974837183756382
2017-04-16 20:45:00,0.9702126528442319,0.4986126674399529
2017-04-16 21:00:00,0.9702126528442319,0.4905052599936316
2017-04-16 21:15:00,0.9702126528442319,0.4927053719042455
2017-04-16 21:30:00,0.9702126528442319,0.5059621003478122
2017-04-16 21:45:00,0.9702126528442319,0.5188435083580318
2017-04-16 22:00:00,0.9702126528442319,0.5058250959771093
2017-04-16 22:15:00,0.9702126528442319,0.4818997473079176
2017-04-16 22:30:00,0.9702126528442319,0.4608383100454136
2017-04-16 22:45:00,0.9702126528442319,0.43628623166927283
2017-04-16 23:00:00,0.9702126528442319,0.45304363725186964
2017-04-16 23:15:00,0.9702126528442319,0.46074150926857504
2017-04-16 23:30:00,0.9702126528442319,0.46081050247373667
2017-04-16 23:45:00,0.9702126528442319,0.46293831991062806
2017-04-17 00:00:00,0.9988888888888889,0.46325390079223094
2017-04-17 00:15:00,0.9988888888888889,0.4678012969216551
2017-04-17 00:30:00,0.9988888888888889,0.46830742942607123
2017-04-17 00:45:00,0.9988888888888889,0.4749413783164652
2017-04-17 01:00:00,0.9988888888888889,0.4835147737260785
2017-04-17 01:15:00,0.9988888888888889,0.5002866839840773
2017-04-17 01:30:00,0.9988888888888889,0.5160505643731894
2017-04-17 01:45:00,0.9988888888888889,0.5322349526416318
2017-04-17 02:00:00,0.9988888888888889,0.5458371216624801
2017-04-17 02:15:00,0.9988888888888889,0.5462229903190677
2017-04-17 02:30:00,0.9988888888888889,0.5450346395852418
2017-04-17 02:45:00,0.9988888888888889,0.5410505096175015
2017-04-17 03:00:00,0.9988888888888889,0.5396498640385976
2017-04-17 03:15:00,0.9988888888888889,0.5441101668581805
2017-04-17 03:30:00,0.9988888888888889,0.5454471706443923
2017-04-17 03:45:00,0.9988888888888889,0.546561989950751
2017-04-17 04:00:00,0.9988888888888889,0.5481318261704302
2017-04-17 04:15:00,0.9988888888888889,0.541954423393519
2017-04-17 04:30:00,0.9988888888888889,0.5340665366656883
2017-04-17 04:45:00,0.9988888888888889,0.5256071964996815
2017-04-17 05:00:00,0.9988888888888889,0.5152385107751873
2017-04-17 05:15:00,0.9988888888888889,0.479729716408085
2017-04-17 05:30:00,0.9988888888888889,0.445046105276347
2017-04-17 05:45:00,0.9988888888888889,0.41584597958166997
2017-04-17 06:00:00,0.9988888888888889,0.3899208272614915
2017-04-17 06:15:00,0.9988888888888889,0.361046993957422
2017-04-17 06:30:00,0.9988888888888889,0.33065815408479476
2017-04-17 06:45:00,0.9988888888888889,0.2989372217760824
2017-04-17 07:00:00,0.041,0.25661622072504103
2017-04-17 07:15:00,0.041,0.23991263855018413
2017-04-17 07:30:00,0.041,0.23562654175043143
2017-04-17 07:45:00,0.041,0.2356222773630212
2017-04-17 08:00:00,0.041,0.23264222779671406
2017-04-17 08:15:00,0.041,0.23011358568803195
2017-04-17 08:30:00,0.041,0.2276190531895836
2017-04-17 08:45:00,0.041,0.22449652711071574
2017-04-17 09:00:00,0.041,0.2233882823719218
2017-04-17 09:15:00,0.041,0.23083269455049993
2017-04-17 09:30:00,0.041,0.2252404925391903
2017-04-17 09:45:00,0.041,0.2248050901010249
2017-04-17 10:00:00,0.041,0.22463320637707565
2017-04-17 10:15:00,0.041,0.22198111863557934
2017-04-17 10:30:00,0.041,0.22387446131798308
2017-04-17 10:45:00,0.041,0.22096729522204925
2017-04-17 11:00:00,0.041,0.2185862482456355
2017-04-17 11:15:00,0.041,0.21925903068126715
2017-04-17 11:30:00,0.041,0.22801802349417144
2017-04-17 11:45:00,0.041,0.22996371493967874
2017-04-17 12:00:00,0.041,0.23378844335875185
2017-04-17 12:15:00,0.041,0.23442178090520116
2017-04-17 12:30:00,0.041,0.23182721024859107
2017-04-17 12:45:00,0.041,0.23309700752047974
2017-04-17 13:00:00,0.041,0.23190385586675039
2017-04-17 13:15:00,0.041,0.22686793468720795
2017-04-17 13:30:00,0.041,0.22819309786175346
2017-04-17 13:45:00,0.041,0.22944112003067588
2017-04-17 14:00:00,0.041,0.23328634343854227
2017-04-17 14:15:00,0.041,0.23192654698338783
2017-04-17 14:30:00,0.041,0.23007009564152137
2017-04-17 14:45:00,0.041,0.2321189116097102
2017-04-17 15:00:00,0.041,0.2279619158604791
2017-04-17 15:15:00,0.041,0.22398202817983517
2017-04-17 15:30:00,0.041,0.22245532909790927
2017-04-17 15:45:00,0.041,0.22340077957499868
2017-04-17 16:00:00,0.041,0.22014668500123916
2017-04-17 16:15:00,0.041,0.21765365844680776
2017-04-17 16:30:00,0.041,0.21197873658292565
2017-04-17 16:45:00,0.041,0.21089704108288446
2017-04-17 17:00:00,0.9988888888888889,0.23683598717940718
2017-04-17 17:15:00,0.9988888888888889,0.27296884666365984
2017-04-17 17:30:00,0.9988888888888889,0.3361644798149647
2017-04-17 17:45:00,0.9988888888888889,0.39084276097474296
2017-04-17 18:00:00,0.9988888888888889,0.43988009123419014
2017-04-17 18:15:00,0.9988888888888889,0.47065747120840007
2017-04-17 18:30:00,0.9988888888888889,0.5070371009507951
2017-04-17 18:45:00,0.9988888888888889,0.5309446954468354
2017-04-17 19:00:00,0.9988888888888889,0.5277022430431357
2017-04-17 19:15:00,0.4536363636363636,0.537826344401747
2017-04-17 19:30:00,0.9988888888888889,0.5314110541168224
2017-04-17 19:45:00,0.9988888888888889,0.5383320235243585
2017-04-17 20:00:00,0.9988888888888889,0.5396806308155915
2017-04-17 20:15:00,0.9988888888888889,0.5424138075363518
2017-04-17 20:30:00,0.9988888888888889,0.5650920573086494
2017-04-17 20:45:00,0.9988888888888889,0.5645399768983742
2017-04-17 21:00:00,0.9988888888888889,0.5470433709034962
2017-04-17 21:15:00,0.9988888888888889,0.5682717381826005
2017-04-17 21:30:00,0.4536363636363636,0.5788936427384799
2017-04-17 21:45:00,0.9988888888888889,0.5699463924800791
2017-04-17 22:00:00,0.9988888888888889,0.5717672666188515
2017-04-17 22:15:00,0.9988888888888889,0.5730450581921069
2017-04-17 22:30:00,0.9988888888888889,0.5676555608356811
2017-04-17 22:45:00,0.9988888888888889,0.5641104314060377
2017-04-17 23:00:00,0.9988888888888889,0.559409900298854
2017-04-17 23:15:00,0.9988888888888889,0.5566229506931553
2017-04-17 23:30:00,0.9988888888888889,0.568283942838557
2017-04-17 23:45:00,0.9988888888888889,0.5808937366523902
2017-04-18 00:00:00,0.9988888888888889,0.5744395149240734
2017-04-18 00:15:00,0.9988888888888889,0.5771580218367958
2017-04-18 00:30:00,0.9988888888888889,0.5644679031174202
2017-04-18 00:45:00,0.9988888888888889,0.5746302403460112
2017-04-18 01:00:00,0.9988888888888889,0.5876627044817825
2017-04-18 01:15:00,0.9988888888888889,0.5893905895479158
2017-04-18 01:30:00,0.9988888888888889,0.5889994471197673
2017-04-18 01:45:00,0.9988888888888889,0.5719198326426885
2017-04-18 02:00:00,0.9988888888888889,0.5768900602503706
2017-04-18 02:15:00,0.9988888888888889,0.558992931657417
2017-04-18 02:30:00,0.9988888888888889,0.5548682751232741
2017-04-18 02:45:00,0.9988888888888889,0.558359108644743
2017-04-18 03:00:00,0.9988888888888889,0.5426290703980602
2017-04-18 03:15:00,0.9988888888888889,0.5405220041241575
2017-04-18 03:30:00,0.9988888888888889,0.5441489261922001
2017-04-18 03:45:00,0.9988888888888889,0.5529731351393121
2017-04-18 04:00:00,0.9988888888888889,0.5649600755053837
2017-04-18 04:15:00,0.9988888888888889,0.5643073567806522
2017-04-18 04:30:00,0.9988888888888889,0.5655122933214607
2017-04-18 04:45:00,0.9988888888888889,0.5488268717596598
2017-04-18 05:00:00,0.9988888888888889,0.5234528202011712
2017-04-18 05:15:00,0.9988888888888889,0.5071802004943765
2017-04-18 05:30:00,0.9988888888888889,0.4973336675954618
2017-04-18 05:45:00,0.9988888888888889,0.4837785593006932
2017-04-18 06:00:00,0.9988888888888889,0.46789491082078577
2017-04-18 06:15:00,0.9988888888888889,0.46376336524516076
2017-04-18 06:30:00,0.9988888888888889,0.45752668290433596
2017-04-18 06:45:00,0.9988888888888889,0.41479911843248446
2017-04-18 07:00:00,0.9988888888888889,0.38729842417313315
2017-04-18 07:15:00,0.9988888888888889,0.3722954967122682
2017-04-18 07:30:00,0.9988888888888889,0.3514773188046894
2017-04-18 07:45:00,0.9988888888888889,0.31090572605358513
2017-04-18 08:00:00,0.9988888888888889,0.29406758126385646
2017-04-18 08:15:00,0.9988888888888889,0.27710664666804424
2017-04-18 08:30:00,0.9988888888888889,0.2660520061143615
2017-04-18 08:45:00,0.9988888888888889,0.2446072480997373
2017-04-18 09:00:00,0.9988888888888889,0.21853024626014553
2017-04-18 09:15:00,0.9988888888888889,0.19773012274056595
2017-04-18 09:30:00,0.9988888888888889,0.18412877568221678
2017-04-18 09:45:00,0.9988888888888889,0.18381949253738825
2017-04-18 10:00:00,0.9988888888888889,0.19466247471133283
2017-04-18 10:15:00,0.9988888888888889,0.20733554097411996
2017-04-18 10:30:00,0.9988888888888889,0.2194556685944194
2017-04-18 10:45:00,0.9988888888888889,0.22542841668087008
2017-04-18 11:00:00,0.9988888888888889,0.2283379737546089
2017-04-18 11:15:00,0.9988888888888889,0.18892561702467317
2017-04-18 11:30:00,0.041,0.1726254704397915
2017-04-18 11:45:00,0.9988888888888889,0.17368923962125923
2017-04-18 12:00:00,0.9988888888888889,0.17643012014483875
2017-04-18 12:15:00,0.9988888888888889,0.17891792835284834
2017-04-18 12:30:00,0.9988888888888889,0.17886075372712357
2017-04-18 12:45:00,0.041,0.1804174282676374
2017-04-18 13:00:00,0.041,0.18031129439364565
2017-04-18 13:15:00,0.041,0.17776773318046254
2017-04-18 13:30:00,0.041,0.17988145636163633
2017-04-18 13:45:00,0.041,0.17862762885848454
2017-04-18 14:00:00,0.9988888888888889,0.19933418979603956
2017-04-18 14:15:00,0.9988888888888889,0.21303681499414828
2017-04-18 14:30:00,0.9988888888888889,0.23144315108936914
2017-04-18 14:45:00,0.9988888888888889,0.25684372152956
2017-04-18 15:00:00,0.9988888888888889,0.27211658329637617
2017-04-18 15:15:00,0.9988888888888889,0.3133742416754153
2017-04-18 15:30:00,0.9988888888888889,0.34664645617731293
2017-04-18 15:45:00,0.9988888888888889,0.362550845507531
2017-04-18 16:00:00,0.9988888888888889,0.39629877313463435
2017-04-18 16:15:00,0.9988888888888889,0.43025023435027404
2017-04-18 16:30:00,0.3386266924564797,0.4519345109711363
2017-04-18 16:45:00,0.343384912959381,0.46169136605654454
2017-04-18 17:00:00,0.3513152804642166,0.4694575814089398
2017-04-18 17:15:00,0.3576595744680851,0.4802137340584701
2017-04-18 17:30:00,0.3687620889748549,0.48940327060398514
2017-04-18 17:45:00,0.3687620889748549,0.48997828232713697
2017-04-18 18:00:00,0.3687620889748549,0.4893906159375874
2017-04-18 18:15:00,0.3687620889748549,0.5080572612238589
2017-04-18 18:30:00,0.3687620889748549,0.5152647641272814
2017-04-18 18:45:00,0.4536363636363636,0.5126270719243233
2017-04-18 19:00:00,0.3687620889748549,0.5028833414350294
2017-04-18 19:15:00,0.3687620889748549,0.5059248630054879
2017-04-18 19:30:00,0.3687620889748549,0.5109375377628294
2017-04-18 19:45:00,0.3687620889748549,0.521907271087985
2017-04-18 20:00:00,0.3687620889748549,0.526682074828663
2017-04-18 20:15:00,0.3687620889748549,0.5312045601788429
2017-04-18 20:30:00,0.36717601547388784,0.5302673779236344
2017-04-18 20:45:00,0.4536363636363636,0.5344759318439936
2017-04-18 21:00:00,0.356073500967118,0.5316929690356786
2017-04-18 21:15:00,0.35448742746615086,0.5308272215083314
2017-04-18 21:30:00,0.35290135396518374,0.5319029956097229
2017-04-18 21:45:00,0.35290135396518374,0.5328177355992181
2017-04-18 22:00:00,0.35290135396518374,0.5369068434825802
2017-04-18 22:15:00,0.35290135396518374,0.5354056651557068
2017-04-18 22:30:00,0.35290135396518374,0.5351688410737546
2017-04-18 22:45:00,0.35290135396518374,0.5503227513617739
2017-04-18 23:00:00,0.35290135396518374,0.5764537078302547
2017-04-18 23:15:00,0.35290135396518374,0.5781832543723432
2017-04-18 23:30:00,0.35290135396518374,0.5652578335924481
2017-04-18 23:45:00,0.35290135396518374,0.5717749956127086
2017-04-19 00:00:00,0.3576595744680851,0.579899503208824
2017-04-19 00:15:00,0.3576595744680851,0.5809789307129494
2017-04-19 00:30:00,0.3576595744680851,0.5828159501680448
2017-04-19 00:45:00,0.3576595744680851,0.5861967128570482
2017-04-19 01:00:00,0.3576595744680851,0.588747299432629
2017-04-19 01:15:00,0.3576595744680851,0.5907904598406046
2017-04-19 01:30:00,0.3576595744680851,0.5933204867851117
2017-04-19 01:45:00,0.3576595744680851,0.5896700740947372
2017-04-19 02:00:00,0.3576595744680851,0.5894903260449305
2017-04-19 02:15:00,0.3576595744680851,0.5888896277066882
2017-04-19 02:30:00,0.3576595744680851,0.588683729369103
2017-04-19 02:45:00,0.3576595744680851,0.5867240669984828
2017-04-19 03:00:00,0.3576595744680851,0.584027570743136
2017-04-19 03:15:00,0.3576595744680851,0.5816452782622393
2017-04-19 03:30:00,0.3576595744680851,0.5780159256065348
2017-04-19 03:45:00,0.3576595744680851,0.5747170248509245
2017-04-19 04:00:00,0.3576595744680851,0.5702425340195604
2017-04-19 04:15:00,0.3576595744680851,0.5698813557650352
2017-04-19 04:30:00,0.3576595744680851,0.5688608815436633
2017-04-19 04:45:00,0.3576595744680851,0.5656460018671405
2017-04-19 05:00:00,0.3576595744680851,0.5515880955699279
2017-04-19 05:15:00,0.3576595744680851,0.5407045179822051
2017-04-19 05:30:00,0.3576595744680851,0.5296376792378888
2017-04-19 05:45:00,0.3576595744680851,0.5191682452563678
2017-04-19 06:00:00,0.3576595744680851,0.5108578533235272
2017-04-19 06:15:00,0.35448742746615086,0.4974039487973046
2017-04-19 06:30:00,0.35290135396518374,0.48689028253442695
2017-04-19 06:45:00,0.3497292069632495,0.4767646003767007
2017-04-19 07:00:00,0.343384912959381,0.4679103235431884
2017-04-19 07:15:00,0.33545454545454545,0.4536600224357646
2017-04-19 07:30:00,0.9988888888888889,0.4119948923177285
2017-04-19 07:45:00,0.9988888888888889,0.3835400993753002
2017-04-19 08:00:00,0.9988888888888889,0.3494107471242578
2017-04-19 08:15:00,0.9988888888888889,0.3363349839292389
2017-04-19 08:30:00,0.9988888888888889,0.3192933601829581
2017-04-19 08:45:00,0.9988888888888889,0.3066743726333574
2017-04-19 09:00:00,0.9988888888888889,0.2924283090912949
2017-04-19 09:15:00,0.9988888888888889,0.2783314063835401
2017-04-19 09:30:00,0.9988888888888889,0.26185631620203415
2017-04-19 09:45:00,0.9988888888888889,0.2561195795841515
2017-04-19 10:00:00,0.9988888888888889,0.25253732781817106
2017-04-19 10:15:00,0.9988888888888889,0.25724397981498215
2017-04-19 10:30:00,0.9988888888888889,0.2541862089676784
2017-04-19 10:45:00,0.9988888888888889,0.253515821135517
2017-04-19 11:00:00,0.9988888888888889,0.25711784027687634
2017-04-19 11:15:00,0.9988888888888889,0.22885377303351556
2017-04-19 11:30:00,0.9988888888888889,0.20419438457000164
2017-04-19 11:45:00,0.9988888888888889,0.2039050629592329
2017-04-19 12:00:00,0.9988888888888889,0.20583322458497177
2017-04-19 12:15:00,0.9988888888888889,0.2064584764113245
2017-04-19 12:30:00,0.9988888888888889,0.20624199589222234
2017-04-19 12:45:00,0.9988888888888889,0.2110548933083267
2017-04-19 13:00:00,0.9988888888888889,0.20747368067803057
2017-04-19 13:15:00,0.9988888888888889,0.20434679721326
2017-04-19 13:30:00,0.9988888888888889,0.2149811344088063
2017-04-19 13:45:00,0.9988888888888889,0.23487480874958727
2017-04-19 14:00:00,0.9988888888888889,0.27602754075284985
2017-04-19 14:15:00,0.9988888888888889,0.27565340495237894
2017-04-19 14:30:00,0.9988888888888889,0.28893140510712917
2017-04-19 14:45:00,0.9988888888888889,0.2877166499573413
2017-04-19 15:00:00,0.9988888888888889,0.28873690484388714
2017-04-19 15:15:00,0.9988888888888889,0.307463710544576
2017-04-19 15:30:00,0.9988888888888889,0.3323385528123461
2017-04-19 15:45:00,0.9988888888888889,0.3533672186197383
2017-04-19 16:00:00,0.9988888888888889,0.3617337717698093
2017-04-19 16:15:00,0.9988888888888889,0.3905282449769547
2017-04-19 16:30:00,0.9988888888888889,0.3968683992142242
2017-04-19 16:45:00,0.9988888888888889,0.432466681720769
2017-04-19 17:00:00,0.3386266924564797,0.45162740056961576
2017-04-19 17:15:00,0.343384912959381,0.4696122156868155
2017-04-19 17:30:00,0.3576595744680851,0.48215956176638264
2017-04-19 17:45:00,0.36558994197292066,0.4940415613320824
2017-04-19 18:00:00,0.36558994197292066,0.4947980302589343
2017-04-19 18:15:00,0.36558994197292066,0.5009276883426415
2017-04-19 18:30:00,0.36558994197292066,0.5046786017601663
2017-04-19 18:45:00,0.36558994197292066,0.5028009971506461
2017-04-19 19:00:00,0.36558994197292066,0.5121879359288676
2017-04-19 19:15:00,0.36558994197292066,0.5203242564499035
2017-04-19 19:30:00,0.36558994197292066,0.5153206140557179
2017-04-19 19:45:00,0.36558994197292066,0.5167253327565038
2017-04-19 20:00:00,0.36558994197292066,0.5166749941832199
2017-04-19 20:15:00,0.36558994197292066,0.5132507570222773
2017-04-19 20:30:00,0.36558994197292066,0.5331722644754409
2017-04-19 20:45:00,0.3640038684719536,0.5332828571412436
2017-04-19 21:00:00,0.3608317214700193,0.5327626278853317
2017-04-19 21:15:00,0.35924564796905223,0.5320819378381336
2017-04-19 21:30:00,0.356073500967118,0.5303271419352339
2017-04-19 21:45:00,0.35290135396518374,0.5320833831151797
2017-04-19 22:00:00,0.3497292069632495,0.5315790590585872
2017-04-19 22:15:00,0.3449709864603482,0.5396078889703868
2017-04-19 22:30:00,0.343384912959381,0.5438891752558649
2017-04-19 22:45:00,0.3402127659574468,0.5504194750865057
2017-04-19 23:00:00,0.3386266924564797,0.5567258519808538
2017-04-19 23:15:00,0.3386266924564797,0.5534126443002214
2017-04-19 23:30:00,0.33545454545454545,0.5583153886176637
2017-04-19 23:45:00,0.33545454545454545,0.5569961996974235
2017-04-20 00:00:00,0.33704061895551257,0.5587983885430787
2017-04-20 00:15:00,0.33704061895551257,0.560486136165397
2017-04-20 00:30:00,0.33704061895551257,0.5625518737086006
2017-04-20 00:45:00,0.33704061895551257,0.5651465402817525
2017-04-20 01:00:00,0.33704061895551257,0.5682399765888211
2017-04-20 01:15:00,0.33704061895551257,0.5699488962737109
2017-04-20 01:30:00,0.33704061895551257,0.5715260298958219
2017-04-20 01:45:00,0.33704061895551257,0.5707206311248192
2017-04-20 02:00:00,0.33704061895551257,0.5691170758756111
2017-04-20 02:15:00,0.33704061895551257,0.5654368022345437
2017-04-20 02:30:00,0.33704061895551257,0.5669090604600093
2017-04-20 02:45:00,0.33704061895551257,0.5642037161447466
2017-04-20 03:00:00,0.33704061895551257,0.559790450422851
2017-04-20 03:15:00,0.33704061895551257,0.5588064799029614
2017-04-20 03:30:00,0.33704061895551257,0.5560107098825853
2017-04-20 03:45:00,0.33704061895551257,0.5540849966594196
2017-04-20 04:00:00,0.33704061895551257,0.5404915181152511
2017-04-20 04:15:00,0.33704061895551257,0.5361707047599992
2017-04-20 04:30:00,0.33704061895551257,0.528989470113916
2017-04-20 04:45:00,0.33704061895551257,0.5197960385165546
2017-04-20 05:00:00,0.33704061895551257,0.5021097017059732
2017-04-20 05:15:00,0.33704061895551257,0.4896134155799452
2017-04-20 05:30:00,0.33704061895551257,0.4825920351414679
2017-04-20 05:45:00,0.33704061895551257,0.4777414503246229
2017-04-20 06:00:00,0.33704061895551257,0.4687814684017922
2017-04-20 06:15:00,0.33704061895551257,0.46225509849514357
2017-04-20 06:30:00,0.33704061895551257,0.4573398200769713
2017-04-20 06:45:00,0.33704061895551257,0.45314818909953
2017-04-20 07:00:00,0.9988888888888889,0.4386948948563291
2017-04-20 07:15:00,0.9988888888888889,0.40941749790309123
2017-04-20 07:30:00,0.9988888888888889,0.36092417982157116
2017-04-20 07:45:00,0.9988888888888889,0.3231960052080695
2017-04-20 08:00:00,0.9988888888888889,0.2899235585330615
2017-04-20 08:15:00,0.9988888888888889,0.2587546063964928
2017-04-20 08:30:00,0.9988888888888889,0.2427711363343961
2017-04-20 08:45:00,0.9988888888888889,0.2189745122909386
2017-04-20 09:00:00,0.9988888888888889,0.19253445650442721
2017-04-20 09:15:00,0.041,0.1681043985623729
2017-04-20 09:30:00,0.041,0.16850366829935456
2017-04-20 09:45:00,0.041,0.16811970497972503
2017-04-20 10:00:00,0.041,0.1718234927864991
2017-04-20 10:15:00,0.041,0.1741100748467074
2017-04-20 10:30:00,0.041,0.179905717246694
2017-04-20 10:45:00,0.041,0.17914147018384022
2017-04-20 11:00:00,0.041,0.1785365935892259
2017-04-20 11:15:00,0.041,0.17787951366044458
2017-04-20 11:30:00,0.041,0.1782712405007111
2017-04-20 11:45:00,0.041,0.1726667810696798
2017-04-20 12:00:00,0.041,0.17234371219058836
2017-04-20 12:15:00,0.041,0.17251482545976854
2017-04-20 12:30:00,0.041,0.17457309280925093
2017-04-20 12:45:00,0.041,0.17598288147641541
2017-04-20 13:00:00,0.041,0.1761726573608822
2017-04-20 13:15:00,0.041,0.1755158514533959
2017-04-20 13:30:00,0.041,0.1768371405646581
2017-04-20 13:45:00,0.041,0.17791758415929465
2017-04-20 14:00:00,0.9988888888888889,0.21721833834062973
2017-04-20 14:15:00,0.9988888888888889,0.22747459693374472
2017-04-20 14:30:00,0.9988888888888889,0.23692924689509387
2017-04-20 14:45:00,0.9988888888888889,0.2455555652456231
2017-04-20 15:00:00,0.9988888888888889,0.26170366236854525
2017-04-20 15:15:00,0.9988888888888889,0.2847370454884031
2017-04-20 15:30:00,0.9988888888888889,0.3123219683308775
2017-04-20 15:45:00,0.9988888888888889,0.34109379845108934
2017-04-20 16:00:00,0.9988888888888889,0.36893206537664625
2017-04-20 16:15:00,0.9988888888888889,0.4038344829848671
2017-04-20 16:30:00,0.9988888888888889,0.4275081127122331
2017-04-20 16:45:00,0.3386266924564797,0.45626774989788693
2017-04-20 17:00:00,0.3481431334622824,0.4696027307988017
2017-04-20 17:15:00,0.35448742746615086,0.4794706592959181
2017-04-20 17:30:00,0.35448742746615086,0.49415928026387984
2017-04-20 17:45:00,0.36558994197292066,0.5017683582631812
2017-04-20 18:00:00,0.37352030947775633,0.5114280100575662
2017-04-20 18:15:00,0.37827852998065764,0.5215460253104695
2017-04-20 18:30:00,0.37827852998065764,0.5248256332800307
2017-04-20 18:45:00,0.37827852998065764,0.5267035584247157
2017-04-20 19:00:00,0.37827852998065764,0.5350250821479776
2017-04-20 19:15:00,0.37827852998065764,0.5307889139658559
2017-04-20 19:30:00,0.37827852998065764,0.5534340095710817
2017-04-20 19:45:00,0.37827852998065764,0.5582991590852956
2017-04-20 20:00:00,0.37827852998065764,0.5552997248596079
2017-04-20 20:15:00,0.4536363636363636,0.574701480569109
2017-04-20 20:30:00,0.37827852998065764,0.5602184295980464
2017-04-20 20:45:00,0.37827852998065764,0.5604040414310637
2017-04-20 21:00:00,0.37827852998065764,0.5612621217341687
2017-04-20 21:15:00,0.37827852998065764,0.5734530873075121
2017-04-20 21:30:00,0.37510638297872334,0.5791524749445771
2017-04-20 21:45:00,0.36717601547388784,0.5797318693613079
2017-04-20 22:00:00,0.3624177949709865,0.5794544877033483
2017-04-20 22:15:00,0.3624177949709865,0.580381120191019
2017-04-20 22:30:00,0.3624177949709865,0.5815791679135327
2017-04-20 22:45:00,0.3624177949709865,0.5922172198771352
2017-04-20 23:00:00,0.3624177949709865,0.5916992627031716
2017-04-20 23:15:00,0.3624177949709865,0.60085133958804
2017-04-20 23:30:00,0.3624177949709865,0.6102433878185971
2017-04-20 23:45:00,0.3624177949709865,0.6032524429534923
2017-04-21 00:00:00,0.36558994197292066,0.604129631962647
2017-04-21 00:15:00,0.36558994197292066,0.6055408114634953
2017-04-21 00:30:00,0.36558994197292066,0.6066360879961792
2017-04-21 00:45:00,0.36558994197292066,0.6085511627946499
2017-04-21 01:00:00,0.36558994197292066,0.613310427377122
2017-04-21 01:15:00,0.36558994197292066,0.6131206576521638
2017-04-21 01:30:00,0.36558994197292066,0.6179699303543095
2017-04-21 01:45:00,0.36558994197292066,0.616671598928104
2017-04-21 02:00:00,0.36558994197292066,0.6175836139444528
2017-04-21 02:15:00,0.36558994197292066,0.6174043576837902
2017-04-21 02:30:00,0.36558994197292066,0.616424699706095
2017-04-21 02:45:00,0.36558994197292066,0.6159795167783221
2017-04-21 03:00:00,0.36558994197292066,0.6130203516916759
2017-04-21 03:15:00,0.36558994197292066,0.6131842994670758
2017-04-21 03:30:00,0.36558994197292066,0.6125498342919159
2017-04-21 03:45:00,0.36558994197292066,0.6099120203960136
2017-04-21 04:00:00,0.36558994197292066,0.6040737177542442
2017-04-21 04:15:00,0.36558994197292066,0.5982624627611893
2017-04-21 04:30:00,0.36558994197292066,0.5914434217323712
2017-04-21 04:45:00,0.36558994197292066,0.58418092598883
2017-04-21 05:00:00,0.36558994197292066,0.5719907321733441
2017-04-21 05:15:00,0.3640038684719536,0.5568386058848243
2017-04-21 05:30:00,0.3624177949709865,0.5424798174594747
2017-04-21 05:45:00,0.35924564796905223,0.5268703038655232
2017-04-21 06:00:00,0.3576595744680851,0.5119935848677727
2017-04-21 06:15:00,0.35448742746615086,0.4977848554060309
2017-04-21 06:30:00,0.3497292069632495,0.48384362277096477
2017-04-21 06:45:00,0.343384912959381,0.47114241549146413
2017-04-21 07:00:00,0.3386266924564797,0.45834074207453934
2017-04-21 07:15:00,0.9988888888888889,0.43803603161132376
2017-04-21 07:30:00,0.9988888888888889,0.40500195422112717
2017-04-21 07:45:00,0.9988888888888889,0.36969982228756115
2017-04-21 08:00:00,0.9988888888888889,0.3281238947870381
2017-04-21 08:15:00,0.9988888888888889,0.2937293420390352
2017-04-21 08:30:00,0.9988888888888889,0.26004086473752663
2017-04-21 08:45:00,0.9988888888888889,0.22656097569801706
2017-04-21 09:00:00,0.9988888888888889,0.18937263031212462
2017-04-21 09:15:00,0.041,0.17838328257603922
2017-04-21 09:30:00,0.041,0.17650720333242598
2017-04-21 09:45:00,0.041,0.17584468352361315
2017-04-21 10:00:00,0.041,0.17546556586802167
2017-04-21 10:15:00,0.9988888888888889,0.17795097676054106
2017-04-21 10:30:00,0.041,0.1741551392117909
2017-04-21 10:45:00,0.041,0.17696938636984594
2017-04-21 11:00:00,0.041,0.17945578784661634
2017-04-21 11:15:00,0.041,0.17464831889470106
2017-04-21 11:30:00,0.041,0.17942956290461098
2017-04-21 11:45:00,0.041,0.17441872978376746
2017-04-21 12:00:00,0.041,0.1822818461167707
2017-04-21 12:15:00,0.041,0.1797510641955245
2017-04-21 12:30:00,0.9988888888888889,0.18284502520013524
2017-04-21 12:45:00,0.041,0.1776977222137297
2017-04-21 13:00:00,0.041,0.1784531404836912
2017-04-21 13:15:00,0.041,0.17816683945666584
2017-04-21 13:30:00,0.9988888888888889,0.2074340243400055
2017-04-21 13:45:00,0.9988888888888889,0.2412321294502722
2017-04-21 14:00:00,0.9988888888888889,0.2720952545370011
2017-04-21 14:15:00,0.9988888888888889,0.26634284340661346
2017-04-21 14:30:00,0.9988888888888889,0.24166726208192615
2017-04-21 14:45:00,0.9988888888888889,0.24485048363126302
2017-04-21 15:00:00,0.9988888888888889,0.24476043008120282
2017-04-21 15:15:00,0.9988888888888889,0.2544919046475617
2017-04-21 15:30:00,0.9988888888888889,0.2789161010200123
2017-04-21 15:45:00,0.9988888888888889,0.30020160251867756
2017-04-21 16:00:00,0.9988888888888889,0.33102130034650856
2017-04-21 16:15:00,0.9988888888888889,0.36905177957582963
2017-04-21 16:30:00,0.9988888888888889,0.4003492998951651
2017-04-21 16:45:00,0.9988888888888889,0.4387319265686325
2017-04-21 17:00:00,0.3402127659574468,0.45907888510434186
2017-04-21 17:15:00,0.3449709864603482,0.47254392079730845
2017-04-21 17:30:00,0.3576595744680851,0.4812317245978895
2017-04-21 17:45:00,0.36717601547388784,0.4916309127203499
2017-04-21 18:00:00,0.37352030947775633,0.5039305835498785
2017-04-21 18:15:00,0.3766924564796905,0.5024580435880937
2017-04-21 18:30:00,0.3766924564796905,0.5033900481089824
2017-04-21 18:45:00,0.3766924564796905,0.5074160490129404
2017-04-21 19:00:00,0.3766924564796905,0.5196203339897729
2017-04-21 19:15:00,0.3766924564796905,0.5337965945202543
2017-04-21 19:30:00,0.3766924564796905,0.5427952637773886
2017-04-21 19:45:00,0.3766924564796905,0.5498592896746978
2017-04-21 20:00:00,0.3766924564796905,0.5570042206340184
2017-04-21 20:15:00,0.3766924564796905,0.550724716325993
2017-04-21 20:30:00,0.3766924564796905,0.5615624787700756
2017-04-21 20:45:00,0.3766924564796905,0.5646402295708534
2017-04-21 21:00:00,0.3766924564796905,0.563936937303313
2017-04-21 21:15:00,0.3766924564796905,0.5695368518204066
2017-04-21 21:30:00,0.37193423597678915,0.577958075783638
2017-04-21 21:45:00,0.37034816247582203,0.5745585778855608
2017-04-21 22:00:00,0.3624177949709865,0.5744464519058619
2017-04-21 22:15:00,0.356073500967118,0.5825985603196362
2017-04-21 22:30:00,0.356073500967118,0.5844646399037053
2017-04-21 22:45:00,0.356073500967118,0.5814695843772306
2017-04-21 23:00:00,0.35290135396518374,0.5844942106032104
2017-04-21 23:15:00,0.3481431334622824,0.5823759915814827
2017-04-21 23:30:00,0.343384912959381,0.5827791232485307
2017-04-21 23:45:00,0.3386266924564797,0.5793040293818946
2017-04-22 00:00:00,0.4536363636363636,0.5778105315669688
2017-04-22 00:15:00,0.4536363636363636,0.5739338174572528
2017-04-22 00:30:00,0.9988888888888889,0.5617228388073078
2017-04-22 00:45:00,0.9988888888888889,0.5495457721656358
2017-04-22 01:00:00,0.9988888888888889,0.5339523681756786
2017-04-22 01:15:00,0.9988888888888889,0.5339843576144161
2017-04-22 01:30:00,0.9988888888888889,0.5296366902033509
2017-04-22 01:45:00,0.9988888888888889,0.5273952208197777
2017-04-22 02:00:00,0.9988888888888889,0.5251599946664494
2017-04-22 02:15:00,0.9988888888888889,0.5183829935912391
2017-04-22 02:30:00,0.9988888888888889,0.5115800619169352
2017-04-22 02:45:00,0.9988888888888889,0.509600454467474
2017-04-22 03:00:00,0.9988888888888889,0.5043107665024862
2017-04-22 03:15:00,0.9988888888888889,0.49506752002162396
2017-04-22 03:30:00,0.9988888888888889,0.48479323809402974
2017-04-22 03:45:00,0.9988888888888889,0.4753056853215865
2017-04-22 04:00:00,0.9988888888888889,0.46850973533244683
2017-04-22 04:15:00,0.9988888888888889,0.47650770779649115
2017-04-22 04:30:00,0.9988888888888889,0.487708886330497
2017-04-22 04:45:00,0.9988888888888889,0.49769339403318763
2017-04-22 05:00:00,0.9988888888888889,0.5005225479500717
2017-04-22 05:15:00,0.9988888888888889,0.4780644028442584
2017-04-22 05:30:00,0.9988888888888889,0.45888073061163304
2017-04-22 05:45:00,0.9988888888888889,0.437363904321402
2017-04-22 06:00:00,0.9988888888888889,0.41912808117475636
2017-04-22 06:15:00,0.9988888888888889,0.37051414859420656
2017-04-22 06:30:00,0.9988888888888889,0.3288678883045257
2017-04-22 06:45:00,0.9988888888888889,0.294481339575433
2017-04-22 07:00:00,0.9988888888888889,0.2582575255453737
2017-04-22 07:15:00,0.9988888888888889,0.23973868929540185
2017-04-22 07:30:00,0.9988888888888889,0.21171924269346004
2017-04-22 07:45:00,0.041,0.19791293722427414
2017-04-22 08:00:00,0.041,0.1978669650843138
2017-04-22 08:15:00,0.041,0.20363172808622212
2017-04-22 08:30:00,0.041,0.1945878869782403
2017-04-22 08:45:00,0.041,0.19667614006547932
2017-04-22 09:00:00,0.041,0.19904663812045817
2017-04-22 09:15:00,0.041,0.1977616153933674
2017-04-22 09:30:00,0.041,0.19663410473761386
2017-04-22 09:45:00,0.041,0.19120376450596194
2017-04-22 10:00:00,0.041,0.18962212968150047
2017-04-22 10:15:00,0.041,0.19223251648474973
2017-04-22 10:30:00,0.041,0.19271552906119657
2017-04-22 10:45:00,0.041,0.19309959694162973
2017-04-22 11:00:00,0.041,0.19384482709643452
2017-04-22 11:15:00,0.041,0.19812794106180134
2017-04-22 11:30:00,0.041,0.1970003562006319
2017-04-22 11:45:00,0.041,0.19541544237474107
2017-04-22 12:00:00,0.041,0.19746100721245716
2017-04-22 12:15:00,0.041,0.1944806311125675
2017-04-22 12:30:00,0.041,0.1968494654619928
2017-04-22 12:45:00,0.041,0.19853481132773074
2017-04-22 13:00:00,0.041,0.1997797273557898
2017-04-22 13:15:00,0.041,0.19959484295687496
2017-04-22 13:30:00,0.041,0.20182865104623146
2017-04-22 13:45:00,0.041,0.20726767984753772
2017-04-22 14:00:00,0.041,0.2000086991136232
2017-04-22 14:15:00,0.041,0.19956497929864678
2017-04-22 14:30:00,0.041,0.20253425215350293
2017-04-22 14:45:00,0.041,0.20089895615871106
2017-04-22 15:00:00,0.041,0.20021136818212534
2017-04-22 15:15:00,0.041,0.200346772242675
2017-04-22 15:30:00,0.041,0.1983273668107169
2017-04-22 15:45:00,0.041,0.19760504267780304
2017-04-22 16:00:00,0.041,0.1959116513257257
2017-04-22 16:15:00,0.9988888888888889,0.21617757717511446
2017-04-22 16:30:00,0.9988888888888889,0.2665973287483829
2017-04-22 16:45:00,0.9988888888888889,0.31741405379404075
2017-04-22 17:00:00,0.9988888888888889,0.36574467811310846
2017-04-22 17:15:00,0.9988888888888889,0.40581669908456003
2017-04-22 17:30:00,0.9988888888888889,0.44030736982095514
2017-04-22 17:45:00,0.9988888888888889,0.4736634955496123
2017-04-22 18:00:00,0.4536363636363636,0.500400576851928
2017-04-22 18:15:00,0.4536363636363636,0.5111205904764929
2017-04-22 18:30:00,0.4536363636363636,0.5219032021210269
2017-04-22 18:45:00,0.9988888888888889,0.5030825874091773
2017-04-22 19:00:00,0.9988888888888889,0.5080348844114063
2017-04-22 19:15:00,0.9988888888888889,0.5190097858948253
2017-04-22 19:30:00,0.9988888888888889,0.5134153120334328
2017-04-22 19:45:00,0.9988888888888889,0.5166188562182547
2017-04-22 20:00:00,0.4536363636363636,0.5844782200718587
2017-04-22 20:15:00,0.9988888888888889,0.5253785055914098
2017-04-22 20:30:00,0.4536363636363636,0.5741393890965258
2017-04-22 20:45:00,0.4536363636363636,0.5801146395875747
2017-04-22 21:00:00,0.4536363636363636,0.5762159748372138
2017-04-22 21:15:00,0.4536363636363636,0.5814934889853117
2017-04-22 21:30:00,0.4536363636363636,0.5871075628179566
2017-04-22 21:45:00,0.4536363636363636,0.5915353213331224
2017-04-22 22:00:00,0.9988888888888889,0.5983907993010387
2017-04-22 22:15:00,0.9988888888888889,0.5953309116160033
2017-04-22 22:30:00,0.9988888888888889,0.5971291310360071
2017-04-22 22:45:00,0.9988888888888889,0.5997592511618044
2017-04-22 23:00:00,0.9988888888888889,0.5990576774405337
2017-04-22 23:15:00,0.9988888888888889,0.5971350183094574
2017-04-22 23:30:00,0.9988888888888889,0.5927154447620296
2017-04-22 23:45:00,0.9988888888888889,0.5937455127164168
2017-04-23 00:00:00,0.9988888888888889,0.5972085716500808
2017-04-23 00:15:00,0.9988888888888889,0.5945208919328097
2017-04-23 00:30:00,0.9988888888888889,0.5850584491344111
2017-04-23 00:45:00,0.9988888888888889,0.5787777561958035
2017-04-23 01:00:00,0.9988888888888889,0.5729790830934373
2017-04-23 01:15:00,0.9988888888888889,0.574311710909249
2017-04-23 01:30:00,0.9988888888888889,0.5785006509373795
2017-04-23 01:45:00,0.9988888888888889,0.5827517726388557
2017-04-23 02:00:00,0.9988888888888889,0.5890849050871982
2017-04-23 02:15:00,0.9988888888888889,0.5929994454942696
2017-04-23 02:30:00,0.9988888888888889,0.59677923343772
2017-04-23 02:45:00,0.9988888888888889,0.6041622666656882
2017-04-23 03:00:00,0.9988888888888889,0.6092690021912501
2017-04-23 03:15:00,0.9988888888888889,0.6115684187485663
2017-04-23 03:30:00,0.9988888888888889,0.6170947355393951
2017-04-23 03:45:00,0.9988888888888889,0.6193294837185016
2017-04-23 04:00:00,0.9988888888888889,0.6233774243924702
2017-04-23 04:15:00,0.9988888888888889,0.6075938917824432
2017-04-23 04:30:00,0.9988888888888889,0.586194358081271
2017-04-23 04:45:00,0.9988888888888889,0.5665725977290896
2017-04-23 05:00:00,0.9988888888888889,0.5445635961102644
2017-04-23 05:15:00,0.9988888888888889,0.5266728496410672
2017-04-23 05:30:00,0.9988888888888889,0.511327187151099
2017-04-23 05:45:00,0.9988888888888889,0.49838420729706645
2017-04-23 06:00:00,0.9988888888888889,0.4793549965538806
2017-04-23 06:15:00,0.9988888888888889,0.42504796373209136
2017-04-23 06:30:00,0.9988888888888889,0.3854860287144315
2017-04-23 06:45:00,0.9988888888888889,0.33879019211255407
2017-04-23 07:00:00,0.9988888888888889,0.3068704654290135
2017-04-23 07:15:00,0.9988888888888889,0.26406906269259467
2017-04-23 07:30:00,0.041,0.23307780333581915
2017-04-23 07:45:00,0.041,0.2353253218394951
2017-04-23 08:00:00,0.041,0.23116164612297477
2017-04-23 08:15:00,0.041,0.22671775103422426
2017-04-23 08:30:00,0.041,0.22532144845737534
2017-04-23 08:45:00,0.041,0.22118971378949223
2017-04-23 09:00:00,0.041,0.21933517864835186
2017-04-23 09:15:00,0.041,0.22235374406252617
2017-04-23 09:30:00,0.041,0.21987722666135132
2017-04-23 09:45:00,0.041,0.21587343454696079
2017-04-23 10:00:00,0.041,0.21591438856745734
2017-04-23 10:15:00,0.041,0.2135727107532689
2017-04-23 10:30:00,0.041,0.20927749785916144
2017-04-23 10:45:00,0.041,0.210507743660709
2017-04-23 11:00:00,0.041,0.20703970290959525
2017-04-23 11:15:00,0.041,0.2065132736067197
2017-04-23 11:30:00,0.041,0.20686960864879944
2017-04-23 11:45:00,0.041,0.20952631956162243
2017-04-23 12:00:00,0.041,0.20993467949471928
2017-04-23 12:15:00,0.041,0.21899682950317387
2017-04-23 12:30:00,0.041,0.21719633892652226
2017-04-23 12:45:00,0.041,0.22231955125005376
2017-04-23 13:00:00,0.041,0.22144291492190668
2017-04-23 13:15:00,0.041,0.2177838091548636
2017-04-23 13:30:00,0.041,0.22501227917461097
2017-04-23 13:45:00,0.041,0.22616669961366892
2017-04-23 14:00:00,0.041,0.22768241674449416
2017-04-23 14:15:00,0.041,0.22057346611564388
2017-04-23 14:30:00,0.041,0.22085952554938088
2017-04-23 14:45:00,0.041,0.22268083428099888
2017-04-23 15:00:00,0.041,0.22270059321870528
2017-04-23 15:15:00,0.041,0.22537622344956085
2017-04-23 15:30:00,0.041,0.22006301601349726
2017-04-23 15:45:00,0.041,0.22109168790068037
2017-04-23 16:00:00,0.041,0.21766986522100515
2017-04-23 16:15:00,0.9988888888888889,0.22150381173334519
2017-04-23 16:30:00,0.9988888888888889,0.25093905975509556
2017-04-23 16:45:00,0.9988888888888889,0.29158121832961786
2017-04-23 17:00:00,0.9988888888888889,0.3385098009720471
2017-04-23 17:15:00,0.9988888888888889,0.36585258196316794
2017-04-23 17:30:00,0.9988888888888889,0.40061362297231023
2017-04-23 17:45:00,0.9988888888888889,0.42219402615080937
2017-04-23 18:00:00,0.9988888888888889,0.44239093863102275
2017-04-23 18:15:00,0.9988888888888889,0.47581564967300227
2017-04-23 18:30:00,0.9988888888888889,0.5154586877890411
2017-04-23 18:45:00,0.9988888888888889,0.5418111066131583
2017-04-23 19:00:00,0.9988888888888889,0.5378388339919786
2017-04-23 19:15:00,0.9988888888888889,0.5367097709596956
2017-04-23 19:30:00,0.9988888888888889,0.5448720242902145
2017-04-23 19:45:00,0.9988888888888889,0.5399246324536398
2017-04-23 20:00:00,0.9988888888888889,0.5325222976950554
2017-04-23 20:15:00,0.9988888888888889,0.528351853782538
2017-04-23 20:30:00,0.9988888888888889,0.5329299241538309
2017-04-23 20:45:00,0.9988888888888889,0.5645736349174942
2017-04-23 21:00:00,0.9988888888888889,0.5459310228202832
2017-04-23 21:15:00,0.9988888888888889,0.5521308660909351
2017-04-23 21:30:00,0.9988888888888889,0.5662836265249276
2017-04-23 21:45:00,0.9988888888888889,0.5559152815592777
2017-04-23 22:00:00,0.9988888888888889,0.5570059881463405
2017-04-23 22:15:00,0.9988888888888889,0.5558797905074362
2017-04-23 22:30:00,0.9988888888888889,0.5748628802870599
2017-04-23 22:45:00,0.9988888888888889,0.5867518919359184
2017-04-23 23:00:00,0.9988888888888889,0.5881132044077473
2017-04-23 23:15:00,0.9988888888888889,0.5752825612625446
2017-04-23 23:30:00,0.9988888888888889,0.5770392244444793
2017-04-23 23:45:00,0.9988888888888889,0.5885327886723805
2017-04-24 00:00:00,0.3449709864603482,0.626110509138212
2017-04-24 00:15:00,0.3449709864603482,0.6295170870468246
2017-04-24 00:30:00,0.3449709864603482,0.6336723660978603
2017-04-24 00:45:00,0.3449709864603482,0.6385710550537156
2017-04-24 01:00:00,0.3449709864603482,0.6390215684135285
2017-04-24 01:15:00,0.3449709864603482,0.6366431681918657
2017-04-24 01:30:00,0.3449709864603482,0.632666338308326
2017-04-24 01:45:00,0.3449709864603482,0.6315391165199661
2017-04-24 02:00:00,0.3449709864603482,0.6261509113647958
2017-04-24 02:15:00,0.3449709864603482,0.6249155347125006
2017-04-24 02:30:00,0.3449709864603482,0.6258391076529538
2017-04-24 02:45:00,0.3449709864603482,0.6264304167968919
2017-04-24 03:00:00,0.34655705996131525,0.6313371638538615
2017-04-24 03:15:00,0.34655705996131525,0.6202763482463663
2017-04-24 03:30:00,0.34655705996131525,0.6093942844529149
2017-04-24 03:45:00,0.34655705996131525,0.5976869913144698
2017-04-24 04:00:00,0.35290135396518374,0.5839005055104513
2017-04-24 04:15:00,0.35448742746615086,0.5787602188858058
2017-04-24 04:30:00,0.35448742746615086,0.5738894753046763
2017-04-24 04:45:00,0.4536363636363636,0.5744907961323761
2017-04-24 05:00:00,0.35448742746615086,0.5370399209682558
2017-04-24 05:15:00,0.35448742746615086,0.5154263364353707
2017-04-24 05:30:00,0.35448742746615086,0.5038453259002902
2017-04-24 05:45:00,0.35448742746615086,0.49540668083992334
2017-04-24 06:00:00,0.35448742746615086,0.4958337144409362
2017-04-24 06:15:00,0.35448742746615086,0.4917569742109064
2017-04-24 06:30:00,0.35448742746615086,0.4871229061620251
2017-04-24 06:45:00,0.35448742746615086,0.47464308457240506
2017-04-24 07:00:00,0.35448742746615086,0.45810027344275456
2017-04-24 07:15:00,0.3481431334622824,0.44434020445576056
2017-04-24 07:30:00,0.3417988394584139,0.43221264289862693
2017-04-24 07:45:00,0.9988888888888889,0.41675339062321565
2017-04-24 08:00:00,0.9988888888888889,0.38198233484540384
2017-04-24 08:15:00,0.9988888888888889,0.32831376785365424
2017-04-24 08:30:00,0.9988888888888889,0.29827446567843396
2017-04-24 08:45:00,0.9988888888888889,0.2780420803344491
2017-04-24 09:00:00,0.9988888888888889,0.2370750174335684
2017-04-24 09:15:00,0.9988888888888889,0.22108559519820759
2017-04-24 09:30:00,0.9988888888888889,0.20610824650317675
2017-04-24 09:45:00,0.9988888888888889,0.18648693101075905
2017-04-24 10:00:00,0.9988888888888889,0.17513619193047647
2017-04-24 10:15:00,0.041,0.17055507983131715
2017-04-24 10:30:00,0.9988888888888889,0.17401264234452699
2017-04-24 10:45:00,0.9988888888888889,0.17615135340062893
2017-04-24 11:00:00,0.9988888888888889,0.17636307119563216
2017-04-24 11:15:00,0.9988888888888889,0.17537166319565756
2017-04-24 11:30:00,0.9988888888888889,0.1732079920845455
2017-04-24 11:45:00,0.9988888888888889,0.17496992192128544
2017-04-24 12:00:00,0.041,0.17315177066077417
2017-04-24 12:15:00,0.041,0.1716511641577867
2017-04-24 12:30:00,0.041,0.17081503143595195
2017-04-24 12:45:00,0.9988888888888889,0.17487673900820835
2017-04-24 13:00:00,0.9988888888888889,0.17370836343535712
2017-04-24 13:15:00,0.9988888888888889,0.17411280823721212
2017-04-24 13:30:00,0.9988888888888889,0.17282402722009882
2017-04-24 13:45:00,0.041,0.1752396011890252
2017-04-24 14:00:00,0.9988888888888889,0.2040385709572657
2017-04-24 14:15:00,0.9988888888888889,0.2278983727181033
2017-04-24 14:30:00,0.9988888888888889,0.2485525094962848
2017-04-24 14:45:00,0.9988888888888889,0.267999790412687
2017-04-24 15:00:00,0.9988888888888889,0.2874235110093227
2017-04-24 15:15:00,0.9988888888888889,0.3001950716652791
2017-04-24 15:30:00,0.9988888888888889,0.2995288375884781
2017-04-24 15:45:00,0.9988888888888889,0.30382215517015015
2017-04-24 16:00:00,0.9988888888888889,0.3141311408943029
2017-04-24 16:15:00,0.9988888888888889,0.3510855391146457
2017-04-24 16:30:00,0.9988888888888889,0.3906253103808405
2017-04-24 16:45:00,0.9988888888888889,0.4370481103319046
2017-04-24 17:00:00,0.3417988394584139,0.4663518724714478
2017-04-24 17:15:00,0.3449709864603482,0.4788048389595542
2017-04-24 17:30:00,0.35448742746615086,0.48846256783561554
2017-04-24 17:45:00,0.3640038684719536,0.4963483641135018
2017-04-24 18:00:00,0.3687620889748549,0.5099747764456972
2017-04-24 18:15:00,0.3687620889748549,0.5113510663047613
2017-04-24 18:30:00,0.3687620889748549,0.5135313433817721
2017-04-24 18:45:00,0.3687620889748549,0.5092423389085
2017-04-24 19:00:00,0.3687620889748549,0.5101084105705771
2017-04-24 19:15:00,0.3687620889748549,0.5271862215239134
2017-04-24 19:30:00,0.3687620889748549,0.5391345214947001
2017-04-24 19:45:00,0.3687620889748549,0.5329935402157826
2017-04-24 20:00:00,0.3687620889748549,0.5389951170658225
2017-04-24 20:15:00,0.3687620889748549,0.5492660048316508
2017-04-24 20:30:00,0.3687620889748549,0.541282972366894
2017-04-24 20:45:00,0.3687620889748549,0.557444433241776
2017-04-24 21:00:00,0.3687620889748549,0.5544275367138239
2017-04-24 21:15:00,0.36717601547388784,0.5674278701010794
2017-04-24 21:30:00,0.36558994197292066,0.5801746361934985
2017-04-24 21:45:00,0.36558994197292066,0.5767758932122301
2017-04-24 22:00:00,0.3608317214700193,0.586006349417173
2017-04-24 22:15:00,0.356073500967118,0.5932628953456899
2017-04-24 22:30:00,0.356073500967118,0.5922681188553085
2017-04-24 22:45:00,0.356073500967118,0.5903507411327708
2017-04-24 23:00:00,0.356073500967118,0.5912893275248365
2017-04-24 23:15:00,0.356073500967118,0.5884449381418895
2017-04-24 23:30:00,0.356073500967118,0.6003144168125866
2017-04-24 23:45:00,0.356073500967118,0.6132217600860806
2017-04-25 00:00:00,0.356073500967118,0.5989586740317213
2017-04-25 00:15:00,0.356073500967118,0.601781426501953
2017-04-25 00:30:00,0.356073500967118,0.6026718692670173
2017-04-25 00:45:00,0.356073500967118,0.605498872239371
2017-04-25 01:00:00,0.356073500967118,0.6142524467484792
2017-04-25 01:15:00,0.356073500967118,0.6168223266871483
2017-04-25 01:30:00,0.356073500967118,0.611776473307184
2017-04-25 01:45:00,0.356073500967118,0.6099570212142932
2017-04-25 02:00:00,0.356073500967118,0.6066818056246029
2017-04-25 02:15:00,0.356073500967118,0.6044999920195839
2017-04-25 02:30:00,0.356073500967118,0.602211109466581
2017-04-25 02:45:00,0.356073500967118,0.6031152373618354
2017-04-25 03:00:00,0.356073500967118,0.6015613970485865
2017-04-25 03:15:00,0.356073500967118,0.5976155217396921
2017-04-25 03:30:00,0.356073500967118,0.5917491687979325
2017-04-25 03:45:00,0.356073500967118,0.5878803247361525
2017-04-25 04:00:00,0.356073500967118,0.5816058016442552
2017-04-25 04:15:00,0.356073500967118,0.5768510322127018
2017-04-25 04:30:00,0.356073500967118,0.5693192363267133
2017-04-25 04:45:00,0.356073500967118,0.5599914738494137
2017-04-25 05:00:00,0.356073500967118,0.5467333732604196
2017-04-25 05:15:00,0.356073500967118,0.5299258089186275
2017-04-25 05:30:00,0.356073500967118,0.5195688933712755
2017-04-25 05:45:00,0.356073500967118,0.5071005799178817
2017-04-25 06:00:00,0.356073500967118,0.4963744500319889
2017-04-25 06:15:00,0.356073500967118,0.4918121978386228
2017-04-25 06:30:00,0.35290135396518374,0.47824084325004684
2017-04-25 06:45:00,0.3449709864603482,0.46292717419385676
2017-04-25 07:00:00,0.33704061895551257,0.44610260114287753
2017-04-25 07:15:00,0.9988888888888889,0.40928949260522174
2017-04-25 07:30:00,0.9988888888888889,0.36654252795873055
2017-04-25 07:45:00,0.9988888888888889,0.32826955139594627
2017-04-25 08:00:00,0.9988888888888889,0.28314616596692604
2017-04-25 08:15:00,0.9988888888888889,0.2512135759310575
2017-04-25 08:30:00,0.9988888888888889,0.2289229234069095
2017-04-25 08:45:00,0.9988888888888889,0.20203346405594336
2017-04-25 09:00:00,0.041,0.17814678653371438
2017-04-25 09:15:00,0.041,0.17580003801149677
2017-04-25 09:30:00,0.041,0.17427154570687514
2017-04-25 09:45:00,0.041,0.1826497252289484
2017-04-25 10:00:00,0.041,0.18116274103186983
2017-04-25 10:15:00,0.041,0.17888752519635004
2017-04-25 10:30:00,0.041,0.17360627674390353
2017-04-25 10:45:00,0.041,0.17652702247414798
2017-04-25 11:00:00,0.041,0.1793329462663888
2017-04-25 11:15:00,0.041,0.17468313049174233
2017-04-25 11:30:00,0.9988888888888889,0.17738570619647698
2017-04-25 11:45:00,0.041,0.17721536220979317
2017-04-25 12:00:00,0.9988888888888889,0.20246415821702302
2017-04-25 12:15:00,0.9988888888888889,0.23543710024441208
2017-04-25 12:30:00,0.9988888888888889,0.2669004594320375
2017-04-25 12:45:00,0.9988888888888889,0.2988237184071971
2017-04-25 13:00:00,0.9988888888888889,0.34686821632116216
2017-04-25 13:15:00,0.9988888888888889,0.3720600120919526
2017-04-25 13:30:00,0.9988888888888889,0.39992996216850485
2017-04-25 13:45:00,0.9988888888888889,0.4212512320609028
2017-04-25 14:00:00,0.9988888888888889,0.440953823388618
2017-04-25 14:15:00,0.9988888888888889,0.444964734781498
2017-04-25 14:30:00,0.9988888888888889,0.44433002807295013
2017-04-25 14:45:00,0.9988888888888889,0.4505776992034732
2017-04-25 15:00:00,0.9988888888888889,0.45517154579269775
2017-04-25 15:15:00,0.9988888888888889,0.4491926917091423
2017-04-25 15:30:00,0.9988888888888889,0.450930888089513
2017-04-25 15:45:00,0.9988888888888889,0.4470057058972727
2017-04-25 16:00:00,0.9988888888888889,0.43948290399775325
2017-04-25 16:15:00,0.33545454545454545,0.46116132801455806
2017-04-25 16:30:00,0.3402127659574468,0.46961105252538493
2017-04-25 16:45:00,0.3513152804642166,0.4759959199155944
2017-04-25 17:00:00,0.3576595744680851,0.48366689984005096
2017-04-25 17:15:00,0.3640038684719536,0.4919959577738191
2017-04-25 17:30:00,0.37193423597678915,0.49898523196929934
2017-04-25 17:45:00,0.37510638297872334,0.5084430031261736
2017-04-25 18:00:00,0.3766924564796905,0.5180233727459567
2017-04-25 18:15:00,0.3766924564796905,0.5263375445737241
2017-04-25 18:30:00,0.3766924564796905,0.5283076204719626
2017-04-25 18:45:00,0.3766924564796905,0.529702915912028
2017-04-25 19:00:00,0.3766924564796905,0.5272288465290823
2017-04-25 19:15:00,0.3766924564796905,0.5327293989049078
2017-04-25 19:30:00,0.3766924564796905,0.5384338590203013
2017-04-25 19:45:00,0.3766924564796905,0.5389479173053259
2017-04-25 20:00:00,0.3766924564796905,0.5593411514148785
2017-04-25 20:15:00,0.3766924564796905,0.5641945561519158
2017-04-25 20:30:00,0.3766924564796905,0.5498718819431911
2017-04-25 20:45:00,0.3766924564796905,0.5535535465265904
2017-04-25 21:00:00,0.3766924564796905,0.562458835211048
2017-04-25 21:15:00,0.3766924564796905,0.5681451214730466
2017-04-25 21:30:00,0.37510638297872334,0.5788654442231413
2017-04-25 21:45:00,0.37193423597678915,0.5834590087476683
2017-04-25 22:00:00,0.3687620889748549,0.5868267530099872
2017-04-25 22:15:00,0.3640038684719536,0.5912086016042618
2017-04-25 22:30:00,0.35924564796905223,0.5932483241191839
2017-04-25 22:45:00,0.35290135396518374,0.6036818404121613
2017-04-25 23:00:00,0.34655705996131525,0.6106470054391518
2017-04-25 23:15:00,0.34655705996131525,0.5872933575053693
2017-04-25 23:30:00,0.3417988394584139,0.569612838130499
2017-04-25 23:45:00,0.33704061895551257,0.5564071335544608
2017-04-26 00:00:00,0.33704061895551257,0.5627969458305742
2017-04-26 00:15:00,0.33704061895551257,0.5719249672056974
2017-04-26 00:30:00,0.33704061895551257,0.5708090846152748
2017-04-26 00:45:00,0.33704061895551257,0.5751525632523805
2017-04-26 01:00:00,0.33704061895551257,0.5790870099262325
2017-04-26 01:15:00,0.33704061895551257,0.5794820956112241
2017-04-26 01:30:00,0.33704061895551257,0.576547477787117
2017-04-26 01:45:00,0.33704061895551257,0.5769859639483363
2017-04-26 02:00:00,0.33704061895551257,0.572719889646333
2017-04-26 02:15:00,0.33704061895551257,0.5731911043093392
2017-04-26 02:30:00,0.33704061895551257,0.5734302675114162
2017-04-26 02:45:00,0.33704061895551257,0.5717084579973615
2017-04-26 03:00:00,0.33704061895551257,0.5695574128268699
2017-04-26 03:15:00,0.33704061895551257,0.5683054224008155
2017-04-26 03:30:00,0.33704061895551257,0.5634318340120724
2017-04-26 03:45:00,0.33704061895551257,0.5571216247075136
2017-04-26 04:00:00,0.33704061895551257,0.5465502990017068
2017-04-26 04:15:00,0.33704061895551257,0.5381060542722786
2017-04-26 04:30:00,0.33704061895551257,0.5312450011752793
2017-04-26 04:45:00,0.33704061895551257,0.5177729366019721
2017-04-26 05:00:00,0.33704061895551257,0.49410685244622315
2017-04-26 05:15:00,0.33704061895551257,0.4819939364223055
2017-04-26 05:30:00,0.33704061895551257,0.47377378875886417
2017-04-26 05:45:00,0.33704061895551257,0.46335061838339003
2017-04-26 06:00:00,0.33704061895551257,0.45483139239308096
2017-04-26 06:15:00,0.33545454545454545,0.44502060316491865
2017-04-26 06:30:00,0.9988888888888889,0.41923573354104743
2017-04-26 06:45:00,0.9988888888888889,0.39192885010629164
2017-04-26 07:00:00,0.9988888888888889,0.3632723227935816
2017-04-26 07:15:00,0.9988888888888889,0.33230494088517376
2017-04-26 07:30:00,0.9988888888888889,0.30217800359290786
2017-04-26 07:45:00,0.9988888888888889,0.2910134988851314
2017-04-26 08:00:00,0.9988888888888889,0.26346047434066905
2017-04-26 08:15:00,0.9988888888888889,0.2541850163566115
2017-04-26 08:30:00,0.9988888888888889,0.24722261804425327
2017-04-26 08:45:00,0.9988888888888889,0.23905130158090981
2017-04-26 09:00:00,0.9988888888888889,0.22342895343085054
2017-04-26 09:15:00,0.9988888888888889,0.2221544565184497
2017-04-26 09:30:00,0.9988888888888889,0.22081210178750663
2017-04-26 09:45:00,0.9988888888888889,0.22838025826327374
2017-04-26 10:00:00,0.9988888888888889,0.23451563409235957
2017-04-26 10:15:00,0.9988888888888889,0.22830618200829011
2017-04-26 10:30:00,0.9988888888888889,0.2128541058220482
2017-04-26 10:45:00,0.9988888888888889,0.20430322450528646
2017-04-26 11:00:00,0.9988888888888889,0.20306623000657398
2017-04-26 11:15:00,0.9988888888888889,0.20000115006766053
2017-04-26 11:30:00,0.9988888888888889,0.20419237007134428
2017-04-26 11:45:00,0.9988888888888889,0.21335704587331988
2017-04-26 12:00:00,0.9988888888888889,0.21890400533719645
2017-04-26 12:15:00,0.9988888888888889,0.21468234683574106
2017-04-26 12:30:00,0.9988888888888889,0.22248331287677697
2017-04-26 12:45:00,0.9988888888888889,0.2246455644623092
2017-04-26 13:00:00,0.9988888888888889,0.22428642818415637
2017-04-26 13:15:00,0.9988888888888889,0.2107100585435758
2017-04-26 13:30:00,0.9988888888888889,0.20907249165721278
2017-04-26 13:45:00,0.9988888888888889,0.2249986263512959
2017-04-26 14:00:00,0.9988888888888889,0.2454087499613587
2017-04-26 14:15:00,0.9988888888888889,0.24996484786959386
2017-04-26 14:30:00,0.9988888888888889,0.2554699604507032
2017-04-26 14:45:00,0.9988888888888889,0.26322233713833015
2017-04-26 15:00:00,0.9988888888888889,0.272940059364416
2017-04-26 15:15:00,0.9988888888888889,0.2823007997213576
2017-04-26 15:30:00,0.9988888888888889,0.29108965109965246
2017-04-26 15:45:00,0.9988888888888889,0.29969044208591583
2017-04-26 16:00:00,0.9988888888888889,0.307080211832406
2017-04-26 16:15:00,0.9988888888888889,0.36145863616949975
2017-04-26 16:30:00,0.9988888888888889,0.40399693777488066
2017-04-26 16:45:00,0.9988888888888889,0.4431212033201894
2017-04-26 17:00:00,0.3402127659574468,0.4683676947390838
2017-04-26 17:15:00,0.3497292069632495,0.47857734482241626
2017-04-26 17:30:00,0.3576595744680851,0.4895068464843117
2017-04-26 17:45:00,0.36558994197292066,0.49980663468391573
2017-04-26 18:00:00,0.36717601547388784,0.5123775309303698
2017-04-26 18:15:00,0.36717601547388784,0.5106472690464579
2017-04-26 18:30:00,0.36717601547388784,0.5061955024196532
2017-04-26 18:45:00,0.36717601547388784,0.5092270642198322
2017-04-26 19:00:00,0.36717601547388784,0.5263586650060975
2017-04-26 19:15:00,0.36717601547388784,0.5288684102084202
2017-04-26 19:30:00,0.36717601547388784,0.539140804355122
2017-04-26 19:45:00,0.36717601547388784,0.5438195599940373
2017-04-26 20:00:00,0.36717601547388784,0.532054517608265
2017-04-26 20:15:00,0.36717601547388784,0.5451888824867148
2017-04-26 20:30:00,0.36717601547388784,0.5464808861909527
2017-04-26 20:45:00,0.36717601547388784,0.5724473655463517
2017-04-26 21:00:00,0.36717601547388784,0.5629548742141636
2017-04-26 21:15:00,0.36717601547388784,0.5741752635913084
2017-04-26 21:30:00,0.36717601547388784,0.5757375192450813
2017-04-26 21:45:00,0.36717601547388784,0.5730034926711393
2017-04-26 22:00:00,0.36558994197292066,0.574987534610807
2017-04-26 22:15:00,0.3624177949709865,0.5771779908598542
2017-04-26 22:30:00,0.3576595744680851,0.5862194646879628
2017-04-26 22:45:00,0.3576595744680851,0.5847862431090546
2017-04-26 23:00:00,0.3576595744680851,0.5871103017543068
2017-04-26 23:15:00,0.3576595744680851,0.5905111204608647
2017-04-26 23:30:00,0.3576595744680851,0.596477390599466
2017-04-26 23:45:00,0.3576595744680851,0.6082847613740127
2017-04-27 00:00:00,0.3608317214700193,0.5940503397859465
2017-04-27 00:15:00,0.3608317214700193,0.5944924180383899
2017-04-27 00:30:00,0.3608317214700193,0.5947204731481938
2017-04-27 00:45:00,0.3608317214700193,0.5981833568504535
2017-04-27 01:00:00,0.3608317214700193,0.6057024644033383
2017-04-27 01:15:00,0.3608317214700193,0.6050644150864825
2017-04-27 01:30:00,0.3608317214700193,0.6027920048243551
2017-04-27 01:45:00,0.3608317214700193,0.6029988207219904
2017-04-27 02:00:00,0.3608317214700193,0.5993885327024135
2017-04-27 02:15:00,0.3608317214700193,0.5964867875719945
2017-04-27 02:30:00,0.3608317214700193,0.600180550616461
2017-04-27 02:45:00,0.3608317214700193,0.6043565567293101
2017-04-27 03:00:00,0.3608317214700193,0.6070990418623721
2017-04-27 03:15:00,0.3608317214700193,0.6040360056392946
2017-04-27 03:30:00,0.3608317214700193,0.5992127284000012
2017-04-27 03:45:00,0.3608317214700193,0.5961377348569901
2017-04-27 04:00:00,0.3608317214700193,0.5905241355663172
2017-04-27 04:15:00,0.3608317214700193,0.584491604248234
2017-04-27 04:30:00,0.3608317214700193,0.5777168998917004
2017-04-27 04:45:00,0.3608317214700193,0.5714595894980703
2017-04-27 05:00:00,0.3608317214700193,0.5551228881628218
2017-04-27 05:15:00,0.3608317214700193,0.538046360198504
2017-04-27 05:30:00,0.3608317214700193,0.5257216556628544
2017-04-27 05:45:00,0.3608317214700193,0.5189430737151951
2017-04-27 06:00:00,0.35924564796905223,0.5069965939964153
2017-04-27 06:15:00,0.35448742746615086,0.4957297028054957
2017-04-27 06:30:00,0.3513152804642166,0.48519336170576344
2017-04-27 06:45:00,0.3481431334622824,0.4740051786234547
2017-04-27 07:00:00,0.34655705996131525,0.46341930684153704
2017-04-27 07:15:00,0.3386266924564797,0.44858194255030565
2017-04-27 07:30:00,0.9988888888888889,0.4126666777500342
2017-04-27 07:45:00,0.9988888888888889,0.3770421464226445
2017-04-27 08:00:00,0.9988888888888889,0.34069957045435556
2017-04-27 08:15:00,0.9988888888888889,0.3100931835441324
2017-04-27 08:30:00,0.9988888888888889,0.27366990213023035
2017-04-27 08:45:00,0.9988888888888889,0.2510301149712064
2017-04-27 09:00:00,0.9988888888888889,0.22627504199408896
2017-04-27 09:15:00,0.9988888888888889,0.20643678655859615
2017-04-27 09:30:00,0.9988888888888889,0.18631555485042475
2017-04-27 09:45:00,0.9988888888888889,0.18200876584551712
2017-04-27 10:00:00,0.041,0.1804501447573266
2017-04-27 10:15:00,0.041,0.18055273727712323
2017-04-27 10:30:00,0.9988888888888889,0.18177353682796615
2017-04-27 10:45:00,0.9988888888888889,0.1794775202677188
2017-04-27 11:00:00,0.9988888888888889,0.1805670693024435
2017-04-27 11:15:00,0.9988888888888889,0.181320376769055
2017-04-27 11:30:00,0.041,0.17706738195103788
2017-04-27 11:45:00,0.9988888888888889,0.1817762886328286
2017-04-27 12:00:00,0.041,0.17771813356357674
2017-04-27 12:15:00,0.9988888888888889,0.18365679912881208
2017-04-27 12:30:00,0.041,0.18264052519124085
2017-04-27 12:45:00,0.041,0.1819633893788383
2017-04-27 13:00:00,0.041,0.18437530594040108
2017-04-27 13:15:00,0.9988888888888889,0.1858888731370106
2017-04-27 13:30:00,0.041,0.18143917759138853
2017-04-27 13:45:00,0.041,0.18058255103432916
2017-04-27 14:00:00,0.041,0.18165762948515168
2017-04-27 14:15:00,0.041,0.182036478186923
2017-04-27 14:30:00,0.9988888888888889,0.20562909469870264
2017-04-27 14:45:00,0.9988888888888889,0.22765460276061908
2017-04-27 15:00:00,0.9988888888888889,0.2538272132816423
2017-04-27 15:15:00,0.9988888888888889,0.2657657312985331
2017-04-27 15:30:00,0.9988888888888889,0.28256998357105356
2017-04-27 15:45:00,0.9988888888888889,0.3058564584879942
2017-04-27 16:00:00,0.9988888888888889,0.3365296030939741
2017-04-27 16:15:00,0.9988888888888889,0.37892806667346196
2017-04-27 16:30:00,0.9988888888888889,0.41719916801319984
2017-04-27 16:45:00,0.9988888888888889,0.45578489762952246
2017-04-27 17:00:00,0.3402127659574468,0.4776503930495696
2017-04-27 17:15:00,0.35290135396518374,0.48847476259343514
2017-04-27 17:30:00,0.3608317214700193,0.5007687466937707
2017-04-27 17:45:00,0.36717601547388784,0.5144868103127501
2017-04-27 18:00:00,0.37193423597678915,0.5186733586287641
2017-04-27 18:15:00,0.37193423597678915,0.5198742614013575
2017-04-27 18:30:00,0.37193423597678915,0.5253702599778037
2017-04-27 18:45:00,0.37193423597678915,0.522513837196496
2017-04-27 19:00:00,0.37193423597678915,0.5301762993555982
2017-04-27 19:15:00,0.37193423597678915,0.532097958221998
2017-04-27 19:30:00,0.37193423597678915,0.5382991175769591
2017-04-27 19:45:00,0.37193423597678915,0.5403560926731025
2017-04-27 20:00:00,0.4536363636363636,0.5628961752549057
2017-04-27 20:15:00,0.37193423597678915,0.558868340301951
2017-04-27 20:30:00,0.37193423597678915,0.5621150452399417
2017-04-27 20:45:00,0.37193423597678915,0.5706720872436865
2017-04-27 21:00:00,0.37193423597678915,0.5755613306669541
2017-04-27 21:15:00,0.37193423597678915,0.5823899230512405
2017-04-27 21:30:00,0.3640038684719536,0.5872694091201596
2017-04-27 21:45:00,0.3608317214700193,0.5909696304048359
2017-04-27 22:00:00,0.3608317214700193,0.5903700849983693
2017-04-27 22:15:00,0.3608317214700193,0.5954154326376985
2017-04-27 22:30:00,0.3608317214700193,0.5972338961982927
2017-04-27 22:45:00,0.3608317214700193,0.5989777355805305
2017-04-27 23:00:00,0.3608317214700193,0.5941157504051982
2017-04-27 23:15:00,0.3608317214700193,0.5955366275745007
2017-04-27 23:30:00,0.3608317214700193,0.6023466370231766
2017-04-27 23:45:00,0.3608317214700193,0.6079040136629789
2017-04-28 00:00:00,0.3608317214700193,0.6089328501085213
2017-04-28 00:15:00,0.3608317214700193,0.6109557481599448
2017-04-28 00:30:00,0.3608317214700193,0.614879011956064
2017-04-28 00:45:00,0.3608317214700193,0.6191324684035008
2017-04-28 01:00:00,0.3608317214700193,0.6234146215363846
2017-04-28 01:15:00,0.3608317214700193,0.6245421792244393
2017-04-28 01:30:00,0.3608317214700193,0.6223344386118039
2017-04-28 01:45:00,0.3608317214700193,0.6208887119842914
2017-04-28 02:00:00,0.3608317214700193,0.6194343615351019
2017-04-28 02:15:00,0.3608317214700193,0.6158995786795559
2017-04-28 02:30:00,0.3608317214700193,0.611267106752114
2017-04-28 02:45:00,0.3608317214700193,0.6059302865704452
2017-04-28 03:00:00,0.3608317214700193,0.6053594318250063
2017-04-28 03:15:00,0.3608317214700193,0.6028122570004635
2017-04-28 03:30:00,0.3608317214700193,0.6037673218950428
2017-04-28 03:45:00,0.3608317214700193,0.6055749280659412
2017-04-28 04:00:00,0.3608317214700193,0.6043072589098388
2017-04-28 04:15:00,0.3608317214700193,0.5945546557324297
2017-04-28 04:30:00,0.3608317214700193,0.582573246062647
2017-04-28 04:45:00,0.3608317214700193,0.570251283640302
2017-04-28 05:00:00,0.3608317214700193,0.55598563135083
2017-04-28 05:15:00,0.3608317214700193,0.5419942970445878
2017-04-28 05:30:00,0.3608317214700193,0.5295332637862039
2017-04-28 05:45:00,0.3608317214700193,0.5200954026426062
2017-04-28 06:00:00,0.3608317214700193,0.5099177342740838
2017-04-28 06:15:00,0.3576595744680851,0.49827628768929877
2017-04-28 06:30:00,0.3513152804642166,0.4877632558182592
2017-04-28 06:45:00,0.3481431334622824,0.4763526778695104
2017-04-28 07:00:00,0.343384912959381,0.46568558120649656
2017-04-28 07:15:00,0.9988888888888889,0.4473489996682243
2017-04-28 07:30:00,0.9988888888888889,0.4032084707290172
2017-04-28 07:45:00,0.9988888888888889,0.35204082710461376
2017-04-28 08:00:00,0.9988888888888889,0.3029405628199006
2017-04-28 08:15:00,0.9988888888888889,0.27261716922195206
2017-04-28 08:30:00,0.9988888888888889,0.2389305899475925
2017-04-28 08:45:00,0.9988888888888889,0.2056431227745001
2017-04-28 09:00:00,0.041,0.17844413391016564
2017-04-28 09:15:00,0.041,0.17860733922896396
2017-04-28 09:30:00,0.041,0.17886077556289554
2017-04-28 09:45:00,0.041,0.1789591823172426
2017-04-28 10:00:00,0.041,0.1787732563583074
2017-04-28 10:15:00,0.041,0.1771764763648891
2017-04-28 10:30:00,0.041,0.17625863715099205
2017-04-28 10:45:00,0.041,0.18201452605595408
2017-04-28 11:00:00,0.041,0.17902764413087316
2017-04-28 11:15:00,0.041,0.1797070397951561
2017-04-28 11:30:00,0.041,0.18600533918063336
2017-04-28 11:45:00,0.041,0.1869771353192988
2017-04-28 12:00:00,0.041,0.18761404262507933
2017-04-28 12:15:00,0.041,0.18846569448232842
2017-04-28 12:30:00,0.041,0.18330842807019654
2017-04-28 12:45:00,0.041,0.18552169113076739
2017-04-28 13:00:00,0.041,0.1865974012814029
2017-04-28 13:15:00,0.041,0.18635388870124028
2017-04-28 13:30:00,0.041,0.1860786294233129
2017-04-28 13:45:00,0.041,0.18626946120720742
2017-04-28 14:00:00,0.041,0.18636011289654095
2017-04-28 14:15:00,0.041,0.1878351731088461
2017-04-28 14:30:00,0.041,0.1899821340647484
2017-04-28 14:45:00,0.041,0.19017878829332868
2017-04-28 15:00:00,0.041,0.19071032275973904
2017-04-28 15:15:00,0.9988888888888889,0.21611592834451357
2017-04-28 15:30:00,0.9988888888888889,0.2511078994133547
2017-04-28 15:45:00,0.9988888888888889,0.27848008599798274
2017-04-28 16:00:00,0.9988888888888889,0.3137913837434079
2017-04-28 16:15:00,0.9988888888888889,0.3526212823513381
2017-04-28 16:30:00,0.9988888888888889,0.3943709258326013
2017-04-28 16:45:00,0.9988888888888889,0.4274863837326344
2017-04-28 17:00:00,0.9988888888888889,0.47112414161544514
2017-04-28 17:15:00,0.3386266924564797,0.4786950563333311
2017-04-28 17:30:00,0.3449709864603482,0.484765288295526
2017-04-28 17:45:00,0.4536363636363636,0.4897274256711154
2017-04-28 18:00:00,0.4536363636363636,0.4985522892376548
2017-04-28 18:15:00,0.35290135396518374,0.49982649631155035
2017-04-28 18:30:00,0.4536363636363636,0.5092590306818219
2017-04-28 18:45:00,0.35290135396518374,0.5016244767095646
2017-04-28 19:00:00,0.35290135396518374,0.515355032295447
2017-04-28 19:15:00,0.35290135396518374,0.5265864446755675
2017-04-28 19:30:00,0.35290135396518374,0.529825329506777
2017-04-28 19:45:00,0.35290135396518374,0.5290071713790417
2017-04-28 20:00:00,0.35290135396518374,0.5348693672868179
2017-04-28 20:15:00,0.35290135396518374,0.5424608278898332
2017-04-28 20:30:00,0.35290135396518374,0.5545020626506411
2017-04-28 20:45:00,0.35290135396518374,0.5689034988646691
2017-04-28 21:00:00,0.4536363636363636,0.576575181458271
2017-04-28 21:15:00,0.3513152804642166,0.5735689854182013
2017-04-28 21:30:00,0.3481431334622824,0.5726793535956022
2017-04-28 21:45:00,0.3417988394584139,0.5760361401981486
2017-04-28 22:00:00,0.3386266924564797,0.5769664013214604
2017-04-28 22:15:00,0.33704061895551257,0.5782398620611502
2017-04-28 22:30:00,0.33545454545454545,0.5874871866585292
2017-04-28 22:45:00,0.9988888888888889,0.5924148861845601
2017-04-28 23:00:00,0.9988888888888889,0.5862724339519091
2017-04-28 23:15:00,0.9988888888888889,0.5752854971593963
2017-04-28 23:30:00,0.9988888888888889,0.5625336257806837
2017-04-28 23:45:00,0.9988888888888889,0.5538336949299457
2017-04-29 00:00:00,0.9893301435406698,0.5500016031356486
2017-04-29 00:15:00,0.9893301435406698,0.547887930876717
2017-04-29 00:30:00,0.9893301435406698,0.5528417927820165
2017-04-29 00:45:00,0.9893301435406698,0.5531202148203047
2017-04-29 01:00:00,0.9893301435406698,0.5529299493562685
2017-04-29 01:15:00,0.9893301435406698,0.5476460498883166
2017-04-29 01:30:00,0.9893301435406698,0.5454889547997773
2017-04-29 01:45:00,0.9893301435406698,0.5418059838668959
2017-04-29 02:00:00,0.9893301435406698,0.5421636351679424
2017-04-29 02:15:00,0.9893301435406698,0.5366530206740612
2017-04-29 02:30:00,0.9893301435406698,0.5294265008318555
2017-04-29 02:45:00,0.9893301435406698,0.5257920896958116
2017-04-29 03:00:00,0.9893301435406698,0.5199914784343737
2017-04-29 03:15:00,0.9893301435406698,0.5227198958951677
2017-04-29 03:30:00,0.9893301435406698,0.5266693934105486
2017-04-29 03:45:00,0.9893301435406698,0.5320885528634097
2017-04-29 04:00:00,0.9893301435406698,0.5352765337969583
2017-04-29 04:15:00,0.9893301435406698,0.5337249232670869
2017-04-29 04:30:00,0.9893301435406698,0.5297048489823498
2017-04-29 04:45:00,0.9893301435406698,0.5283763163917322
2017-04-29 05:00:00,0.9893301435406698,0.527001585666651
2017-04-29 05:15:00,0.9893301435406698,0.4910744767015744
2017-04-29 05:30:00,0.9893301435406698,0.4532524104121456
2017-04-29 05:45:00,0.9893301435406698,0.42142170529826634
2017-04-29 06:00:00,0.9893301435406698,0.3912982607723404
2017-04-29 06:15:00,0.9893301435406698,0.35372440689504536
2017-04-29 06:30:00,0.9893301435406698,0.3186107823289252
2017-04-29 06:45:00,0.9893301435406698,0.2825919617066026
2017-04-29 07:00:00,0.9893301435406698,0.24646008967447008
2017-04-29 07:15:00,0.041,0.20681783605755583
2017-04-29 07:30:00,0.041,0.2069569335354355
2017-04-29 07:45:00,0.041,0.20527192838049527
2017-04-29 08:00:00,0.041,0.20354185052629997
2017-04-29 08:15:00,0.041,0.20257705147256297
2017-04-29 08:30:00,0.041,0.20169079505185697
2017-04-29 08:45:00,0.041,0.20137956069147825
2017-04-29 09:00:00,0.041,0.2019247145486502
2017-04-29 09:15:00,0.041,0.20258651550136922
2017-04-29 09:30:00,0.041,0.2072783534537172
2017-04-29 09:45:00,0.041,0.2107373808828793
2017-04-29 10:00:00,0.041,0.20341661802396288
2017-04-29 10:15:00,0.041,0.2050761792670082
2017-04-29 10:30:00,0.041,0.2130405490620986
2017-04-29 10:45:00,0.041,0.2149978612268762
2017-04-29 11:00:00,0.041,0.21724883357194563
2017-04-29 11:15:00,0.041,0.219966872971703
2017-04-29 11:30:00,0.041,0.21633800816361998
2017-04-29 11:45:00,0.041,0.21806083967451595
2017-04-29 12:00:00,0.041,0.2173283349398844
2017-04-29 12:15:00,0.041,0.21863161001811368
2017-04-29 12:30:00,0.041,0.2189410032929101
2017-04-29 12:45:00,0.041,0.22065563418757025
2017-04-29 13:00:00,0.041,0.22392298976000902
2017-04-29 13:15:00,0.041,0.22793496441832736
2017-04-29 13:30:00,0.041,0.22882654980343656
2017-04-29 13:45:00,0.041,0.2308814854797117
2017-04-29 14:00:00,0.041,0.23180231645680618
2017-04-29 14:15:00,0.041,0.23134563389753707
2017-04-29 14:30:00,0.041,0.23097352994476242
2017-04-29 14:45:00,0.041,0.23331905466462927
2017-04-29 15:00:00,0.041,0.23211026267019266
2017-04-29 15:15:00,0.041,0.22905926592731998
2017-04-29 15:30:00,0.041,0.22505965266978323
2017-04-29 15:45:00,0.041,0.22159710125008034
2017-04-29 16:00:00,0.041,0.21977144507698973
2017-04-29 16:15:00,0.041,0.21743992738053217
2017-04-29 16:30:00,0.9893301435406698,0.25078911665337456
2017-04-29 16:45:00,0.9893301435406698,0.29301541005355225
2017-04-29 17:00:00,0.9893301435406698,0.31878627556602873
2017-04-29 17:15:00,0.9893301435406698,0.3921364715441431
2017-04-29 17:30:00,0.9893301435406698,0.45099357098624543
2017-04-29 17:45:00,0.9893301435406698,0.5078155673066507
2017-04-29 18:00:00,0.34655705996131525,0.5386591315625728
2017-04-29 18:15:00,0.3497292069632495,0.5451732698327153
2017-04-29 18:30:00,0.3497292069632495,0.5496977112335165
2017-04-29 18:45:00,0.3497292069632495,0.5577385065655575
2017-04-29 19:00:00,0.3497292069632495,0.5704654297704972
2017-04-29 19:15:00,0.3497292069632495,0.5764715049990594
2017-04-29 19:30:00,0.3497292069632495,0.5751701545928354
2017-04-29 19:45:00,0.3497292069632495,0.5799388725036201
2017-04-29 20:00:00,0.3497292069632495,0.5733799557984041
2017-04-29 20:15:00,0.3497292069632495,0.5694135082332034
2017-04-29 20:30:00,0.3497292069632495,0.5785976372292184
2017-04-29 20:45:00,0.3497292069632495,0.5877103644306936
2017-04-29 21:00:00,0.3497292069632495,0.5846273438111443
2017-04-29 21:15:00,0.3497292069632495,0.5949857184040463
2017-04-29 21:30:00,0.3497292069632495,0.6037447834630914
2017-04-29 21:45:00,0.3497292069632495,0.61513777421589
2017-04-29 22:00:00,0.34655705996131525,0.6175932409348662
2017-04-29 22:15:00,0.343384912959381,0.624365044588408
2017-04-29 22:30:00,0.3417988394584139,0.6282411690954376
2017-04-29 22:45:00,0.3402127659574468,0.6330732605484507
2017-04-29 23:00:00,0.3402127659574468,0.6341914154824945
2017-04-29 23:15:00,0.33545454545454545,0.6332113068540883
2017-04-29 23:30:00,0.9893301435406698,0.6222685249376475
2017-04-29 23:45:00,0.9893301435406698,0.6009924105685299
2017-04-30 00:00:00,0.9702126528442319,0.5804058717535777
2017-04-30 00:15:00,0.9702126528442319,0.5657367562039676
2017-04-30 00:30:00,0.9702126528442319,0.5516143613479607
2017-04-30 00:45:00,0.9702126528442319,0.5365388093969535
2017-04-30 01:00:00,0.9702126528442319,0.5222950041375934
2017-04-30 01:15:00,0.9702126528442319,0.5243173981476223
2017-04-30 01:30:00,0.9702126528442319,0.5258264430623482
2017-04-30 01:45:00,0.9702126528442319,0.5292438819859338
2017-04-30 02:00:00,0.9702126528442319,0.5362188237333239
2017-04-30 02:15:00,0.9702126528442319,0.5375732454578236
2017-04-30 02:30:00,0.9702126528442319,0.541362111858337
2017-04-30 02:45:00,0.9702126528442319,0.5439051322282582
2017-04-30 03:00:00,0.9702126528442319,0.5461901019541885
2017-04-30 03:15:00,0.9702126528442319,0.5457800956162245
2017-04-30 03:30:00,0.9702126528442319,0.5478156310657438
2017-04-30 03:45:00,0.9702126528442319,0.5495565435975394
2017-04-30 04:00:00,0.9702126528442319,0.5507413857966796
2017-04-30 04:15:00,0.9702126528442319,0.5467573193419161
2017-04-30 04:30:00,0.9702126528442319,0.541156395077678
2017-04-30 04:45:00,0.9702126528442319,0.537187046596131
2017-04-30 05:00:00,0.9702126528442319,0.531325716337599
2017-04-30 05:15:00,0.9702126528442319,0.5034016915039233
2017-04-30 05:30:00,0.9702126528442319,0.4748585246355389
2017-04-30 05:45:00,0.9702126528442319,0.44803795451373635
2017-04-30 06:00:00,0.9702126528442319,0.4274115029232711
2017-04-30 06:15:00,0.9702126528442319,0.4067806654931351
2017-04-30 06:30:00,0.9702126528442319,0.38934561382479077
2017-04-30 06:45:00,0.9702126528442319,0.36575540064827533
2017-04-30 07:00:00,0.9702126528442319,0.3425750849461815
2017-04-30 07:15:00,0.9702126528442319,0.2955961782071816
2017-04-30 07:30:00,0.9702126528442319,0.24459177197960202
2017-04-30 07:45:00,0.041,0.20646804424539944
2017-04-30 08:00:00,0.041,0.2036101197913216
2017-04-30 08:15:00,0.041,0.20482200180732205
2017-04-30 08:30:00,0.041,0.20387780483252282
2017-04-30 08:45:00,0.041,0.19801481463556198
2017-04-30 09:00:00,0.041,0.19657462563705552
2017-04-30 09:15:00,0.041,0.19401530904259684
2017-04-30 09:30:00,0.041,0.19399080398146643
2017-04-30 09:45:00,0.041,0.19324929434022894
2017-04-30 10:00:00,0.041,0.19440406068914987
2017-04-30 10:15:00,0.041,0.19600200183427396
2017-04-30 10:30:00,0.041,0.20151051459244876
2017-04-30 10:45:00,0.041,0.19519196413083678
2017-04-30 11:00:00,0.041,0.1981713609677465
2017-04-30 11:15:00,0.041,0.1929358646894229
2017-04-30 11:30:00,0.041,0.19348133780412477
2017-04-30 11:45:00,0.041,0.19924369920874757
2017-04-30 12:00:00,0.041,0.1934955678798923
2017-04-30 12:15:00,0.041,0.20280111896371486
2017-04-30 12:30:00,0.041,0.1994186166301397
2017-04-30 12:45:00,0.041,0.20396585803198877
2017-04-30 13:00:00,0.041,0.20111072031625257
2017-04-30 13:15:00,0.041,0.2040435736358617
2017-04-30 13:30:00,0.041,0.2090694605892108
2017-04-30 13:45:00,0.041,0.20945164921844028
2017-04-30 14:00:00,0.041,0.2109800149438726
2017-04-30 14:15:00,0.041,0.21019832497493138
2017-04-30 14:30:00,0.041,0.21254912712561144
2017-04-30 14:45:00,0.041,0.2131023421687878
2017-04-30 15:00:00,0.9702126528442319,0.22976820861023992
2017-04-30 15:15:00,0.9702126528442319,0.26109756369911064
2017-04-30 15:30:00,0.9702126528442319,0.26517804250244376
2017-04-30 15:45:00,0.9702126528442319,0.29607876274775274
2017-04-30 16:00:00,0.9702126528442319,0.3147547120573514
2017-04-30 16:15:00,0.9702126528442319,0.348712387553367
2017-04-30 16:30:00,0.9702126528442319,0.3917451132829304
2017-04-30 16:45:00,0.9702126528442319,0.42971372937544117
2017-04-30 17:00:00,0.9702126528442319,0.46787023086293955
2017-04-30 17:15:00,0.9702126528442319,0.49370667302907684
2017-04-30 17:30:00,0.3386266924564797,0.5059913604524352
2017-04-30 17:45:00,0.343384912959381,0.5115294004528543
2017-04-30 18:00:00,0.343384912959381,0.4962647757305909
2017-04-30 18:15:00,0.343384912959381,0.4821226264587362
2017-04-30 18:30:00,0.343384912959381,0.49679990022353454
2017-04-30 18:45:00,0.343384912959381,0.49478863600690737
2017-04-30 19:00:00,0.343384912959381,0.5001332544427427
2017-04-30 19:15:00,0.343384912959381,0.5110998747606935
2017-04-30 19:30:00,0.343384912959381,0.5201096267513359
2017-04-30 19:45:00,0.343384912959381,0.5156568156419721
2017-04-30 20:00:00,0.343384912959381,0.5145116544711672
2017-04-30 20:15:00,0.343384912959381,0.5116448063238568
2017-04-30 20:30:00,0.343384912959381,0.5177146976119901
2017-04-30 20:45:00,0.3386266924564797,0.5099601759524818
2017-04-30 21:00:00,0.33704061895551257,0.49802380309529465
2017-04-30 21:15:00,0.9702126528442319,0.5024809634707604
2017-04-30 21:30:00,0.9702126528442319,0.5028595398261957
2017-04-30 21:45:00,0.9702126528442319,0.5129305819700163
2017-04-30 22:00:00,0.9702126528442319,0.5197521944559464
2017-04-30 22:15:00,0.9702126528442319,0.5249967866080834
2017-04-30 22:30:00,0.9702126528442319,0.5310402678736571
2017-04-30 22:45:00,0.9702126528442319,0.5341896709489906
2017-04-30 23:00:00,0.9702126528442319,0.537528399982973
2017-04-30 23:15:00,0.9702126528442319,0.5440132326697862
2017-04-30 23:30:00,0.9702126528442319,0.537186226742437
2017-04-30 23:45:00,0.9702126528442319,0.5419436804480983
2017-05-01 00:00:00,0.9988888888888889,0.547438129191209
2017-05-01 00:15:00,0.9988888888888889,0.5375020825101766
2017-05-01 00:30:00,0.9988888888888889,0.5243730905231577
2017-05-01 00:45:00,0.9988888888888889,0.5113559815966155
2017-05-01 01:00:00,0.9988888888888889,0.49967829103977573
2017-05-01 01:15:00,0.9988888888888889,0.49699809423383984
2017-05-01 01:30:00,0.9988888888888889,0.49255726516835796
2017-05-01 01:45:00,0.9988888888888889,0.4922209658285316
2017-05-01 02:00:00,0.9988888888888889,0.4891715427959829
2017-05-01 02:15:00,0.9988888888888889,0.5122562341086065
2017-05-01 02:30:00,0.9988888888888889,0.5368187704093825
2017-05-01 02:45:00,0.9988888888888889,0.5601416765619576
2017-05-01 03:00:00,0.9988888888888889,0.586701052976402
2017-05-01 03:15:00,0.9988888888888889,0.5895609014904155
2017-05-01 03:30:00,0.9988888888888889,0.5924911992830583
2017-05-01 03:45:00,0.9988888888888889,0.5965881806936275
2017-05-01 04:00:00,0.9988888888888889,0.6050372845059638
2017-05-01 04:15:00,0.9988888888888889,0.5875594465183297
2017-05-01 04:30:00,0.9988888888888889,0.5704515826264525
2017-05-01 04:45:00,0.9988888888888889,0.5513499104513728
2017-05-01 05:00:00,0.9988888888888889,0.530991334501336
2017-05-01 05:15:00,0.9988888888888889,0.5007885120877186
2017-05-01 05:30:00,0.9988888888888889,0.466285145681441
2017-05-01 05:45:00,0.9988888888888889,0.4311780831141939
2017-05-01 06:00:00,0.9988888888888889,0.4036792941877416
2017-05-01 06:15:00,0.9988888888888889,0.33512863504970536
2017-05-01 06:30:00,0.9988888888888889,0.2716941989008117
2017-05-01 06:45:00,0.041,0.25327279267836195
2017-05-01 07:00:00,0.041,0.24723219805615104
2017-05-01 07:15:00,0.041,0.24902189133170838
2017-05-01 07:30:00,0.041,0.24232343716099075
2017-05-01 07:45:00,0.041,0.23873874247700738
2017-05-01 08:00:00,0.041,0.23605517242165366
2017-05-01 08:15:00,0.041,0.2374004500685384
2017-05-01 08:30:00,0.041,0.229603561833063
2017-05-01 08:45:00,0.041,0.2254812122320073
2017-05-01 09:00:00,0.041,0.22188174214730066
2017-05-01 09:15:00,0.041,0.22042667181299944
2017-05-01 09:30:00,0.041,0.22030848691240162
2017-05-01 09:45:00,0.041,0.2198839729571902
2017-05-01 10:00:00,0.041,0.21713159200001778
2017-05-01 10:15:00,0.041,0.2169056438467688
2017-05-01 10:30:00,0.041,0.21564351405273294
2017-05-01 10:45:00,0.041,0.2141108922046234
2017-05-01 11:00:00,0.041,0.21569140415465593
2017-05-01 11:15:00,0.041,0.22064569560855296
2017-05-01 11:30:00,0.041,0.21535879230708613
2017-05-01 11:45:00,0.041,0.2158326891463141
2017-05-01 12:00:00,0.041,0.21706665353704024
2017-05-01 12:15:00,0.041,0.22365284689563095
2017-05-01 12:30:00,0.041,0.22525553993658426
2017-05-01 12:45:00,0.041,0.21935083046071516
2017-05-01 13:00:00,0.041,0.21917218581123896
2017-05-01 13:15:00,0.041,0.22655006907477826
2017-05-01 13:30:00,0.041,0.21943360710969884
2017-05-01 13:45:00,0.041,0.2203164891286858
2017-05-01 14:00:00,0.041,0.21969117927531284
2017-05-01 14:15:00,0.041,0.22964513219469498
2017-05-01 14:30:00,0.041,0.225014869500174
2017-05-01 14:45:00,0.041,0.22762892391129486
2017-05-01 15:00:00,0.041,0.22779653263224706
2017-05-01 15:15:00,0.041,0.22749371884981986
2017-05-01 15:30:00,0.041,0.22420333592416636
2017-05-01 15:45:00,0.041,0.22122377568317875
2017-05-01 16:00:00,0.041,0.21771372577788992
2017-05-01 16:15:00,0.041,0.2162297040396735
2017-05-01 16:30:00,0.041,0.2170591053152091
2017-05-01 16:45:00,0.041,0.21374135856927398
2017-05-01 17:00:00,0.9988888888888889,0.2376449226393206
2017-05-01 17:15:00,0.9988888888888889,0.282028510303806
2017-05-01 17:30:00,0.9988888888888889,0.29396565757737014
2017-05-01 17:45:00,0.9988888888888889,0.32472874611329655
2017-05-01 18:00:00,0.9988888888888889,0.3342678249889393
2017-05-01 18:15:00,0.9988888888888889,0.3764661551218001
2017-05-01 18:30:00,0.9988888888888889,0.40772537288721755
2017-05-01 18:45:00,0.9988888888888889,0.43967101978856815
2017-05-01 19:00:00,0.9988888888888889,0.46687905441940547
2017-05-01 19:15:00,0.9988888888888889,0.4800988357554295
2017-05-01 19:30:00,0.9988888888888889,0.48662692181986017
2017-05-01 19:45:00,0.9988888888888889,0.4929854872498496
2017-05-01 20:00:00,0.9988888888888889,0.4878775714370572
2017-05-01 20:15:00,0.9988888888888889,0.4988677676717752
2017-05-01 20:30:00,0.9988888888888889,0.4878506096374598
2017-05-01 20:45:00,0.9988888888888889,0.4910552094555208
2017-05-01 21:00:00,0.9988888888888889,0.49520989787719505
2017-05-01 21:15:00,0.9988888888888889,0.47307927186288296
2017-05-01 21:30:00,0.9988888888888889,0.456667662164115
2017-05-01 21:45:00,0.9988888888888889,0.4434172365546
2017-05-01 22:00:00,0.9988888888888889,0.4231701482571861
2017-05-01 22:15:00,0.9988888888888889,0.4285553170656108
2017-05-01 22:30:00,0.9988888888888889,0.43033416675914465
2017-05-01 22:45:00,0.9988888888888889,0.4345082459000255
2017-05-01 23:00:00,0.9988888888888889,0.4476353489672584
2017-05-01 23:15:00,0.9988888888888889,0.45284963103241144
2017-05-01 23:30:00,0.9988888888888889,0.4600911878296042
2017-05-01 23:45:00,0.9988888888888889,0.46860481981833746
2017-05-02 00:00:00,0.9988888888888889,0.47717543384838584
2017-05-02 00:15:00,0.9988888888888889,0.46504352655556713
2017-05-02 00:30:00,0.9988888888888889,0.451499056943144
2017-05-02 00:45:00,0.9988888888888889,0.4377892171863924
2017-05-02 01:00:00,0.9988888888888889,0.42305497484578886
2017-05-02 01:15:00,0.9988888888888889,0.4204968012269976
2017-05-02 01:30:00,0.9988888888888889,0.4158366417701167
2017-05-02 01:45:00,0.9988888888888889,0.4118957388908616
2017-05-02 02:00:00,0.9988888888888889,0.4102714682365496
2017-05-02 02:15:00,0.9988888888888889,0.4273174914581498
2017-05-02 02:30:00,0.9988888888888889,0.44150632150513064
2017-05-02 02:45:00,0.9988888888888889,0.45694893348816257
2017-05-02 03:00:00,0.9988888888888889,0.47775092556559234
2017-05-02 03:15:00,0.9988888888888889,0.4869041963587707
2017-05-02 03:30:00,0.9988888888888889,0.5002561011061557
2017-05-02 03:45:00,0.9988888888888889,0.511329920692819
2017-05-02 04:00:00,0.9988888888888889,0.5294143323575013
2017-05-02 04:15:00,0.9988888888888889,0.5168294637247487
2017-05-02 04:30:00,0.9988888888888889,0.5088085887905881
2017-05-02 04:45:00,0.9988888888888889,0.5018988773267095
2017-05-02 05:00:00,0.9988888888888889,0.5066816156493106
2017-05-02 05:15:00,0.9988888888888889,0.5040101829800674
2017-05-02 05:30:00,0.9988888888888889,0.49478200004648026
2017-05-02 05:45:00,0.9988888888888889,0.4819295122019206
2017-05-02 06:00:00,0.9988888888888889,0.47474474176760606
2017-05-02 06:15:00,0.9988888888888889,0.4320318708642336
2017-05-02 06:30:00,0.9988888888888889,0.40679418030409803
2017-05-02 06:45:00,0.9988888888888889,0.3738137397096006
2017-05-02 07:00:00,0.9988888888888889,0.3454052997221491
2017-05-02 07:15:00,0.9988888888888889,0.3128593068634707
2017-05-02 07:30:00,0.9988888888888889,0.2783819254330931
2017-05-02 07:45:00,0.9988888888888889,0.24088710769472646
2017-05-02 08:00:00,0.9988888888888889,0.20847298322489247
2017-05-02 08:15:00,0.9988888888888889,0.2053065054960134
2017-05-02 08:30:00,0.9988888888888889,0.20402805350218117
2017-05-02 08:45:00,0.9988888888888889,0.2052475340283046
2017-05-02 09:00:00,0.9988888888888889,0.19677436028787915
2017-05-02 09:15:00,0.9988888888888889,0.19629001680885513
2017-05-02 09:30:00,0.9988888888888889,0.1921429879430109
2017-05-02 09:45:00,0.9988888888888889,0.18995018063554656
2017-05-02 10:00:00,0.9988888888888889,0.19020701292209663
2017-05-02 10:15:00,0.9988888888888889,0.18944209890932293
2017-05-02 10:30:00,0.9988888888888889,0.18810435823198438
2017-05-02 10:45:00,0.9988888888888889,0.18807663557238746
2017-05-02 11:00:00,0.9988888888888889,0.19081433143350285
2017-05-02 11:15:00,0.9988888888888889,0.1916199340470401
2017-05-02 11:30:00,0.9988888888888889,0.18794042202723235
2017-05-02 11:45:00,0.9988888888888889,0.19010512203175464
2017-05-02 12:00:00,0.9988888888888889,0.1987786546570428
2017-05-02 12:15:00,0.9988888888888889,0.22144290582800646
2017-05-02 12:30:00,0.9988888888888889,0.2500238965336794
2017-05-02 12:45:00,0.9988888888888889,0.2686720436054551
2017-05-02 13:00:00,0.9988888888888889,0.28527415844447335
2017-05-02 13:15:00,0.9988888888888889,0.3023592649569881
2017-05-02 13:30:00,0.9988888888888889,0.31799607110900213
2017-05-02 13:45:00,0.9988888888888889,0.32619014657638096
2017-05-02 14:00:00,0.9988888888888889,0.34142133116326034
2017-05-02 14:15:00,0.9988888888888889,0.36617958741806567
2017-05-02 14:30:00,0.9988888888888889,0.3824414107915199
2017-05-02 14:45:00,0.9988888888888889,0.4011372516939851
2017-05-02 15:00:00,0.9988888888888889,0.41637529496848913
2017-05-02 15:15:00,0.9988888888888889,0.42061745595496575
2017-05-02 15:30:00,0.9988888888888889,0.43228043265016514
2017-05-02 15:45:00,0.9988888888888889,0.43587989892412904
2017-05-02 16:00:00,0.9988888888888889,0.44346448359938223
2017-05-02 16:15:00,0.33704061895551257,0.4548427146970038
2017-05-02 16:30:00,0.3449709864603482,0.4612317073619923
2017-05-02 16:45:00,0.4536363636363636,0.4673861236508741
2017-05-02 17:00:00,0.35290135396518374,0.4742098200590843
2017-05-02 17:15:00,0.4536363636363636,0.47969463357005515
2017-05-02 17:30:00,0.3576595744680851,0.4846284069759883
2017-05-02 17:45:00,0.3608317214700193,0.4887186854985902
2017-05-02 18:00:00,0.3640038684719536,0.49280731221735535
2017-05-02 18:15:00,0.3687620889748549,0.5047814424013568
2017-05-02 18:30:00,0.3687620889748549,0.5070760516496351
2017-05-02 18:45:00,0.3687620889748549,0.5115889690541766
2017-05-02 19:00:00,0.37034816247582203,0.5122858326830803
2017-05-02 19:15:00,0.37034816247582203,0.5191808918761102
2017-05-02 19:30:00,0.37034816247582203,0.5314337233188987
2017-05-02 19:45:00,0.37034816247582203,0.5418564662331501
2017-05-02 20:00:00,0.37034816247582203,0.5368017427148907
2017-05-02 20:15:00,0.37034816247582203,0.5480564847770298
2017-05-02 20:30:00,0.37034816247582203,0.5443310686379326
2017-05-02 20:45:00,0.37034816247582203,0.5488768999855995
2017-05-02 21:00:00,0.4536363636363636,0.5561505455431769
2017-05-02 21:15:00,0.37034816247582203,0.5695872766952831
2017-05-02 21:30:00,0.37034816247582203,0.5708598446037281
2017-05-02 21:45:00,0.37034816247582203,0.5736453923772641
2017-05-02 22:00:00,0.36558994197292066,0.5759730754204155
2017-05-02 22:15:00,0.36558994197292066,0.5908387741581403
2017-05-02 22:30:00,0.36558994197292066,0.60200214021751
2017-05-02 22:45:00,0.36558994197292066,0.6097340927595748
2017-05-02 23:00:00,0.36558994197292066,0.6193681729106013
2017-05-02 23:15:00,0.36558994197292066,0.6289872066378465
2017-05-02 23:30:00,0.36558994197292066,0.6295077870881826
2017-05-02 23:45:00,0.36558994197292066,0.6367450724651852
2017-05-03 00:00:00,0.36717601547388784,0.6392903592082942
2017-05-03 00:15:00,0.36717601547388784,0.6394146599238346
2017-05-03 00:30:00,0.36717601547388784,0.6418087687316874
2017-05-03 00:45:00,0.36717601547388784,0.6428177366905555
2017-05-03 01:00:00,0.36717601547388784,0.6450893859068523
2017-05-03 01:15:00,0.36717601547388784,0.642384636529803
2017-05-03 01:30:00,0.36717601547388784,0.6411015950572746
2017-05-03 01:45:00,0.36717601547388784,0.6372473034031062
2017-05-03 02:00:00,0.36717601547388784,0.6333949579747457
2017-05-03 02:15:00,0.36717601547388784,0.6316453824027451
2017-05-03 02:30:00,0.36717601547388784,0.6273061004017733
2017-05-03 02:45:00,0.36717601547388784,0.6264766904414742
2017-05-03 03:00:00,0.36717601547388784,0.620887775816312
2017-05-03 03:15:00,0.36717601547388784,0.6137037284586278
2017-05-03 03:30:00,0.36717601547388784,0.6072705183301053
2017-05-03 03:45:00,0.36717601547388784,0.5996106074070253
2017-05-03 04:00:00,0.36717601547388784,0.5902595557262298
2017-05-03 04:15:00,0.36717601547388784,0.5879827105327728
2017-05-03 04:30:00,0.36717601547388784,0.5847765256660129
2017-05-03 04:45:00,0.36717601547388784,0.58103581903879
2017-05-03 05:00:00,0.36717601547388784,0.5710769487743518
2017-05-03 05:15:00,0.36717601547388784,0.554694230068905
2017-05-03 05:30:00,0.36717601547388784,0.5396624440497381
2017-05-03 05:45:00,0.36558994197292066,0.5265049812347756
2017-05-03 06:00:00,0.3640038684719536,0.514748273846853
2017-05-03 06:15:00,0.3608317214700193,0.5041774385754128
2017-05-03 06:30:00,0.3576595744680851,0.49395542700696954
2017-05-03 06:45:00,0.3513152804642166,0.48601228289805765
2017-05-03 07:00:00,0.3497292069632495,0.4741818244624597
2017-05-03 07:15:00,0.343384912959381,0.46603291798415747
2017-05-03 07:30:00,0.33704061895551257,0.45969208751260693
2017-05-03 07:45:00,0.33545454545454545,0.44560955653297885
2017-05-03 08:00:00,0.9988888888888889,0.4271882732986056
2017-05-03 08:15:00,0.9988888888888889,0.3796299003946564
2017-05-03 08:30:00,0.9988888888888889,0.3341270065874489
2017-05-03 08:45:00,0.9988888888888889,0.28904924797397064
2017-05-03 09:00:00,0.9988888888888889,0.27954328896419744
2017-05-03 09:15:00,0.9988888888888889,0.2768673359571326
2017-05-03 09:30:00,0.9988888888888889,0.2709465337127889
2017-05-03 09:45:00,0.9988888888888889,0.27422118979852134
2017-05-03 10:00:00,0.9988888888888889,0.2688743464860437
2017-05-03 10:15:00,0.9988888888888889,0.26552851409060896
2017-05-03 10:30:00,0.9988888888888889,0.2691815575123762
2017-05-03 10:45:00,0.9988888888888889,0.27094805934899757
2017-05-03 11:00:00,0.9988888888888889,0.2709110913746279
2017-05-03 11:15:00,0.9988888888888889,0.27204615676865757
2017-05-03 11:30:00,0.9988888888888889,0.2706216864873675
2017-05-03 11:45:00,0.9988888888888889,0.271704857273972
2017-05-03 12:00:00,0.9988888888888889,0.2699684346406786
2017-05-03 12:15:00,0.9988888888888889,0.26528932930411336
2017-05-03 12:30:00,0.9988888888888889,0.27438157109074635
2017-05-03 12:45:00,0.9988888888888889,0.27925940565713525
2017-05-03 13:00:00,0.9988888888888889,0.29388053366273
2017-05-03 13:15:00,0.9988888888888889,0.2854237609099132
2017-05-03 13:30:00,0.9988888888888889,0.27622030979097356
2017-05-03 13:45:00,0.9988888888888889,0.2794519155949813
2017-05-03 14:00:00,0.9988888888888889,0.2800696966467271
2017-05-03 14:15:00,0.9988888888888889,0.2768915752730278
2017-05-03 14:30:00,0.9988888888888889,0.27764629350226583
2017-05-03 14:45:00,0.9988888888888889,0.28200614215418224
2017-05-03 15:00:00,0.9988888888888889,0.28303729610229944
2017-05-03 15:15:00,0.9988888888888889,0.2851091427940511
2017-05-03 15:30:00,0.9988888888888889,0.2961205318419469
2017-05-03 15:45:00,0.9988888888888889,0.3107065837858722
2017-05-03 16:00:00,0.9988888888888889,0.32222186770102684
2017-05-03 16:15:00,0.9988888888888889,0.34788711181094056
2017-05-03 16:30:00,0.9988888888888889,0.38822957829707516
2017-05-03 16:45:00,0.9988888888888889,0.42518108950586253
2017-05-03 17:00:00,0.33545454545454545,0.4496170781368251
2017-05-03 17:15:00,0.343384912959381,0.45702797760803643
2017-05-03 17:30:00,0.3497292069632495,0.4624687242251445
2017-05-03 17:45:00,0.356073500967118,0.46830173726025437
2017-05-03 18:00:00,0.356073500967118,0.47793613093888004
2017-05-03 18:15:00,0.3608317214700193,0.4945518849434664
2017-05-03 18:30:00,0.3687620889748549,0.5104825515641225
2017-05-03 18:45:00,0.3687620889748549,0.511376207677684
2017-05-03 19:00:00,0.3687620889748549,0.5171522717630468
2017-05-03 19:15:00,0.3687620889748549,0.516855945251388
2017-05-03 19:30:00,0.3687620889748549,0.5234156726999557
2017-05-03 19:45:00,0.3687620889748549,0.5334652358025831
2017-05-03 20:00:00,0.3687620889748549,0.5211224622549723
2017-05-03 20:15:00,0.3687620889748549,0.5246258766950825
2017-05-03 20:30:00,0.3687620889748549,0.5297783052507917
2017-05-03 20:45:00,0.3687620889748549,0.5476445789662433
2017-05-03 21:00:00,0.3687620889748549,0.5473702691284528
2017-05-03 21:15:00,0.3687620889748549,0.5514907332725354
2017-05-03 21:30:00,0.3687620889748549,0.562583433280033
2017-05-03 21:45:00,0.3624177949709865,0.5700933411419437
2017-05-03 22:00:00,0.35924564796905223,0.5779210269802658
2017-05-03 22:15:00,0.35924564796905223,0.5762851029407543
2017-05-03 22:30:00,0.35924564796905223,0.5807517648879649
2017-05-03 22:45:00,0.35924564796905223,0.5768231228882261
2017-05-03 23:00:00,0.35924564796905223,0.5751596393430508
2017-05-03 23:15:00,0.35924564796905223,0.5750216189249128
2017-05-03 23:30:00,0.35924564796905223,0.5763491190319526
2017-05-03 23:45:00,0.35924564796905223,0.5802782279814626
2017-05-04 00:00:00,0.3608317214700193,0.5795811888477549
2017-05-04 00:15:00,0.3608317214700193,0.582282336932506
2017-05-04 00:30:00,0.3608317214700193,0.5844270576006635
2017-05-04 00:45:00,0.3608317214700193,0.5907515547228138
2017-05-04 01:00:00,0.3608317214700193,0.6016646112478367
2017-05-04 01:15:00,0.3608317214700193,0.600517857277915
2017-05-04 01:30:00,0.3608317214700193,0.6020021857362363
2017-05-04 01:45:00,0.3608317214700193,0.5984341440800465
2017-05-04 02:00:00,0.3608317214700193,0.5979455292240359
2017-05-04 02:15:00,0.3608317214700193,0.5952388540895124
2017-05-04 02:30:00,0.3608317214700193,0.5916085103863666
2017-05-04 02:45:00,0.3608317214700193,0.5911349674155041
2017-05-04 03:00:00,0.3608317214700193,0.5891380886469486
2017-05-04 03:15:00,0.3608317214700193,0.5876993449045267
2017-05-04 03:30:00,0.3608317214700193,0.5878517158839026
2017-05-04 03:45:00,0.3608317214700193,0.5858517599509372
2017-05-04 04:00:00,0.3608317214700193,0.5816165805559065
2017-05-04 04:15:00,0.3608317214700193,0.5753130846358187
2017-05-04 04:30:00,0.3624177949709865,0.5695536462025153
2017-05-04 04:45:00,0.3624177949709865,0.563231608169103
2017-05-04 05:00:00,0.3624177949709865,0.5490947432807607
2017-05-04 05:15:00,0.3624177949709865,0.5316721107751381
2017-05-04 05:30:00,0.3624177949709865,0.5211814971639821
2017-05-04 05:45:00,0.3624177949709865,0.5101119684281659
2017-05-04 06:00:00,0.3624177949709865,0.49924235421763385
2017-05-04 06:15:00,0.3624177949709865,0.49171248600045575
2017-05-04 06:30:00,0.3624177949709865,0.4807977189571692
2017-05-04 06:45:00,0.3624177949709865,0.4668410051403531
2017-05-04 07:00:00,0.3624177949709865,0.45442841140127327
2017-05-04 07:15:00,0.3624177949709865,0.4445220399899809
2017-05-04 07:30:00,0.33704061895551257,0.4334432807354274
2017-05-04 07:45:00,0.9988888888888889,0.41176040370005257
2017-05-04 08:00:00,0.9988888888888889,0.3654121746375788
2017-05-04 08:15:00,0.9988888888888889,0.3487656040637182
2017-05-04 08:30:00,0.9988888888888889,0.3298450478552922
2017-05-04 08:45:00,0.9988888888888889,0.30723921290177925
2017-05-04 09:00:00,0.9988888888888889,0.2745146751695171
2017-05-04 09:15:00,0.9988888888888889,0.2678523826914408
2017-05-04 09:30:00,0.9988888888888889,0.270358618057152
2017-05-04 09:45:00,0.9988888888888889,0.2704744068883937
2017-05-04 10:00:00,0.9988888888888889,0.2691568228440932
2017-05-04 10:15:00,0.9988888888888889,0.2628039796717373
2017-05-04 10:30:00,0.9988888888888889,0.2619401151782505
2017-05-04 10:45:00,0.9988888888888889,0.26205860838700673
2017-05-04 11:00:00,0.9988888888888889,0.2648397407990899
2017-05-04 11:15:00,0.9988888888888889,0.25541971250308637
2017-05-04 11:30:00,0.9988888888888889,0.25405873333922874
2017-05-04 11:45:00,0.9988888888888889,0.2543127822948669
2017-05-04 12:00:00,0.9988888888888889,0.25091799488679845
2017-05-04 12:15:00,0.9988888888888889,0.25486245865972085
2017-05-04 12:30:00,0.9988888888888889,0.2621265030728524
2017-05-04 12:45:00,0.9988888888888889,0.26686932748680087
2017-05-04 13:00:00,0.9988888888888889,0.27336121651499296
2017-05-04 13:15:00,0.9988888888888889,0.27724431344774314
2017-05-04 13:30:00,0.9988888888888889,0.27217891086382856
2017-05-04 13:45:00,0.9988888888888889,0.2737955349779732
2017-05-04 14:00:00,0.9988888888888889,0.28201957330538346
2017-05-04 14:15:00,0.9988888888888889,0.30056185146670505
2017-05-04 14:30:00,0.9988888888888889,0.32907409552075634
2017-05-04 14:45:00,0.9988888888888889,0.3587152079552589
2017-05-04 15:00:00,0.9988888888888889,0.39829326849259583
2017-05-04 15:15:00,0.9988888888888889,0.40194046401606864
2017-05-04 15:30:00,0.9988888888888889,0.40585464815667666
2017-05-04 15:45:00,0.9988888888888889,0.4193753734643512
2017-05-04 16:00:00,0.9988888888888889,0.42570260645739905
2017-05-04 16:15:00,0.33545454545454545,0.4493190976992015
2017-05-04 16:30:00,0.3417988394584139,0.46073505135311016
2017-05-04 16:45:00,0.34655705996131525,0.47190778227484215
2017-05-04 17:00:00,0.35290135396518374,0.4837931265458335
2017-05-04 17:15:00,0.35924564796905223,0.49569344753315625
2017-05-04 17:30:00,0.37034816247582203,0.5047111152728594
2017-05-04 17:45:00,0.37352030947775633,0.503214154040535
2017-05-04 18:00:00,0.37352030947775633,0.5025339683682294
2017-05-04 18:15:00,0.37352030947775633,0.508375522534101
2017-05-04 18:30:00,0.37352030947775633,0.5101839479684404
2017-05-04 18:45:00,0.37352030947775633,0.5145235738818255
2017-05-04 19:00:00,0.37352030947775633,0.5247174483764421
2017-05-04 19:15:00,0.37352030947775633,0.5317715306580146
2017-05-04 19:30:00,0.37352030947775633,0.5353368067918972
2017-05-04 19:45:00,0.37352030947775633,0.5396163787298722
2017-05-04 20:00:00,0.37352030947775633,0.5382215760550388
2017-05-04 20:15:00,0.37352030947775633,0.5424840853149936
2017-05-04 20:30:00,0.37352030947775633,0.5534927081553844
2017-05-04 20:45:00,0.37193423597678915,0.5548321040911365
2017-05-04 21:00:00,0.36717601547388784,0.5590246784327323
2017-05-04 21:15:00,0.3624177949709865,0.5549356243589794
2017-05-04 21:30:00,0.356073500967118,0.5519340061049008
2017-05-04 21:45:00,0.356073500967118,0.5480434748631633
2017-05-04 22:00:00,0.356073500967118,0.5459969602829614
2017-05-04 22:15:00,0.356073500967118,0.5518887514102944
2017-05-04 22:30:00,0.356073500967118,0.5595363660038176
2017-05-04 22:45:00,0.356073500967118,0.5834554271792661
2017-05-04 23:00:00,0.356073500967118,0.5812204205959574
2017-05-04 23:15:00,0.356073500967118,0.5900441932085073
2017-05-04 23:30:00,0.356073500967118,0.6019030247865095
2017-05-04 23:45:00,0.356073500967118,0.6069613207848727
2017-05-05 00:00:00,0.3624177949709865,0.6061667311264675
2017-05-05 00:15:00,0.3624177949709865,0.6022268727402303
2017-05-05 00:30:00,0.3624177949709865,0.6068092136359995
2017-05-05 00:45:00,0.3624177949709865,0.6126576817472172
2017-05-05 01:00:00,0.3624177949709865,0.6207372082827377
2017-05-05 01:15:00,0.3624177949709865,0.6220717553413241
2017-05-05 01:30:00,0.3624177949709865,0.6192287653935556
2017-05-05 01:45:00,0.3624177949709865,0.6159295101771328
2017-05-05 02:00:00,0.3624177949709865,0.614562351684642
2017-05-05 02:15:00,0.3624177949709865,0.6147606965293575
2017-05-05 02:30:00,0.3624177949709865,0.6089198541678894
2017-05-05 02:45:00,0.3624177949709865,0.6071837465502038
2017-05-05 03:00:00,0.3624177949709865,0.600666828269343
2017-05-05 03:15:00,0.3624177949709865,0.5953356105298356
2017-05-05 03:30:00,0.3624177949709865,0.5885929232253793
2017-05-05 03:45:00,0.3624177949709865,0.5927691061316961
2017-05-05 04:00:00,0.3624177949709865,0.5952987948455606
2017-05-05 04:15:00,0.3624177949709865,0.5928030770812677
2017-05-05 04:30:00,0.3624177949709865,0.5896161940089081
2017-05-05 04:45:00,0.3624177949709865,0.5836866036322693
2017-05-05 05:00:00,0.3624177949709865,0.5672715017194205
2017-05-05 05:15:00,0.3624177949709865,0.5474917167389759
2017-05-05 05:30:00,0.3640038684719536,0.5382805773645536
2017-05-05 05:45:00,0.3640038684719536,0.5273988777162696
2017-05-05 06:00:00,0.3640038684719536,0.5175308388377691
2017-05-05 06:15:00,0.3640038684719536,0.5085713699947386
2017-05-05 06:30:00,0.3640038684719536,0.5022246080665944
2017-05-05 06:45:00,0.3640038684719536,0.49301828492959143
2017-05-05 07:00:00,0.3640038684719536,0.48896427968935624
2017-05-05 07:15:00,0.3640038684719536,0.4883977086679038
2017-05-05 07:30:00,0.3640038684719536,0.4843691886735418
2017-05-05 07:45:00,0.3640038684719536,0.476900644311925
2017-05-05 08:00:00,0.3640038684719536,0.4707904333897358
2017-05-05 08:15:00,0.3640038684719536,0.45686623233866075
2017-05-05 08:30:00,0.9988888888888889,0.4196363292457923
2017-05-05 08:45:00,0.9988888888888889,0.3886823009213636
2017-05-05 09:00:00,0.9988888888888889,0.3471904418257141
2017-05-05 09:15:00,0.9988888888888889,0.32481404628438587
2017-05-05 09:30:00,0.9988888888888889,0.30379681370909434
2017-05-05 09:45:00,0.9988888888888889,0.2811016427750686
2017-05-05 10:00:00,0.9988888888888889,0.24203460085734368
2017-05-05 10:15:00,0.9988888888888889,0.2328427104646773
2017-05-05 10:30:00,0.9988888888888889,0.21754431380268835
2017-05-05 10:45:00,0.9988888888888889,0.20330079516230812
2017-05-05 11:00:00,0.9988888888888889,0.20144506204788562
2017-05-05 11:15:00,0.9988888888888889,0.20620879130605965
2017-05-05 11:30:00,0.9988888888888889,0.20450350860138053
2017-05-05 11:45:00,0.9988888888888889,0.20527788535900254
2017-05-05 12:00:00,0.9988888888888889,0.20889463748059012
2017-05-05 12:15:00,0.9988888888888889,0.20920521509044218
2017-05-05 12:30:00,0.9988888888888889,0.20966751999659064
2017-05-05 12:45:00,0.9988888888888889,0.21252839419103006
2017-05-05 13:00:00,0.9988888888888889,0.2129632848337628
2017-05-05 13:15:00,0.9988888888888889,0.21707943808823846
2017-05-05 13:30:00,0.9988888888888889,0.2234012704185616
2017-05-05 13:45:00,0.9988888888888889,0.22760642751858995
2017-05-05 14:00:00,0.9988888888888889,0.23184916075056186
2017-05-05 14:15:00,0.9988888888888889,0.24728854072686468
2017-05-05 14:30:00,0.9988888888888889,0.2707564002971796
2017-05-05 14:45:00,0.9988888888888889,0.2915479205255596
2017-05-05 15:00:00,0.9988888888888889,0.31635622545445335
2017-05-05 15:15:00,0.9988888888888889,0.3304115854573989
2017-05-05 15:30:00,0.9988888888888889,0.3448482387675852
2017-05-05 15:45:00,0.9988888888888889,0.3613064970700698
2017-05-05 16:00:00,0.9988888888888889,0.3703242845630748
2017-05-05 16:15:00,0.9988888888888889,0.4023693102831763
2017-05-05 16:30:00,0.9988888888888889,0.4327697254846087
2017-05-05 16:45:00,0.9988888888888889,0.4682059085073244
2017-05-05 17:00:00,0.33704061895551257,0.48655158730926146
2017-05-05 17:15:00,0.34655705996131525,0.4930199150526857
2017-05-05 17:30:00,0.35448742746615086,0.500672094822428
2017-05-05 17:45:00,0.35448742746615086,0.5021120209728451
2017-05-05 18:00:00,0.35448742746615086,0.5036120896328219
2017-05-05 18:15:00,0.35448742746615086,0.5155148257415662
2017-05-05 18:30:00,0.35448742746615086,0.5060832986904809
2017-05-05 18:45:00,0.35448742746615086,0.5042580605599096
2017-05-05 19:00:00,0.35448742746615086,0.5114421139835074
2017-05-05 19:15:00,0.35448742746615086,0.5215970261455105
2017-05-05 19:30:00,0.35448742746615086,0.5252456550351474
2017-05-05 19:45:00,0.35448742746615086,0.5322198252747666
2017-05-05 20:00:00,0.35448742746615086,0.5358190186657328
2017-05-05 20:15:00,0.35448742746615086,0.546472455046924
2017-05-05 20:30:00,0.35448742746615086,0.5558179051876407
2017-05-05 20:45:00,0.35290135396518374,0.5656142228241234
2017-05-05 21:00:00,0.35290135396518374,0.5695639172122251
2017-05-05 21:15:00,0.35290135396518374,0.5674934363901972
2017-05-05 21:30:00,0.3497292069632495,0.5696690541210783
2017-05-05 21:45:00,0.3449709864603482,0.5749718059793925
2017-05-05 22:00:00,0.3402127659574468,0.5828802781245482
2017-05-05 22:15:00,0.3402127659574468,0.5823473634476627
2017-05-05 22:30:00,0.33545454545454545,0.5892938036284077
2017-05-05 22:45:00,0.9988888888888889,0.5876194403217431
2017-05-05 23:00:00,0.9988888888888889,0.5888492146702613
2017-05-05 23:15:00,0.9988888888888889,0.5842891733483109
2017-05-05 23:30:00,0.9988888888888889,0.5798019149110698
2017-05-05 23:45:00,0.9988888888888889,0.5709757835324194
2017-05-06 00:00:00,0.9988888888888889,0.5641763705938071
2017-05-06 00:15:00,0.9988888888888889,0.5592799248455869
2017-05-06 00:30:00,0.9988888888888889,0.5490217302200611
2017-05-06 00:45:00,0.9988888888888889,0.5458114165109347
2017-05-06 01:00:00,0.9988888888888889,0.539441261832044
2017-05-06 01:15:00,0.9988888888888889,0.5297518947062662
2017-05-06 01:30:00,0.9988888888888889,0.5219324279784083
2017-05-06 01:45:00,0.9988888888888889,0.5124415346130936
2017-05-06 02:00:00,0.9988888888888889,0.506968645292377
2017-05-06 02:15:00,0.9988888888888889,0.5169032007888075
2017-05-06 02:30:00,0.9988888888888889,0.5260602642104565
2017-05-06 02:45:00,0.9988888888888889,0.5353618988257964
2017-05-06 03:00:00,0.9988888888888889,0.5490958163751051
2017-05-06 03:15:00,0.9988888888888889,0.5481011843396357
2017-05-06 03:30:00,0.9988888888888889,0.5480156120463521
2017-05-06 03:45:00,0.9988888888888889,0.548683709305196
2017-05-06 04:00:00,0.9988888888888889,0.5489085410940895
2017-05-06 04:15:00,0.9988888888888889,0.5478894141465662
2017-05-06 04:30:00,0.9988888888888889,0.5463449191205103
2017-05-06 04:45:00,0.9988888888888889,0.5460126463781857
2017-05-06 05:00:00,0.9988888888888889,0.5464544008227106
2017-05-06 05:15:00,0.9988888888888889,0.5206403374637422
2017-05-06 05:30:00,0.9988888888888889,0.495825253551599
2017-05-06 05:45:00,0.9988888888888889,0.47299697310676964
2017-05-06 06:00:00,0.9988888888888889,0.45254506685063434
2017-05-06 06:15:00,0.9988888888888889,0.43120830257173465
2017-05-06 06:30:00,0.9988888888888889,0.4102839449680296
2017-05-06 06:45:00,0.9988888888888889,0.38935816635077625
2017-05-06 07:00:00,0.9988888888888889,0.3670316563134774
2017-05-06 07:15:00,0.9988888888888889,0.34886240884178077
2017-05-06 07:30:00,0.9988888888888889,0.3303103978958946
2017-05-06 07:45:00,0.9988888888888889,0.3089972586480499
2017-05-06 08:00:00,0.9988888888888889,0.3051085826651914
2017-05-06 08:15:00,0.9988888888888889,0.3039482044579853
2017-05-06 08:30:00,0.9988888888888889,0.3020808099129973
2017-05-06 08:45:00,0.9988888888888889,0.30040983009862254
2017-05-06 09:00:00,0.9988888888888889,0.300410388097732
2017-05-06 09:15:00,0.9988888888888889,0.29934197603681395
2017-05-06 09:30:00,0.9988888888888889,0.28675587345866277
2017-05-06 09:45:00,0.9988888888888889,0.28318543208691793
2017-05-06 10:00:00,0.9988888888888889,0.2819150713366227
2017-05-06 10:15:00,0.9988888888888889,0.279531719596026
2017-05-06 10:30:00,0.9988888888888889,0.278904575395296
2017-05-06 10:45:00,0.9988888888888889,0.2818935847258983
2017-05-06 11:00:00,0.9988888888888889,0.28806455292363814
2017-05-06 11:15:00,0.9988888888888889,0.28851571047521246
2017-05-06 11:30:00,0.9988888888888889,0.29091688181216885
2017-05-06 11:45:00,0.9988888888888889,0.2997695153700734
2017-05-06 12:00:00,0.9988888888888889,0.30748486849662104
2017-05-06 12:15:00,0.9988888888888889,0.3082936186474625
2017-05-06 12:30:00,0.9988888888888889,0.30968566052634866
2017-05-06 12:45:00,0.9988888888888889,0.31137009092902923
2017-05-06 13:00:00,0.9988888888888889,0.31343589998198396
2017-05-06 13:15:00,0.9988888888888889,0.3254110444916902
2017-05-06 13:30:00,0.9988888888888889,0.33816952985089177
2017-05-06 13:45:00,0.9988888888888889,0.359386505314625
2017-05-06 14:00:00,0.9988888888888889,0.38638579981255256
2017-05-06 14:15:00,0.9988888888888889,0.38561331102796914
2017-05-06 14:30:00,0.9988888888888889,0.3866476057741207
2017-05-06 14:45:00,0.9988888888888889,0.38938947185054873
2017-05-06 15:00:00,0.9988888888888889,0.3951398912045132
2017-05-06 15:15:00,0.9988888888888889,0.393427494476442
2017-05-06 15:30:00,0.9988888888888889,0.3916371100746184
2017-05-06 15:45:00,0.9988888888888889,0.3776872702165021
2017-05-06 16:00:00,0.9988888888888889,0.3784367905263377
2017-05-06 16:15:00,0.9988888888888889,0.40753600283855396
2017-05-06 16:30:00,0.9988888888888889,0.4391458523639138
2017-05-06 16:45:00,0.9988888888888889,0.4570805096596368
2017-05-06 17:00:00,0.9988888888888889,0.48270449850201413
2017-05-06 17:15:00,0.9988888888888889,0.4932944751583217
2017-05-06 17:30:00,0.9988888888888889,0.5134088544144871
2017-05-06 17:45:00,0.9988888888888889,0.519667459943874
2017-05-06 18:00:00,0.9988888888888889,0.5036261069059171
2017-05-06 18:15:00,0.9988888888888889,0.5099556467284938
2017-05-06 18:30:00,0.9988888888888889,0.5223436526057713
2017-05-06 18:45:00,0.9988888888888889,0.5273288004469854
2017-05-06 19:00:00,0.9988888888888889,0.5364600362154461
2017-05-06 19:15:00,0.9988888888888889,0.5725951212031255
2017-05-06 19:30:00,0.9988888888888889,0.5797004977189373
2017-05-06 19:45:00,0.9988888888888889,0.5624571786103041
2017-05-06 20:00:00,0.9988888888888889,0.553441684549625
2017-05-06 20:15:00,0.9988888888888889,0.5583021671890507
2017-05-06 20:30:00,0.9988888888888889,0.563761816081441
2017-05-06 20:45:00,0.9988888888888889,0.5733818412824757
2017-05-06 21:00:00,0.9988888888888889,0.5723770293845606
2017-05-06 21:15:00,0.9988888888888889,0.5776118214695777
2017-05-06 21:30:00,0.9988888888888889,0.5667175055180484
2017-05-06 21:45:00,0.9988888888888889,0.565588398190686
2017-05-06 22:00:00,0.9988888888888889,0.5697218257793293
2017-05-06 22:15:00,0.9988888888888889,0.5544237404661789
2017-05-06 22:30:00,0.9988888888888889,0.5481019406966147
2017-05-06 22:45:00,0.9988888888888889,0.5357788834943108
2017-05-06 23:00:00,0.9988888888888889,0.5132516708239154
2017-05-06 23:15:00,0.9988888888888889,0.5099887757084236
2017-05-06 23:30:00,0.9988888888888889,0.5009975415865435
2017-05-06 23:45:00,0.9988888888888889,0.5138919730567072
2017-05-07 00:00:00,0.9988888888888889,0.5248888924704314
2017-05-07 00:15:00,0.9988888888888889,0.5142770069692246
2017-05-07 00:30:00,0.9988888888888889,0.4994695368291307
2017-05-07 00:45:00,0.9988888888888889,0.48422237810440877
2017-05-07 01:00:00,0.9988888888888889,0.470777997168338
2017-05-07 01:15:00,0.9988888888888889,0.4705147551932231
2017-05-07 01:30:00,0.9988888888888889,0.4730850418138979
2017-05-07 01:45:00,0.9988888888888889,0.4720696010399302
2017-05-07 02:00:00,0.9988888888888889,0.4712678069833911
2017-05-07 02:15:00,0.9988888888888889,0.4930356517692406
2017-05-07 02:30:00,0.9988888888888889,0.5157926558261011
2017-05-07 02:45:00,0.9988888888888889,0.5359801626702125
2017-05-07 03:00:00,0.9988888888888889,0.5579742827088658
2017-05-07 03:15:00,0.9988888888888889,0.5549554204230437
2017-05-07 03:30:00,0.9988888888888889,0.550703630240088
2017-05-07 03:45:00,0.9988888888888889,0.5452187496491746
2017-05-07 04:00:00,0.9988888888888889,0.5388261523558775
2017-05-07 04:15:00,0.9988888888888889,0.5607133504261627
2017-05-07 04:30:00,0.9988888888888889,0.5800792896875966
2017-05-07 04:45:00,0.9988888888888889,0.601465008069215
2017-05-07 05:00:00,0.9988888888888889,0.6217038119520023
2017-05-07 05:15:00,0.9988888888888889,0.5993051724783145
2017-05-07 05:30:00,0.9988888888888889,0.5780890657953394
2017-05-07 05:45:00,0.9988888888888889,0.5553266686005455
2017-05-07 06:00:00,0.9988888888888889,0.5397329884774293
2017-05-07 06:15:00,0.9988888888888889,0.49868842220281884
2017-05-07 06:30:00,0.9988888888888889,0.464522544651975
2017-05-07 06:45:00,0.9988888888888889,0.4212014504006878
2017-05-07 07:00:00,0.9988888888888889,0.39093487806693883
2017-05-07 07:15:00,0.9988888888888889,0.38717377835061795
2017-05-07 07:30:00,0.9988888888888889,0.37233436014706206
2017-05-07 07:45:00,0.9988888888888889,0.3626228878088413
2017-05-07 08:00:00,0.9988888888888889,0.32871455743452277
2017-05-07 08:15:00,0.9988888888888889,0.31065149853799323
2017-05-07 08:30:00,0.9988888888888889,0.2790547805117383
2017-05-07 08:45:00,0.9988888888888889,0.24279247675091667
2017-05-07 09:00:00,0.041,0.2266797171625536
2017-05-07 09:15:00,0.041,0.22623309937035757
2017-05-07 09:30:00,0.041,0.22601790285517212
2017-05-07 09:45:00,0.041,0.2234166302339417
2017-05-07 10:00:00,0.041,0.22677558954925076
2017-05-07 10:15:00,0.041,0.2270961411099465
2017-05-07 10:30:00,0.041,0.22820376361724026
2017-05-07 10:45:00,0.041,0.22452572437420995
2017-05-07 11:00:00,0.041,0.22390314004830192
2017-05-07 11:15:00,0.041,0.2219661080961756
2017-05-07 11:30:00,0.9988888888888889,0.2290918505910231
2017-05-07 11:45:00,0.9988888888888889,0.23566559318911479
2017-05-07 12:00:00,0.041,0.23100129403974307
2017-05-07 12:15:00,0.041,0.24245301795885926
2017-05-07 12:30:00,0.041,0.24172696348643996
2017-05-07 12:45:00,0.041,0.24285718151663999
2017-05-07 13:00:00,0.041,0.2341515882754098
2017-05-07 13:15:00,0.041,0.2326073031395703
2017-05-07 13:30:00,0.041,0.23346500904101128
2017-05-07 13:45:00,0.041,0.23513764286533603
2017-05-07 14:00:00,0.041,0.23742049618677089
2017-05-07 14:15:00,0.041,0.2405270435515782
2017-05-07 14:30:00,0.041,0.2413017449078022
2017-05-07 14:45:00,0.041,0.23978489445621606
2017-05-07 15:00:00,0.9988888888888889,0.246770128518074
2017-05-07 15:15:00,0.9988888888888889,0.26262228167426993
2017-05-07 15:30:00,0.9988888888888889,0.2806441100169405
2017-05-07 15:45:00,0.9988888888888889,0.3014597332684064
2017-05-07 16:00:00,0.9988888888888889,0.32613277377985783
2017-05-07 16:15:00,0.9988888888888889,0.3499180175423837
2017-05-07 16:30:00,0.9988888888888889,0.3793863074060339
2017-05-07 16:45:00,0.9988888888888889,0.42318842789472016
2017-05-07 17:00:00,0.9988888888888889,0.4531530269436044
2017-05-07 17:15:00,0.9988888888888889,0.4827904855175233
2017-05-07 17:30:00,0.9988888888888889,0.5063561792761588
2017-05-07 17:45:00,0.9988888888888889,0.5357736389197706
2017-05-07 18:00:00,0.9988888888888889,0.5549456466154442
2017-05-07 18:15:00,0.9988888888888889,0.547122773736769
2017-05-07 18:30:00,0.9988888888888889,0.5427272130011044
2017-05-07 18:45:00,0.9988888888888889,0.5462171332697641
2017-05-07 19:00:00,0.4536363636363636,0.6027614861500494
2017-05-07 19:15:00,0.4536363636363636,0.605296361224657
2017-05-07 19:30:00,0.4536363636363636,0.6018763802361379
2017-05-07 19:45:00,0.4536363636363636,0.5938148397118115
2017-05-07 20:00:00,0.9988888888888889,0.5471374880414593
2017-05-07 20:15:00,0.9988888888888889,0.5563099285861135
2017-05-07 20:30:00,0.9988888888888889,0.5630891255337057
2017-05-07 20:45:00,0.9988888888888889,0.5771651777535658
2017-05-07 21:00:00,0.9988888888888889,0.5741650978884981
2017-05-07 21:15:00,0.9988888888888889,0.5744218054466428
2017-05-07 21:30:00,0.9988888888888889,0.5657209048718017
2017-05-07 21:45:00,0.9988888888888889,0.5507254372653472
2017-05-07 22:00:00,0.9988888888888889,0.5274471615081787
2017-05-07 22:15:00,0.9988888888888889,0.5364025105120013
2017-05-07 22:30:00,0.9988888888888889,0.5453723398290995
2017-05-07 22:45:00,0.9988888888888889,0.5519397354411686
2017-05-07 23:00:00,0.9988888888888889,0.5591423277869556
2017-05-07 23:15:00,0.9988888888888889,0.5704598171898452
2017-05-07 23:30:00,0.9988888888888889,0.5778809268198294
2017-05-07 23:45:00,0.9988888888888889,0.5716279619244237
2017-05-08 00:00:00,0.9988888888888889,0.5988134462677258
2017-05-08 00:15:00,0.9988888888888889,0.6063910706349768
2017-05-08 00:30:00,0.9988888888888889,0.6125366922237792
2017-05-08 00:45:00,0.9988888888888889,0.6149207453451485
2017-05-08 01:00:00,0.9988888888888889,0.6126829499290836
2017-05-08 01:15:00,0.9988888888888889,0.6159378160435701
2017-05-08 01:30:00,0.9988888888888889,0.6133363534003431
2017-05-08 01:45:00,0.9988888888888889,0.6108458884861772
2017-05-08 02:00:00,0.9988888888888889,0.6087880633684618
2017-05-08 02:15:00,0.9988888888888889,0.6035926869650636
2017-05-08 02:30:00,0.9988888888888889,0.6001849911141294
2017-05-08 02:45:00,0.9988888888888889,0.5970688138368574
2017-05-08 03:00:00,0.9988888888888889,0.5788234371919907
2017-05-08 03:15:00,0.9988888888888889,0.5822160432936739
2017-05-08 03:30:00,0.9988888888888889,0.577174772241022
2017-05-08 03:45:00,0.9988888888888889,0.5751058821987151
2017-05-08 04:00:00,0.9988888888888889,0.5697512338516089
2017-05-08 04:15:00,0.9988888888888889,0.5724074380750654
2017-05-08 04:30:00,0.9988888888888889,0.5748695734270387
2017-05-08 04:45:00,0.9988888888888889,0.5792221843379539
2017-05-08 05:00:00,0.9988888888888889,0.5511712913421405
2017-05-08 05:15:00,0.9988888888888889,0.525273911033494
2017-05-08 05:30:00,0.9988888888888889,0.5100352405160191
2017-05-08 05:45:00,0.9988888888888889,0.4980420319317067
2017-05-08 06:00:00,0.9988888888888889,0.515988633402092
2017-05-08 06:15:00,0.9988888888888889,0.4798075008307404
2017-05-08 06:30:00,0.9988888888888889,0.46897509796690373
2017-05-08 06:45:00,0.9988888888888889,0.46284336838067214
2017-05-08 07:00:00,0.9988888888888889,0.4597996171838859
2017-05-08 07:15:00,0.9988888888888889,0.4535988778981833
2017-05-08 07:30:00,0.9988888888888889,0.43276643843400914
2017-05-08 07:45:00,0.9988888888888889,0.4023355635445014
2017-05-08 08:00:00,0.9988888888888889,0.3597207352838845
2017-05-08 08:15:00,0.9988888888888889,0.3145107875600316
2017-05-08 08:30:00,0.9988888888888889,0.2703560835990393
2017-05-08 08:45:00,0.9988888888888889,0.2158284359444525
2017-05-08 09:00:00,0.9988888888888889,0.17774750753956006
2017-05-08 09:15:00,0.041,0.1728389165052292
2017-05-08 09:30:00,0.041,0.17405806020125686
2017-05-08 09:45:00,0.041,0.17321710974085844
2017-05-08 10:00:00,0.041,0.17123708578543662
2017-05-08 10:15:00,0.041,0.17251658477283083
2017-05-08 10:30:00,0.041,0.1727376224413481
2017-05-08 10:45:00,0.041,0.1729438633100311
2017-05-08 11:00:00,0.041,0.17378731440522377
2017-05-08 11:15:00,0.041,0.17199523538753356
2017-05-08 11:30:00,0.041,0.1704666245482958
2017-05-08 11:45:00,0.041,0.17063675282474125
2017-05-08 12:00:00,0.041,0.17044425513468436
2017-05-08 12:15:00,0.041,0.17521329169028743
2017-05-08 12:30:00,0.041,0.17774768675868127
2017-05-08 12:45:00,0.041,0.17943582007381503
2017-05-08 13:00:00,0.041,0.1797074202618465
2017-05-08 13:15:00,0.041,0.17978867193697576
2017-05-08 13:30:00,0.041,0.17533626805600477
2017-05-08 13:45:00,0.041,0.17440092559341439
2017-05-08 14:00:00,0.041,0.17519779150084114
2017-05-08 14:15:00,0.041,0.17515376944831662
2017-05-08 14:30:00,0.041,0.17695756552892514
2017-05-08 14:45:00,0.041,0.1766856659343365
2017-05-08 15:00:00,0.041,0.17689037652513517
2017-05-08 15:15:00,0.9988888888888889,0.19055004933405462
2017-05-08 15:30:00,0.9988888888888889,0.21602966701635354
2017-05-08 15:45:00,0.9988888888888889,0.24084958087839334
2017-05-08 16:00:00,0.9988888888888889,0.27464370571670166
2017-05-08 16:15:00,0.9988888888888889,0.3076501185871508
2017-05-08 16:30:00,0.9988888888888889,0.3509271625137621
2017-05-08 16:45:00,0.9988888888888889,0.38915021977027375
2017-05-08 17:00:00,0.9988888888888889,0.4247397409646657
2017-05-08 17:15:00,0.33545454545454545,0.4419527125183411
2017-05-08 17:30:00,0.33545454545454545,0.4506301498467607
2017-05-08 17:45:00,0.3386266924564797,0.45096777922900383
2017-05-08 18:00:00,0.3386266924564797,0.4509540226424157
2017-05-08 18:15:00,0.3386266924564797,0.4487706173486875
2017-05-08 18:30:00,0.3386266924564797,0.4529907106422745
2017-05-08 18:45:00,0.3386266924564797,0.4614807320155428
2017-05-08 19:00:00,0.3386266924564797,0.46674928599032023
2017-05-08 19:15:00,0.3386266924564797,0.47942091990185065
2017-05-08 19:30:00,0.3386266924564797,0.48685327181112437
2017-05-08 19:45:00,0.3386266924564797,0.4942574717486799
2017-05-08 20:00:00,0.3386266924564797,0.49701377450375206
2017-05-08 20:15:00,0.3386266924564797,0.5028743865700408
2017-05-08 20:30:00,0.3386266924564797,0.5151974626341291
2017-05-08 20:45:00,0.3386266924564797,0.5101892269009101
2017-05-08 21:00:00,0.3386266924564797,0.5136576473006719
2017-05-08 21:15:00,0.33545454545454545,0.5156879894381421
2017-05-08 21:30:00,0.9988888888888889,0.4924525629389765
2017-05-08 21:45:00,0.9988888888888889,0.4637693276088318
2017-05-08 22:00:00,0.9988888888888889,0.44835386513580777
2017-05-08 22:15:00,0.9988888888888889,0.4598314817266412
2017-05-08 22:30:00,0.9988888888888889,0.4564989142705312
2017-05-08 22:45:00,0.9988888888888889,0.47686142843901813
2017-05-08 23:00:00,0.9988888888888889,0.4825699388915574
2017-05-08 23:15:00,0.9988888888888889,0.4716680649994439
2017-05-08 23:30:00,0.9988888888888889,0.45792888311540764
2017-05-08 23:45:00,0.9988888888888889,0.45018902968168417
2017-05-09 00:00:00,0.9988888888888889,0.44586449174479736
2017-05-09 00:15:00,0.9988888888888889,0.4461834987251406
2017-05-09 00:30:00,0.9988888888888889,0.45038748075297236
2017-05-09 00:45:00,0.9988888888888889,0.4545742235290144
2017-05-09 01:00:00,0.9988888888888889,0.4532347144774838
2017-05-09 01:15:00,0.9988888888888889,0.45884710135563966
2017-05-09 01:30:00,0.9988888888888889,0.4655173993562797
2017-05-09 01:45:00,0.9988888888888889,0.4734664393391489
2017-05-09 02:00:00,0.9988888888888889,0.48466164555489577
2017-05-09 02:15:00,0.9988888888888889,0.4855934170890729
2017-05-09 02:30:00,0.9988888888888889,0.4873898628071985
2017-05-09 02:45:00,0.9988888888888889,0.4892496744286048
2017-05-09 03:00:00,0.9988888888888889,0.48982355496865626
2017-05-09 03:15:00,0.9988888888888889,0.4920857351826508
2017-05-09 03:30:00,0.9988888888888889,0.4959793195289242
2017-05-09 03:45:00,0.9988888888888889,0.4978167733189474
2017-05-09 04:00:00,0.9988888888888889,0.5051351315391361
2017-05-09 04:15:00,0.9988888888888889,0.4944235183334867
2017-05-09 04:30:00,0.9988888888888889,0.4876084438713762
2017-05-09 04:45:00,0.9988888888888889,0.4838864844196772
2017-05-09 05:00:00,0.9988888888888889,0.4886038731185008
2017-05-09 05:15:00,0.9988888888888889,0.47421918468402197
2017-05-09 05:30:00,0.9988888888888889,0.45568743150990754
2017-05-09 05:45:00,0.9988888888888889,0.43618556554510235
2017-05-09 06:00:00,0.9988888888888889,0.4192502388100899
2017-05-09 06:15:00,0.9988888888888889,0.3997503923080494
2017-05-09 06:30:00,0.9988888888888889,0.37910107134741655
2017-05-09 06:45:00,0.9988888888888889,0.3537604648138447
2017-05-09 07:00:00,0.9988888888888889,0.3311995176452925
2017-05-09 07:15:00,0.9988888888888889,0.3046027400332257
2017-05-09 07:30:00,0.9988888888888889,0.275874182331252
2017-05-09 07:45:00,0.9988888888888889,0.2285146533207129
2017-05-09 08:00:00,0.9988888888888889,0.2059550707936868
2017-05-09 08:15:00,0.041,0.18063010280209216
2017-05-09 08:30:00,0.041,0.18074740638897874
2017-05-09 08:45:00,0.041,0.1784882999830113
2017-05-09 09:00:00,0.041,0.17823965034541955
2017-05-09 09:15:00,0.041,0.1782735823794732
2017-05-09 09:30:00,0.041,0.17709101007876005
2017-05-09 09:45:00,0.041,0.1757891135260849
2017-05-09 10:00:00,0.041,0.17847317607951108
2017-05-09 10:15:00,0.041,0.17702235322861265
2017-05-09 10:30:00,0.041,0.17896534818984206
2017-05-09 10:45:00,0.041,0.18004942550411437
2017-05-09 11:00:00,0.041,0.18092951913729458
2017-05-09 11:15:00,0.041,0.18748221993499273
2017-05-09 11:30:00,0.041,0.18656535738146537
2017-05-09 11:45:00,0.041,0.18605949969355173
2017-05-09 12:00:00,0.041,0.18823510836516583
2017-05-09 12:15:00,0.041,0.18882091384638866
2017-05-09 12:30:00,0.041,0.18464142163115746
2017-05-09 12:45:00,0.041,0.18740512850423433
2017-05-09 13:00:00,0.041,0.18787265217286164
2017-05-09 13:15:00,0.041,0.1867310107123191
2017-05-09 13:30:00,0.041,0.1858729472275306
2017-05-09 13:45:00,0.041,0.18631372517057113
2017-05-09 14:00:00,0.041,0.18689999253780346
2017-05-09 14:15:00,0.041,0.1875499340878004
2017-05-09 14:30:00,0.041,0.188451544271029
2017-05-09 14:45:00,0.041,0.18899051691105312
2017-05-09 15:00:00,0.041,0.19005042503502942
2017-05-09 15:15:00,0.041,0.18979140693321353
2017-05-09 15:30:00,0.041,0.1897006018076534
2017-05-09 15:45:00,0.9988888888888889,0.21126731325379866
2017-05-09 16:00:00,0.9988888888888889,0.23522977044957982
2017-05-09 16:15:00,0.9988888888888889,0.2686502457248949
2017-05-09 16:30:00,0.9988888888888889,0.2864943504838718
2017-05-09 16:45:00,0.9988888888888889,0.3307549129444857
2017-05-09 17:00:00,0.9988888888888889,0.3603147006536417
2017-05-09 17:15:00,0.9988888888888889,0.41889308009268517
2017-05-09 17:30:00,0.3386266924564797,0.47905614252658485
2017-05-09 17:45:00,0.35290135396518374,0.5018912338813666
2017-05-09 18:00:00,0.3640038684719536,0.5225798107460325
2017-05-09 18:15:00,0.3640038684719536,0.5186033121421486
2017-05-09 18:30:00,0.3640038684719536,0.5260201237678472
2017-05-09 18:45:00,0.3640038684719536,0.5269013340974409
2017-05-09 19:00:00,0.3640038684719536,0.5328131562941315
2017-05-09 19:15:00,0.3640038684719536,0.53824243349327
2017-05-09 19:30:00,0.3640038684719536,0.5493762412997243
2017-05-09 19:45:00,0.3640038684719536,0.5527097850830849
2017-05-09 20:00:00,0.3640038684719536,0.5547320935912288
2017-05-09 20:15:00,0.3640038684719536,0.5604815936757988
2017-05-09 20:30:00,0.3640038684719536,0.5703840875246736
2017-05-09 20:45:00,0.3640038684719536,0.58256950536097
2017-05-09 21:00:00,0.3640038684719536,0.5822167383485006
2017-05-09 21:15:00,0.3640038684719536,0.5924597124926577
2017-05-09 21:30:00,0.3576595744680851,0.5977606286186685
2017-05-09 21:45:00,0.35290135396518374,0.6024253852075135
2017-05-09 22:00:00,0.3497292069632495,0.6030774811533274
2017-05-09 22:15:00,0.3481431334622824,0.6052872956887441
2017-05-09 22:30:00,0.343384912959381,0.6101838233594695
2017-05-09 22:45:00,0.3402127659574468,0.6151201143841529
2017-05-09 23:00:00,0.3386266924564797,0.6181366989594226
2017-05-09 23:15:00,0.33545454545454545,0.6165048762365136
2017-05-09 23:30:00,0.9988888888888889,0.6025903285496724
2017-05-09 23:45:00,0.9988888888888889,0.5838785225060933
2017-05-10 00:00:00,0.9988888888888889,0.5742434087493243
2017-05-10 00:15:00,0.9988888888888889,0.5590169213446069
2017-05-10 00:30:00,0.9988888888888889,0.5364739226854649
2017-05-10 00:45:00,0.9988888888888889,0.5155553074037575
2017-05-10 01:00:00,0.9988888888888889,0.4969459745836795
2017-05-10 01:15:00,0.9988888888888889,0.49336320056388705
2017-05-10 01:30:00,0.9988888888888889,0.4885745899196527
2017-05-10 01:45:00,0.9988888888888889,0.48362145514977684
2017-05-10 02:00:00,0.9988888888888889,0.4804776882478041
2017-05-10 02:15:00,0.9988888888888889,0.4809723415226225
2017-05-10 02:30:00,0.9988888888888889,0.4806041201963764
2017-05-10 02:45:00,0.9988888888888889,0.480553464190361
2017-05-10 03:00:00,0.9988888888888889,0.48266344048064547
2017-05-10 03:15:00,0.9988888888888889,0.4982006417539996
2017-05-10 03:30:00,0.9988888888888889,0.5123037405568082
2017-05-10 03:45:00,0.9988888888888889,0.5274500642028929
2017-05-10 04:00:00,0.9988888888888889,0.5479656610106505
2017-05-10 04:15:00,0.9988888888888889,0.5387223770721248
2017-05-10 04:30:00,0.9988888888888889,0.5301716752354153
2017-05-10 04:45:00,0.9988888888888889,0.524519761856076
2017-05-10 05:00:00,0.9988888888888889,0.5272243965018394
2017-05-10 05:15:00,0.9988888888888889,0.5131611395940304
2017-05-10 05:30:00,0.9988888888888889,0.494398064455926
2017-05-10 05:45:00,0.9988888888888889,0.47746884814180507
2017-05-10 06:00:00,0.9988888888888889,0.46186136289557234
2017-05-10 06:15:00,0.9988888888888889,0.4526305305209975
2017-05-10 06:30:00,0.9988888888888889,0.43732360488243543
2017-05-10 06:45:00,0.9988888888888889,0.4232201341353362
2017-05-10 07:00:00,0.9988888888888889,0.416880938787252
2017-05-10 07:15:00,0.9988888888888889,0.3943328042253235
2017-05-10 07:30:00,0.9988888888888889,0.36358646846542814
2017-05-10 07:45:00,0.9988888888888889,0.3400700413360309
2017-05-10 08:00:00,0.9988888888888889,0.3096169178972856
2017-05-10 08:15:00,0.9988888888888889,0.28960337149679843
2017-05-10 08:30:00,0.9988888888888889,0.2634732092580573
2017-05-10 08:45:00,0.9988888888888889,0.24524882954973426
2017-05-10 09:00:00,0.9988888888888889,0.22711328396749844
2017-05-10 09:15:00,0.9988888888888889,0.20251817989209672
2017-05-10 09:30:00,0.041,0.1805322673400884
2017-05-10 09:45:00,0.041,0.18048928891641794
2017-05-10 10:00:00,0.041,0.18001133629023877
2017-05-10 10:15:00,0.041,0.17849091315253857
2017-05-10 10:30:00,0.041,0.17639731416273555
2017-05-10 10:45:00,0.041,0.17572692764705775
2017-05-10 11:00:00,0.041,0.17819603510978882
2017-05-10 11:15:00,0.041,0.17816479434999274
2017-05-10 11:30:00,0.041,0.17766160101764736
2017-05-10 11:45:00,0.041,0.17701383303885204
2017-05-10 12:00:00,0.041,0.18151728436362172
2017-05-10 12:15:00,0.041,0.1829593919280777
2017-05-10 12:30:00,0.041,0.18476982558522798
2017-05-10 12:45:00,0.041,0.1863791965204564
2017-05-10 13:00:00,0.9988888888888889,0.1860338437446922
2017-05-10 13:15:00,0.041,0.18348698590766022
2017-05-10 13:30:00,0.041,0.18285397546941298
2017-05-10 13:45:00,0.041,0.18354027939091036
2017-05-10 14:00:00,0.041,0.18400791300088395
2017-05-10 14:15:00,0.041,0.18509891273661375
2017-05-10 14:30:00,0.041,0.1840360367692583
2017-05-10 14:45:00,0.041,0.1845708185380599
2017-05-10 15:00:00,0.041,0.18541786041545733
2017-05-10 15:15:00,0.041,0.187549781522708
2017-05-10 15:30:00,0.041,0.18796459916840125
2017-05-10 15:45:00,0.9988888888888889,0.19221968565233377
2017-05-10 16:00:00,0.9988888888888889,0.22932911802673442
2017-05-10 16:15:00,0.9988888888888889,0.2855642111387544
2017-05-10 16:30:00,0.9988888888888889,0.3415048952260513
2017-05-10 16:45:00,0.9988888888888889,0.39740813297127364
2017-05-10 17:00:00,0.9988888888888889,0.4405752385760228
2017-05-10 17:15:00,0.9988888888888889,0.4681411529525798
2017-05-10 17:30:00,0.3386266924564797,0.4785170328872432
2017-05-10 17:45:00,0.3402127659574468,0.4879568774711522
2017-05-10 18:00:00,0.343384912959381,0.49751243116405364
2017-05-10 18:15:00,0.3481431334622824,0.5041558819199524
2017-05-10 18:30:00,0.3481431334622824,0.5052993575705731
2017-05-10 18:45:00,0.3481431334622824,0.4984634459834279
2017-05-10 19:00:00,0.3481431334622824,0.5029992889408479
2017-05-10 19:15:00,0.3481431334622824,0.5084585379852995
2017-05-10 19:30:00,0.3481431334622824,0.5145552719840525
2017-05-10 19:45:00,0.3481431334622824,0.5206996335320084
2017-05-10 20:00:00,0.3481431334622824,0.5222474765790429
2017-05-10 20:15:00,0.3481431334622824,0.5249898853624566
2017-05-10 20:30:00,0.3481431334622824,0.5223928013187866
2017-05-10 20:45:00,0.3481431334622824,0.5357438930743256
2017-05-10 21:00:00,0.3481431334622824,0.5399923914171979
2017-05-10 21:15:00,0.3481431334622824,0.562542933708432
2017-05-10 21:30:00,0.3481431334622824,0.5835314993750399
2017-05-10 21:45:00,0.3481431334622824,0.5917161443346491
2017-05-10 22:00:00,0.3481431334622824,0.6036457246800081
2017-05-10 22:15:00,0.34655705996131525,0.6051749793785653
2017-05-10 22:30:00,0.3449709864603482,0.6047757876379509
2017-05-10 22:45:00,0.343384912959381,0.6076294714519205
2017-05-10 23:00:00,0.3402127659574468,0.611529060310192
2017-05-10 23:15:00,0.3386266924564797,0.6151338389856769
2017-05-10 23:30:00,0.9988888888888889,0.6170748604998134
2017-05-10 23:45:00,0.9988888888888889,0.6158620493645484
2017-05-11 00:00:00,0.9988888888888889,0.6125662806003886
2017-05-11 00:15:00,0.9988888888888889,0.6038371653674857
2017-05-11 00:30:00,0.9988888888888889,0.5957404786027292
2017-05-11 00:45:00,0.9988888888888889,0.586964405998683
2017-05-11 01:00:00,0.9988888888888889,0.5757512056754835
2017-05-11 01:15:00,0.9988888888888889,0.5684415239979429
2017-05-11 01:30:00,0.9988888888888889,0.565306063473197
2017-05-11 01:45:00,0.9988888888888889,0.5620200897259249
2017-05-11 02:00:00,0.9988888888888889,0.5564289596635089
2017-05-11 02:15:00,0.9988888888888889,0.5504522007618093
2017-05-11 02:30:00,0.9988888888888889,0.5450866623123324
2017-05-11 02:45:00,0.9988888888888889,0.5436922539179233
2017-05-11 03:00:00,0.9988888888888889,0.5382639417168668
2017-05-11 03:15:00,0.9988888888888889,0.5342652487625162
2017-05-11 03:30:00,0.9988888888888889,0.5351960169058916
2017-05-11 03:45:00,0.9988888888888889,0.5371880965424903
2017-05-11 04:00:00,0.9988888888888889,0.5319254560813909
2017-05-11 04:15:00,0.9988888888888889,0.532893708454209
2017-05-11 04:30:00,0.9988888888888889,0.5380121290139627
2017-05-11 04:45:00,0.9988888888888889,0.5436201076481536
2017-05-11 05:00:00,0.9988888888888889,0.5452640323886573
2017-05-11 05:15:00,0.9988888888888889,0.5283907526031375
2017-05-11 05:30:00,0.9988888888888889,0.5077242479780839
2017-05-11 05:45:00,0.9988888888888889,0.48363808420170085
2017-05-11 06:00:00,0.9988888888888889,0.4648143275855801
2017-05-11 06:15:00,0.9988888888888889,0.4473906971520063
2017-05-11 06:30:00,0.9988888888888889,0.4308374729540898
2017-05-11 06:45:00,0.9988888888888889,0.4132845651014454
2017-05-11 07:00:00,0.9988888888888889,0.3955050502643712
2017-05-11 07:15:00,0.9988888888888889,0.3804271788694004
2017-05-11 07:30:00,0.9988888888888889,0.35937758161131717
2017-05-11 07:45:00,0.9988888888888889,0.33723430534862625
2017-05-11 08:00:00,0.9988888888888889,0.3162144458194828
2017-05-11 08:15:00,0.9988888888888889,0.28638983547340935
2017-05-11 08:30:00,0.9988888888888889,0.2608372591068468
2017-05-11 08:45:00,0.9988888888888889,0.2356500199347202
2017-05-11 09:00:00,0.9988888888888889,0.18968186525729075
2017-05-11 09:15:00,0.041,0.17752391233488896
2017-05-11 09:30:00,0.041,0.17909747573294277
2017-05-11 09:45:00,0.041,0.17710789553893538
2017-05-11 10:00:00,0.041,0.17635385238726659
2017-05-11 10:15:00,0.041,0.17775896667582114
2017-05-11 10:30:00,0.041,0.17507833139320908
2017-05-11 10:45:00,0.041,0.17972931480601878
2017-05-11 11:00:00,0.041,0.18005156822496715
2017-05-11 11:15:00,0.041,0.17464059687507505
2017-05-11 11:30:00,0.041,0.17727848516454525
2017-05-11 11:45:00,0.041,0.17559682514034916
2017-05-11 12:00:00,0.041,0.1741747802636634
2017-05-11 12:15:00,0.041,0.17459774038615233
2017-05-11 12:30:00,0.041,0.18066513175150725
2017-05-11 12:45:00,0.041,0.18215539073829104
2017-05-11 13:00:00,0.041,0.17916485872634744
2017-05-11 13:15:00,0.041,0.1852250660191584
2017-05-11 13:30:00,0.041,0.1788746400192106
2017-05-11 13:45:00,0.041,0.17965098788479944
2017-05-11 14:00:00,0.041,0.17871524399313593
2017-05-11 14:15:00,0.041,0.17873779832860967
2017-05-11 14:30:00,0.041,0.1797038874575833
2017-05-11 14:45:00,0.041,0.1798757641615169
2017-05-11 15:00:00,0.041,0.180473436757031
2017-05-11 15:15:00,0.041,0.18090013118405568
2017-05-11 15:30:00,0.041,0.18068635560613555
2017-05-11 15:45:00,0.041,0.18044233752729746
2017-05-11 16:00:00,0.041,0.18200512226943888
2017-05-11 16:15:00,0.9988888888888889,0.19050904827781798
2017-05-11 16:30:00,0.9988888888888889,0.2279034817011464
2017-05-11 16:45:00,0.9988888888888889,0.26346221881803183
2017-05-11 17:00:00,0.9988888888888889,0.2877283700896496
2017-05-11 17:15:00,0.9988888888888889,0.3493976913888077
2017-05-11 17:30:00,0.9988888888888889,0.4028715164227069
2017-05-11 17:45:00,0.9988888888888889,0.45990979567882967
2017-05-11 18:00:00,0.9988888888888889,0.4658003370379223
2017-05-11 18:15:00,0.4536363636363636,0.4966420855865851
2017-05-11 18:30:00,0.9988888888888889,0.46384274058551256
2017-05-11 18:45:00,0.4536363636363636,0.5004633675249068
2017-05-11 19:00:00,0.9988888888888889,0.47628248996315775
2017-05-11 19:15:00,0.9988888888888889,0.4816574458421847
2017-05-11 19:30:00,0.9988888888888889,0.4867686576427418
2017-05-11 19:45:00,0.4536363636363636,0.515930492156053
2017-05-11 20:00:00,0.9988888888888889,0.49308120434917035
2017-05-11 20:15:00,0.9988888888888889,0.49687948331487186
2017-05-11 20:30:00,0.9988888888888889,0.5075722539645339
2017-05-11 20:45:00,0.9988888888888889,0.5084295495717777
2017-05-11 21:00:00,0.4536363636363636,0.5467918063221193
2017-05-11 21:15:00,0.4536363636363636,0.5538578104067634
2017-05-11 21:30:00,0.4536363636363636,0.5561414241072319
2017-05-11 21:45:00,0.4536363636363636,0.5597248459731153
2017-05-11 22:00:00,0.4536363636363636,0.5644103671136056
2017-05-11 22:15:00,0.4536363636363636,0.5709685543170454
2017-05-11 22:30:00,0.4536363636363636,0.5769995998117641
2017-05-11 22:45:00,0.4536363636363636,0.5830647521656375
2017-05-11 23:00:00,0.4536363636363636,0.5891401106566069
2017-05-11 23:15:00,0.9988888888888889,0.5738219972675844
2017-05-11 23:30:00,0.9988888888888889,0.5591302041404679
2017-05-11 23:45:00,0.9988888888888889,0.5484980371458741
2017-05-12 00:00:00,0.9988888888888889,0.5433395181263972
2017-05-12 00:15:00,0.9988888888888889,0.5357640940181111
2017-05-12 00:30:00,0.9988888888888889,0.5469719594295737
2017-05-12 00:45:00,0.9988888888888889,0.5331814544095153
2017-05-12 01:00:00,0.9988888888888889,0.5403684688644704
2017-05-12 01:15:00,0.9988888888888889,0.5511222757019529
2017-05-12 01:30:00,0.9988888888888889,0.5400558274254287
2017-05-12 01:45:00,0.9988888888888889,0.5483963338858475
2017-05-12 02:00:00,0.9988888888888889,0.551331995960633
2017-05-12 02:15:00,0.9988888888888889,0.5438561196931009
2017-05-12 02:30:00,0.9988888888888889,0.528862089892832
2017-05-12 02:45:00,0.9988888888888889,0.5342514083975919
2017-05-12 03:00:00,0.9988888888888889,0.5277402870434245
2017-05-12 03:15:00,0.9988888888888889,0.5296766441728051
2017-05-12 03:30:00,0.9988888888888889,0.5330818118429728
2017-05-12 03:45:00,0.9988888888888889,0.5336368226562107
2017-05-12 04:00:00,0.9988888888888889,0.5398913573959632
2017-05-12 04:15:00,0.9988888888888889,0.5333846620192394
2017-05-12 04:30:00,0.9988888888888889,0.531909241879504
2017-05-12 04:45:00,0.9988888888888889,0.5284613458926074
2017-05-12 05:00:00,0.9988888888888889,0.5309626138013432
2017-05-12 05:15:00,0.9988888888888889,0.5084115455660324
2017-05-12 05:30:00,0.9988888888888889,0.4942986155535759
2017-05-12 05:45:00,0.9988888888888889,0.48370656273751866
2017-05-12 06:00:00,0.9988888888888889,0.4718641158692573
2017-05-12 06:15:00,0.9988888888888889,0.4635286622390732
2017-05-12 06:30:00,0.9988888888888889,0.4596902365925279
2017-05-12 06:45:00,0.9988888888888889,0.43847601331143987
2017-05-12 07:00:00,0.9988888888888889,0.41735723640408373
2017-05-12 07:15:00,0.9988888888888889,0.409301632410288
2017-05-12 07:30:00,0.9988888888888889,0.3871584382404288
2017-05-12 07:45:00,0.9988888888888889,0.3800723684761881
2017-05-12 08:00:00,0.9988888888888889,0.36445876047913284
2017-05-12 08:15:00,0.9988888888888889,0.33488783104570374
2017-05-12 08:30:00,0.9988888888888889,0.30700736268566303
2017-05-12 08:45:00,0.9988888888888889,0.2800068328331964
2017-05-12 09:00:00,0.9988888888888889,0.2604944265530484
2017-05-12 09:15:00,0.9988888888888889,0.2611585795952024
2017-05-12 09:30:00,0.9988888888888889,0.26123138904270493
2017-05-12 09:45:00,0.9988888888888889,0.2627048891626207
2017-05-12 10:00:00,0.9988888888888889,0.2598239860759434
2017-05-12 10:15:00,0.9988888888888889,0.2502850636447701
2017-05-12 10:30:00,0.9988888888888889,0.23847888244041301
2017-05-12 10:45:00,0.9988888888888889,0.21046968233416385
2017-05-12 11:00:00,0.9988888888888889,0.19470048991032607
2017-05-12 11:15:00,0.9988888888888889,0.19053619613110734
2017-05-12 11:30:00,0.9988888888888889,0.18111972066186857
2017-05-12 11:45:00,0.9988888888888889,0.1846996329313959
2017-05-12 12:00:00,0.9988888888888889,0.19142809078195047
2017-05-12 12:15:00,0.9988888888888889,0.1812433832810545
2017-05-12 12:30:00,0.9988888888888889,0.17902851637706768
2017-05-12 12:45:00,0.9988888888888889,0.1806924452538083
2017-05-12 13:00:00,0.9988888888888889,0.18300812950350231
2017-05-12 13:15:00,0.9988888888888889,0.1824606976394865
2017-05-12 13:30:00,0.9988888888888889,0.18157101235615328
2017-05-12 13:45:00,0.9988888888888889,0.1795924153924636
2017-05-12 14:00:00,0.9988888888888889,0.18036116896909543
2017-05-12 14:15:00,0.9988888888888889,0.1822384335689356
2017-05-12 14:30:00,0.9988888888888889,0.18121050642542283
2017-05-12 14:45:00,0.9988888888888889,0.18283850468994906
2017-05-12 15:00:00,0.9988888888888889,0.18541357353555343
2017-05-12 15:15:00,0.9988888888888889,0.1867750650101519
2017-05-12 15:30:00,0.9988888888888889,0.20134660664823378
2017-05-12 15:45:00,0.9988888888888889,0.2257952339236812
2017-05-12 16:00:00,0.9988888888888889,0.26048334692651726
2017-05-12 16:15:00,0.9988888888888889,0.2792154607946809
2017-05-12 16:30:00,0.9988888888888889,0.29617938514761216
2017-05-12 16:45:00,0.9988888888888889,0.3361090364153122
2017-05-12 17:00:00,0.9988888888888889,0.3524702274722139
2017-05-12 17:15:00,0.9988888888888889,0.3730889458013061
2017-05-12 17:30:00,0.9988888888888889,0.40461067877694024
2017-05-12 17:45:00,0.9988888888888889,0.43062851175328054
2017-05-12 18:00:00,0.4536363636363636,0.4641122232351835
2017-05-12 18:15:00,0.4536363636363636,0.47380202097933133
2017-05-12 18:30:00,0.4536363636363636,0.4839499277847547
2017-05-12 18:45:00,0.9988888888888889,0.47455161858321454
2017-05-12 19:00:00,0.9988888888888889,0.47897088532228627
2017-05-12 19:15:00,0.4536363636363636,0.5148935340038643
2017-05-12 19:30:00,0.9988888888888889,0.4871683949157684
2017-05-12 19:45:00,0.9988888888888889,0.49280900007911665
2017-05-12 20:00:00,0.9988888888888889,0.4933166871277026
2017-05-12 20:15:00,0.9988888888888889,0.5021369437438512
2017-05-12 20:30:00,0.4536363636363636,0.5131312209170094
2017-05-12 20:45:00,0.4536363636363636,0.5520749082188213
2017-05-12 21:00:00,0.4536363636363636,0.5537459809511278
2017-05-12 21:15:00,0.4536363636363636,0.5561101599775203
2017-05-12 21:30:00,0.4536363636363636,0.5593228063616208
2017-05-12 21:45:00,0.4536363636363636,0.5625060759460803
2017-05-12 22:00:00,0.4536363636363636,0.5654919281087255
2017-05-12 22:15:00,0.4536363636363636,0.5704253243549362
2017-05-12 22:30:00,0.4536363636363636,0.576838095430324
2017-05-12 22:45:00,0.9988888888888889,0.5702985712927964
2017-05-12 23:00:00,0.9988888888888889,0.5821306990687898
2017-05-12 23:15:00,0.9988888888888889,0.5655188572419884
2017-05-12 23:30:00,0.9988888888888889,0.5470634733558059
2017-05-12 23:45:00,0.9988888888888889,0.5390784269355718
2017-05-13 00:00:00,0.979771398192451,0.5336459027646211
2017-05-13 00:15:00,0.979771398192451,0.52656075026901
2017-05-13 00:30:00,0.979771398192451,0.514581447756018
2017-05-13 00:45:00,0.979771398192451,0.5018338258042475
2017-05-13 01:00:00,0.979771398192451,0.4916197761950102
2017-05-13 01:15:00,0.979771398192451,0.5068541403064307
2017-05-13 01:30:00,0.979771398192451,0.5241036342805228
2017-05-13 01:45:00,0.979771398192451,0.5421106329868276
2017-05-13 02:00:00,0.979771398192451,0.5588881255106088
2017-05-13 02:15:00,0.979771398192451,0.5631067163012886
2017-05-13 02:30:00,0.979771398192451,0.5644180093770288
2017-05-13 02:45:00,0.979771398192451,0.5676682185327838
2017-05-13 03:00:00,0.979771398192451,0.5696382457245734
2017-05-13 03:15:00,0.979771398192451,0.5601742356844291
2017-05-13 03:30:00,0.979771398192451,0.5513102550114289
2017-05-13 03:45:00,0.979771398192451,0.5402219214864019
2017-05-13 04:00:00,0.979771398192451,0.5304463948511801
2017-05-13 04:15:00,0.979771398192451,0.518734610123859
2017-05-13 04:30:00,0.979771398192451,0.5056405641049236
2017-05-13 04:45:00,0.979771398192451,0.4955389802090468
2017-05-13 05:00:00,0.979771398192451,0.49045210428648506
2017-05-13 05:15:00,0.979771398192451,0.4416889268660527
2017-05-13 05:30:00,0.979771398192451,0.4022024437530706
2017-05-13 05:45:00,0.979771398192451,0.3650828470110797
2017-05-13 06:00:00,0.979771398192451,0.33155322658654207
2017-05-13 06:15:00,0.979771398192451,0.2999550866480438
2017-05-13 06:30:00,0.979771398192451,0.27319902141999214
2017-05-13 06:45:00,0.979771398192451,0.23399995298479698
2017-05-13 07:00:00,0.979771398192451,0.229714343581528
2017-05-13 07:15:00,0.979771398192451,0.200495389734965
2017-05-13 07:30:00,0.041,0.19629773664415767
2017-05-13 07:45:00,0.041,0.18926179784536215
2017-05-13 08:00:00,0.041,0.18422707053719833
2017-05-13 08:15:00,0.041,0.18179541668777766
2017-05-13 08:30:00,0.041,0.18143638755375793
2017-05-13 08:45:00,0.041,0.1833354719616075
2017-05-13 09:00:00,0.041,0.1816219721315581
2017-05-13 09:15:00,0.041,0.18162249528641208
2017-05-13 09:30:00,0.041,0.18566049960372247
2017-05-13 09:45:00,0.041,0.18764060700264099
2017-05-13 10:00:00,0.041,0.18705969072789233
2017-05-13 10:15:00,0.041,0.18543253426828393
2017-05-13 10:30:00,0.041,0.18219896091627438
2017-05-13 10:45:00,0.041,0.18171526015805153
2017-05-13 11:00:00,0.041,0.18571679486274384
2017-05-13 11:15:00,0.041,0.18733921211291935
2017-05-13 11:30:00,0.041,0.18733404815594906
2017-05-13 11:45:00,0.041,0.19475134364218571
2017-05-13 12:00:00,0.041,0.19456488341347616
2017-05-13 12:15:00,0.041,0.19552962221880177
2017-05-13 12:30:00,0.041,0.19616479634682504
2017-05-13 12:45:00,0.041,0.19962091495524664
2017-05-13 13:00:00,0.041,0.19625624160220728
2017-05-13 13:15:00,0.041,0.19612087349101967
2017-05-13 13:30:00,0.041,0.19955121418444638
2017-05-13 13:45:00,0.041,0.20322655536286185
2017-05-13 14:00:00,0.041,0.20333839076915786
2017-05-13 14:15:00,0.041,0.20312358596715263
2017-05-13 14:30:00,0.041,0.2019743134379228
2017-05-13 14:45:00,0.041,0.19921286101764632
2017-05-13 15:00:00,0.041,0.19996549768043145
2017-05-13 15:15:00,0.041,0.198674100088784
2017-05-13 15:30:00,0.041,0.19855623394068958
2017-05-13 15:45:00,0.041,0.1952823316922975
2017-05-13 16:00:00,0.041,0.19349630385920594
2017-05-13 16:15:00,0.041,0.19391553824837207
2017-05-13 16:30:00,0.979771398192451,0.19681558218977138
2017-05-13 16:45:00,0.979771398192451,0.2506946821010051
2017-05-13 17:00:00,0.979771398192451,0.3012101793080651
2017-05-13 17:15:00,0.979771398192451,0.3270498453326883
2017-05-13 17:30:00,0.979771398192451,0.37578388000040674
2017-05-13 17:45:00,0.979771398192451,0.40685389343887485
2017-05-13 18:00:00,0.979771398192451,0.43198630647980407
2017-05-13 18:15:00,0.979771398192451,0.4480987042538133
2017-05-13 18:30:00,0.979771398192451,0.4515238630207647
2017-05-13 18:45:00,0.979771398192451,0.4422555457980276
2017-05-13 19:00:00,0.979771398192451,0.4560936708515148
2017-05-13 19:15:00,0.979771398192451,0.4707334680382831
2017-05-13 19:30:00,0.979771398192451,0.4643526898508326
2017-05-13 19:45:00,0.979771398192451,0.46611495277978005
2017-05-13 20:00:00,0.979771398192451,0.4700200680002127
2017-05-13 20:15:00,0.979771398192451,0.4833465341539627
2017-05-13 20:30:00,0.979771398192451,0.48162244078694977
2017-05-13 20:45:00,0.979771398192451,0.5035616826068878
2017-05-13 21:00:00,0.979771398192451,0.4944939984020919
2017-05-13 21:15:00,0.979771398192451,0.5005388637730636
2017-05-13 21:30:00,0.979771398192451,0.5171020864288043
2017-05-13 21:45:00,0.979771398192451,0.5148594735029601
2017-05-13 22:00:00,0.979771398192451,0.5278552864409456
2017-05-13 22:15:00,0.979771398192451,0.5235861979214351
2017-05-13 22:30:00,0.979771398192451,0.5045208638246957
2017-05-13 22:45:00,0.979771398192451,0.4886915477096731
2017-05-13 23:00:00,0.979771398192451,0.4672050678173085
2017-05-13 23:15:00,0.979771398192451,0.4238646826221574
2017-05-13 23:30:00,0.979771398192451,0.3906235630623431
2017-05-13 23:45:00,0.979771398192451,0.3567962424281044
2017-05-14 00:00:00,0.9988888888888889,0.33711777065528925
2017-05-14 00:15:00,0.9988888888888889,0.3225364779199606
2017-05-14 00:30:00,0.9988888888888889,0.3034761047242114
2017-05-14 00:45:00,0.9988888888888889,0.29176271288422273
2017-05-14 01:00:00,0.9988888888888889,0.28827492933133964
2017-05-14 01:15:00,0.9988888888888889,0.29010672735369236
2017-05-14 01:30:00,0.9988888888888889,0.29050746966973406
2017-05-14 01:45:00,0.9988888888888889,0.2934192670751076
2017-05-14 02:00:00,0.9988888888888889,0.29970454837844596
2017-05-14 02:15:00,0.9988888888888889,0.2934194500747259
2017-05-14 02:30:00,0.9988888888888889,0.29328749146208877
2017-05-14 02:45:00,0.9988888888888889,0.29202035825154793
2017-05-14 03:00:00,0.9988888888888889,0.29444337881678967
2017-05-14 03:15:00,0.9988888888888889,0.29296208750105246
2017-05-14 03:30:00,0.9988888888888889,0.2910264215985921
2017-05-14 03:45:00,0.9988888888888889,0.2930775956751982
2017-05-14 04:00:00,0.9988888888888889,0.2930518023357323
2017-05-14 04:15:00,0.9988888888888889,0.2983555440652505
2017-05-14 04:30:00,0.9988888888888889,0.30333775372181754
2017-05-14 04:45:00,0.9988888888888889,0.3115788470174986
2017-05-14 05:00:00,0.9988888888888889,0.3025302604873963
2017-05-14 05:15:00,0.9988888888888889,0.3022139770197754
2017-05-14 05:30:00,0.041,0.2820493909405129
2017-05-14 05:45:00,0.041,0.2781970830238483
2017-05-14 06:00:00,0.041,0.2710903387506824
2017-05-14 06:15:00,0.041,0.26399090271092374
2017-05-14 06:30:00,0.041,0.2587320447631734
2017-05-14 06:45:00,0.041,0.25465351066379954
2017-05-14 07:00:00,0.041,0.2483250421082566
2017-05-14 07:15:00,0.041,0.2413433693708196
2017-05-14 07:30:00,0.041,0.2381291777706934
2017-05-14 07:45:00,0.041,0.23693680897563088
2017-05-14 08:00:00,0.041,0.2326886388044293
2017-05-14 08:15:00,0.041,0.2302587143393857
2017-05-14 08:30:00,0.041,0.22838062344116278
2017-05-14 08:45:00,0.041,0.22797962994320167
2017-05-14 09:00:00,0.041,0.22618362550127594
2017-05-14 09:15:00,0.041,0.22743404499053654
2017-05-14 09:30:00,0.041,0.2219674444735802
2017-05-14 09:45:00,0.041,0.22105979441782558
2017-05-14 10:00:00,0.041,0.22301708241925203
2017-05-14 10:15:00,0.041,0.21660623853540034
2017-05-14 10:30:00,0.041,0.213315073976319
2017-05-14 10:45:00,0.041,0.21542455531165683
2017-05-14 11:00:00,0.041,0.21485152096465673
2017-05-14 11:15:00,0.041,0.21805144087270892
2017-05-14 11:30:00,0.041,0.2205225117427949
2017-05-14 11:45:00,0.041,0.22239944533188047
2017-05-14 12:00:00,0.041,0.2246422304738418
2017-05-14 12:15:00,0.041,0.22206569996817485
2017-05-14 12:30:00,0.041,0.22628691627004593
2017-05-14 12:45:00,0.041,0.23043425046643554
2017-05-14 13:00:00,0.041,0.23680089723139938
2017-05-14 13:15:00,0.041,0.23607781500360633
2017-05-14 13:30:00,0.041,0.23068849564455635
2017-05-14 13:45:00,0.041,0.2375288230309496
2017-05-14 14:00:00,0.041,0.2398408246486437
2017-05-14 14:15:00,0.041,0.23636389528274698
2017-05-14 14:30:00,0.041,0.2402334469879309
2017-05-14 14:45:00,0.041,0.2315190980201474
2017-05-14 15:00:00,0.041,0.2342329293569947
2017-05-14 15:15:00,0.041,0.2371544911287117
2017-05-14 15:30:00,0.041,0.23604063812291493
2017-05-14 15:45:00,0.041,0.240174383317332
2017-05-14 16:00:00,0.9988888888888889,0.2686200100107345
2017-05-14 16:15:00,0.9988888888888889,0.31463640268617293
2017-05-14 16:30:00,0.9988888888888889,0.35369453618503466
2017-05-14 16:45:00,0.9988888888888889,0.3888841484281429
2017-05-14 17:00:00,0.9988888888888889,0.43257977230963335
2017-05-14 17:15:00,0.9988888888888889,0.46718723240568405
2017-05-14 17:30:00,0.9988888888888889,0.5060567820848959
2017-05-14 17:45:00,0.9988888888888889,0.5388077837328504
2017-05-14 18:00:00,0.3386266924564797,0.5597803746379203
2017-05-14 18:15:00,0.3402127659574468,0.5685487573155785
2017-05-14 18:30:00,0.3402127659574468,0.5817396626550805
2017-05-14 18:45:00,0.3402127659574468,0.5665789528585385
2017-05-14 19:00:00,0.3402127659574468,0.5614970147491551
2017-05-14 19:15:00,0.3402127659574468,0.5806030773612413
2017-05-14 19:30:00,0.3402127659574468,0.604069806999951
2017-05-14 19:45:00,0.3402127659574468,0.5996274264711553
2017-05-14 20:00:00,0.3402127659574468,0.602033198019579
2017-05-14 20:15:00,0.3402127659574468,0.5929282301890382
2017-05-14 20:30:00,0.3402127659574468,0.5943208223428706
2017-05-14 20:45:00,0.3402127659574468,0.5940365349087796
2017-05-14 21:00:00,0.3402127659574468,0.5900325123652306
2017-05-14 21:15:00,0.3402127659574468,0.5993536124997101
2017-05-14 21:30:00,0.33704061895551257,0.6087741248461305
2017-05-14 21:45:00,0.9988888888888889,0.612276191111975
2017-05-14 22:00:00,0.9988888888888889,0.6198501965340947
2017-05-14 22:15:00,0.9988888888888889,0.6290619281616354
2017-05-14 22:30:00,0.9988888888888889,0.6221031395691098
2017-05-14 22:45:00,0.9988888888888889,0.6336016352284057
2017-05-14 23:00:00,0.9988888888888889,0.6377707818373065
2017-05-14 23:15:00,0.9988888888888889,0.6484793109474412
2017-05-14 23:30:00,0.9988888888888889,0.660240443136502
2017-05-14 23:45:00,0.9988888888888889,0.6912037129449837
2017-05-15 00:00:00,0.3417988394584139,0.6813586052248761
2017-05-15 00:15:00,0.3417988394584139,0.6827877776049904
2017-05-15 00:30:00,0.3417988394584139,0.6854854543524073
2017-05-15 00:45:00,0.3417988394584139,0.6895668854741571
2017-05-15 01:00:00,0.3417988394584139,0.6945142658142888
2017-05-15 01:15:00,0.3417988394584139,0.6975061991090692
2017-05-15 01:30:00,0.3417988394584139,0.6966831627652919
2017-05-15 01:45:00,0.3417988394584139,0.6965928289514223
2017-05-15 02:00:00,0.3417988394584139,0.6906503382224737
2017-05-15 02:15:00,0.3417988394584139,0.6859079754708837
2017-05-15 02:30:00,0.3417988394584139,0.6851530318444099
2017-05-15 02:45:00,0.3417988394584139,0.6830990149682892
2017-05-15 03:00:00,0.3417988394584139,0.6816956231940019
2017-05-15 03:15:00,0.3417988394584139,0.6731770108311486
2017-05-15 03:30:00,0.343384912959381,0.6655341324970216
2017-05-15 03:45:00,0.343384912959381,0.6583504033005604
2017-05-15 04:00:00,0.343384912959381,0.6431315447903264
2017-05-15 04:15:00,0.343384912959381,0.630615375540107
2017-05-15 04:30:00,0.343384912959381,0.6227961468504467
2017-05-15 04:45:00,0.343384912959381,0.6021645269426509
2017-05-15 05:00:00,0.343384912959381,0.5677690494909915
2017-05-15 05:15:00,0.343384912959381,0.5483687487373815
2017-05-15 05:30:00,0.343384912959381,0.5316657331858945
2017-05-15 05:45:00,0.343384912959381,0.5187843473488036
2017-05-15 06:00:00,0.343384912959381,0.49957705320278145
2017-05-15 06:15:00,0.343384912959381,0.49857128848165666
2017-05-15 06:30:00,0.3417988394584139,0.4940269424415214
2017-05-15 06:45:00,0.3402127659574468,0.4830190905222218
2017-05-15 07:00:00,0.33545454545454545,0.467724439871545
2017-05-15 07:15:00,0.9988888888888889,0.43280202441271665
2017-05-15 07:30:00,0.9988888888888889,0.3944419445817747
2017-05-15 07:45:00,0.9988888888888889,0.35265410148045473
2017-05-15 08:00:00,0.9988888888888889,0.30225697595865264
2017-05-15 08:15:00,0.9988888888888889,0.29052334206031843
2017-05-15 08:30:00,0.9988888888888889,0.2855910858180878
2017-05-15 08:45:00,0.9988888888888889,0.2745914917390084
2017-05-15 09:00:00,0.9988888888888889,0.2542143688813041
2017-05-15 09:15:00,0.9988888888888889,0.2493946938175325
2017-05-15 09:30:00,0.9988888888888889,0.25008217746032163
2017-05-15 09:45:00,0.9988888888888889,0.24807655890793429
2017-05-15 10:00:00,0.9988888888888889,0.2455787571828654
2017-05-15 10:15:00,0.9988888888888889,0.2115234806586232
2017-05-15 10:30:00,0.9988888888888889,0.1813552385869525
2017-05-15 10:45:00,0.041,0.1773545669001066
2017-05-15 11:00:00,0.041,0.17943077116713146
2017-05-15 11:15:00,0.041,0.1801603320296898
2017-05-15 11:30:00,0.041,0.18057804644291625
2017-05-15 11:45:00,0.041,0.18084507144331471
2017-05-15 12:00:00,0.041,0.18015838390037311
2017-05-15 12:15:00,0.041,0.18034565858611737
2017-05-15 12:30:00,0.041,0.18153462728731184
2017-05-15 12:45:00,0.041,0.18670711480861651
2017-05-15 13:00:00,0.041,0.18693842415540912
2017-05-15 13:15:00,0.041,0.1864722058360781
2017-05-15 13:30:00,0.041,0.18763101899786894
2017-05-15 13:45:00,0.041,0.1887330406217765
2017-05-15 14:00:00,0.041,0.18329638647518753
2017-05-15 14:15:00,0.041,0.18445477751479633
2017-05-15 14:30:00,0.041,0.1867500863723895
2017-05-15 14:45:00,0.041,0.18709290840523546
2017-05-15 15:00:00,0.041,0.18632280784626065
2017-05-15 15:15:00,0.041,0.18665827620417436
2017-05-15 15:30:00,0.9988888888888889,0.20066328151575266
2017-05-15 15:45:00,0.9988888888888889,0.22794378221443795
2017-05-15 16:00:00,0.9988888888888889,0.2420290976017149
2017-05-15 16:15:00,0.9988888888888889,0.27718543000923224
2017-05-15 16:30:00,0.9988888888888889,0.3059302430419741
2017-05-15 16:45:00,0.9988888888888889,0.33640572632845817
2017-05-15 17:00:00,0.9988888888888889,0.36974848599340715
2017-05-15 17:15:00,0.9988888888888889,0.40707423725874753
2017-05-15 17:30:00,0.9988888888888889,0.434356141172726
2017-05-15 17:45:00,0.33545454545454545,0.46825558367326103
2017-05-15 18:00:00,0.343384912959381,0.48065958416059423
2017-05-15 18:15:00,0.34655705996131525,0.4926164362743825
2017-05-15 18:30:00,0.3497292069632495,0.5007025463065975
2017-05-15 18:45:00,0.3497292069632495,0.4998231298931738
2017-05-15 19:00:00,0.3497292069632495,0.5080440635648976
2017-05-15 19:15:00,0.3497292069632495,0.5152856443946778
2017-05-15 19:30:00,0.3497292069632495,0.5199177081699912
2017-05-15 19:45:00,0.3497292069632495,0.5321233321322667
2017-05-15 20:00:00,0.3497292069632495,0.5392420953269044
2017-05-15 20:15:00,0.3497292069632495,0.54114921611586
2017-05-15 20:30:00,0.3497292069632495,0.546351131128409
2017-05-15 20:45:00,0.3497292069632495,0.5482308837437968
2017-05-15 21:00:00,0.3497292069632495,0.552701137507152
2017-05-15 21:15:00,0.3497292069632495,0.555765773184667
2017-05-15 21:30:00,0.3481431334622824,0.5638164936929897
2017-05-15 21:45:00,0.3449709864603482,0.5665739960319426
2017-05-15 22:00:00,0.3386266924564797,0.5699532849142376
2017-05-15 22:15:00,0.33704061895551257,0.5755673324339056
2017-05-15 22:30:00,0.33545454545454545,0.5899227779939324
2017-05-15 22:45:00,0.33545454545454545,0.5858757841582167
2017-05-15 23:00:00,0.9988888888888889,0.5974848095700578
2017-05-15 23:15:00,0.9988888888888889,0.6050854841655543
2017-05-15 23:30:00,0.9988888888888889,0.5886944380808894
2017-05-15 23:45:00,0.9988888888888889,0.5881594956969277
2017-05-16 00:00:00,0.9988888888888889,0.595128957100839
2017-05-16 00:15:00,0.9988888888888889,0.6008889093323437
2017-05-16 00:30:00,0.9988888888888889,0.5988773324771528
2017-05-16 00:45:00,0.9988888888888889,0.603261129559856
2017-05-16 01:00:00,0.9988888888888889,0.6148890345495178
2017-05-16 01:15:00,0.9988888888888889,0.6196557797086003
2017-05-16 01:30:00,0.9988888888888889,0.6157734691882829
2017-05-16 01:45:00,0.9988888888888889,0.6146078593537424
2017-05-16 02:00:00,0.9988888888888889,0.6128191713029038
2017-05-16 02:15:00,0.9988888888888889,0.6101395652856657
2017-05-16 02:30:00,0.9988888888888889,0.6109285900302766
2017-05-16 02:45:00,0.9988888888888889,0.616592039479711
2017-05-16 03:00:00,0.9988888888888889,0.6042318826671144
2017-05-16 03:15:00,0.9988888888888889,0.6032045584196493
2017-05-16 03:30:00,0.9988888888888889,0.6023558173626482
2017-05-16 03:45:00,0.9988888888888889,0.5968836274918184
2017-05-16 04:00:00,0.9988888888888889,0.5825922726882151
2017-05-16 04:15:00,0.9988888888888889,0.5761774804656824
2017-05-16 04:30:00,0.9988888888888889,0.5669230808078979
2017-05-16 04:45:00,0.9988888888888889,0.5532537138930046
2017-05-16 05:00:00,0.9988888888888889,0.5280153878637375
2017-05-16 05:15:00,0.9988888888888889,0.5077209723313553
2017-05-16 05:30:00,0.9988888888888889,0.4936019917181387
2017-05-16 05:45:00,0.9988888888888889,0.4813642120913506
2017-05-16 06:00:00,0.9988888888888889,0.45558326833062446
2017-05-16 06:15:00,0.9988888888888889,0.41526245322416916
2017-05-16 06:30:00,0.9988888888888889,0.3661818386741353
2017-05-16 06:45:00,0.9988888888888889,0.32165266106016627
2017-05-16 07:00:00,0.9988888888888889,0.2942427475027495
2017-05-16 07:15:00,0.9988888888888889,0.25632234372284673
2017-05-16 07:30:00,0.9988888888888889,0.2019735284865076
2017-05-16 07:45:00,0.041,0.1760902177982391
2017-05-16 08:00:00,0.041,0.17904953351153177
2017-05-16 08:15:00,0.041,0.17876550192936227
2017-05-16 08:30:00,0.041,0.17568351552385356
2017-05-16 08:45:00,0.041,0.17488994685223772
2017-05-16 09:00:00,0.041,0.174139821638305
2017-05-16 09:15:00,0.041,0.176118606117749
2017-05-16 09:30:00,0.041,0.17422362993474358
2017-05-16 09:45:00,0.041,0.1731387415944726
2017-05-16 10:00:00,0.041,0.17324223800309843
2017-05-16 10:15:00,0.041,0.17953772140623436
2017-05-16 10:30:00,0.041,0.17352839340605805
2017-05-16 10:45:00,0.041,0.17857979949904793
2017-05-16 11:00:00,0.041,0.17916656464252534
2017-05-16 11:15:00,0.041,0.17899596594514738
2017-05-16 11:30:00,0.041,0.17492893872467566
2017-05-16 11:45:00,0.041,0.17480497738448494
2017-05-16 12:00:00,0.041,0.17994109141313802
2017-05-16 12:15:00,0.041,0.17483840446399068
2017-05-16 12:30:00,0.041,0.17547698147015728
2017-05-16 12:45:00,0.041,0.17630458062973076
2017-05-16 13:00:00,0.041,0.17726589510223975
2017-05-16 13:15:00,0.041,0.1771695953236053
2017-05-16 13:30:00,0.041,0.1772506835174507
2017-05-16 13:45:00,0.041,0.17860665694269395
2017-05-16 14:00:00,0.041,0.17993443734266895
2017-05-16 14:15:00,0.041,0.1810720333777832
2017-05-16 14:30:00,0.041,0.18101738748635582
2017-05-16 14:45:00,0.041,0.18178230618324454
2017-05-16 15:00:00,0.041,0.18195929155987106
2017-05-16 15:15:00,0.041,0.181724981334514
2017-05-16 15:30:00,0.041,0.18172440037846024
2017-05-16 15:45:00,0.041,0.18127402654097008
2017-05-16 16:00:00,0.041,0.18020867046660913
2017-05-16 16:15:00,0.041,0.17980171033848313
2017-05-16 16:30:00,0.041,0.17931072531668232
2017-05-16 16:45:00,0.9988888888888889,0.22364371965237123
2017-05-16 17:00:00,0.9988888888888889,0.25897944658895317
2017-05-16 17:15:00,0.9988888888888889,0.2823545887237102
2017-05-16 17:30:00,0.9988888888888889,0.319204441674314
2017-05-16 17:45:00,0.9988888888888889,0.34852675960944524
2017-05-16 18:00:00,0.9988888888888889,0.3804826167346068
2017-05-16 18:15:00,0.9988888888888889,0.40703269573790307
2017-05-16 18:30:00,0.9988888888888889,0.4334903914727719
2017-05-16 18:45:00,0.9988888888888889,0.45875392121307307
2017-05-16 19:00:00,0.9988888888888889,0.472044489903081
2017-05-16 19:15:00,0.9988888888888889,0.4720802389472132
2017-05-16 19:30:00,0.9988888888888889,0.48204868845971427
2017-05-16 19:45:00,0.9988888888888889,0.4861455505231957
2017-05-16 20:00:00,0.9988888888888889,0.49731598322225584
2017-05-16 20:15:00,0.9988888888888889,0.4868114934715094
2017-05-16 20:30:00,0.9988888888888889,0.4705131358564072
2017-05-16 20:45:00,0.9988888888888889,0.44748225300694205
2017-05-16 21:00:00,0.9988888888888889,0.420407728048362
2017-05-16 21:15:00,0.9988888888888889,0.4217586971987275
2017-05-16 21:30:00,0.9988888888888889,0.41726342143426143
2017-05-16 21:45:00,0.9988888888888889,0.42366369029851836
2017-05-16 22:00:00,0.9988888888888889,0.42601591379353543
2017-05-16 22:15:00,0.9988888888888889,0.42390355800297735
2017-05-16 22:30:00,0.9988888888888889,0.4239083960885348
2017-05-16 22:45:00,0.9988888888888889,0.42634473317996757
2017-05-16 23:00:00,0.9988888888888889,0.4234752219847019
2017-05-16 23:15:00,0.9988888888888889,0.42667676292553824
2017-05-16 23:30:00,0.9988888888888889,0.4275886282556178
2017-05-16 23:45:00,0.9988888888888889,0.42925651446050617
2017-05-17 00:00:00,0.9988888888888889,0.5332511027274848
2017-05-17 00:15:00,0.9988888888888889,0.5340776770314661
2017-05-17 00:30:00,0.9988888888888889,0.5435635909658619
2017-05-17 00:45:00,0.9988888888888889,0.5507650896538254
2017-05-17 01:00:00,0.9988888888888889,0.5493036414042677
2017-05-17 01:15:00,0.9988888888888889,0.5472721666599956
2017-05-17 01:30:00,0.9988888888888889,0.5457570744022854
2017-05-17 01:45:00,0.9988888888888889,0.5464222541070076
2017-05-17 02:00:00,0.9988888888888889,0.5457019840653328
2017-05-17 02:15:00,0.9988888888888889,0.5458279882893639
2017-05-17 02:30:00,0.9988888888888889,0.5312336685326735
2017-05-17 02:45:00,0.9988888888888889,0.5445750976268685
2017-05-17 03:00:00,0.9988888888888889,0.5519358320762526
2017-05-17 03:15:00,0.9988888888888889,0.5483549670192704
2017-05-17 03:30:00,0.9988888888888889,0.5458098171233268
2017-05-17 03:45:00,0.9988888888888889,0.5459546484536161
2017-05-17 04:00:00,0.9988888888888889,0.549555566880745
2017-05-17 04:15:00,0.9988888888888889,0.5463372610198969
2017-05-17 04:30:00,0.9988888888888889,0.5459505951351112
2017-05-17 04:45:00,0.9988888888888889,0.5473849857120286
2017-05-17 05:00:00,0.9988888888888889,0.520987039813946
2017-05-17 05:15:00,0.9988888888888889,0.5011650741880321
2017-05-17 05:30:00,0.9988888888888889,0.4899117969683485
2017-05-17 05:45:00,0.9988888888888889,0.4793805789171982
2017-05-17 06:00:00,0.9988888888888889,0.46468839705225773
2017-05-17 06:15:00,0.9988888888888889,0.4595755177280833
2017-05-17 06:30:00,0.9988888888888889,0.45596547313826674
2017-05-17 06:45:00,0.9988888888888889,0.44805006742831993
2017-05-17 07:00:00,0.9988888888888889,0.4142686703420272
2017-05-17 07:15:00,0.9988888888888889,0.3723685685530043
2017-05-17 07:30:00,0.9988888888888889,0.32040562354585084
2017-05-17 07:45:00,0.9988888888888889,0.2713989871566804
2017-05-17 08:00:00,0.9988888888888889,0.2134847534059965
2017-05-17 08:15:00,0.041,0.1787530443724853
2017-05-17 08:30:00,0.041,0.17756956153644687
2017-05-17 08:45:00,0.041,0.17971634592961852
2017-05-17 09:00:00,0.041,0.17798187307199828
2017-05-17 09:15:00,0.041,0.17686403002620424
2017-05-17 09:30:00,0.041,0.1818355699642174
2017-05-17 09:45:00,0.041,0.17584080305117167
2017-05-17 10:00:00,0.041,0.17998492440351774
2017-05-17 10:15:00,0.041,0.17568832481576263
2017-05-17 10:30:00,0.041,0.18002886668489457
2017-05-17 10:45:00,0.041,0.17995360464570603
2017-05-17 11:00:00,0.041,0.18150307670506233
2017-05-17 11:15:00,0.041,0.17778603313620142
2017-05-17 11:30:00,0.041,0.178242731605512
2017-05-17 11:45:00,0.041,0.17777619171444292
2017-05-17 12:00:00,0.041,0.1784690944826964
2017-05-17 12:15:00,0.041,0.17840815870120638
2017-05-17 12:30:00,0.041,0.17841321731138673
2017-05-17 12:45:00,0.041,0.1789787778431778
2017-05-17 13:00:00,0.041,0.17813123202482817
2017-05-17 13:15:00,0.041,0.17863861178955304
2017-05-17 13:30:00,0.041,0.17966329025995068
2017-05-17 13:45:00,0.041,0.17888814350613014
2017-05-17 14:00:00,0.041,0.18047633813711209
2017-05-17 14:15:00,0.041,0.18043247474966248
2017-05-17 14:30:00,0.041,0.17972115522229878
2017-05-17 14:45:00,0.041,0.18031581133316862
2017-05-17 15:00:00,0.041,0.18046121593773692
2017-05-17 15:15:00,0.041,0.18007059311616924
2017-05-17 15:30:00,0.041,0.18047576863585396
2017-05-17 15:45:00,0.041,0.1801839186512927
2017-05-17 16:00:00,0.041,0.18093180571308454
2017-05-17 16:15:00,0.041,0.17947483025999716
2017-05-17 16:30:00,0.041,0.1808121651583279
2017-05-17 16:45:00,0.9988888888888889,0.22187073027855908
2017-05-17 17:00:00,0.9988888888888889,0.25476973608564013
2017-05-17 17:15:00,0.9988888888888889,0.28647778784679084
2017-05-17 17:30:00,0.9988888888888889,0.3301586226947997
2017-05-17 17:45:00,0.9988888888888889,0.3686287594628437
2017-05-17 18:00:00,0.9988888888888889,0.3971830878035734
2017-05-17 18:15:00,0.9988888888888889,0.4359632346995192
2017-05-17 18:30:00,0.33704061895551257,0.464381074179131
2017-05-17 18:45:00,0.3417988394584139,0.48187400413427695
2017-05-17 19:00:00,0.3481431334622824,0.49924679708600983
2017-05-17 19:15:00,0.3497292069632495,0.5104520071805845
2017-05-17 19:30:00,0.3497292069632495,0.5226879311733105
2017-05-17 19:45:00,0.3513152804642166,0.5321828762453337
2017-05-17 20:00:00,0.3513152804642166,0.53384339419173
2017-05-17 20:15:00,0.3513152804642166,0.5313117211467135
2017-05-17 20:30:00,0.3513152804642166,0.5408543101756083
2017-05-17 20:45:00,0.3513152804642166,0.5445569081408878
2017-05-17 21:00:00,0.3513152804642166,0.5453262739032343
2017-05-17 21:15:00,0.3513152804642166,0.5486352332572298
2017-05-17 21:30:00,0.3513152804642166,0.5563383053074186
2017-05-17 21:45:00,0.3513152804642166,0.5737663313413652
2017-05-17 22:00:00,0.3513152804642166,0.5771700661907756
2017-05-17 22:15:00,0.3513152804642166,0.5831211952578662
2017-05-17 22:30:00,0.3513152804642166,0.5909819464704169
2017-05-17 22:45:00,0.3513152804642166,0.5944022893745229
2017-05-17 23:00:00,0.3513152804642166,0.6020635467482689
2017-05-17 23:15:00,0.3513152804642166,0.6068126864261927
2017-05-17 23:30:00,0.3513152804642166,0.6124026566631814
2017-05-17 23:45:00,0.3513152804642166,0.6184498320925571
2017-05-18 00:00:00,0.3576595744680851,0.6251951808096944
2017-05-18 00:15:00,0.3576595744680851,0.6296243378290352
2017-05-18 00:30:00,0.3576595744680851,0.6315192606548707
2017-05-18 00:45:00,0.3576595744680851,0.6330241888904031
2017-05-18 01:00:00,0.3576595744680851,0.6382969807016725
2017-05-18 01:15:00,0.3576595744680851,0.639129692508043
2017-05-18 01:30:00,0.3576595744680851,0.6402865562026049
2017-05-18 01:45:00,0.3576595744680851,0.6423158116337736
2017-05-18 02:00:00,0.3576595744680851,0.6439879229258253
2017-05-18 02:15:00,0.3576595744680851,0.6429228521566382
2017-05-18 02:30:00,0.3576595744680851,0.6401388900783397
2017-05-18 02:45:00,0.3576595744680851,0.639040249782235
2017-05-18 03:00:00,0.3576595744680851,0.637186839102139
2017-05-18 03:15:00,0.3576595744680851,0.6403168352894547
2017-05-18 03:30:00,0.3576595744680851,0.6414495694393323
2017-05-18 03:45:00,0.3576595744680851,0.6460458581354803
2017-05-18 04:00:00,0.3576595744680851,0.6445200326086437
2017-05-18 04:15:00,0.3576595744680851,0.6358287452579052
2017-05-18 04:30:00,0.3576595744680851,0.6231799252314779
2017-05-18 04:45:00,0.3576595744680851,0.6084719644312148
2017-05-18 05:00:00,0.3576595744680851,0.5811404842030384
2017-05-18 05:15:00,0.3576595744680851,0.5603393491175217
2017-05-18 05:30:00,0.3576595744680851,0.5437101819794181
2017-05-18 05:45:00,0.3576595744680851,0.5314545788991601
2017-05-18 06:00:00,0.3576595744680851,0.5164677392456716
2017-05-18 06:15:00,0.356073500967118,0.5089111847115623
2017-05-18 06:30:00,0.3481431334622824,0.48870600378150075
2017-05-18 06:45:00,0.3402127659574468,0.4710106536011485
2017-05-18 07:00:00,0.9988888888888889,0.44463069945165046
2017-05-18 07:15:00,0.9988888888888889,0.40972952743684693
2017-05-18 07:30:00,0.9988888888888889,0.37625952101190296
2017-05-18 07:45:00,0.9988888888888889,0.3421180810427786
2017-05-18 08:00:00,0.9988888888888889,0.3002764211104055
2017-05-18 08:15:00,0.9988888888888889,0.26879644370864175
2017-05-18 08:30:00,0.9988888888888889,0.2413667388713593
2017-05-18 08:45:00,0.9988888888888889,0.2008061018220039
2017-05-18 09:00:00,0.041,0.18421182934602423
2017-05-18 09:15:00,0.041,0.18356043971216365
2017-05-18 09:30:00,0.041,0.18048087874464977
2017-05-18 09:45:00,0.041,0.17884395766190062
2017-05-18 10:00:00,0.041,0.17748063265514477
2017-05-18 10:15:00,0.041,0.17729764159610595
2017-05-18 10:30:00,0.041,0.17721533446040436
2017-05-18 10:45:00,0.041,0.17638353759804978
2017-05-18 11:00:00,0.041,0.17662532598191205
2017-05-18 11:15:00,0.041,0.17708292270030995
2017-05-18 11:30:00,0.041,0.17863328134704315
2017-05-18 11:45:00,0.041,0.17898301011301457
2017-05-18 12:00:00,0.041,0.17843325443419855
2017-05-18 12:15:00,0.041,0.17924507975023726
2017-05-18 12:30:00,0.041,0.18478762251588826
2017-05-18 12:45:00,0.041,0.1860974475414001
2017-05-18 13:00:00,0.041,0.18548349253834834
2017-05-18 13:15:00,0.041,0.1828964000510466
2017-05-18 13:30:00,0.9988888888888889,0.18485041581138942
2017-05-18 13:45:00,0.9988888888888889,0.18598860711426807
2017-05-18 14:00:00,0.041,0.1824105875810921
2017-05-18 14:15:00,0.041,0.18274904643713297
2017-05-18 14:30:00,0.041,0.1837475963340382
2017-05-18 14:45:00,0.041,0.18412041342865565
2017-05-18 15:00:00,0.041,0.18475047630953517
2017-05-18 15:15:00,0.041,0.18570174324494995
2017-05-18 15:30:00,0.9988888888888889,0.19849706691938596
2017-05-18 15:45:00,0.9988888888888889,0.2252186994583862
2017-05-18 16:00:00,0.9988888888888889,0.2422992001038968
2017-05-18 16:15:00,0.9988888888888889,0.29218105551211265
2017-05-18 16:30:00,0.9988888888888889,0.326965231168013
2017-05-18 16:45:00,0.9988888888888889,0.3732717602855409
2017-05-18 17:00:00,0.9988888888888889,0.4103142204667092
2017-05-18 17:15:00,0.9988888888888889,0.43339861417139997
2017-05-18 17:30:00,0.9988888888888889,0.45195686643400307
2017-05-18 17:45:00,0.33704061895551257,0.46217448974228365
2017-05-18 18:00:00,0.3386266924564797,0.4701926340966703
2017-05-18 18:15:00,0.3481431334622824,0.4852253246641723
2017-05-18 18:30:00,0.356073500967118,0.5020694571035595
2017-05-18 18:45:00,0.356073500967118,0.5088999343847928
2017-05-18 19:00:00,0.356073500967118,0.5073454987073363
2017-05-18 19:15:00,0.356073500967118,0.5202339388586026
2017-05-18 19:30:00,0.356073500967118,0.5321299787785763
2017-05-18 19:45:00,0.356073500967118,0.5440505672911953
2017-05-18 20:00:00,0.356073500967118,0.5457830859811883
2017-05-18 20:15:00,0.356073500967118,0.5538028005378047
2017-05-18 20:30:00,0.356073500967118,0.5610256817990558
2017-05-18 20:45:00,0.356073500967118,0.5705307166841695
2017-05-18 21:00:00,0.356073500967118,0.5803260483465293
2017-05-18 21:15:00,0.356073500967118,0.5867571769815562
2017-05-18 21:30:00,0.35290135396518374,0.591845924511748
2017-05-18 21:45:00,0.3481431334622824,0.5993305384197117
2017-05-18 22:00:00,0.3449709864603482,0.6058096592489404
2017-05-18 22:15:00,0.343384912959381,0.6058846983349284
2017-05-18 22:30:00,0.3386266924564797,0.6105764950187785
2017-05-18 22:45:00,0.9988888888888889,0.614399637463947
2017-05-18 23:00:00,0.9988888888888889,0.6066340125035746
2017-05-18 23:15:00,0.9988888888888889,0.6054587736000251
2017-05-18 23:30:00,0.9988888888888889,0.5996604195192056
2017-05-18 23:45:00,0.9988888888888889,0.6026119498374491
2017-05-19 00:00:00,0.9988888888888889,0.6211829138995911
2017-05-19 00:15:00,0.9988888888888889,0.628639478805927
2017-05-19 00:30:00,0.9988888888888889,0.6375259175077199
2017-05-19 00:45:00,0.9988888888888889,0.6440788278298885
2017-05-19 01:00:00,0.9988888888888889,0.6533836024002431
2017-05-19 01:15:00,0.9988888888888889,0.6482767351242572
2017-05-19 01:30:00,0.9988888888888889,0.6457319675296689
2017-05-19 01:45:00,0.9988888888888889,0.6446687918554697
2017-05-19 02:00:00,0.9988888888888889,0.6391647220449297
2017-05-19 02:15:00,0.9988888888888889,0.6320083111137872
2017-05-19 02:30:00,0.9988888888888889,0.6371074920376905
2017-05-19 02:45:00,0.9988888888888889,0.621893113179228
2017-05-19 03:00:00,0.9988888888888889,0.6145465772563237
2017-05-19 03:15:00,0.9988888888888889,0.6127034498435009
2017-05-19 03:30:00,0.9988888888888889,0.6128706512179565
2017-05-19 03:45:00,0.9988888888888889,0.6081185832933712
2017-05-19 04:00:00,0.33545454545454545,0.6032777322578766
2017-05-19 04:15:00,0.33545454545454545,0.5996144800104066
2017-05-19 04:30:00,0.33545454545454545,0.5905280046169623
2017-05-19 04:45:00,0.33545454545454545,0.5744781768525546
2017-05-19 05:00:00,0.33545454545454545,0.5446882205687497
2017-05-19 05:15:00,0.33545454545454545,0.5256423288543345
2017-05-19 05:30:00,0.33545454545454545,0.5091943185420716
2017-05-19 05:45:00,0.33545454545454545,0.49758515012335525
2017-05-19 06:00:00,0.33545454545454545,0.48555515791327325
2017-05-19 06:15:00,0.33545454545454545,0.47934037536393925
2017-05-19 06:30:00,0.4536363636363636,0.4927022545107122
2017-05-19 06:45:00,0.4536363636363636,0.4732247723545012
2017-05-19 07:00:00,0.9988888888888889,0.4489723643562433
2017-05-19 07:15:00,0.9988888888888889,0.4273860205163725
2017-05-19 07:30:00,0.9988888888888889,0.4029714222000758
2017-05-19 07:45:00,0.9988888888888889,0.38730506817804927
2017-05-19 08:00:00,0.9988888888888889,0.36687271396682697
2017-05-19 08:15:00,0.9988888888888889,0.33585215048143163
2017-05-19 08:30:00,0.9988888888888889,0.2910496133234595
2017-05-19 08:45:00,0.9988888888888889,0.26735101969268765
2017-05-19 09:00:00,0.9988888888888889,0.23792995269946043
2017-05-19 09:15:00,0.9988888888888889,0.20878936270910406
2017-05-19 09:30:00,0.041,0.18342157572390455
2017-05-19 09:45:00,0.041,0.1818205922462524
2017-05-19 10:00:00,0.041,0.18104309869754942
2017-05-19 10:15:00,0.041,0.17934786446612583
2017-05-19 10:30:00,0.041,0.17918436061550178
2017-05-19 10:45:00,0.041,0.17949780276265273
2017-05-19 11:00:00,0.041,0.18051283186044778
2017-05-19 11:15:00,0.041,0.18128841997746806
2017-05-19 11:30:00,0.041,0.18040350556338441
2017-05-19 11:45:00,0.041,0.18019195330443824
2017-05-19 12:00:00,0.041,0.18061431382814863
2017-05-19 12:15:00,0.041,0.18190369220255118
2017-05-19 12:30:00,0.041,0.1830044795894543
2017-05-19 12:45:00,0.041,0.18536390693270732
2017-05-19 13:00:00,0.041,0.19019809198477303
2017-05-19 13:15:00,0.041,0.18952090744137495
2017-05-19 13:30:00,0.041,0.1891331118899167
2017-05-19 13:45:00,0.041,0.1897548485324066
2017-05-19 14:00:00,0.041,0.1902933653210019
2017-05-19 14:15:00,0.041,0.18629511396790138
2017-05-19 14:30:00,0.041,0.1893585004107747
2017-05-19 14:45:00,0.041,0.19090636331508876
2017-05-19 15:00:00,0.041,0.19015097453921959
2017-05-19 15:15:00,0.041,0.19136642845038548
2017-05-19 15:30:00,0.041,0.19136300047607271
2017-05-19 15:45:00,0.041,0.19116023931649034
2017-05-19 16:00:00,0.041,0.19160087527048356
2017-05-19 16:15:00,0.9988888888888889,0.21862835110326834
2017-05-19 16:30:00,0.9988888888888889,0.246097549075472
2017-05-19 16:45:00,0.9988888888888889,0.27765102625902566
2017-05-19 17:00:00,0.9988888888888889,0.2913302998515482
2017-05-19 17:15:00,0.9988888888888889,0.3415555795170263
2017-05-19 17:30:00,0.9988888888888889,0.3883783737475838
2017-05-19 17:45:00,0.9988888888888889,0.4288413855772671
2017-05-19 18:00:00,0.9988888888888889,0.46703738311364507
2017-05-19 18:15:00,0.3417988394584139,0.4848382406836782
2017-05-19 18:30:00,0.3481431334622824,0.5012510894903509
2017-05-19 18:45:00,0.3513152804642166,0.5124344178652948
2017-05-19 19:00:00,0.3513152804642166,0.5164769118219611
2017-05-19 19:15:00,0.3513152804642166,0.5249973904773089
2017-05-19 19:30:00,0.3513152804642166,0.5343033538667136
2017-05-19 19:45:00,0.3513152804642166,0.542606612580305
2017-05-19 20:00:00,0.3513152804642166,0.5569335680863138
2017-05-19 20:15:00,0.3513152804642166,0.5564734378568065
2017-05-19 20:30:00,0.3513152804642166,0.5614863653713971
2017-05-19 20:45:00,0.3513152804642166,0.5733873441326662
2017-05-19 21:00:00,0.3513152804642166,0.5815468692786179
2017-05-19 21:15:00,0.3513152804642166,0.596647742838369
2017-05-19 21:30:00,0.3513152804642166,0.6085565885959612
2017-05-19 21:45:00,0.3513152804642166,0.6091011545393271
2017-05-19 22:00:00,0.3497292069632495,0.6140686493664079
2017-05-19 22:15:00,0.34655705996131525,0.6260291046823117
2017-05-19 22:30:00,0.34655705996131525,0.6350042052408169
2017-05-19 22:45:00,0.34655705996131525,0.6423592516907389
2017-05-19 23:00:00,0.3449709864603482,0.6513794550298191
2017-05-19 23:15:00,0.3417988394584139,0.6502662030760854
2017-05-19 23:30:00,0.33704061895551257,0.6474946530483174
2017-05-19 23:45:00,0.33545454545454545,0.6428644069197961
2017-05-20 00:00:00,0.34655705996131525,0.602862446878568
2017-05-20 00:15:00,0.34655705996131525,0.6064545257642715
2017-05-20 00:30:00,0.34655705996131525,0.6140341193397604
2017-05-20 00:45:00,0.34655705996131525,0.6203575355543424
2017-05-20 01:00:00,0.34655705996131525,0.6271691551431595
2017-05-20 01:15:00,0.34655705996131525,0.6251510978960387
2017-05-20 01:30:00,0.34655705996131525,0.6173730238932257
2017-05-20 01:45:00,0.34655705996131525,0.6142513283511133
2017-05-20 02:00:00,0.34655705996131525,0.6155762843785183
2017-05-20 02:15:00,0.34655705996131525,0.615179836962301
2017-05-20 02:30:00,0.34655705996131525,0.6091062203086753
2017-05-20 02:45:00,0.34655705996131525,0.6091680697458575
2017-05-20 03:00:00,0.34655705996131525,0.6109755697892176
2017-05-20 03:15:00,0.34655705996131525,0.6104454502208029
2017-05-20 03:30:00,0.34655705996131525,0.604997386882959
2017-05-20 03:45:00,0.34655705996131525,0.6046044263964293
2017-05-20 04:00:00,0.34655705996131525,0.6057647005105898
2017-05-20 04:15:00,0.3402127659574468,0.5983115624439278
2017-05-20 04:30:00,0.33704061895551257,0.5705878229025525
2017-05-20 04:45:00,0.979771398192451,0.5495003956640796
2017-05-20 05:00:00,0.979771398192451,0.5247117800622456
2017-05-20 05:15:00,0.979771398192451,0.48469677210345646
2017-05-20 05:30:00,0.979771398192451,0.44502682012777867
2017-05-20 05:45:00,0.979771398192451,0.4096983797554363
2017-05-20 06:00:00,0.979771398192451,0.3798164998478095
2017-05-20 06:15:00,0.979771398192451,0.3299568708132639
2017-05-20 06:30:00,0.979771398192451,0.2872670165473157
2017-05-20 06:45:00,0.979771398192451,0.2433742563305379
2017-05-20 07:00:00,0.979771398192451,0.20132911728346134
2017-05-20 07:15:00,0.041,0.19337693830246178
2017-05-20 07:30:00,0.041,0.1905482789532051
2017-05-20 07:45:00,0.041,0.18781862985419503
2017-05-20 08:00:00,0.041,0.18677168789294094
2017-05-20 08:15:00,0.041,0.18436896053067878
2017-05-20 08:30:00,0.041,0.1831635725981072
2017-05-20 08:45:00,0.041,0.1835860176540105
2017-05-20 09:00:00,0.041,0.1873866722646874
2017-05-20 09:15:00,0.041,0.18433894411443286
2017-05-20 09:30:00,0.041,0.18184045642982144
2017-05-20 09:45:00,0.041,0.18092500899479602
2017-05-20 10:00:00,0.041,0.18097383194699518
2017-05-20 10:15:00,0.041,0.1838559341851962
2017-05-20 10:30:00,0.041,0.18351991816991603
2017-05-20 10:45:00,0.041,0.18227312482319566
2017-05-20 11:00:00,0.041,0.18630823566996182
2017-05-20 11:15:00,0.041,0.18689211688318602
2017-05-20 11:30:00,0.041,0.188909310922093
2017-05-20 11:45:00,0.041,0.19046604675907144
2017-05-20 12:00:00,0.041,0.18970729963268113
2017-05-20 12:15:00,0.041,0.1967079783682625
2017-05-20 12:30:00,0.041,0.1914453818891698
2017-05-20 12:45:00,0.041,0.1997468900479729
2017-05-20 13:00:00,0.041,0.20049450318093065
2017-05-20 13:15:00,0.041,0.1975972718837955
2017-05-20 13:30:00,0.041,0.20488307445070572
2017-05-20 13:45:00,0.041,0.19865601219618126
2017-05-20 14:00:00,0.041,0.20554308798588775
2017-05-20 14:15:00,0.041,0.19869661312868814
2017-05-20 14:30:00,0.041,0.2002206677539908
2017-05-20 14:45:00,0.041,0.2010116837265077
2017-05-20 15:00:00,0.041,0.20186330178616194
2017-05-20 15:15:00,0.041,0.20160817774443657
2017-05-20 15:30:00,0.041,0.20205861978938142
2017-05-20 15:45:00,0.041,0.20099557346366076
2017-05-20 16:00:00,0.041,0.20005788387690623
2017-05-20 16:15:00,0.041,0.19900166924901294
2017-05-20 16:30:00,0.041,0.19739951012565746
2017-05-20 16:45:00,0.041,0.19672700979141922
2017-05-20 17:00:00,0.041,0.1938443515961852
2017-05-20 17:15:00,0.979771398192451,0.22040961782165674
2017-05-20 17:30:00,0.979771398192451,0.27814440640450905
2017-05-20 17:45:00,0.979771398192451,0.32987899948905086
2017-05-20 18:00:00,0.979771398192451,0.38306712916659236
2017-05-20 18:15:00,0.979771398192451,0.4091807481509742
2017-05-20 18:30:00,0.979771398192451,0.4391980979957131
2017-05-20 18:45:00,0.979771398192451,0.4677686319565996
2017-05-20 19:00:00,0.979771398192451,0.48865397355127355
2017-05-20 19:15:00,0.979771398192451,0.5085732278524401
2017-05-20 19:30:00,0.979771398192451,0.514015248109695
2017-05-20 19:45:00,0.979771398192451,0.5095735902295006
2017-05-20 20:00:00,0.979771398192451,0.5296263324733878
2017-05-20 20:15:00,0.979771398192451,0.5196485927915137
2017-05-20 20:30:00,0.979771398192451,0.5267502998456262
2017-05-20 20:45:00,0.979771398192451,0.5329042812225756
2017-05-20 21:00:00,0.979771398192451,0.5313638815993343
2017-05-20 21:15:00,0.979771398192451,0.5464065156763275
2017-05-20 21:30:00,0.979771398192451,0.549105068324941
2017-05-20 21:45:00,0.979771398192451,0.550169432246059
2017-05-20 22:00:00,0.979771398192451,0.5413354106638353
2017-05-20 22:15:00,0.979771398192451,0.5651567635295227
2017-05-20 22:30:00,0.979771398192451,0.5636321024879261
2017-05-20 22:45:00,0.979771398192451,0.5781953506006299
2017-05-20 23:00:00,0.979771398192451,0.5662564267628185
2017-05-20 23:15:00,0.979771398192451,0.577779067011304
2017-05-20 23:30:00,0.979771398192451,0.5888234517022574
2017-05-20 23:45:00,0.979771398192451,0.6096836155707545
2017-05-21 00:00:00,0.33545454545454545,0.6345670468591796
2017-05-21 00:15:00,0.979771398192451,0.6305492159594055
2017-05-21 00:30:00,0.979771398192451,0.6372506565827165
2017-05-21 00:45:00,0.979771398192451,0.6452898383844266
2017-05-21 01:00:00,0.979771398192451,0.6509703791218364
2017-05-21 01:15:00,0.979771398192451,0.6350463136159438
2017-05-21 01:30:00,0.979771398192451,0.6200612861333976
2017-05-21 01:45:00,0.979771398192451,0.6055097859365233
2017-05-21 02:00:00,0.979771398192451,0.58891651744354
2017-05-21 02:15:00,0.979771398192451,0.5798824776118892
2017-05-21 02:30:00,0.979771398192451,0.573753140487275
2017-05-21 02:45:00,0.979771398192451,0.5662531654481322
2017-05-21 03:00:00,0.979771398192451,0.5582367280170142
2017-05-21 03:15:00,0.979771398192451,0.535328917048132
2017-05-21 03:30:00,0.979771398192451,0.5140318374430584
2017-05-21 03:45:00,0.979771398192451,0.4921349402127233
2017-05-21 04:00:00,0.979771398192451,0.47030535281680624
2017-05-21 04:15:00,0.979771398192451,0.46765507614323787
2017-05-21 04:30:00,0.979771398192451,0.4598329627908388
2017-05-21 04:45:00,0.979771398192451,0.45315360374499913
2017-05-21 05:00:00,0.979771398192451,0.4551694730942927
2017-05-21 05:15:00,0.979771398192451,0.4153854786349289
2017-05-21 05:30:00,0.979771398192451,0.37906697547240925
2017-05-21 05:45:00,0.979771398192451,0.3418736518707249
2017-05-21 06:00:00,0.979771398192451,0.3118281344594969
2017-05-21 06:15:00,0.979771398192451,0.27630835267526715
2017-05-21 06:30:00,0.979771398192451,0.24751206756299485
2017-05-21 06:45:00,0.041,0.227262028866756
2017-05-21 07:00:00,0.041,0.22476771980075325
2017-05-21 07:15:00,0.041,0.2197831046196111
2017-05-21 07:30:00,0.041,0.21910784572717823
2017-05-21 07:45:00,0.041,0.21598590324088643
2017-05-21 08:00:00,0.041,0.21251692322937468
2017-05-21 08:15:00,0.041,0.21598563432024803
2017-05-21 08:30:00,0.041,0.21437512055012642
2017-05-21 08:45:00,0.041,0.20993994516156889
2017-05-21 09:00:00,0.041,0.2067807693931016
2017-05-21 09:15:00,0.041,0.20452060156955212
2017-05-21 09:30:00,0.041,0.2042697873235694
2017-05-21 09:45:00,0.041,0.20269784820895223
2017-05-21 10:00:00,0.041,0.20150048528162803
2017-05-21 10:15:00,0.041,0.20115967136622973
2017-05-21 10:30:00,0.041,0.19832290092624152
2017-05-21 10:45:00,0.041,0.19950955365055978
2017-05-21 11:00:00,0.041,0.20124751848507894
2017-05-21 11:15:00,0.041,0.208601543803856
2017-05-21 11:30:00,0.041,0.20982031341091892
2017-05-21 11:45:00,0.041,0.21145161401769805
2017-05-21 12:00:00,0.041,0.21464340776211696
2017-05-21 12:15:00,0.041,0.2088940241383027
2017-05-21 12:30:00,0.041,0.20846260423634552
2017-05-21 12:45:00,0.041,0.20988986878640992
2017-05-21 13:00:00,0.041,0.21109204140499666
2017-05-21 13:15:00,0.041,0.21181150155933906
2017-05-21 13:30:00,0.041,0.21344796172085653
2017-05-21 13:45:00,0.041,0.2161155406336509
2017-05-21 14:00:00,0.041,0.21479436910583855
2017-05-21 14:15:00,0.041,0.21295806123519445
2017-05-21 14:30:00,0.041,0.21178495835998484
2017-05-21 14:45:00,0.041,0.21308600193330401
2017-05-21 15:00:00,0.041,0.2111873755060941
2017-05-21 15:15:00,0.041,0.21715243771781853
2017-05-21 15:30:00,0.041,0.21183116942700164
2017-05-21 15:45:00,0.041,0.20878621139437162
2017-05-21 16:00:00,0.041,0.20307026280201954
2017-05-21 16:15:00,0.041,0.20071179216997792
2017-05-21 16:30:00,0.041,0.1978700068747148
2017-05-21 16:45:00,0.041,0.19576991227032903
2017-05-21 17:00:00,0.041,0.19052229899916523
2017-05-21 17:15:00,0.041,0.19328388970897734
2017-05-21 17:30:00,0.041,0.1946749770094582
2017-05-21 17:45:00,0.041,0.19216134149452863
2017-05-21 18:00:00,0.979771398192451,0.2232184494170098
2017-05-21 18:15:00,0.979771398192451,0.2512872249152988
2017-05-21 18:30:00,0.979771398192451,0.2725306155032133
2017-05-21 18:45:00,0.979771398192451,0.3045677674232805
2017-05-21 19:00:00,0.979771398192451,0.33136328208402366
2017-05-21 19:15:00,0.979771398192451,0.35533986010091145
2017-05-21 19:30:00,0.979771398192451,0.3664840137418274
2017-05-21 19:45:00,0.979771398192451,0.3889318368411798
2017-05-21 20:00:00,0.979771398192451,0.4154008032827382
2017-05-21 20:15:00,0.979771398192451,0.41867405394748264
2017-05-21 20:30:00,0.979771398192451,0.42845653553173374
2017-05-21 20:45:00,0.979771398192451,0.430003544637103
2017-05-21 21:00:00,0.979771398192451,0.4113973591393488
2017-05-21 21:15:00,0.979771398192451,0.4176544692704944
2017-05-21 21:30:00,0.979771398192451,0.4253261674402723
2017-05-21 21:45:00,0.979771398192451,0.4132174804172317
2017-05-21 22:00:00,0.979771398192451,0.4223961540232621
2017-05-21 22:15:00,0.979771398192451,0.4292066061325231
2017-05-21 22:30:00,0.979771398192451,0.4428905139380572
2017-05-21 22:45:00,0.979771398192451,0.45606638813040434
2017-05-21 23:00:00,0.979771398192451,0.4653114511612272
2017-05-21 23:15:00,0.979771398192451,0.45807239997179316
2017-05-21 23:30:00,0.979771398192451,0.44431109108471195
2017-05-21 23:45:00,0.979771398192451,0.4301305438617046
2017-05-22 00:00:00,0.9988888888888889,0.418757719095023
2017-05-22 00:15:00,0.9988888888888889,0.4005382919418468
2017-05-22 00:30:00,0.9988888888888889,0.3847844852731694
2017-05-22 00:45:00,0.9988888888888889,0.36806570602200545
2017-05-22 01:00:00,0.9988888888888889,0.347690632966056
2017-05-22 01:15:00,0.9988888888888889,0.35626597200644433
2017-05-22 01:30:00,0.9988888888888889,0.36714735679772303
2017-05-22 01:45:00,0.9988888888888889,0.37413715650102597
2017-05-22 02:00:00,0.9988888888888889,0.382909883044789
2017-05-22 02:15:00,0.9988888888888889,0.39564911656147894
2017-05-22 02:30:00,0.9988888888888889,0.4098140328953834
2017-05-22 02:45:00,0.9988888888888889,0.4230044692081913
2017-05-22 03:00:00,0.9988888888888889,0.443784005360902
2017-05-22 03:15:00,0.9988888888888889,0.4651915771833515
2017-05-22 03:30:00,0.9988888888888889,0.48526909038347066
2017-05-22 03:45:00,0.9988888888888889,0.5029562539001228
2017-05-22 04:00:00,0.9988888888888889,0.5243191995833631
2017-05-22 04:15:00,0.9988888888888889,0.5077090906175781
2017-05-22 04:30:00,0.9988888888888889,0.4948490957471313
2017-05-22 04:45:00,0.9988888888888889,0.4869396533819746
2017-05-22 05:00:00,0.9988888888888889,0.4913288392630035
2017-05-22 05:15:00,0.9988888888888889,0.4569245572406327
2017-05-22 05:30:00,0.9988888888888889,0.4210849378643058
2017-05-22 05:45:00,0.9988888888888889,0.38539579210795766
2017-05-22 06:00:00,0.9988888888888889,0.35464110950077904
2017-05-22 06:15:00,0.9988888888888889,0.31157559937218815
2017-05-22 06:30:00,0.9988888888888889,0.2799591832373466
2017-05-22 06:45:00,0.9988888888888889,0.23242991281174818
2017-05-22 07:00:00,0.9988888888888889,0.20433822376386254
2017-05-22 07:15:00,0.9988888888888889,0.1892199519477051
2017-05-22 07:30:00,0.041,0.18032949550353297
2017-05-22 07:45:00,0.041,0.17838250836369307
2017-05-22 08:00:00,0.041,0.17989372332969897
2017-05-22 08:15:00,0.041,0.17957706383215272
2017-05-22 08:30:00,0.041,0.17982828727300526
2017-05-22 08:45:00,0.041,0.1796013986430465
2017-05-22 09:00:00,0.041,0.17923783653930953
2017-05-22 09:15:00,0.041,0.18514187282182235
2017-05-22 09:30:00,0.041,0.18291197181518623
2017-05-22 09:45:00,0.041,0.1815892672568457
2017-05-22 10:00:00,0.041,0.1813509960485787
2017-05-22 10:15:00,0.041,0.1759387066342128
2017-05-22 10:30:00,0.041,0.17553641235732184
2017-05-22 10:45:00,0.041,0.17479228500698807
2017-05-22 11:00:00,0.041,0.18071530064350502
2017-05-22 11:15:00,0.041,0.17782517233649017
2017-05-22 11:30:00,0.041,0.17782580311414395
2017-05-22 11:45:00,0.041,0.1779653523870464
2017-05-22 12:00:00,0.041,0.18040117953587476
2017-05-22 12:15:00,0.041,0.1769787845834363
2017-05-22 12:30:00,0.041,0.1803217721877322
2017-05-22 12:45:00,0.041,0.1816812795705034
2017-05-22 13:00:00,0.041,0.17948794197592646
2017-05-22 13:15:00,0.041,0.1792683496814054
2017-05-22 13:30:00,0.041,0.18129445896374632
2017-05-22 13:45:00,0.041,0.18168296506999912
2017-05-22 14:00:00,0.041,0.18401014735827445
2017-05-22 14:15:00,0.041,0.1834688007452846
2017-05-22 14:30:00,0.041,0.18296044756138993
2017-05-22 14:45:00,0.041,0.1867320308117714
2017-05-22 15:00:00,0.041,0.18629738644500474
2017-05-22 15:15:00,0.041,0.18901228753155636
2017-05-22 15:30:00,0.041,0.18802902579185535
2017-05-22 15:45:00,0.9988888888888889,0.20312438343222808
2017-05-22 16:00:00,0.9988888888888889,0.20729471595027346
2017-05-22 16:15:00,0.9988888888888889,0.22620481684963523
2017-05-22 16:30:00,0.9988888888888889,0.24707643494499834
2017-05-22 16:45:00,0.9988888888888889,0.26274972567424026
2017-05-22 17:00:00,0.9988888888888889,0.28748110000426563
2017-05-22 17:15:00,0.9988888888888889,0.32546489667233014
2017-05-22 17:30:00,0.9988888888888889,0.36105571231325506
2017-05-22 17:45:00,0.9988888888888889,0.40305815960880953
2017-05-22 18:00:00,0.9988888888888889,0.442100366882621
2017-05-22 18:15:00,0.33545454545454545,0.4674267655937241
2017-05-22 18:30:00,0.3386266924564797,0.4824889650531243
2017-05-22 18:45:00,0.3402127659574468,0.48673531413934923
2017-05-22 19:00:00,0.3402127659574468,0.48049394908229937
2017-05-22 19:15:00,0.3402127659574468,0.48713856177526305
2017-05-22 19:30:00,0.3402127659574468,0.49546917389342066
2017-05-22 19:45:00,0.3402127659574468,0.5186888291993412
2017-05-22 20:00:00,0.3402127659574468,0.5142006221984585
2017-05-22 20:15:00,0.3402127659574468,0.5130728580372803
2017-05-22 20:30:00,0.3402127659574468,0.5105837405654707
2017-05-22 20:45:00,0.3402127659574468,0.5128643962795021
2017-05-22 21:00:00,0.3402127659574468,0.5193076164460925
2017-05-22 21:15:00,0.4536363636363636,0.5261605274278879
2017-05-22 21:30:00,0.3402127659574468,0.5431645903016509
2017-05-22 21:45:00,0.33704061895551257,0.5554138666297095
2017-05-22 22:00:00,0.33545454545454545,0.5629950793181022
2017-05-22 22:15:00,0.9988888888888889,0.5632925364458241
2017-05-22 22:30:00,0.9988888888888889,0.5612378733839661
2017-05-22 22:45:00,0.9988888888888889,0.5574895073871612
2017-05-22 23:00:00,0.9988888888888889,0.5565897282008381
2017-05-22 23:15:00,0.9988888888888889,0.5589317662439038
2017-05-22 23:30:00,0.9988888888888889,0.5472434094097434
2017-05-22 23:45:00,0.9988888888888889,0.5494446494630497
2017-05-23 00:00:00,0.9988888888888889,0.5453834525099793
2017-05-23 00:15:00,0.9988888888888889,0.5413957612873288
2017-05-23 00:30:00,0.9988888888888889,0.524905499851237
2017-05-23 00:45:00,0.9988888888888889,0.5198162404685872
2017-05-23 01:00:00,0.9988888888888889,0.5003033964953097
2017-05-23 01:15:00,0.9988888888888889,0.5232559005867802
2017-05-23 01:30:00,0.9988888888888889,0.5403162700005424
2017-05-23 01:45:00,0.9988888888888889,0.5581680512560689
2017-05-23 02:00:00,0.9988888888888889,0.5756016605618818
2017-05-23 02:15:00,0.9988888888888889,0.57858372091439
2017-05-23 02:30:00,0.9988888888888889,0.5814422774504793
2017-05-23 02:45:00,0.9988888888888889,0.5881055818101826
2017-05-23 03:00:00,0.9988888888888889,0.5909672032998974
2017-05-23 03:15:00,0.9988888888888889,0.5721166542686676
2017-05-23 03:30:00,0.9988888888888889,0.560651009267073
2017-05-23 03:45:00,0.9988888888888889,0.5492598720406726
2017-05-23 04:00:00,0.9988888888888889,0.5419883163817089
2017-05-23 04:15:00,0.9988888888888889,0.532897023672938
2017-05-23 04:30:00,0.9988888888888889,0.5243467605998383
2017-05-23 04:45:00,0.9988888888888889,0.514506904484773
2017-05-23 05:00:00,0.9988888888888889,0.5188301544129963
2017-05-23 05:15:00,0.9988888888888889,0.48855568220297346
2017-05-23 05:30:00,0.9988888888888889,0.45710841849264955
2017-05-23 05:45:00,0.9988888888888889,0.42675695714004325
2017-05-23 06:00:00,0.9988888888888889,0.3992822123978055
2017-05-23 06:15:00,0.9988888888888889,0.37940544781004953
2017-05-23 06:30:00,0.9988888888888889,0.3522274938319401
2017-05-23 06:45:00,0.9988888888888889,0.32957646010425307
2017-05-23 07:00:00,0.9988888888888889,0.3075054181179481
2017-05-23 07:15:00,0.9988888888888889,0.2940104272775386
2017-05-23 07:30:00,0.9988888888888889,0.2773328691635933
2017-05-23 07:45:00,0.9988888888888889,0.2571249482497739
2017-05-23 08:00:00,0.9988888888888889,0.23429846437128385
2017-05-23 08:15:00,0.9988888888888889,0.19935172402283005
2017-05-23 08:30:00,0.041,0.18436094824320778
2017-05-23 08:45:00,0.041,0.18211697978563185
2017-05-23 09:00:00,0.041,0.1827943163249713
2017-05-23 09:15:00,0.9988888888888889,0.18748479497442344
2017-05-23 09:30:00,0.041,0.18493974648282957
2017-05-23 09:45:00,0.041,0.17993255971648847
2017-05-23 10:00:00,0.041,0.17968914758288956
2017-05-23 10:15:00,0.041,0.17726581230691704
2017-05-23 10:30:00,0.041,0.1762627429932782
2017-05-23 10:45:00,0.041,0.17662269426721233
2017-05-23 11:00:00,0.041,0.1840755435769427
2017-05-23 11:15:00,0.041,0.1802361710370925
2017-05-23 11:30:00,0.041,0.1805125912713557
2017-05-23 11:45:00,0.041,0.18034925812558228
2017-05-23 12:00:00,0.041,0.18384834729780186
2017-05-23 12:15:00,0.041,0.18198890984720256
2017-05-23 12:30:00,0.041,0.1786325607846651
2017-05-23 12:45:00,0.041,0.18005018372166437
2017-05-23 13:00:00,0.041,0.18057961937143566
2017-05-23 13:15:00,0.041,0.179863928592556
2017-05-23 13:30:00,0.041,0.1799021692543163
2017-05-23 13:45:00,0.9988888888888889,0.18658467839602633
2017-05-23 14:00:00,0.9988888888888889,0.2119403469331882
2017-05-23 14:15:00,0.9988888888888889,0.2160929436909968
2017-05-23 14:30:00,0.9988888888888889,0.2193614305221889
2017-05-23 14:45:00,0.9988888888888889,0.22650218244127132
2017-05-23 15:00:00,0.9988888888888889,0.231851561267626
2017-05-23 15:15:00,0.9988888888888889,0.24769060870145435
2017-05-23 15:30:00,0.9988888888888889,0.2747253270596146
2017-05-23 15:45:00,0.9988888888888889,0.30099494029805673
2017-05-23 16:00:00,0.9988888888888889,0.33003866164521356
2017-05-23 16:15:00,0.9988888888888889,0.3596147560910191
2017-05-23 16:30:00,0.9988888888888889,0.3876799625675271
2017-05-23 16:45:00,0.9988888888888889,0.4245628863277512
2017-05-23 17:00:00,0.33545454545454545,0.4515985773174254
2017-05-23 17:15:00,0.3386266924564797,0.4631468611317725
2017-05-23 17:30:00,0.34655705996131525,0.47207115468704236
2017-05-23 17:45:00,0.35448742746615086,0.481124022901681
2017-05-23 18:00:00,0.35448742746615086,0.4842522077009783
2017-05-23 18:15:00,0.35448742746615086,0.48358461068697894
2017-05-23 18:30:00,0.35448742746615086,0.4942747158994193
2017-05-23 18:45:00,0.35448742746615086,0.48460569035499435
2017-05-23 19:00:00,0.35448742746615086,0.4829593371830328
2017-05-23 19:15:00,0.35448742746615086,0.4985889901634065
2017-05-23 19:30:00,0.35448742746615086,0.5104466408942148
2017-05-23 19:45:00,0.35448742746615086,0.5154037018918904
2017-05-23 20:00:00,0.35448742746615086,0.5330412663286682
2017-05-23 20:15:00,0.35448742746615086,0.5385684424566214
2017-05-23 20:30:00,0.35448742746615086,0.5404564934016276
2017-05-23 20:45:00,0.3497292069632495,0.5421866673138104
2017-05-23 21:00:00,0.34655705996131525,0.5418339627615489
2017-05-23 21:15:00,0.3417988394584139,0.5490246528063333
2017-05-23 21:30:00,0.3417988394584139,0.5499729500256114
2017-05-23 21:45:00,0.9988888888888889,0.5593612401740903
2017-05-23 22:00:00,0.9988888888888889,0.5577086208338174
2017-05-23 22:15:00,0.9988888888888889,0.5628682816915715
2017-05-23 22:30:00,0.9988888888888889,0.5721606768731523
2017-05-23 22:45:00,0.9988888888888889,0.5771132763202284
2017-05-23 23:00:00,0.9988888888888889,0.5860788127595038
2017-05-23 23:15:00,0.9988888888888889,0.592821210928092
2017-05-23 23:30:00,0.9988888888888889,0.5936668020024821
2017-05-23 23:45:00,0.9988888888888889,0.578551137436937
2017-05-24 00:00:00,0.9988888888888889,0.5934921841107182
2017-05-24 00:15:00,0.9988888888888889,0.6029433281886875
2017-05-24 00:30:00,0.9988888888888889,0.6060319283243035
2017-05-24 00:45:00,0.9988888888888889,0.6096783391138154
2017-05-24 01:00:00,0.9988888888888889,0.6190451357557247
2017-05-24 01:15:00,0.9988888888888889,0.6251007370337175
2017-05-24 01:30:00,0.9988888888888889,0.6227715225054031
2017-05-24 01:45:00,0.9988888888888889,0.6196228034278323
2017-05-24 02:00:00,0.9988888888888889,0.617350913930313
2017-05-24 02:15:00,0.9988888888888889,0.6170937352526138
2017-05-24 02:30:00,0.9988888888888889,0.6150556534797046
2017-05-24 02:45:00,0.9988888888888889,0.6074115437432089
2017-05-24 03:00:00,0.9988888888888889,0.5895119524156157
2017-05-24 03:15:00,0.9988888888888889,0.5963957155888082
2017-05-24 03:30:00,0.9988888888888889,0.5940315454550192
2017-05-24 03:45:00,0.9988888888888889,0.5855299074397539
2017-05-24 04:00:00,0.9988888888888889,0.5613813517544218
2017-05-24 04:15:00,0.9988888888888889,0.5709760845978108
2017-05-24 04:30:00,0.9988888888888889,0.5666985933223362
2017-05-24 04:45:00,0.9988888888888889,0.563156154967848
2017-05-24 05:00:00,0.3386266924564797,0.5496608439153772
2017-05-24 05:15:00,0.3402127659574468,0.5342108938132863
2017-05-24 05:30:00,0.3402127659574468,0.5223193536144896
2017-05-24 05:45:00,0.3402127659574468,0.5108918129684114
2017-05-24 06:00:00,0.3402127659574468,0.496981443443508
2017-05-24 06:15:00,0.3402127659574468,0.4883417437084961
2017-05-24 06:30:00,0.3402127659574468,0.48422970847825964
2017-05-24 06:45:00,0.3402127659574468,0.4809665034055423
2017-05-24 07:00:00,0.3402127659574468,0.4732422787170836
2017-05-24 07:15:00,0.3402127659574468,0.4652020450048801
2017-05-24 07:30:00,0.3402127659574468,0.4611479377019028
2017-05-24 07:45:00,0.3402127659574468,0.46092642103610343
2017-05-24 08:00:00,0.3402127659574468,0.4337790858353503
2017-05-24 08:15:00,0.9988888888888889,0.4129010536759403
2017-05-24 08:30:00,0.9988888888888889,0.4079096369284091
2017-05-24 08:45:00,0.9988888888888889,0.3915185312930042
2017-05-24 09:00:00,0.9988888888888889,0.3690752207756593
2017-05-24 09:15:00,0.9988888888888889,0.3575405656474909
2017-05-24 09:30:00,0.9988888888888889,0.34651920251904816
2017-05-24 09:45:00,0.9988888888888889,0.3352855808018917
2017-05-24 10:00:00,0.9988888888888889,0.32603362666582325
2017-05-24 10:15:00,0.9988888888888889,0.3208960180341414
2017-05-24 10:30:00,0.9988888888888889,0.3215348408211263
2017-05-24 10:45:00,0.9988888888888889,0.32176499234413525
2017-05-24 11:00:00,0.9988888888888889,0.31860620089590547
2017-05-24 11:15:00,0.9988888888888889,0.3245773583403169
2017-05-24 11:30:00,0.9988888888888889,0.3159788322206289
2017-05-24 11:45:00,0.9988888888888889,0.3114138915360073
2017-05-24 12:00:00,0.9988888888888889,0.30497297076694907
2017-05-24 12:15:00,0.9988888888888889,0.2952617165932506
2017-05-24 12:30:00,0.9988888888888889,0.2896739631555146
2017-05-24 12:45:00,0.9988888888888889,0.2968919001706728
2017-05-24 13:00:00,0.9988888888888889,0.30378797860776474
2017-05-24 13:15:00,0.9988888888888889,0.30669306951416114
2017-05-24 13:30:00,0.9988888888888889,0.31610651883610136
2017-05-24 13:45:00,0.9988888888888889,0.3123262078598282
2017-05-24 14:00:00,0.9988888888888889,0.3084419958322534
2017-05-24 14:15:00,0.9988888888888889,0.3109135375927194
2017-05-24 14:30:00,0.9988888888888889,0.3094579708383565
2017-05-24 14:45:00,0.9988888888888889,0.31424886372513433
2017-05-24 15:00:00,0.9988888888888889,0.31418219267894704
2017-05-24 15:15:00,0.9988888888888889,0.3159462556269391
2017-05-24 15:30:00,0.9988888888888889,0.30946916479115083
2017-05-24 15:45:00,0.9988888888888889,0.30789585251884444
2017-05-24 16:00:00,0.9988888888888889,0.3066014021657878
2017-05-24 16:15:00,0.9988888888888889,0.311862890768153
2017-05-24 16:30:00,0.9988888888888889,0.33813292550244467
2017-05-24 16:45:00,0.9988888888888889,0.3726114925141679
2017-05-24 17:00:00,0.9988888888888889,0.40827090639839514
2017-05-24 17:15:00,0.9988888888888889,0.44220591594769043
2017-05-24 17:30:00,0.33704061895551257,0.4724263591337271
2017-05-24 17:45:00,0.3386266924564797,0.4870763542604304
2017-05-24 18:00:00,0.3449709864603482,0.4960463467922869
2017-05-24 18:15:00,0.3449709864603482,0.48722551804171715
2017-05-24 18:30:00,0.3449709864603482,0.4826577021198058
2017-05-24 18:45:00,0.3449709864603482,0.4893052646147639
2017-05-24 19:00:00,0.4536363636363636,0.5154521884869574
2017-05-24 19:15:00,0.3449709864603482,0.5029809913537073
2017-05-24 19:30:00,0.3449709864603482,0.5126150805437264
2017-05-24 19:45:00,0.3449709864603482,0.5141895889149114
2017-05-24 20:00:00,0.3449709864603482,0.5240239697486722
2017-05-24 20:15:00,0.3449709864603482,0.5316268024749967
2017-05-24 20:30:00,0.3449709864603482,0.5473572791546913
2017-05-24 20:45:00,0.3449709864603482,0.5505902597502759
2017-05-24 21:00:00,0.3449709864603482,0.5607401778422287
2017-05-24 21:15:00,0.3417988394584139,0.5610905692885698
2017-05-24 21:30:00,0.33545454545454545,0.5588824141991876
2017-05-24 21:45:00,0.9988888888888889,0.5480239879588402
2017-05-24 22:00:00,0.9988888888888889,0.5281865923181186
2017-05-24 22:15:00,0.9988888888888889,0.5178359783406551
2017-05-24 22:30:00,0.9988888888888889,0.5072494186579684
2017-05-24 22:45:00,0.9988888888888889,0.49130579607601144
2017-05-24 23:00:00,0.9988888888888889,0.4800405639023483
2017-05-24 23:15:00,0.9988888888888889,0.47118095398494214
2017-05-24 23:30:00,0.9988888888888889,0.47075437328942926
2017-05-24 23:45:00,0.9988888888888889,0.4737109575576885
2017-05-25 00:00:00,0.9988888888888889,0.47412465460825715
2017-05-25 00:15:00,0.9988888888888889,0.47427311938792954
2017-05-25 00:30:00,0.9988888888888889,0.47103046464348236
2017-05-25 00:45:00,0.9988888888888889,0.469064903652504
2017-05-25 01:00:00,0.9988888888888889,0.4671686628841528
2017-05-25 01:15:00,0.9988888888888889,0.46141726699348085
2017-05-25 01:30:00,0.9988888888888889,0.4575164066117782
2017-05-25 01:45:00,0.9988888888888889,0.4542487265971886
2017-05-25 02:00:00,0.9988888888888889,0.4484855117873861
2017-05-25 02:15:00,0.9988888888888889,0.4511241397843577
2017-05-25 02:30:00,0.9988888888888889,0.4509713588893273
2017-05-25 02:45:00,0.9988888888888889,0.4549926710353657
2017-05-25 03:00:00,0.9988888888888889,0.4582665241025344
2017-05-25 03:15:00,0.9988888888888889,0.4567733189308657
2017-05-25 03:30:00,0.9988888888888889,0.4534192991968358
2017-05-25 03:45:00,0.9988888888888889,0.4541854240073366
2017-05-25 04:00:00,0.9988888888888889,0.45493597865718904
2017-05-25 04:15:00,0.9988888888888889,0.43851654100585696
2017-05-25 04:30:00,0.9988888888888889,0.42329134690798687
2017-05-25 04:45:00,0.9988888888888889,0.4079432110805365
2017-05-25 05:00:00,0.9988888888888889,0.3966174499475408
2017-05-25 05:15:00,0.9988888888888889,0.3762548543645096
2017-05-25 05:30:00,0.9988888888888889,0.3559810164099682
2017-05-25 05:45:00,0.9988888888888889,0.338923242596757
2017-05-25 06:00:00,0.9988888888888889,0.324255667949799
2017-05-25 06:15:00,0.9988888888888889,0.3066163290364713
2017-05-25 06:30:00,0.9988888888888889,0.2596303404314719
2017-05-25 06:45:00,0.9988888888888889,0.2721727582416737
2017-05-25 07:00:00,0.9988888888888889,0.26162179315555617
2017-05-25 07:15:00,0.9988888888888889,0.23964731602985664
2017-05-25 07:30:00,0.041,0.2265999263870389
2017-05-25 07:45:00,0.041,0.2248695397367221
2017-05-25 08:00:00,0.041,0.22241980516149706
2017-05-25 08:15:00,0.041,0.22082113724452007
2017-05-25 08:30:00,0.041,0.22613101845247074
2017-05-25 08:45:00,0.041,0.22992450366125539
2017-05-25 09:00:00,0.041,0.2269167516734318
2017-05-25 09:15:00,0.041,0.2252863781684969
2017-05-25 09:30:00,0.041,0.2225289854695693
2017-05-25 09:45:00,0.041,0.22200752269609209
2017-05-25 10:00:00,0.041,0.21609658402631107
2017-05-25 10:15:00,0.041,0.21853999993409284
2017-05-25 10:30:00,0.041,0.21868109733912905
2017-05-25 10:45:00,0.041,0.21691774214808854
2017-05-25 11:00:00,0.041,0.2251215564049258
2017-05-25 11:15:00,0.041,0.22586102550135362
2017-05-25 11:30:00,0.041,0.22403487247779266
2017-05-25 11:45:00,0.041,0.22643955898965112
2017-05-25 12:00:00,0.041,0.2292385199214923
2017-05-25 12:15:00,0.041,0.23452371911860634
2017-05-25 12:30:00,0.041,0.24339735236941842
2017-05-25 12:45:00,0.041,0.24512685354069358
2017-05-25 13:00:00,0.041,0.23654517716350182
2017-05-25 13:15:00,0.041,0.24485284743097951
2017-05-25 13:30:00,0.041,0.23695970590894533
2017-05-25 13:45:00,0.041,0.2357368657441365
2017-05-25 14:00:00,0.041,0.24220141641768986
2017-05-25 14:15:00,0.041,0.23771453483816307
2017-05-25 14:30:00,0.041,0.23800120718815235
2017-05-25 14:45:00,0.041,0.23990835635270577
2017-05-25 15:00:00,0.041,0.23940525953716313
2017-05-25 15:15:00,0.9988888888888889,0.23642866359113887
2017-05-25 15:30:00,0.9988888888888889,0.265019744443648
2017-05-25 15:45:00,0.9988888888888889,0.2933377354329813
2017-05-25 16:00:00,0.9988888888888889,0.3167459690084981
2017-05-25 16:15:00,0.9988888888888889,0.3221567922842193
2017-05-25 16:30:00,0.9988888888888889,0.33458548802796495
2017-05-25 16:45:00,0.9988888888888889,0.3473174248807449
2017-05-25 17:00:00,0.9988888888888889,0.34910347038084294
2017-05-25 17:15:00,0.9988888888888889,0.3817485265901035
2017-05-25 17:30:00,0.9988888888888889,0.4144699130864074
2017-05-25 17:45:00,0.9988888888888889,0.4765609832459856
2017-05-25 18:00:00,0.9988888888888889,0.5187635277141392
2017-05-25 18:15:00,0.9988888888888889,0.544906556214404
2017-05-25 18:30:00,0.9988888888888889,0.5504248873712828
2017-05-25 18:45:00,0.9988888888888889,0.5507939454194503
2017-05-25 19:00:00,0.9988888888888889,0.5587360806123753
2017-05-25 19:15:00,0.9988888888888889,0.5680630871566011
2017-05-25 19:30:00,0.9988888888888889,0.5766606116463818
2017-05-25 19:45:00,0.9988888888888889,0.5799345810685835
2017-05-25 20:00:00,0.9988888888888889,0.5765527712846688
2017-05-25 20:15:00,0.9988888888888889,0.5744313882949535
2017-05-25 20:30:00,0.9988888888888889,0.5738123342706855
2017-05-25 20:45:00,0.4536363636363636,0.595777497891603
2017-05-25 21:00:00,0.4536363636363636,0.6123855993374048
2017-05-25 21:15:00,0.4536363636363636,0.6123388670789545
2017-05-25 21:30:00,0.4536363636363636,0.6137779824545315
2017-05-25 21:45:00,0.9988888888888889,0.6162658369138737
2017-05-25 22:00:00,0.9988888888888889,0.6094037095162435
2017-05-25 22:15:00,0.9988888888888889,0.6140990765028922
2017-05-25 22:30:00,0.9988888888888889,0.6095598709589762
2017-05-25 22:45:00,0.9988888888888889,0.6054281703754899
2017-05-25 23:00:00,0.9988888888888889,0.5932637887695957
2017-05-25 23:15:00,0.9988888888888889,0.595289860347679
2017-05-25 23:30:00,0.9988888888888889,0.5922472822661325
2017-05-25 23:45:00,0.9988888888888889,0.5865209077080662
2017-05-26 00:00:00,0.9988888888888889,0.577975997792555
2017-05-26 00:15:00,0.9988888888888889,0.5809313056051042
2017-05-26 00:30:00,0.9988888888888889,0.5832205663425623
2017-05-26 00:45:00,0.9988888888888889,0.5846060663030787
2017-05-26 01:00:00,0.9988888888888889,0.5858854145319086
2017-05-26 01:15:00,0.9988888888888889,0.5789802074208066
2017-05-26 01:30:00,0.9988888888888889,0.5728645732748162
2017-05-26 01:45:00,0.9988888888888889,0.5670451560457465
2017-05-26 02:00:00,0.9988888888888889,0.5625288295504927
2017-05-26 02:15:00,0.9988888888888889,0.5576847743126914
2017-05-26 02:30:00,0.9988888888888889,0.5532246840723014
2017-05-26 02:45:00,0.9988888888888889,0.5507987307387902
2017-05-26 03:00:00,0.9988888888888889,0.5498751458037304
2017-05-26 03:15:00,0.9988888888888889,0.5718326162040888
2017-05-26 03:30:00,0.9988888888888889,0.5959460543908585
2017-05-26 03:45:00,0.9988888888888889,0.620740447285761
2017-05-26 04:00:00,0.9988888888888889,0.6473566968342931
2017-05-26 04:15:00,0.9988888888888889,0.6235281594380101
2017-05-26 04:30:00,0.9988888888888889,0.6048540195391106
2017-05-26 04:45:00,0.9988888888888889,0.5900939149379536
2017-05-26 05:00:00,0.9988888888888889,0.5836872016111724
2017-05-26 05:15:00,0.9988888888888889,0.5566835036051047
2017-05-26 05:30:00,0.9988888888888889,0.5288716059927859
2017-05-26 05:45:00,0.9988888888888889,0.5031533525619958
2017-05-26 06:00:00,0.9988888888888889,0.4808633981162359
2017-05-26 06:15:00,0.9988888888888889,0.44611733979411905
2017-05-26 06:30:00,0.9988888888888889,0.41106889823361636
2017-05-26 06:45:00,0.9988888888888889,0.37384487010860373
2017-05-26 07:00:00,0.9988888888888889,0.34276652050515244
2017-05-26 07:15:00,0.9988888888888889,0.3108243745912244
2017-05-26 07:30:00,0.9988888888888889,0.27999914942983795
2017-05-26 07:45:00,0.9988888888888889,0.24520639331605823
2017-05-26 08:00:00,0.9988888888888889,0.20956915212028243
2017-05-26 08:15:00,0.9988888888888889,0.21095054390064236
2017-05-26 08:30:00,0.9988888888888889,0.1991916422445905
2017-05-26 08:45:00,0.9988888888888889,0.19797445848299267
2017-05-26 09:00:00,0.9988888888888889,0.1996051058194586
2017-05-26 09:15:00,0.9988888888888889,0.2108621300650779
2017-05-26 09:30:00,0.9988888888888889,0.2195418541027161
2017-05-26 09:45:00,0.9988888888888889,0.2187573240599739
2017-05-26 10:00:00,0.9988888888888889,0.21669578470679318
2017-05-26 10:15:00,0.9988888888888889,0.21528446999421147
2017-05-26 10:30:00,0.9988888888888889,0.21221258985337252
2017-05-26 10:45:00,0.9988888888888889,0.21249796731336798
2017-05-26 11:00:00,0.9988888888888889,0.20122422276088742
2017-05-26 11:15:00,0.9988888888888889,0.19804706983843487
2017-05-26 11:30:00,0.9988888888888889,0.198586286842139
2017-05-26 11:45:00,0.9988888888888889,0.20236157963012294
2017-05-26 12:00:00,0.9988888888888889,0.20204434335530289
2017-05-26 12:15:00,0.9988888888888889,0.20252481126324073
2017-05-26 12:30:00,0.9988888888888889,0.20685673710348096
2017-05-26 12:45:00,0.9988888888888889,0.21343588621175313
2017-05-26 13:00:00,0.9988888888888889,0.2237800189726814
2017-05-26 13:15:00,0.9988888888888889,0.22321224485206353
2017-05-26 13:30:00,0.9988888888888889,0.2228896254198991
2017-05-26 13:45:00,0.9988888888888889,0.22836527597722214
2017-05-26 14:00:00,0.9988888888888889,0.23991136872314306
2017-05-26 14:15:00,0.9988888888888889,0.24975793884264272
2017-05-26 14:30:00,0.9988888888888889,0.2703711422460704
2017-05-26 14:45:00,0.9988888888888889,0.2847292848863317
2017-05-26 15:00:00,0.9988888888888889,0.2998466387991763
2017-05-26 15:15:00,0.9988888888888889,0.297293863243054
2017-05-26 15:30:00,0.9988888888888889,0.2949858497243322
2017-05-26 15:45:00,0.9988888888888889,0.303203573544468
2017-05-26 16:00:00,0.9988888888888889,0.3045849524351751
2017-05-26 16:15:00,0.9988888888888889,0.3189262325147552
2017-05-26 16:30:00,0.9988888888888889,0.3342636361628129
2017-05-26 16:45:00,0.9988888888888889,0.3507073531128642
2017-05-26 17:00:00,0.9988888888888889,0.3628247021751502
2017-05-26 17:15:00,0.9988888888888889,0.41227266843327565
2017-05-26 17:30:00,0.9988888888888889,0.4555347321954146
2017-05-26 17:45:00,0.9988888888888889,0.49856013342790684
2017-05-26 18:00:00,0.4536363636363636,0.5284993709956722
2017-05-26 18:15:00,0.4536363636363636,0.541396384981683
2017-05-26 18:30:00,0.4536363636363636,0.5540309988655358
2017-05-26 18:45:00,0.4536363636363636,0.567029246616183
2017-05-26 19:00:00,0.4536363636363636,0.5810778318504884
2017-05-26 19:15:00,0.9988888888888889,0.5385196440492942
2017-05-26 19:30:00,0.9988888888888889,0.5379033689695678
2017-05-26 19:45:00,0.9988888888888889,0.549467657613459
2017-05-26 20:00:00,0.9988888888888889,0.5597258491102604
2017-05-26 20:15:00,0.4536363636363636,0.5992844453355147
2017-05-26 20:30:00,0.4536363636363636,0.6162799161885338
2017-05-26 20:45:00,0.4536363636363636,0.6056147103833532
2017-05-26 21:00:00,0.4536363636363636,0.5956888083615802
2017-05-26 21:15:00,0.4536363636363636,0.6002139916423349
2017-05-26 21:30:00,0.4536363636363636,0.6054314632739249
2017-05-26 21:45:00,0.4536363636363636,0.6116752854972449
2017-05-26 22:00:00,0.4536363636363636,0.6162182095995716
2017-05-26 22:15:00,0.4536363636363636,0.6323530346645675
2017-05-26 22:30:00,0.4536363636363636,0.6494654185420812
2017-05-26 22:45:00,0.4536363636363636,0.6652291010761376
2017-05-26 23:00:00,0.4536363636363636,0.680026041035784
2017-05-26 23:15:00,0.4536363636363636,0.6747426947094768
2017-05-26 23:30:00,0.4536363636363636,0.6648796288817401
2017-05-26 23:45:00,0.9988888888888889,0.649362008587945
2017-05-27 00:00:00,0.9988888888888889,0.6344229277949968
2017-05-27 00:15:00,0.9988888888888889,0.643564074974626
2017-05-27 00:30:00,0.9988888888888889,0.6517216420359228
2017-05-27 00:45:00,0.9988888888888889,0.656545092707225
2017-05-27 01:00:00,0.9988888888888889,0.665634171258937
2017-05-27 01:15:00,0.9988888888888889,0.6558528475292202
2017-05-27 01:30:00,0.9988888888888889,0.645814268773127
2017-05-27 01:45:00,0.9988888888888889,0.6358723492212995
2017-05-27 02:00:00,0.9988888888888889,0.6260277059634403
2017-05-27 02:15:00,0.9988888888888889,0.6206962583728773
2017-05-27 02:30:00,0.9988888888888889,0.6129652840931918
2017-05-27 02:45:00,0.9988888888888889,0.6095180095946707
2017-05-27 03:00:00,0.9988888888888889,0.6165497701617066
2017-05-27 03:15:00,0.9988888888888889,0.6279630480644348
2017-05-27 03:30:00,0.9988888888888889,0.6500918542567776
2017-05-27 03:45:00,0.9988888888888889,0.6724786157482657
2017-05-27 04:00:00,0.9988888888888889,0.6871848593837763
2017-05-27 04:15:00,0.9988888888888889,0.6672405356326847
2017-05-27 04:30:00,0.9988888888888889,0.6413333189062649
2017-05-27 04:45:00,0.9988888888888889,0.6178690674557052
2017-05-27 05:00:00,0.9988888888888889,0.5988992990806546
2017-05-27 05:15:00,0.9988888888888889,0.5683319697190602
2017-05-27 05:30:00,0.9988888888888889,0.536889844760701
2017-05-27 05:45:00,0.9988888888888889,0.5083735985959719
2017-05-27 06:00:00,0.9988888888888889,0.4850156502874061
2017-05-27 06:15:00,0.9988888888888889,0.4665406668367004
2017-05-27 06:30:00,0.9988888888888889,0.44953722871031276
2017-05-27 06:45:00,0.9988888888888889,0.432031369035612
2017-05-27 07:00:00,0.9988888888888889,0.4173525574446375
2017-05-27 07:15:00,0.9988888888888889,0.4012004184367595
2017-05-27 07:30:00,0.9988888888888889,0.3580292126430795
2017-05-27 07:45:00,0.9988888888888889,0.3356452253725006
2017-05-27 08:00:00,0.9988888888888889,0.3387505663078344
2017-05-27 08:15:00,0.9988888888888889,0.33277374620087646
2017-05-27 08:30:00,0.9988888888888889,0.3165008609393834
2017-05-27 08:45:00,0.9988888888888889,0.27942986223845345
2017-05-27 09:00:00,0.9988888888888889,0.26023698137668877
2017-05-27 09:15:00,0.9988888888888889,0.24846449517947722
2017-05-27 09:30:00,0.9988888888888889,0.24285569713286245
2017-05-27 09:45:00,0.9988888888888889,0.2379727971748759
2017-05-27 10:00:00,0.9988888888888889,0.2447325553791758
2017-05-27 10:15:00,0.9988888888888889,0.2482510016080881
2017-05-27 10:30:00,0.9988888888888889,0.25136896539036385
2017-05-27 10:45:00,0.9988888888888889,0.2488865138769398
2017-05-27 11:00:00,0.9988888888888889,0.24601830160366456
2017-05-27 11:15:00,0.9988888888888889,0.24854772100928693
2017-05-27 11:30:00,0.9988888888888889,0.24942671414869244
2017-05-27 11:45:00,0.9988888888888889,0.25225990273943805
2017-05-27 12:00:00,0.9988888888888889,0.2594254881162952
2017-05-27 12:15:00,0.9988888888888889,0.27092099296486877
2017-05-27 12:30:00,0.9988888888888889,0.2731822061099933
2017-05-27 12:45:00,0.9988888888888889,0.2766349111272211
2017-05-27 13:00:00,0.9988888888888889,0.2848498232907186
2017-05-27 13:15:00,0.9988888888888889,0.27517174880537126
2017-05-27 13:30:00,0.9988888888888889,0.2636493759667166
2017-05-27 13:45:00,0.9988888888888889,0.26080197169364233
2017-05-27 14:00:00,0.9988888888888889,0.2674730637160275
2017-05-27 14:15:00,0.9988888888888889,0.28682334003288684
2017-05-27 14:30:00,0.9988888888888889,0.3254160551047801
2017-05-27 14:45:00,0.9988888888888889,0.35725565843998347
2017-05-27 15:00:00,0.9988888888888889,0.3887988818271918
2017-05-27 15:15:00,0.9988888888888889,0.38093037740639385
2017-05-27 15:30:00,0.9988888888888889,0.3688341032838323
2017-05-27 15:45:00,0.9988888888888889,0.3557837526206926
2017-05-27 16:00:00,0.9988888888888889,0.3491927655619487
2017-05-27 16:15:00,0.9988888888888889,0.35111054120326984
2017-05-27 16:30:00,0.9988888888888889,0.35953685939852575
2017-05-27 16:45:00,0.9988888888888889,0.3636732955219811
2017-05-27 17:00:00,0.9988888888888889,0.367354238837897
2017-05-27 17:15:00,0.9988888888888889,0.41727774267209156
2017-05-27 17:30:00,0.9988888888888889,0.45825012871710746
2017-05-27 17:45:00,0.9988888888888889,0.5069069878653985
2017-05-27 18:00:00,0.4536363636363636,0.5385575091079443
2017-05-27 18:15:00,0.4536363636363636,0.5459744011765097
2017-05-27 18:30:00,0.9988888888888889,0.5365300019080161
2017-05-27 18:45:00,0.9988888888888889,0.5366483907974864
2017-05-27 19:00:00,0.9988888888888889,0.5465370666774148
2017-05-27 19:15:00,0.9988888888888889,0.5623369790754112
2017-05-27 19:30:00,0.9988888888888889,0.5789210204228409
2017-05-27 19:45:00,0.9988888888888889,0.5774564932300017
2017-05-27 20:00:00,0.9988888888888889,0.5903779426753955
2017-05-27 20:15:00,0.9988888888888889,0.5928673436615729
2017-05-27 20:30:00,0.9988888888888889,0.5916779049072609
2017-05-27 20:45:00,0.9988888888888889,0.5989841523119734
2017-05-27 21:00:00,0.9988888888888889,0.6025044355344262
2017-05-27 21:15:00,0.4536363636363636,0.6365861129358873
2017-05-27 21:30:00,0.4536363636363636,0.6609163460917962
2017-05-27 21:45:00,0.4536363636363636,0.6668413020510812
2017-05-27 22:00:00,0.4536363636363636,0.6731011818184189
2017-05-27 22:15:00,0.4536363636363636,0.6709539273981453
2017-05-27 22:30:00,0.4536363636363636,0.6660372076353804
2017-05-27 22:45:00,0.4536363636363636,0.6561741931118622
2017-05-27 23:00:00,0.9988888888888889,0.6458027421306205
2017-05-27 23:15:00,0.9988888888888889,0.6334222015891119
2017-05-27 23:30:00,0.9988888888888889,0.6244916945459452
2017-05-27 23:45:00,0.9988888888888889,0.6121096569529537
2017-05-28 00:00:00,0.9988888888888889,0.6031529465298106
2017-05-28 00:15:00,0.9988888888888889,0.6021394272228527
2017-05-28 00:30:00,0.9988888888888889,0.6003862846617652
2017-05-28 00:45:00,0.9988888888888889,0.6013112370540181
2017-05-28 01:00:00,0.9988888888888889,0.5992566922596532
2017-05-28 01:15:00,0.9988888888888889,0.5918510732954746
2017-05-28 01:30:00,0.9988888888888889,0.5853598952211816
2017-05-28 01:45:00,0.9988888888888889,0.5779128141446312
2017-05-28 02:00:00,0.9988888888888889,0.569181491659092
2017-05-28 02:15:00,0.9988888888888889,0.560563120391339
2017-05-28 02:30:00,0.9988888888888889,0.5557435016278055
2017-05-28 02:45:00,0.9988888888888889,0.5509601454965859
2017-05-28 03:00:00,0.9988888888888889,0.5468071004268262
2017-05-28 03:15:00,0.9988888888888889,0.5434345229793728
2017-05-28 03:30:00,0.9988888888888889,0.5420167017905486
2017-05-28 03:45:00,0.9988888888888889,0.5381413311897774
2017-05-28 04:00:00,0.9988888888888889,0.5346441439223995
2017-05-28 04:15:00,0.9988888888888889,0.5201286046841691
2017-05-28 04:30:00,0.9988888888888889,0.5098553699394801
2017-05-28 04:45:00,0.9988888888888889,0.5007206921118632
2017-05-28 05:00:00,0.9988888888888889,0.49751805746552663
2017-05-28 05:15:00,0.9988888888888889,0.45637459488692533
2017-05-28 05:30:00,0.9988888888888889,0.4166345726754541
2017-05-28 05:45:00,0.9988888888888889,0.3772800422808712
2017-05-28 06:00:00,0.9988888888888889,0.3256748449035952
2017-05-28 06:15:00,0.9988888888888889,0.3095365516393044
2017-05-28 06:30:00,0.9988888888888889,0.289331548455714
2017-05-28 06:45:00,0.9988888888888889,0.2533510576382563
2017-05-28 07:00:00,0.041,0.2560569866807857
2017-05-28 07:15:00,0.041,0.2453287573876145
2017-05-28 07:30:00,0.041,0.24890626062671722
2017-05-28 07:45:00,0.041,0.24213444962489736
2017-05-28 08:00:00,0.041,0.2427043922052716
2017-05-28 08:15:00,0.041,0.25133012994324877
2017-05-28 08:30:00,0.041,0.24218890087820624
2017-05-28 08:45:00,0.041,0.240356847472306
2017-05-28 09:00:00,0.041,0.23572278028285068
2017-05-28 09:15:00,0.041,0.23768274517173185
2017-05-28 09:30:00,0.041,0.22802523037682862
2017-05-28 09:45:00,0.041,0.22806133888149782
2017-05-28 10:00:00,0.041,0.2269570708409777
2017-05-28 10:15:00,0.041,0.22563232397731947
2017-05-28 10:30:00,0.041,0.22350156234505558
2017-05-28 10:45:00,0.041,0.22249550192097103
2017-05-28 11:00:00,0.041,0.22199045701934877
2017-05-28 11:15:00,0.041,0.2233553874264843
2017-05-28 11:30:00,0.041,0.22531659496134387
2017-05-28 11:45:00,0.041,0.2261125623504746
2017-05-28 12:00:00,0.041,0.23410082025280166
2017-05-28 12:15:00,0.041,0.22725468964216716
2017-05-28 12:30:00,0.041,0.2279189601205155
2017-05-28 12:45:00,0.041,0.2290903904360263
2017-05-28 13:00:00,0.041,0.23279631406401421
2017-05-28 13:15:00,0.041,0.23358634850827206
2017-05-28 13:30:00,0.041,0.2325656799829364
2017-05-28 13:45:00,0.041,0.23776905181390703
2017-05-28 14:00:00,0.041,0.22959168568576468
2017-05-28 14:15:00,0.041,0.2325725365823844
2017-05-28 14:30:00,0.041,0.23001024858600588
2017-05-28 14:45:00,0.041,0.23067469264904886
2017-05-28 15:00:00,0.041,0.22804651309213467
2017-05-28 15:15:00,0.041,0.23398139172358323
2017-05-28 15:30:00,0.041,0.22937209551011187
2017-05-28 15:45:00,0.041,0.22891525484222333
2017-05-28 16:00:00,0.041,0.2276900138557031
2017-05-28 16:15:00,0.041,0.2223866802893666
2017-05-28 16:30:00,0.041,0.2210421425062777
2017-05-28 16:45:00,0.041,0.21956535603043031
2017-05-28 17:00:00,0.041,0.21532243238700707
2017-05-28 17:15:00,0.041,0.21481846550662803
2017-05-28 17:30:00,0.9988888888888889,0.2726962591225563
2017-05-28 17:45:00,0.9988888888888889,0.34468673031258995
2017-05-28 18:00:00,0.9988888888888889,0.4085371987206809
2017-05-28 18:15:00,0.9988888888888889,0.4374342450689859
2017-05-28 18:30:00,0.9988888888888889,0.4752772250361742
2017-05-28 18:45:00,0.9988888888888889,0.5066727600191271
2017-05-28 19:00:00,0.9988888888888889,0.5125223690350265
2017-05-28 19:15:00,0.9988888888888889,0.5265616326647272
2017-05-28 19:30:00,0.9988888888888889,0.5229137009600061
2017-05-28 19:45:00,0.9988888888888889,0.542196670325688
2017-05-28 20:00:00,0.9988888888888889,0.5343473927859653
2017-05-28 20:15:00,0.9988888888888889,0.5310833130396773
2017-05-28 20:30:00,0.9988888888888889,0.5362497821003117
2017-05-28 20:45:00,0.9988888888888889,0.5401478294945059
2017-05-28 21:00:00,0.9988888888888889,0.5397452827073032
2017-05-28 21:15:00,0.9988888888888889,0.5559320528494547
2017-05-28 21:30:00,0.9988888888888889,0.5698538854427438
2017-05-28 21:45:00,0.9988888888888889,0.5694697130036673
2017-05-28 22:00:00,0.9988888888888889,0.5550097832299402
2017-05-28 22:15:00,0.9988888888888889,0.5608575217212146
2017-05-28 22:30:00,0.9988888888888889,0.5687883988997414
2017-05-28 22:45:00,0.9988888888888889,0.5718279105964242
2017-05-28 23:00:00,0.9988888888888889,0.5762993240481601
2017-05-28 23:15:00,0.9988888888888889,0.5568001516913701
2017-05-28 23:30:00,0.9988888888888889,0.5333454112120901
2017-05-28 23:45:00,0.9988888888888889,0.5068809745955881
2017-05-29 00:00:00,0.9988888888888889,0.4955483609849831
2017-05-29 00:15:00,0.9988888888888889,0.4915517331377097
2017-05-29 00:30:00,0.9988888888888889,0.48602630104246186
2017-05-29 00:45:00,0.9988888888888889,0.4797800277532177
2017-05-29 01:00:00,0.9988888888888889,0.47595965475153057
2017-05-29 01:15:00,0.9988888888888889,0.47440173940349284
2017-05-29 01:30:00,0.9988888888888889,0.4724798611581363
2017-05-29 01:45:00,0.9988888888888889,0.47077632693178073
2017-05-29 02:00:00,0.9988888888888889,0.47192192800991634
2017-05-29 02:15:00,0.9988888888888889,0.4786129191801427
2017-05-29 02:30:00,0.9988888888888889,0.48362004591697605
2017-05-29 02:45:00,0.9988888888888889,0.4896314154861668
2017-05-29 03:00:00,0.9988888888888889,0.4971539344066449
2017-05-29 03:15:00,0.9988888888888889,0.49416505100774166
2017-05-29 03:30:00,0.9988888888888889,0.4950405119071198
2017-05-29 03:45:00,0.9988888888888889,0.4959231720700826
2017-05-29 04:00:00,0.9988888888888889,0.5019501965932663
2017-05-29 04:15:00,0.9988888888888889,0.4843313376984289
2017-05-29 04:30:00,0.9988888888888889,0.471322212450315
2017-05-29 04:45:00,0.9988888888888889,0.46040251280887473
2017-05-29 05:00:00,0.9988888888888889,0.4687977637163615
2017-05-29 05:15:00,0.9988888888888889,0.4366824110442717
2017-05-29 05:30:00,0.9988888888888889,0.4019412068223758
2017-05-29 05:45:00,0.9988888888888889,0.36519080905376494
2017-05-29 06:00:00,0.9988888888888889,0.3356108341556662
2017-05-29 06:15:00,0.9988888888888889,0.31264413127195567
2017-05-29 06:30:00,0.9988888888888889,0.28773738701435736
2017-05-29 06:45:00,0.9988888888888889,0.26039570327397005
2017-05-29 07:00:00,0.9988888888888889,0.23631481948993915
2017-05-29 07:15:00,0.9988888888888889,0.21426551498764326
2017-05-29 07:30:00,0.9988888888888889,0.1883533691566653
2017-05-29 07:45:00,0.041,0.1837941952891007
2017-05-29 08:00:00,0.041,0.18432525819831969
2017-05-29 08:15:00,0.041,0.18284141678657076
2017-05-29 08:30:00,0.041,0.1829193692631721
2017-05-29 08:45:00,0.041,0.18300849994762064
2017-05-29 09:00:00,0.041,0.1864964523800237
2017-05-29 09:15:00,0.041,0.18585110465574586
2017-05-29 09:30:00,0.041,0.18434036130070142
2017-05-29 09:45:00,0.041,0.18363144877124268
2017-05-29 10:00:00,0.041,0.1823442218417858
2017-05-29 10:15:00,0.041,0.17642566848826524
2017-05-29 10:30:00,0.041,0.17800325096121142
2017-05-29 10:45:00,0.041,0.178686452812286
2017-05-29 11:00:00,0.041,0.17903087233247783
2017-05-29 11:15:00,0.041,0.1791440788635813
2017-05-29 11:30:00,0.041,0.17746279395473566
2017-05-29 11:45:00,0.041,0.17617137481118705
2017-05-29 12:00:00,0.041,0.17546163998523495
2017-05-29 12:15:00,0.041,0.17569880402780524
2017-05-29 12:30:00,0.041,0.1778605465932479
2017-05-29 12:45:00,0.041,0.18073267913324365
2017-05-29 13:00:00,0.9988888888888889,0.1966468474045671
2017-05-29 13:15:00,0.9988888888888889,0.20891423424302266
2017-05-29 13:30:00,0.9988888888888889,0.21795214348564104
2017-05-29 13:45:00,0.9988888888888889,0.22367348738469248
2017-05-29 14:00:00,0.9988888888888889,0.23141327508005244
2017-05-29 14:15:00,0.9988888888888889,0.22343099169020833
2017-05-29 14:30:00,0.9988888888888889,0.2220166537214758
2017-05-29 14:45:00,0.9988888888888889,0.21450313346434832
2017-05-29 15:00:00,0.9988888888888889,0.20660977244366563
2017-05-29 15:15:00,0.9988888888888889,0.20854161053422995
2017-05-29 15:30:00,0.9988888888888889,0.21317528186002374
2017-05-29 15:45:00,0.9988888888888889,0.2134459324121572
2017-05-29 16:00:00,0.9988888888888889,0.21912827610154043
2017-05-29 16:15:00,0.9988888888888889,0.26493899679131167
2017-05-29 16:30:00,0.9988888888888889,0.30627745383005306
2017-05-29 16:45:00,0.9988888888888889,0.34574756308776083
2017-05-29 17:00:00,0.9988888888888889,0.38940534123149473
2017-05-29 17:15:00,0.9988888888888889,0.4053725386529633
2017-05-29 17:30:00,0.9988888888888889,0.43333342694712085
2017-05-29 17:45:00,0.9988888888888889,0.45011669083662104
2017-05-29 18:00:00,0.4536363636363636,0.46154408756320986
2017-05-29 18:15:00,0.3402127659574468,0.4627631447166424
2017-05-29 18:30:00,0.3402127659574468,0.4641477811321127
2017-05-29 18:45:00,0.343384912959381,0.47373812924536973
2017-05-29 19:00:00,0.343384912959381,0.4719693078339415
2017-05-29 19:15:00,0.4536363636363636,0.5312409794539408
2017-05-29 19:30:00,0.4536363636363636,0.521299560614619
2017-05-29 19:45:00,0.343384912959381,0.5025696116229125
2017-05-29 20:00:00,0.343384912959381,0.5010199872690513
2017-05-29 20:15:00,0.343384912959381,0.5193118543468657
2017-05-29 20:30:00,0.343384912959381,0.522487786245808
2017-05-29 20:45:00,0.343384912959381,0.525604714584213
2017-05-29 21:00:00,0.343384912959381,0.5239028408085304
2017-05-29 21:15:00,0.343384912959381,0.5282270587440729
2017-05-29 21:30:00,0.343384912959381,0.5393737786075353
2017-05-29 21:45:00,0.33704061895551257,0.5374147809328352
2017-05-29 22:00:00,0.33704061895551257,0.5448631326820328
2017-05-29 22:15:00,0.9988888888888889,0.5359141534781714
2017-05-29 22:30:00,0.9988888888888889,0.5134705387515852
2017-05-29 22:45:00,0.9988888888888889,0.48169313392765534
2017-05-29 23:00:00,0.9988888888888889,0.47104803610103096
2017-05-29 23:15:00,0.9988888888888889,0.47354668335511985
2017-05-29 23:30:00,0.9988888888888889,0.47550077213483316
2017-05-29 23:45:00,0.9988888888888889,0.4773050118929447
2017-05-30 00:00:00,0.9988888888888889,0.49914618971393043
2017-05-30 00:15:00,0.9988888888888889,0.4934012877296804
2017-05-30 00:30:00,0.9988888888888889,0.5026064213036453
2017-05-30 00:45:00,0.9988888888888889,0.5140451047579525
2017-05-30 01:00:00,0.9988888888888889,0.5153257994480616
2017-05-30 01:15:00,0.9988888888888889,0.5308949268468467
2017-05-30 01:30:00,0.9988888888888889,0.5504199145993557
2017-05-30 01:45:00,0.9988888888888889,0.5717715920432086
2017-05-30 02:00:00,0.9988888888888889,0.5882274095522407
2017-05-30 02:15:00,0.9988888888888889,0.5861517916571576
2017-05-30 02:30:00,0.9988888888888889,0.5844731988217362
2017-05-30 02:45:00,0.9988888888888889,0.582226116867197
2017-05-30 03:00:00,0.9988888888888889,0.5817337774303212
2017-05-30 03:15:00,0.9988888888888889,0.5679749362154782
2017-05-30 03:30:00,0.9988888888888889,0.5556805099422065
2017-05-30 03:45:00,0.9988888888888889,0.542738962143418
2017-05-30 04:00:00,0.9988888888888889,0.5374256444993654
2017-05-30 04:15:00,0.9988888888888889,0.5272515271315932
2017-05-30 04:30:00,0.9988888888888889,0.5216396083711955
2017-05-30 04:45:00,0.9988888888888889,0.5209295815828014
2017-05-30 05:00:00,0.9988888888888889,0.5248230572349032
2017-05-30 05:15:00,0.9988888888888889,0.5087841900966541
2017-05-30 05:30:00,0.9988888888888889,0.4957635126166452
2017-05-30 05:45:00,0.9988888888888889,0.48545118236476903
2017-05-30 06:00:00,0.9988888888888889,0.472997356358389
2017-05-30 06:15:00,0.9988888888888889,0.4407905562171615
2017-05-30 06:30:00,0.9988888888888889,0.4081658713944627
2017-05-30 06:45:00,0.9988888888888889,0.3883069752895804
2017-05-30 07:00:00,0.9988888888888889,0.36052965586693714
2017-05-30 07:15:00,0.9988888888888889,0.34536889334157633
2017-05-30 07:30:00,0.9988888888888889,0.32064120432404397
2017-05-30 07:45:00,0.9988888888888889,0.30381247821752155
2017-05-30 08:00:00,0.9988888888888889,0.28593124857293584
2017-05-30 08:15:00,0.9988888888888889,0.26177193263332
2017-05-30 08:30:00,0.9988888888888889,0.23697581804734563
2017-05-30 08:45:00,0.9988888888888889,0.20823285094066368
2017-05-30 09:00:00,0.9988888888888889,0.20354227785752046
2017-05-30 09:15:00,0.9988888888888889,0.20216939440054485
2017-05-30 09:30:00,0.9988888888888889,0.2036735184404443
2017-05-30 09:45:00,0.9988888888888889,0.2057604333147624
2017-05-30 10:00:00,0.9988888888888889,0.2061192013901396
2017-05-30 10:15:00,0.9988888888888889,0.19382320787363794
2017-05-30 10:30:00,0.9988888888888889,0.19700681308848472
2017-05-30 10:45:00,0.9988888888888889,0.19962173593849417
2017-05-30 11:00:00,0.9988888888888889,0.20075956712070966
2017-05-30 11:15:00,0.9988888888888889,0.20247929838746792
2017-05-30 11:30:00,0.9988888888888889,0.20336593393390123
2017-05-30 11:45:00,0.9988888888888889,0.19298924586287056
2017-05-30 12:00:00,0.9988888888888889,0.19230009759381242
2017-05-30 12:15:00,0.9988888888888889,0.19085622405114555
2017-05-30 12:30:00,0.9988888888888889,0.19382915274702683
2017-05-30 12:45:00,0.9988888888888889,0.19724486282909207
2017-05-30 13:00:00,0.9988888888888889,0.19840096029510662
2017-05-30 13:15:00,0.9988888888888889,0.20143603915893055
2017-05-30 13:30:00,0.9988888888888889,0.20881826676605877
2017-05-30 13:45:00,0.9988888888888889,0.21060346070542285
2017-05-30 14:00:00,0.9988888888888889,0.21975965440568937
2017-05-30 14:15:00,0.9988888888888889,0.23736039256888847
2017-05-30 14:30:00,0.9988888888888889,0.24698331118356984
2017-05-30 14:45:00,0.9988888888888889,0.2677637333454149
2017-05-30 15:00:00,0.9988888888888889,0.2853270889631569
2017-05-30 15:15:00,0.9988888888888889,0.3103459512977912
2017-05-30 15:30:00,0.9988888888888889,0.32519455560701255
2017-05-30 15:45:00,0.9988888888888889,0.34724714588371974
2017-05-30 16:00:00,0.9988888888888889,0.37002677870887396
2017-05-30 16:15:00,0.9988888888888889,0.4130719929166479
2017-05-30 16:30:00,0.9988888888888889,0.4602793187957293
2017-05-30 16:45:00,0.34655705996131525,0.47605685163822714
2017-05-30 17:00:00,0.35290135396518374,0.4947226824422201
2017-05-30 17:15:00,0.35290135396518374,0.49822689669493997
2017-05-30 17:30:00,0.3576595744680851,0.4990345099204338
2017-05-30 17:45:00,0.35924564796905223,0.5024383410175515
2017-05-30 18:00:00,0.35924564796905223,0.5035764763690221
2017-05-30 18:15:00,0.35924564796905223,0.5056478500429984
2017-05-30 18:30:00,0.35924564796905223,0.5068980307935796
2017-05-30 18:45:00,0.35924564796905223,0.5123713036620712
2017-05-30 19:00:00,0.35924564796905223,0.5194167397879611
2017-05-30 19:15:00,0.35924564796905223,0.5252628745572764
2017-05-30 19:30:00,0.35924564796905223,0.5388337306829061
2017-05-30 19:45:00,0.35924564796905223,0.5506279052312614
2017-05-30 20:00:00,0.35924564796905223,0.5541675872319408
2017-05-30 20:15:00,0.35924564796905223,0.5645241231330622
2017-05-30 20:30:00,0.35924564796905223,0.5600859769778566
2017-05-30 20:45:00,0.35924564796905223,0.5589062960217919
2017-05-30 21:00:00,0.35924564796905223,0.5637787037951717
2017-05-30 21:15:00,0.35924564796905223,0.5685139533897017
2017-05-30 21:30:00,0.35924564796905223,0.5849422829617249
2017-05-30 21:45:00,0.35924564796905223,0.5928973150303456
2017-05-30 22:00:00,0.35924564796905223,0.6021118630088445
2017-05-30 22:15:00,0.3576595744680851,0.6151786424099888
2017-05-30 22:30:00,0.356073500967118,0.6192864379096473
2017-05-30 22:45:00,0.3513152804642166,0.6274087511247178
2017-05-30 23:00:00,0.3497292069632495,0.6320953792212726
2017-05-30 23:15:00,0.34655705996131525,0.6445689232007918
2017-05-30 23:30:00,0.34655705996131525,0.6450593963711645
2017-05-30 23:45:00,0.34655705996131525,0.6375823946686868
2017-05-31 00:00:00,0.3497292069632495,0.632413846178234
2017-05-31 00:15:00,0.3497292069632495,0.6454590415953865
2017-05-31 00:30:00,0.3497292069632495,0.6494164063157482
2017-05-31 00:45:00,0.3497292069632495,0.6429028174975858
2017-05-31 01:00:00,0.3497292069632495,0.644841406222858
2017-05-31 01:15:00,0.3497292069632495,0.6498659732810831
2017-05-31 01:30:00,0.3497292069632495,0.65353430508237
2017-05-31 01:45:00,0.3497292069632495,0.6559410091424871
2017-05-31 02:00:00,0.3497292069632495,0.6591826462813999
2017-05-31 02:15:00,0.3497292069632495,0.6637846720572543
2017-05-31 02:30:00,0.3497292069632495,0.6696844979032052
2017-05-31 02:45:00,0.3497292069632495,0.6727939576484365
2017-05-31 03:00:00,0.3497292069632495,0.6707582926266816
2017-05-31 03:15:00,0.3497292069632495,0.6593927264683617
2017-05-31 03:30:00,0.3497292069632495,0.6452050008280957
2017-05-31 03:45:00,0.3497292069632495,0.6328764641526842
2017-05-31 04:00:00,0.3497292069632495,0.6216198486615447
2017-05-31 04:15:00,0.3497292069632495,0.6127589148858448
2017-05-31 04:30:00,0.3497292069632495,0.6019476275927361
2017-05-31 04:45:00,0.3497292069632495,0.5905424785853077
2017-05-31 05:00:00,0.3497292069632495,0.5749365501761425
2017-05-31 05:15:00,0.34655705996131525,0.5498709828186062
2017-05-31 05:30:00,0.343384912959381,0.5262135631055707
2017-05-31 05:45:00,0.3386266924564797,0.5049197278729635
2017-05-31 06:00:00,0.9988888888888889,0.48565033740166774
2017-05-31 06:15:00,0.9988888888888889,0.44555028383148615
2017-05-31 06:30:00,0.9988888888888889,0.40764566192658697
2017-05-31 06:45:00,0.9988888888888889,0.3692685746801829
2017-05-31 07:00:00,0.9988888888888889,0.33011653876027797
2017-05-31 07:15:00,0.9988888888888889,0.2829556518301369
2017-05-31 07:30:00,0.9988888888888889,0.2383794628430324
2017-05-31 07:45:00,0.041,0.18467555511330236
2017-05-31 08:00:00,0.041,0.18262018521046086
2017-05-31 08:15:00,0.041,0.18308049111131935
2017-05-31 08:30:00,0.041,0.1810257537254467
2017-05-31 08:45:00,0.041,0.17978238636711558
2017-05-31 09:00:00,0.041,0.17805613543041077
2017-05-31 09:15:00,0.041,0.18428157804718964
2017-05-31 09:30:00,0.041,0.18396782506865864
2017-05-31 09:45:00,0.041,0.18136752401596917
2017-05-31 10:00:00,0.041,0.17955484099873395
2017-05-31 10:15:00,0.041,0.17770885378985835
2017-05-31 10:30:00,0.041,0.17383426600011942
2017-05-31 10:45:00,0.041,0.1731495222283739
2017-05-31 11:00:00,0.041,0.1745569574759397
2017-05-31 11:15:00,0.041,0.17434166315202812
2017-05-31 11:30:00,0.041,0.17433894339259967
2017-05-31 11:45:00,0.041,0.17331826288031485
2017-05-31 12:00:00,0.041,0.1728671075876725
2017-05-31 12:15:00,0.041,0.17370793615520638
2017-05-31 12:30:00,0.041,0.17477381119628602
2017-05-31 12:45:00,0.041,0.17613392603531552
2017-05-31 13:00:00,0.041,0.17693346428420348
2017-05-31 13:15:00,0.041,0.1771104431678423
2017-05-31 13:30:00,0.041,0.1762775303045722
2017-05-31 13:45:00,0.041,0.17702863184468812
2017-05-31 14:00:00,0.041,0.175580366285024
2017-05-31 14:15:00,0.041,0.17585948148057295
2017-05-31 14:30:00,0.041,0.17767318821017322
2017-05-31 14:45:00,0.041,0.17915986165830394
2017-05-31 15:00:00,0.041,0.17802930010426243
2017-05-31 15:15:00,0.041,0.17792225944692408
2017-05-31 15:30:00,0.041,0.17853813670277943
2017-05-31 15:45:00,0.041,0.1806336754279401
2017-05-31 16:00:00,0.041,0.18069526050949558
2017-05-31 16:15:00,0.041,0.17823056975246276
2017-05-31 16:30:00,0.9988888888888889,0.1769209954103891
2017-05-31 16:45:00,0.9988888888888889,0.2048424378475109
2017-05-31 17:00:00,0.9988888888888889,0.22949021402045833
2017-05-31 17:15:00,0.9988888888888889,0.2603831021691076
2017-05-31 17:30:00,0.9988888888888889,0.2979078111074785
2017-05-31 17:45:00,0.9988888888888889,0.3459078210224245
2017-05-31 18:00:00,0.9988888888888889,0.3899049001713592
2017-05-31 18:15:00,0.9988888888888889,0.4375041177704974
2017-05-31 18:30:00,0.3386266924564797,0.46803482234730104
2017-05-31 18:45:00,0.4536363636363636,0.4882304119013357
2017-05-31 19:00:00,0.4536363636363636,0.5078407070427194
2017-05-31 19:15:00,0.3481431334622824,0.507336375393463
2017-05-31 19:30:00,0.3481431334622824,0.5174522269968438
2017-05-31 19:45:00,0.3481431334622824,0.5263250944781684
2017-05-31 20:00:00,0.3481431334622824,0.5296790251710116
2017-05-31 20:15:00,0.3481431334622824,0.5335099537956522
2017-05-31 20:30:00,0.3481431334622824,0.5503133906584002
2017-05-31 20:45:00,0.3481431334622824,0.5625714902159601
2017-05-31 21:00:00,0.3481431334622824,0.5646568208303031
2017-05-31 21:15:00,0.3481431334622824,0.5644162428576256
2017-05-31 21:30:00,0.3481431334622824,0.5671489898413641
2017-05-31 21:45:00,0.3481431334622824,0.5825596342360996
2017-05-31 22:00:00,0.4536363636363636,0.586368568738625
2017-05-31 22:15:00,0.3417988394584139,0.591021409972315
2017-05-31 22:30:00,0.3402127659574468,0.5887698170842364
2017-05-31 22:45:00,0.3386266924564797,0.5861672663394097
2017-05-31 23:00:00,0.9988888888888889,0.5830009758939613
2017-05-31 23:15:00,0.9988888888888889,0.5810961104459642
2017-05-31 23:30:00,0.9988888888888889,0.5740659014329967
2017-05-31 23:45:00,0.9988888888888889,0.5904672821112933
2017-06-01 00:00:00,0.9988888888888889,0.5902025111798115
2017-06-01 00:15:00,0.9988888888888889,0.5911170700765378
2017-06-01 00:30:00,0.9988888888888889,0.5904697386969261
2017-06-01 00:45:00,0.9988888888888889,0.5904897139839062
2017-06-01 01:00:00,0.9988888888888889,0.589642783451799
2017-06-01 01:15:00,0.9988888888888889,0.595308624425622
2017-06-01 01:30:00,0.9988888888888889,0.5877361113880192
2017-06-01 01:45:00,0.9988888888888889,0.5887845199946921
2017-06-01 02:00:00,0.9988888888888889,0.5882858879566154
2017-06-01 02:15:00,0.9988888888888889,0.5890963283090634
2017-06-01 02:30:00,0.9988888888888889,0.589552955078862
2017-06-01 02:45:00,0.9988888888888889,0.5884487405226544
2017-06-01 03:00:00,0.9988888888888889,0.5904789412721775
2017-06-01 03:15:00,0.9988888888888889,0.5825200013964764
2017-06-01 03:30:00,0.9988888888888889,0.5750079427402325
2017-06-01 03:45:00,0.9988888888888889,0.5703934176261226
2017-06-01 04:00:00,0.9988888888888889,0.5676316041513283
2017-06-01 04:15:00,0.9988888888888889,0.5512996885046153
2017-06-01 04:30:00,0.9988888888888889,0.5389294209160582
2017-06-01 04:45:00,0.9988888888888889,0.5322045103270114
2017-06-01 05:00:00,0.9988888888888889,0.5211704732548867
2017-06-01 05:15:00,0.9988888888888889,0.5028827307189031
2017-06-01 05:30:00,0.9988888888888889,0.4792619087889803
2017-06-01 05:45:00,0.9988888888888889,0.454077293973077
2017-06-01 06:00:00,0.9988888888888889,0.4280105760504542
2017-06-01 06:15:00,0.9988888888888889,0.39798887309338593
2017-06-01 06:30:00,0.9988888888888889,0.3646851395712231
2017-06-01 06:45:00,0.9988888888888889,0.33684960838481937
2017-06-01 07:00:00,0.9988888888888889,0.3061661564870564
2017-06-01 07:15:00,0.9988888888888889,0.280429611346817
2017-06-01 07:30:00,0.9988888888888889,0.25199768839703773
2017-06-01 07:45:00,0.9988888888888889,0.21100929893766546
2017-06-01 08:00:00,0.041,0.18134386963495683
2017-06-01 08:15:00,0.041,0.1827508751474334
2017-06-01 08:30:00,0.041,0.17960433997248357
2017-06-01 08:45:00,0.041,0.17845514284391456
2017-06-01 09:00:00,0.041,0.17951851137789074
2017-06-01 09:15:00,0.041,0.18042375511198985
2017-06-01 09:30:00,0.041,0.17859217920730042
2017-06-01 09:45:00,0.041,0.1779595568444706
2017-06-01 10:00:00,0.041,0.17745898344851066
2017-06-01 10:15:00,0.041,0.1768074329990887
2017-06-01 10:30:00,0.041,0.175417539917282
2017-06-01 10:45:00,0.041,0.17559304067090165
2017-06-01 11:00:00,0.041,0.17577115895980053
2017-06-01 11:15:00,0.041,0.1767499630210687
2017-06-01 11:30:00,0.041,0.182144977745022
2017-06-01 11:45:00,0.041,0.1823358852012568
2017-06-01 12:00:00,0.041,0.1827052887285441
2017-06-01 12:15:00,0.041,0.17894256154597343
2017-06-01 12:30:00,0.041,0.18772770275189227
2017-06-01 12:45:00,0.041,0.18777920143920612
2017-06-01 13:00:00,0.041,0.18068350163374441
2017-06-01 13:15:00,0.041,0.181856369513395
2017-06-01 13:30:00,0.041,0.18299730915282422
2017-06-01 13:45:00,0.041,0.18550125639440673
2017-06-01 14:00:00,0.041,0.18494624815292332
2017-06-01 14:15:00,0.041,0.18586386883301612
2017-06-01 14:30:00,0.041,0.18758726200225495
2017-06-01 14:45:00,0.041,0.1868937268681321
2017-06-01 15:00:00,0.041,0.18627481681138067
2017-06-01 15:15:00,0.041,0.18674079289125692
2017-06-01 15:30:00,0.041,0.18537121454827124
2017-06-01 15:45:00,0.041,0.18483335417411512
2017-06-01 16:00:00,0.9988888888888889,0.2167394251705312
2017-06-01 16:15:00,0.9988888888888889,0.2407353441843547
2017-06-01 16:30:00,0.9988888888888889,0.27433154325096704
2017-06-01 16:45:00,0.9988888888888889,0.2974888796321392
2017-06-01 17:00:00,0.9988888888888889,0.3228913091595701
2017-06-01 17:15:00,0.9988888888888889,0.3602206454514468
2017-06-01 17:30:00,0.9988888888888889,0.3975246607470446
2017-06-01 17:45:00,0.9988888888888889,0.4408241139428499
2017-06-01 18:00:00,0.33545454545454545,0.46768340316542056
2017-06-01 18:15:00,0.343384912959381,0.4828907200232123
2017-06-01 18:30:00,0.3513152804642166,0.4962029692841763
2017-06-01 18:45:00,0.356073500967118,0.5118614368792992
2017-06-01 19:00:00,0.3576595744680851,0.5202874454587567
2017-06-01 19:15:00,0.3576595744680851,0.5351204246625294
2017-06-01 19:30:00,0.3576595744680851,0.5406886198221397
2017-06-01 19:45:00,0.3576595744680851,0.544536624331439
2017-06-01 20:00:00,0.3576595744680851,0.5524044978265421
2017-06-01 20:15:00,0.3576595744680851,0.5576249786741078
2017-06-01 20:30:00,0.3576595744680851,0.5604323272531503
2017-06-01 20:45:00,0.3576595744680851,0.5682835146698455
2017-06-01 21:00:00,0.3576595744680851,0.5636525449649994
2017-06-01 21:15:00,0.3576595744680851,0.572923458540628
2017-06-01 21:30:00,0.3576595744680851,0.582306247479495
2017-06-01 21:45:00,0.3576595744680851,0.5954765451308539
2017-06-01 22:00:00,0.3576595744680851,0.5958350858190846
2017-06-01 22:15:00,0.3576595744680851,0.6083903689041694
2017-06-01 22:30:00,0.3576595744680851,0.6142903281621717
2017-06-01 22:45:00,0.3576595744680851,0.62172437269477
2017-06-01 23:00:00,0.3576595744680851,0.6209680890514159
2017-06-01 23:15:00,0.3576595744680851,0.6247015538285343
2017-06-01 23:30:00,0.3576595744680851,0.6302942099476136
2017-06-01 23:45:00,0.3576595744680851,0.6351299084045923
2017-06-02 00:00:00,0.35924564796905223,0.6378711007304301
2017-06-02 00:15:00,0.35924564796905223,0.6420935823865173
2017-06-02 00:30:00,0.35924564796905223,0.6460179800018101
2017-06-02 00:45:00,0.35924564796905223,0.6509976909735722
2017-06-02 01:00:00,0.35924564796905223,0.6546168161968331
2017-06-02 01:15:00,0.35924564796905223,0.6571853206256754
2017-06-02 01:30:00,0.35924564796905223,0.6564499216484215
2017-06-02 01:45:00,0.35924564796905223,0.6559558721413081
2017-06-02 02:00:00,0.35924564796905223,0.6550767390391891
2017-06-02 02:15:00,0.35924564796905223,0.6551944070761786
2017-06-02 02:30:00,0.35924564796905223,0.6552176668637922
2017-06-02 02:45:00,0.35924564796905223,0.653047343248126
2017-06-02 03:00:00,0.35924564796905223,0.6510174135207423
2017-06-02 03:15:00,0.35924564796905223,0.6468222473972505
2017-06-02 03:30:00,0.35924564796905223,0.6447528055320879
2017-06-02 03:45:00,0.35924564796905223,0.6400614013375593
2017-06-02 04:00:00,0.35924564796905223,0.6333431016999912
2017-06-02 04:15:00,0.3576595744680851,0.6210125247138281
2017-06-02 04:30:00,0.3576595744680851,0.6058629731523995
2017-06-02 04:45:00,0.3576595744680851,0.5898418589139512
2017-06-02 05:00:00,0.3576595744680851,0.5687478096280174
2017-06-02 05:15:00,0.35448742746615086,0.5476692786774151
2017-06-02 05:30:00,0.3497292069632495,0.527706879946202
2017-06-02 05:45:00,0.3449709864603482,0.508548533007005
2017-06-02 06:00:00,0.3402127659574468,0.49024091311729007
2017-06-02 06:15:00,0.9988888888888889,0.45811518581900845
2017-06-02 06:30:00,0.9988888888888889,0.4103107347803834
2017-06-02 06:45:00,0.9988888888888889,0.36097749826909387
2017-06-02 07:00:00,0.9988888888888889,0.3155221785783491
2017-06-02 07:15:00,0.9988888888888889,0.2783570717240246
2017-06-02 07:30:00,0.9988888888888889,0.23866955822109456
2017-06-02 07:45:00,0.9988888888888889,0.19674040452673583
2017-06-02 08:00:00,0.041,0.18336873323664687
2017-06-02 08:15:00,0.041,0.18334223329965707
2017-06-02 08:30:00,0.041,0.18257635347929077
2017-06-02 08:45:00,0.041,0.18301222260418154
2017-06-02 09:00:00,0.041,0.18223776259510563
2017-06-02 09:15:00,0.041,0.1850211542178768
2017-06-02 09:30:00,0.041,0.18185244708561263
2017-06-02 09:45:00,0.041,0.18104863276224978
2017-06-02 10:00:00,0.041,0.1802814411876827
2017-06-02 10:15:00,0.041,0.18158439722251507
2017-06-02 10:30:00,0.041,0.17958039483949223
2017-06-02 10:45:00,0.041,0.1799222418908185
2017-06-02 11:00:00,0.041,0.1866066900091742
2017-06-02 11:15:00,0.041,0.18175977295566784
2017-06-02 11:30:00,0.041,0.1822610703460542
2017-06-02 11:45:00,0.041,0.18770554971355013
2017-06-02 12:00:00,0.041,0.18845707454646943
2017-06-02 12:15:00,0.041,0.18286343960525242
2017-06-02 12:30:00,0.041,0.18956233862833252
2017-06-02 12:45:00,0.041,0.18603582662760723
2017-06-02 13:00:00,0.041,0.19287477736532313
2017-06-02 13:15:00,0.041,0.1860330447184632
2017-06-02 13:30:00,0.041,0.1865706923976453
2017-06-02 13:45:00,0.041,0.18697495950418608
2017-06-02 14:00:00,0.041,0.18616619546041663
2017-06-02 14:15:00,0.041,0.18775164511351383
2017-06-02 14:30:00,0.041,0.18799507794905496
2017-06-02 14:45:00,0.041,0.18958750180337014
2017-06-02 15:00:00,0.041,0.18851630708885203
2017-06-02 15:15:00,0.041,0.18904644366798518
2017-06-02 15:30:00,0.041,0.18831325456872466
2017-06-02 15:45:00,0.041,0.18834244106492012
2017-06-02 16:00:00,0.041,0.1876599184464104
2017-06-02 16:15:00,0.041,0.18603874640745235
2017-06-02 16:30:00,0.041,0.18638024773100767
2017-06-02 16:45:00,0.9988888888888889,0.2086423974018842
2017-06-02 17:00:00,0.9988888888888889,0.2506600942876464
2017-06-02 17:15:00,0.9988888888888889,0.2973858407330122
2017-06-02 17:30:00,0.9988888888888889,0.3394293837675722
2017-06-02 17:45:00,0.9988888888888889,0.392988412532497
2017-06-02 18:00:00,0.9988888888888889,0.42783386493302505
2017-06-02 18:15:00,0.9988888888888889,0.4579863049507326
2017-06-02 18:30:00,0.33704061895551257,0.4917607073922532
2017-06-02 18:45:00,0.33704061895551257,0.49780725723557917
2017-06-02 19:00:00,0.33704061895551257,0.5017875089629424
2017-06-02 19:15:00,0.33704061895551257,0.5161448360989114
2017-06-02 19:30:00,0.33704061895551257,0.5244086337412857
2017-06-02 19:45:00,0.33704061895551257,0.5316942155199619
2017-06-02 20:00:00,0.33704061895551257,0.5454535418668974
2017-06-02 20:15:00,0.33704061895551257,0.5484872035730388
2017-06-02 20:30:00,0.33704061895551257,0.5556731425775779
2017-06-02 20:45:00,0.33704061895551257,0.5606137320706115
2017-06-02 21:00:00,0.33704061895551257,0.5647218877416719
2017-06-02 21:15:00,0.33704061895551257,0.5764354318363075
2017-06-02 21:30:00,0.33704061895551257,0.5851621416446313
2017-06-02 21:45:00,0.33704061895551257,0.5913183064961378
2017-06-02 22:00:00,0.33704061895551257,0.601734490012959
2017-06-02 22:15:00,0.33704061895551257,0.610371209841024
2017-06-02 22:30:00,0.9988888888888889,0.6165016392573278
2017-06-02 22:45:00,0.9988888888888889,0.6084922078567482
2017-06-02 23:00:00,0.9988888888888889,0.5984729493335446
2017-06-02 23:15:00,0.9988888888888889,0.599817631194199
2017-06-02 23:30:00,0.9988888888888889,0.6005044185738364
2017-06-02 23:45:00,0.9988888888888889,0.6037027338664799
2017-06-03 00:00:00,0.343384912959381,0.5642468813722284
2017-06-03 00:15:00,0.343384912959381,0.566322658165428
2017-06-03 00:30:00,0.343384912959381,0.5702511500829124
2017-06-03 00:45:00,0.343384912959381,0.5750018061052234
2017-06-03 01:00:00,0.343384912959381,0.5795021341286981
2017-06-03 01:15:00,0.3417988394584139,0.579806127258142
2017-06-03 01:30:00,0.3417988394584139,0.5782243159643836
2017-06-03 01:45:00,0.3417988394584139,0.576576938232186
2017-06-03 02:00:00,0.3417988394584139,0.5767488131415709
2017-06-03 02:15:00,0.3417988394584139,0.577263855501655
2017-06-03 02:30:00,0.3417988394584139,0.5799619736660658
2017-06-03 02:45:00,0.3417988394584139,0.5800383077085706
2017-06-03 03:00:00,0.3417988394584139,0.5804065124124117
2017-06-03 03:15:00,0.3417988394584139,0.5775002104202299
2017-06-03 03:30:00,0.3417988394584139,0.5739784726244304
2017-06-03 03:45:00,0.3402127659574468,0.5710547445533375
2017-06-03 04:00:00,0.3386266924564797,0.56866345480344
2017-06-03 04:15:00,0.9606539074960128,0.5571563029402127
2017-06-03 04:30:00,0.9606539074960128,0.5278152668262601
2017-06-03 04:45:00,0.9606539074960128,0.5032077419369195
2017-06-03 05:00:00,0.9606539074960128,0.48185498519058184
2017-06-03 05:15:00,0.9606539074960128,0.44007532009386086
2017-06-03 05:30:00,0.9606539074960128,0.39641236588432327
2017-06-03 05:45:00,0.9606539074960128,0.356041273430972
2017-06-03 06:00:00,0.9606539074960128,0.315921890761637
2017-06-03 06:15:00,0.9606539074960128,0.25743888766830186
2017-06-03 06:30:00,0.9606539074960128,0.19804764121768098
2017-06-03 06:45:00,0.041,0.19028032960461255
2017-06-03 07:00:00,0.041,0.18739987501128397
2017-06-03 07:15:00,0.041,0.18528649480843884
2017-06-03 07:30:00,0.041,0.18410104193813548
2017-06-03 07:45:00,0.041,0.1811907073694234
2017-06-03 08:00:00,0.041,0.1789629760847006
2017-06-03 08:15:00,0.041,0.17824591335288026
2017-06-03 08:30:00,0.041,0.17636243119531028
2017-06-03 08:45:00,0.041,0.1753726728863634
2017-06-03 09:00:00,0.041,0.17479295942972284
2017-06-03 09:15:00,0.041,0.17579261851546477
2017-06-03 09:30:00,0.041,0.17562532428676755
2017-06-03 09:45:00,0.041,0.17483894140834216
2017-06-03 10:00:00,0.041,0.17356088598768038
2017-06-03 10:15:00,0.041,0.17928709920016386
2017-06-03 10:30:00,0.041,0.17833661747130822
2017-06-03 10:45:00,0.041,0.17200325920240275
2017-06-03 11:00:00,0.041,0.1720545374521139
2017-06-03 11:15:00,0.041,0.17255318153500732
2017-06-03 11:30:00,0.041,0.1796101546195325
2017-06-03 11:45:00,0.041,0.18037500715757124
2017-06-03 12:00:00,0.041,0.18129883686237375
2017-06-03 12:15:00,0.041,0.17613199637320506
2017-06-03 12:30:00,0.041,0.1754393174040816
2017-06-03 12:45:00,0.041,0.1776305714411674
2017-06-03 13:00:00,0.041,0.17909701410533044
2017-06-03 13:15:00,0.041,0.1778827819313783
2017-06-03 13:30:00,0.041,0.17766991370699078
2017-06-03 13:45:00,0.041,0.17865493681613814
2017-06-03 14:00:00,0.041,0.17976058016577964
2017-06-03 14:15:00,0.041,0.18029146445903504
2017-06-03 14:30:00,0.041,0.17949845688901947
2017-06-03 14:45:00,0.041,0.1804610190077758
2017-06-03 15:00:00,0.041,0.1813407586374421
2017-06-03 15:15:00,0.041,0.18285090095785364
2017-06-03 15:30:00,0.041,0.1840624243349352
2017-06-03 15:45:00,0.9606539074960128,0.22054536390274185
2017-06-03 16:00:00,0.9606539074960128,0.28620941006110967
2017-06-03 16:15:00,0.9606539074960128,0.30726572021192844
2017-06-03 16:30:00,0.9606539074960128,0.3221309898151094
2017-06-03 16:45:00,0.9606539074960128,0.3270717331907793
2017-06-03 17:00:00,0.9606539074960128,0.34622656564321175
2017-06-03 17:15:00,0.9606539074960128,0.37262025737889687
2017-06-03 17:30:00,0.9606539074960128,0.3759713220822813
2017-06-03 17:45:00,0.9606539074960128,0.38859554108696065
2017-06-03 18:00:00,0.9606539074960128,0.4040634498745188
2017-06-03 18:15:00,0.9606539074960128,0.4272449519922015
2017-06-03 18:30:00,0.9606539074960128,0.44646184981520126
2017-06-03 18:45:00,0.9606539074960128,0.45590004345612195
2017-06-03 19:00:00,0.9606539074960128,0.4632878611517764
2017-06-03 19:15:00,0.9606539074960128,0.46608290948048575
2017-06-03 19:30:00,0.9606539074960128,0.4743721649030555
2017-06-03 19:45:00,0.9606539074960128,0.48433017752446894
2017-06-03 20:00:00,0.9606539074960128,0.4827036211092094
2017-06-03 20:15:00,0.9606539074960128,0.49080528171734367
2017-06-03 20:30:00,0.9606539074960128,0.49552119498060326
2017-06-03 20:45:00,0.9606539074960128,0.5025499465592229
2017-06-03 21:00:00,0.9606539074960128,0.5105992727080992
2017-06-03 21:15:00,0.9606539074960128,0.5033089336364734
2017-06-03 21:30:00,0.9606539074960128,0.5189057292799543
2017-06-03 21:45:00,0.9606539074960128,0.5381279356469213
2017-06-03 22:00:00,0.9606539074960128,0.5491101205314575
2017-06-03 22:15:00,0.9606539074960128,0.5571080382212235
2017-06-03 22:30:00,0.9606539074960128,0.5538978243149945
2017-06-03 22:45:00,0.9606539074960128,0.5462710527100437
2017-06-03 23:00:00,0.9606539074960128,0.5414954684594682
2017-06-03 23:15:00,0.9606539074960128,0.5534125298221719
2017-06-03 23:30:00,0.9606539074960128,0.5686194438107579
2017-06-03 23:45:00,0.9606539074960128,0.5865803144917316
2017-06-04 00:00:00,0.3417988394584139,0.5695322551177138
2017-06-04 00:15:00,0.3386266924564797,0.5629739534301162
2017-06-04 00:30:00,0.9415364167995748,0.5496069822447085
2017-06-04 00:45:00,0.9415364167995748,0.5281309456581685
2017-06-04 01:00:00,0.9415364167995748,0.4992301098476815
2017-06-04 01:15:00,0.9415364167995748,0.5192379789109945
2017-06-04 01:30:00,0.9415364167995748,0.5373785845449305
2017-06-04 01:45:00,0.9415364167995748,0.5516087667673049
2017-06-04 02:00:00,0.9415364167995748,0.5699789080114607
2017-06-04 02:15:00,0.9415364167995748,0.5731663654972958
2017-06-04 02:30:00,0.9415364167995748,0.5733755585471196
2017-06-04 02:45:00,0.9415364167995748,0.5718124245358774
2017-06-04 03:00:00,0.9415364167995748,0.5734932899803838
2017-06-04 03:15:00,0.9415364167995748,0.5393054996208843
2017-06-04 03:30:00,0.9415364167995748,0.5081517091928969
2017-06-04 03:45:00,0.9415364167995748,0.48133467598809976
2017-06-04 04:00:00,0.9415364167995748,0.44943364441535266
2017-06-04 04:15:00,0.9415364167995748,0.4606010848643019
2017-06-04 04:30:00,0.9415364167995748,0.47607557009459295
2017-06-04 04:45:00,0.9415364167995748,0.49120851060813786
2017-06-04 05:00:00,0.9415364167995748,0.5043356569418609
2017-06-04 05:15:00,0.9415364167995748,0.4481206631793893
2017-06-04 05:30:00,0.9415364167995748,0.3982050417620701
2017-06-04 05:45:00,0.9415364167995748,0.34994071229901574
2017-06-04 06:00:00,0.9415364167995748,0.30865273560694684
2017-06-04 06:15:00,0.9415364167995748,0.28987323577398955
2017-06-04 06:30:00,0.9415364167995748,0.2668033111820768
2017-06-04 06:45:00,0.9415364167995748,0.24902282650150698
2017-06-04 07:00:00,0.9415364167995748,0.23248024677102605
2017-06-04 07:15:00,0.041,0.1948225279461125
2017-06-04 07:30:00,0.041,0.19278773334724042
2017-06-04 07:45:00,0.041,0.19174847785552068
2017-06-04 08:00:00,0.041,0.18963531505273976
2017-06-04 08:15:00,0.041,0.18846412748183128
2017-06-04 08:30:00,0.041,0.1866023514414963
2017-06-04 08:45:00,0.041,0.18509654743855505
2017-06-04 09:00:00,0.041,0.1825553527589162
2017-06-04 09:15:00,0.041,0.18195400382842442
2017-06-04 09:30:00,0.041,0.18009234080393405
2017-06-04 09:45:00,0.041,0.1788279366515128
2017-06-04 10:00:00,0.041,0.17829319630854507
2017-06-04 10:15:00,0.041,0.18328282327160553
2017-06-04 10:30:00,0.041,0.1732078815097705
2017-06-04 10:45:00,0.041,0.17527934242927273
2017-06-04 11:00:00,0.041,0.17423568832966838
2017-06-04 11:15:00,0.041,0.18386900478245513
2017-06-04 11:30:00,0.041,0.17742918430222168
2017-06-04 11:45:00,0.041,0.1789111808810773
2017-06-04 12:00:00,0.041,0.17975817028026603
2017-06-04 12:15:00,0.041,0.17847848821908263
2017-06-04 12:30:00,0.041,0.18621196354520744
2017-06-04 12:45:00,0.041,0.17570436768714034
2017-06-04 13:00:00,0.041,0.17705940174546667
2017-06-04 13:15:00,0.041,0.17759672257057987
2017-06-04 13:30:00,0.041,0.17953284645182468
2017-06-04 13:45:00,0.041,0.1881775454270318
2017-06-04 14:00:00,0.041,0.18094879961507981
2017-06-04 14:15:00,0.041,0.1891416435389755
2017-06-04 14:30:00,0.041,0.1819216888433972
2017-06-04 14:45:00,0.041,0.18041275567639273
2017-06-04 15:00:00,0.041,0.18019912925713075
2017-06-04 15:15:00,0.041,0.18046526936778196
2017-06-04 15:30:00,0.041,0.1807806179633772
2017-06-04 15:45:00,0.041,0.17848953690613564
2017-06-04 16:00:00,0.041,0.1767003114737515
2017-06-04 16:15:00,0.041,0.1777173658843805
2017-06-04 16:30:00,0.041,0.17527712325058184
2017-06-04 16:45:00,0.041,0.17508638071565288
2017-06-04 17:00:00,0.041,0.17391092505101313
2017-06-04 17:15:00,0.9415364167995748,0.19221916765013006
2017-06-04 17:30:00,0.9415364167995748,0.2544246731033628
2017-06-04 17:45:00,0.9415364167995748,0.3083964964191946
2017-06-04 18:00:00,0.9415364167995748,0.36706568628246977
2017-06-04 18:15:00,0.9415364167995748,0.3980886641082571
2017-06-04 18:30:00,0.33704061895551257,0.4336223051004172
2017-06-04 18:45:00,0.343384912959381,0.44860907569397934
2017-06-04 19:00:00,0.343384912959381,0.4471587103386762
2017-06-04 19:15:00,0.343384912959381,0.455237451694416
2017-06-04 19:30:00,0.343384912959381,0.46330565652910133
2017-06-04 19:45:00,0.343384912959381,0.475730918125426
2017-06-04 20:00:00,0.343384912959381,0.47557519805162757
2017-06-04 20:15:00,0.343384912959381,0.4846325155705452
2017-06-04 20:30:00,0.343384912959381,0.48373384176559286
2017-06-04 20:45:00,0.343384912959381,0.49241022279007524
2017-06-04 21:00:00,0.343384912959381,0.49477416434466437
2017-06-04 21:15:00,0.343384912959381,0.500647983238216
2017-06-04 21:30:00,0.343384912959381,0.504405190315919
2017-06-04 21:45:00,0.343384912959381,0.5084681030204368
2017-06-04 22:00:00,0.3402127659574468,0.5099471068229817
2017-06-04 22:15:00,0.33704061895551257,0.5076340687389547
2017-06-04 22:30:00,0.9415364167995748,0.500347250071908
2017-06-04 22:45:00,0.9415364167995748,0.48887628574542225
2017-06-04 23:00:00,0.9415364167995748,0.48062606850449063
2017-06-04 23:15:00,0.9415364167995748,0.4732108024279343
2017-06-04 23:30:00,0.9415364167995748,0.4626449704069677
2017-06-04 23:45:00,0.9415364167995748,0.45174420996974424
2017-06-05 00:00:00,0.9606539074960128,0.4487864555456728
2017-06-05 00:15:00,0.9606539074960128,0.4329023958801127
2017-06-05 00:30:00,0.9606539074960128,0.4166478550276032
2017-06-05 00:45:00,0.9606539074960128,0.4008815987615729
2017-06-05 01:00:00,0.9606539074960128,0.3904102586926865
2017-06-05 01:15:00,0.9606539074960128,0.3806122331277602
2017-06-05 01:30:00,0.9606539074960128,0.37315355832565794
2017-06-05 01:45:00,0.9606539074960128,0.36539833254470727
2017-06-05 02:00:00,0.9606539074960128,0.3574547522503963
2017-06-05 02:15:00,0.9606539074960128,0.3530346779957133
2017-06-05 02:30:00,0.9606539074960128,0.35443769896326366
2017-06-05 02:45:00,0.9606539074960128,0.34827884009869486
2017-06-05 03:00:00,0.9606539074960128,0.34980969523774985
2017-06-05 03:15:00,0.9606539074960128,0.36266655447374485
2017-06-05 03:30:00,0.9606539074960128,0.37768924464634057
2017-06-05 03:45:00,0.9606539074960128,0.3900519165797303
2017-06-05 04:00:00,0.9606539074960128,0.406414221726778
2017-06-05 04:15:00,0.9606539074960128,0.3877936658965225
2017-06-05 04:30:00,0.9606539074960128,0.3690013362693197
2017-06-05 04:45:00,0.9606539074960128,0.3533092588793306
2017-06-05 05:00:00,0.9606539074960128,0.3499102191819063
2017-06-05 05:15:00,0.9606539074960128,0.3213786813002494
2017-06-05 05:30:00,0.9606539074960128,0.292941940651218
2017-06-05 05:45:00,0.9606539074960128,0.26340087288067254
2017-06-05 06:00:00,0.041,0.2394972951847726
2017-06-05 06:15:00,0.041,0.23311337666413615
2017-06-05 06:30:00,0.041,0.23271526969204515
2017-06-05 06:45:00,0.041,0.22942971748508478
2017-06-05 07:00:00,0.041,0.22421600775114206
2017-06-05 07:15:00,0.041,0.21923489931614942
2017-06-05 07:30:00,0.041,0.21592570581301515
2017-06-05 07:45:00,0.041,0.21230175890508557
2017-06-05 08:00:00,0.041,0.2090253536517134
2017-06-05 08:15:00,0.041,0.20675979713246884
2017-06-05 08:30:00,0.041,0.2038723323030158
2017-06-05 08:45:00,0.041,0.20071587160309798
2017-06-05 09:00:00,0.041,0.19792656146597873
2017-06-05 09:15:00,0.041,0.19716502738988467
2017-06-05 09:30:00,0.041,0.196047741132057
2017-06-05 09:45:00,0.041,0.19411282226847534
2017-06-05 10:00:00,0.041,0.19173692246487886
2017-06-05 10:15:00,0.041,0.19093402210152877
2017-06-05 10:30:00,0.041,0.1897143178168277
2017-06-05 10:45:00,0.041,0.18939936394305937
2017-06-05 11:00:00,0.041,0.18897743768382205
2017-06-05 11:15:00,0.041,0.1881884521204602
2017-06-05 11:30:00,0.041,0.1882125312747941
2017-06-05 11:45:00,0.041,0.1869329642126318
2017-06-05 12:00:00,0.041,0.19497396615175244
2017-06-05 12:15:00,0.041,0.18900040145731428
2017-06-05 12:30:00,0.041,0.19871203348250477
2017-06-05 12:45:00,0.041,0.20015436111524892
2017-06-05 13:00:00,0.041,0.1997763780691949
2017-06-05 13:15:00,0.041,0.20124477004525562
2017-06-05 13:30:00,0.041,0.19289435556095202
2017-06-05 13:45:00,0.041,0.19444074280330972
2017-06-05 14:00:00,0.041,0.19236450337694636
2017-06-05 14:15:00,0.041,0.1920865313545682
2017-06-05 14:30:00,0.041,0.19275398447747172
2017-06-05 14:45:00,0.041,0.19525946110011144
2017-06-05 15:00:00,0.041,0.19250236884898653
2017-06-05 15:15:00,0.041,0.19358116074457396
2017-06-05 15:30:00,0.041,0.19261664904841985
2017-06-05 15:45:00,0.041,0.19272364699878963
2017-06-05 16:00:00,0.041,0.18793940236826084
2017-06-05 16:15:00,0.9606539074960128,0.1918383901064507
2017-06-05 16:30:00,0.9606539074960128,0.21958982103151053
2017-06-05 16:45:00,0.9606539074960128,0.2468730932456291
2017-06-05 17:00:00,0.9606539074960128,0.26467927464956
2017-06-05 17:15:00,0.9606539074960128,0.3017040667253885
2017-06-05 17:30:00,0.9606539074960128,0.321678832507369
2017-06-05 17:45:00,0.9606539074960128,0.32926727108765746
2017-06-05 18:00:00,0.9606539074960128,0.35207902262767293
2017-06-05 18:15:00,0.9606539074960128,0.3860578969886956
2017-06-05 18:30:00,0.9606539074960128,0.406233501931751
2017-06-05 18:45:00,0.9606539074960128,0.42758413748902835
2017-06-05 19:00:00,0.9606539074960128,0.43452338701622073
2017-06-05 19:15:00,0.9606539074960128,0.4250374055996154
2017-06-05 19:30:00,0.9606539074960128,0.43595282789067463
2017-06-05 19:45:00,0.9606539074960128,0.44863814181087996
2017-06-05 20:00:00,0.9606539074960128,0.4450399324858542
2017-06-05 20:15:00,0.9606539074960128,0.4445627904822979
2017-06-05 20:30:00,0.9606539074960128,0.4481355172905502
2017-06-05 20:45:00,0.9606539074960128,0.45463461420000456
2017-06-05 21:00:00,0.9606539074960128,0.4604578672540024
2017-06-05 21:15:00,0.9606539074960128,0.4554849372031299
2017-06-05 21:30:00,0.9606539074960128,0.4747647468505109
2017-06-05 21:45:00,0.9606539074960128,0.4675470320689807
2017-06-05 22:00:00,0.9606539074960128,0.4787624395466764
2017-06-05 22:15:00,0.9606539074960128,0.47538589872667725
2017-06-05 22:30:00,0.9606539074960128,0.46277213549964846
2017-06-05 22:45:00,0.9606539074960128,0.4563263264924938
2017-06-05 23:00:00,0.9606539074960128,0.45705943185851267
2017-06-05 23:15:00,0.9606539074960128,0.46608969607838396
2017-06-05 23:30:00,0.9606539074960128,0.4738688080087136
2017-06-05 23:45:00,0.9606539074960128,0.48539961070958154
2017-06-06 00:00:00,0.9988888888888889,0.4933240488242923
2017-06-06 00:15:00,0.9988888888888889,0.49018111518518503
2017-06-06 00:30:00,0.9988888888888889,0.4864073801720113
2017-06-06 00:45:00,0.9988888888888889,0.4796259686736657
2017-06-06 01:00:00,0.9988888888888889,0.47287517129354034
2017-06-06 01:15:00,0.9988888888888889,0.4610505159664514
2017-06-06 01:30:00,0.9988888888888889,0.44876658367194683
2017-06-06 01:45:00,0.9988888888888889,0.4364160474923187
2017-06-06 02:00:00,0.9988888888888889,0.42657459701828737
2017-06-06 02:15:00,0.9988888888888889,0.4241484090417678
2017-06-06 02:30:00,0.9988888888888889,0.4232092209400339
2017-06-06 02:45:00,0.9988888888888889,0.41953607436659596
2017-06-06 03:00:00,0.9988888888888889,0.4218286419311652
2017-06-06 03:15:00,0.9988888888888889,0.4304982317877845
2017-06-06 03:30:00,0.9988888888888889,0.4392692000909375
2017-06-06 03:45:00,0.9988888888888889,0.44679049706096574
2017-06-06 04:00:00,0.9988888888888889,0.46486075082492123
2017-06-06 04:15:00,0.9988888888888889,0.4702762954343815
2017-06-06 04:30:00,0.9988888888888889,0.4800278179328744
2017-06-06 04:45:00,0.9988888888888889,0.48415595570377706
2017-06-06 05:00:00,0.9988888888888889,0.5068840006143299
2017-06-06 05:15:00,0.9988888888888889,0.4859345330801416
2017-06-06 05:30:00,0.9988888888888889,0.46285233575424956
2017-06-06 05:45:00,0.9988888888888889,0.437748561009099
2017-06-06 06:00:00,0.9988888888888889,0.4165823569462129
2017-06-06 06:15:00,0.9988888888888889,0.38159329932615144
2017-06-06 06:30:00,0.9988888888888889,0.35291644472749073
2017-06-06 06:45:00,0.9988888888888889,0.320011706759983
2017-06-06 07:00:00,0.9988888888888889,0.2828973425347929
2017-06-06 07:15:00,0.9988888888888889,0.2678894656286411
2017-06-06 07:30:00,0.9988888888888889,0.24900990988461982
2017-06-06 07:45:00,0.9988888888888889,0.23467521429588614
2017-06-06 08:00:00,0.9988888888888889,0.21316089337807226
2017-06-06 08:15:00,0.041,0.18506158429461672
2017-06-06 08:30:00,0.041,0.18437005909354454
2017-06-06 08:45:00,0.041,0.1826505765815893
2017-06-06 09:00:00,0.041,0.18243793016483204
2017-06-06 09:15:00,0.041,0.1818070411489963
2017-06-06 09:30:00,0.041,0.18146758064853205
2017-06-06 09:45:00,0.041,0.18050005749042147
2017-06-06 10:00:00,0.041,0.17828618845711405
2017-06-06 10:15:00,0.041,0.1768431941632783
2017-06-06 10:30:00,0.041,0.1757607253922896
2017-06-06 10:45:00,0.041,0.17724805859132872
2017-06-06 11:00:00,0.041,0.17866250724798902
2017-06-06 11:15:00,0.041,0.17843337847951313
2017-06-06 11:30:00,0.041,0.17842196717392614
2017-06-06 11:45:00,0.041,0.1778122901180197
2017-06-06 12:00:00,0.041,0.18249332838030397
2017-06-06 12:15:00,0.041,0.18198807149632928
2017-06-06 12:30:00,0.041,0.18069147928251564
2017-06-06 12:45:00,0.041,0.18081742295736256
2017-06-06 13:00:00,0.041,0.1809638530038029
2017-06-06 13:15:00,0.041,0.17403578596974018
2017-06-06 13:30:00,0.041,0.17367279537583344
2017-06-06 13:45:00,0.041,0.1749288875335317
2017-06-06 14:00:00,0.041,0.175456198543483
2017-06-06 14:15:00,0.041,0.17706285617657103
2017-06-06 14:30:00,0.041,0.17858905210619222
2017-06-06 14:45:00,0.9988888888888889,0.20181009357399968
2017-06-06 15:00:00,0.9988888888888889,0.23897346115419588
2017-06-06 15:15:00,0.9988888888888889,0.2294015862482193
2017-06-06 15:30:00,0.9988888888888889,0.23276510792985536
2017-06-06 15:45:00,0.9988888888888889,0.2282043761235308
2017-06-06 16:00:00,0.9988888888888889,0.22937404303323
2017-06-06 16:15:00,0.9988888888888889,0.2485257286252644
2017-06-06 16:30:00,0.9988888888888889,0.28084819226119606
2017-06-06 16:45:00,0.9988888888888889,0.3104651275921759
2017-06-06 17:00:00,0.9988888888888889,0.32621963235872287
2017-06-06 17:15:00,0.9988888888888889,0.3596656963586846
2017-06-06 17:30:00,0.9988888888888889,0.386177501225463
2017-06-06 17:45:00,0.9988888888888889,0.418552062658709
2017-06-06 18:00:00,0.9988888888888889,0.4457433415798063
2017-06-06 18:15:00,0.33704061895551257,0.46611605277210255
2017-06-06 18:30:00,0.33704061895551257,0.4717403331219397
2017-06-06 18:45:00,0.4536363636363636,0.47345607639445875
2017-06-06 19:00:00,0.33704061895551257,0.46828829765312313
2017-06-06 19:15:00,0.33704061895551257,0.47456230263958615
2017-06-06 19:30:00,0.33704061895551257,0.4836412615062802
2017-06-06 19:45:00,0.33704061895551257,0.49329409761544635
2017-06-06 20:00:00,0.33704061895551257,0.5057940248069731
2017-06-06 20:15:00,0.33704061895551257,0.5125710554577048
2017-06-06 20:30:00,0.33704061895551257,0.5161506733032686
2017-06-06 20:45:00,0.33704061895551257,0.5241658365448207
2017-06-06 21:00:00,0.33704061895551257,0.5321801259046828
2017-06-06 21:15:00,0.9988888888888889,0.532200203943132
2017-06-06 21:30:00,0.9988888888888889,0.513990846901674
2017-06-06 21:45:00,0.9988888888888889,0.5011834903404639
2017-06-06 22:00:00,0.9988888888888889,0.4831253984457251
2017-06-06 22:15:00,0.9988888888888889,0.4700186948408286
2017-06-06 22:30:00,0.9988888888888889,0.457789190252558
2017-06-06 22:45:00,0.9988888888888889,0.4477498682722108
2017-06-06 23:00:00,0.9988888888888889,0.44324541232417947
2017-06-06 23:15:00,0.9988888888888889,0.43346255771080144
2017-06-06 23:30:00,0.9988888888888889,0.4280469302203765
2017-06-06 23:45:00,0.9988888888888889,0.4222957767106592
2017-06-07 00:00:00,0.9988888888888889,0.41974881721468055
2017-06-07 00:15:00,0.9988888888888889,0.433295186254854
2017-06-07 00:30:00,0.9988888888888889,0.4437139163711226
2017-06-07 00:45:00,0.9988888888888889,0.4619065093926631
2017-06-07 01:00:00,0.9988888888888889,0.474881350780448
2017-06-07 01:15:00,0.9988888888888889,0.46526733855478114
2017-06-07 01:30:00,0.9988888888888889,0.4546265172699536
2017-06-07 01:45:00,0.9988888888888889,0.4498918037320113
2017-06-07 02:00:00,0.9988888888888889,0.4398120117096263
2017-06-07 02:15:00,0.9988888888888889,0.4419316374648327
2017-06-07 02:30:00,0.9988888888888889,0.4439909605769386
2017-06-07 02:45:00,0.9988888888888889,0.4488359970870789
2017-06-07 03:00:00,0.9988888888888889,0.45675965523323764
2017-06-07 03:15:00,0.9988888888888889,0.47027150983325366
2017-06-07 03:30:00,0.9988888888888889,0.47988323798962407
2017-06-07 03:45:00,0.9988888888888889,0.4926015764741614
2017-06-07 04:00:00,0.9988888888888889,0.5070936246653974
2017-06-07 04:15:00,0.9988888888888889,0.48896995939064636
2017-06-07 04:30:00,0.9988888888888889,0.4722743675126868
2017-06-07 04:45:00,0.9988888888888889,0.461714645890519
2017-06-07 05:00:00,0.9988888888888889,0.4613904266535253
2017-06-07 05:15:00,0.9988888888888889,0.4480445906192132
2017-06-07 05:30:00,0.9988888888888889,0.42924668105287855
2017-06-07 05:45:00,0.9988888888888889,0.4097672944463806
2017-06-07 06:00:00,0.9988888888888889,0.39026676132906873
2017-06-07 06:15:00,0.9988888888888889,0.366115858421824
2017-06-07 06:30:00,0.9988888888888889,0.3454036317700327
2017-06-07 06:45:00,0.9988888888888889,0.3205523486867595
2017-06-07 07:00:00,0.9988888888888889,0.29712085904999774
2017-06-07 07:15:00,0.9988888888888889,0.2709129858860151
2017-06-07 07:30:00,0.9988888888888889,0.24440321662563289
2017-06-07 07:45:00,0.9988888888888889,0.19599749677523506
2017-06-07 08:00:00,0.041,0.18003021943834363
2017-06-07 08:15:00,0.041,0.17706898467515977
2017-06-07 08:30:00,0.041,0.1763891075377614
2017-06-07 08:45:00,0.9988888888888889,0.17646100510585622
2017-06-07 09:00:00,0.041,0.17352891989380725
2017-06-07 09:15:00,0.041,0.17299940478998058
2017-06-07 09:30:00,0.041,0.17339923020892337
2017-06-07 09:45:00,0.041,0.17423293523046163
2017-06-07 10:00:00,0.041,0.17470965596839655
2017-06-07 10:15:00,0.041,0.172955282967383
2017-06-07 10:30:00,0.041,0.17151065381989172
2017-06-07 10:45:00,0.041,0.17220168566340965
2017-06-07 11:00:00,0.041,0.17273684128236313
2017-06-07 11:15:00,0.041,0.17208016049328528
2017-06-07 11:30:00,0.9988888888888889,0.17633413826374914
2017-06-07 11:45:00,0.041,0.17117085920331546
2017-06-07 12:00:00,0.9988888888888889,0.17517385382551162
2017-06-07 12:15:00,0.9988888888888889,0.17539959455522613
2017-06-07 12:30:00,0.9988888888888889,0.17611791410747094
2017-06-07 12:45:00,0.041,0.17309370128512488
2017-06-07 13:00:00,0.041,0.17346964945559817
2017-06-07 13:15:00,0.041,0.17279473054521843
2017-06-07 13:30:00,0.9988888888888889,0.17553231174886694
2017-06-07 13:45:00,0.9988888888888889,0.1762284883093989
2017-06-07 14:00:00,0.041,0.17290826194712297
2017-06-07 14:15:00,0.041,0.17374209396332566
2017-06-07 14:30:00,0.041,0.1747672724245681
2017-06-07 14:45:00,0.041,0.17717789184703744
2017-06-07 15:00:00,0.9988888888888889,0.1830263103128505
2017-06-07 15:15:00,0.9988888888888889,0.19906622401417576
2017-06-07 15:30:00,0.9988888888888889,0.20584499173767626
2017-06-07 15:45:00,0.9988888888888889,0.22050383744892987
2017-06-07 16:00:00,0.9988888888888889,0.2357511158185376
2017-06-07 16:15:00,0.9988888888888889,0.27014660116601275
2017-06-07 16:30:00,0.9988888888888889,0.30740063600170886
2017-06-07 16:45:00,0.9988888888888889,0.34954677823526015
2017-06-07 17:00:00,0.9988888888888889,0.38596153306313974
2017-06-07 17:15:00,0.9988888888888889,0.4189658697543047
2017-06-07 17:30:00,0.33704061895551257,0.4456003887169754
2017-06-07 17:45:00,0.34655705996131525,0.45764586254901063
2017-06-07 18:00:00,0.356073500967118,0.4696942561780059
2017-06-07 18:15:00,0.3624177949709865,0.4839008628953677
2017-06-07 18:30:00,0.3624177949709865,0.4931396999378289
2017-06-07 18:45:00,0.3624177949709865,0.4916733766575978
2017-06-07 19:00:00,0.3624177949709865,0.49930636332095857
2017-06-07 19:15:00,0.3624177949709865,0.5105090645422431
2017-06-07 19:30:00,0.3624177949709865,0.522850505285817
2017-06-07 19:45:00,0.3624177949709865,0.5330662773894264
2017-06-07 20:00:00,0.3624177949709865,0.5439600059314593
2017-06-07 20:15:00,0.3624177949709865,0.5468936644462438
2017-06-07 20:30:00,0.3624177949709865,0.5593074027323744
2017-06-07 20:45:00,0.3624177949709865,0.5637199205945445
2017-06-07 21:00:00,0.3624177949709865,0.5683897613661109
2017-06-07 21:15:00,0.3624177949709865,0.5775894172694824
2017-06-07 21:30:00,0.3624177949709865,0.5826794847392797
2017-06-07 21:45:00,0.3576595744680851,0.5953004185173174
2017-06-07 22:00:00,0.356073500967118,0.6072863293700872
2017-06-07 22:15:00,0.356073500967118,0.604198228569031
2017-06-07 22:30:00,0.35290135396518374,0.6088921471035275
2017-06-07 22:45:00,0.3513152804642166,0.6108264916177506
2017-06-07 23:00:00,0.3497292069632495,0.6146535862070992
2017-06-07 23:15:00,0.3497292069632495,0.6225189417654146
2017-06-07 23:30:00,0.3497292069632495,0.6261050948469692
2017-06-07 23:45:00,0.3497292069632495,0.6420534372097562
2017-06-08 00:00:00,0.3497292069632495,0.6351531833249429
2017-06-08 00:15:00,0.3497292069632495,0.6348705399593798
2017-06-08 00:30:00,0.3497292069632495,0.6380848117510749
2017-06-08 00:45:00,0.3497292069632495,0.644880157345439
2017-06-08 01:00:00,0.3497292069632495,0.6473971947623768
2017-06-08 01:15:00,0.3497292069632495,0.6530593283772449
2017-06-08 01:30:00,0.3497292069632495,0.6527071734451981
2017-06-08 01:45:00,0.3497292069632495,0.6535088439681822
2017-06-08 02:00:00,0.3497292069632495,0.6527627073527413
2017-06-08 02:15:00,0.3497292069632495,0.6554249237552183
2017-06-08 02:30:00,0.3497292069632495,0.6563105852600476
2017-06-08 02:45:00,0.3497292069632495,0.6531037928324556
2017-06-08 03:00:00,0.3497292069632495,0.6543028083923565
2017-06-08 03:15:00,0.3497292069632495,0.6516100584731308
2017-06-08 03:30:00,0.3497292069632495,0.6474911105841857
2017-06-08 03:45:00,0.3497292069632495,0.6489695533138145
2017-06-08 04:00:00,0.3497292069632495,0.6455683738787186
2017-06-08 04:15:00,0.3497292069632495,0.6380639416729494
2017-06-08 04:30:00,0.3497292069632495,0.6285935960865471
2017-06-08 04:45:00,0.3497292069632495,0.6167994378742324
2017-06-08 05:00:00,0.3497292069632495,0.5912359347014525
2017-06-08 05:15:00,0.3497292069632495,0.5698225105251586
2017-06-08 05:30:00,0.3497292069632495,0.5546353973226241
2017-06-08 05:45:00,0.3497292069632495,0.5441588471679936
2017-06-08 06:00:00,0.3497292069632495,0.5293166997543595
2017-06-08 06:15:00,0.34655705996131525,0.515738449671452
2017-06-08 06:30:00,0.3417988394584139,0.501579370804712
2017-06-08 06:45:00,0.33704061895551257,0.4884623790651897
2017-06-08 07:00:00,0.9988888888888889,0.47087120622479994
2017-06-08 07:15:00,0.9988888888888889,0.44538450294217413
2017-06-08 07:30:00,0.9988888888888889,0.4184976485511515
2017-06-08 07:45:00,0.9988888888888889,0.391228171940642
2017-06-08 08:00:00,0.9988888888888889,0.3608086684875762
2017-06-08 08:15:00,0.9988888888888889,0.33896679226551363
2017-06-08 08:30:00,0.9988888888888889,0.3137575969587635
2017-06-08 08:45:00,0.9988888888888889,0.2936710582276221
2017-06-08 09:00:00,0.9988888888888889,0.2692369604940781
2017-06-08 09:15:00,0.9988888888888889,0.24803061682088698
2017-06-08 09:30:00,0.9988888888888889,0.22085635726421396
2017-06-08 09:45:00,0.9988888888888889,0.1995042602021399
2017-06-08 10:00:00,0.9988888888888889,0.19784783935568262
2017-06-08 10:15:00,0.9988888888888889,0.18602974895660246
2017-06-08 10:30:00,0.9988888888888889,0.18185024493980678
2017-06-08 10:45:00,0.9988888888888889,0.1814952428029532
2017-06-08 11:00:00,0.9988888888888889,0.18160834027172726
2017-06-08 11:15:00,0.9988888888888889,0.1826761271785387
2017-06-08 11:30:00,0.9988888888888889,0.18387326830467463
2017-06-08 11:45:00,0.9988888888888889,0.18446062661873958
2017-06-08 12:00:00,0.9988888888888889,0.1851972151427873
2017-06-08 12:15:00,0.9988888888888889,0.18451305677416016
2017-06-08 12:30:00,0.9988888888888889,0.18546052843336178
2017-06-08 12:45:00,0.9988888888888889,0.18674929762541792
2017-06-08 13:00:00,0.9988888888888889,0.18720258415050597
2017-06-08 13:15:00,0.9988888888888889,0.18613448896579904
2017-06-08 13:30:00,0.9988888888888889,0.19069584676335913
2017-06-08 13:45:00,0.9988888888888889,0.19634717424586437
2017-06-08 14:00:00,0.9988888888888889,0.2015699584425511
2017-06-08 14:15:00,0.9988888888888889,0.20765744226085872
2017-06-08 14:30:00,0.9988888888888889,0.2254658581217532
2017-06-08 14:45:00,0.9988888888888889,0.24463039331349265
2017-06-08 15:00:00,0.9988888888888889,0.2697416575968968
2017-06-08 15:15:00,0.9988888888888889,0.2969924243260269
2017-06-08 15:30:00,0.9988888888888889,0.32223912112153386
2017-06-08 15:45:00,0.9988888888888889,0.3500496709732179
2017-06-08 16:00:00,0.9988888888888889,0.381272394147591
2017-06-08 16:15:00,0.9988888888888889,0.40606646880676933
2017-06-08 16:30:00,0.9988888888888889,0.425306509984353
2017-06-08 16:45:00,0.9988888888888889,0.4452567814128249
2017-06-08 17:00:00,0.9988888888888889,0.46577485363623866
2017-06-08 17:15:00,0.3386266924564797,0.4808208707458147
2017-06-08 17:30:00,0.34655705996131525,0.491655492545091
2017-06-08 17:45:00,0.35290135396518374,0.4995879157688306
2017-06-08 18:00:00,0.356073500967118,0.5113251905639675
2017-06-08 18:15:00,0.3608317214700193,0.5212227605811117
2017-06-08 18:30:00,0.3624177949709865,0.5345718344397922
2017-06-08 18:45:00,0.4536363636363636,0.5374046199395248
2017-06-08 19:00:00,0.3624177949709865,0.545234809780964
2017-06-08 19:15:00,0.3624177949709865,0.5525736437205317
2017-06-08 19:30:00,0.3624177949709865,0.5547877803849591
2017-06-08 19:45:00,0.3624177949709865,0.568295619613362
2017-06-08 20:00:00,0.3624177949709865,0.5697878036462457
2017-06-08 20:15:00,0.3624177949709865,0.5718626768245519
2017-06-08 20:30:00,0.3624177949709865,0.5766828163615472
2017-06-08 20:45:00,0.3624177949709865,0.5828140356146015
2017-06-08 21:00:00,0.3624177949709865,0.5871965350992951
2017-06-08 21:15:00,0.3624177949709865,0.6026781144046653
2017-06-08 21:30:00,0.3624177949709865,0.6139277022421059
2017-06-08 21:45:00,0.3624177949709865,0.6279766438157709
2017-06-08 22:00:00,0.3624177949709865,0.6339613523539638
2017-06-08 22:15:00,0.3576595744680851,0.6350947429628181
2017-06-08 22:30:00,0.35448742746615086,0.6325912040513005
2017-06-08 22:45:00,0.35290135396518374,0.6332333553808911
2017-06-08 23:00:00,0.35290135396518374,0.6390586745032023
2017-06-08 23:15:00,0.35290135396518374,0.6426366811203591
2017-06-08 23:30:00,0.35290135396518374,0.6475157296625025
2017-06-08 23:45:00,0.35290135396518374,0.6559047947637309
2017-06-09 00:00:00,0.35448742746615086,0.6554452662478188
2017-06-09 00:15:00,0.35448742746615086,0.6561023865782485
2017-06-09 00:30:00,0.35448742746615086,0.6580206097093667
2017-06-09 00:45:00,0.35448742746615086,0.6616782443659913
2017-06-09 01:00:00,0.35448742746615086,0.6658512786105337
2017-06-09 01:15:00,0.35448742746615086,0.6682091107989201
2017-06-09 01:30:00,0.35448742746615086,0.6698445458752768
2017-06-09 01:45:00,0.35448742746615086,0.6716835917211565
2017-06-09 02:00:00,0.35448742746615086,0.6730197627077666
2017-06-09 02:15:00,0.35448742746615086,0.6790267529902356
2017-06-09 02:30:00,0.35448742746615086,0.6848849339908046
2017-06-09 02:45:00,0.35448742746615086,0.6893930459504791
2017-06-09 03:00:00,0.35448742746615086,0.6927019411343697
2017-06-09 03:15:00,0.35448742746615086,0.6887107583247437
2017-06-09 03:30:00,0.35448742746615086,0.6858332703592482
2017-06-09 03:45:00,0.35448742746615086,0.6776086776057155
2017-06-09 04:00:00,0.35448742746615086,0.6668712889353959
2017-06-09 04:15:00,0.35448742746615086,0.6622274972876697
2017-06-09 04:30:00,0.35448742746615086,0.6456145776774301
2017-06-09 04:45:00,0.35448742746615086,0.6278674348645545
2017-06-09 05:00:00,0.35448742746615086,0.6079769239134897
2017-06-09 05:15:00,0.35448742746615086,0.5875617323149731
2017-06-09 05:30:00,0.35290135396518374,0.5704547883379372
2017-06-09 05:45:00,0.3513152804642166,0.5546133720518743
2017-06-09 06:00:00,0.3481431334622824,0.5425118441864126
2017-06-09 06:15:00,0.343384912959381,0.5197695243163579
2017-06-09 06:30:00,0.33704061895551257,0.4998281680345093
2017-06-09 06:45:00,0.9988888888888889,0.4665812054521691
2017-06-09 07:00:00,0.9988888888888889,0.4291891706069905
2017-06-09 07:15:00,0.9988888888888889,0.3904057200331607
2017-06-09 07:30:00,0.9988888888888889,0.3494817244074467
2017-06-09 07:45:00,0.9988888888888889,0.30811614532389386
2017-06-09 08:00:00,0.9988888888888889,0.26069524589060095
2017-06-09 08:15:00,0.9988888888888889,0.22732321192493163
2017-06-09 08:30:00,0.041,0.1888535901813828
2017-06-09 08:45:00,0.9988888888888889,0.19069067578565016
2017-06-09 09:00:00,0.9988888888888889,0.19108109310865776
2017-06-09 09:15:00,0.9988888888888889,0.18953282947300423
2017-06-09 09:30:00,0.9988888888888889,0.18876251698138805
2017-06-09 09:45:00,0.9988888888888889,0.18726871887371116
2017-06-09 10:00:00,0.9988888888888889,0.1869513426114232
2017-06-09 10:15:00,0.9988888888888889,0.1844304020644998
2017-06-09 10:30:00,0.9988888888888889,0.18288503184529628
2017-06-09 10:45:00,0.9988888888888889,0.181244315599139
2017-06-09 11:00:00,0.9988888888888889,0.18086109240830647
2017-06-09 11:15:00,0.9988888888888889,0.18204288688876316
2017-06-09 11:30:00,0.9988888888888889,0.1822915982551781
2017-06-09 11:45:00,0.9988888888888889,0.18286815954470328
2017-06-09 12:00:00,0.9988888888888889,0.18407266839350606
2017-06-09 12:15:00,0.9988888888888889,0.18633048665108443
2017-06-09 12:30:00,0.041,0.1868234815110507
2017-06-09 12:45:00,0.041,0.18527411448680647
2017-06-09 13:00:00,0.9988888888888889,0.18866606986441956
2017-06-09 13:15:00,0.041,0.1858723214179624
2017-06-09 13:30:00,0.041,0.18695534530331895
2017-06-09 13:45:00,0.041,0.18679511687622918
2017-06-09 14:00:00,0.9988888888888889,0.19772781871281891
2017-06-09 14:15:00,0.9988888888888889,0.2123953285903489
2017-06-09 14:30:00,0.9988888888888889,0.22520106885427196
2017-06-09 14:45:00,0.9988888888888889,0.2436378646643183
2017-06-09 15:00:00,0.9988888888888889,0.2664082948159441
2017-06-09 15:15:00,0.9988888888888889,0.2928230781647153
2017-06-09 15:30:00,0.9988888888888889,0.31291815510141147
2017-06-09 15:45:00,0.9988888888888889,0.3450632634609746
2017-06-09 16:00:00,0.9988888888888889,0.3728099756069919
2017-06-09 16:15:00,0.9988888888888889,0.4064836224335573
2017-06-09 16:30:00,0.9988888888888889,0.4367096664487691
2017-06-09 16:45:00,0.33545454545454545,0.46735655465168746
2017-06-09 17:00:00,0.343384912959381,0.4772155667913795
2017-06-09 17:15:00,0.343384912959381,0.48367188264680333
2017-06-09 17:30:00,0.3481431334622824,0.49141284080656944
2017-06-09 17:45:00,0.35290135396518374,0.49395311282600357
2017-06-09 18:00:00,0.35448742746615086,0.49775071918877883
2017-06-09 18:15:00,0.35448742746615086,0.5073514418090955
2017-06-09 18:30:00,0.35448742746615086,0.5124932657828107
2017-06-09 18:45:00,0.35448742746615086,0.5176583548201081
2017-06-09 19:00:00,0.4536363636363636,0.5537143206431591
2017-06-09 19:15:00,0.35448742746615086,0.5346010242136322
2017-06-09 19:30:00,0.35448742746615086,0.5439748182578091
2017-06-09 19:45:00,0.35448742746615086,0.5552635691663563
2017-06-09 20:00:00,0.35448742746615086,0.5605601809698548
2017-06-09 20:15:00,0.35448742746615086,0.5674383642709487
2017-06-09 20:30:00,0.35448742746615086,0.5765184948644517
2017-06-09 20:45:00,0.35448742746615086,0.5857238981022191
2017-06-09 21:00:00,0.35448742746615086,0.5905645928292641
2017-06-09 21:15:00,0.35448742746615086,0.5984949305393096
2017-06-09 21:30:00,0.4536363636363636,0.6095496207415073
2017-06-09 21:45:00,0.3481431334622824,0.6130947977473188
2017-06-09 22:00:00,0.34655705996131525,0.611464782236213
2017-06-09 22:15:00,0.3402127659574468,0.6163518252131558
2017-06-09 22:30:00,0.33704061895551257,0.6163151978669978
2017-06-09 22:45:00,0.9988888888888889,0.6131755109598269
2017-06-09 23:00:00,0.9988888888888889,0.5972377345757074
2017-06-09 23:15:00,0.9988888888888889,0.5757922425370307
2017-06-09 23:30:00,0.9988888888888889,0.5524221397871661
2017-06-09 23:45:00,0.9988888888888889,0.5336025005120284
2017-06-10 00:00:00,0.9606539074960128,0.5156382143574512
2017-06-10 00:15:00,0.9606539074960128,0.5003134135844304
2017-06-10 00:30:00,0.9606539074960128,0.4886875431433536
2017-06-10 00:45:00,0.9606539074960128,0.47733757094195217
2017-06-10 01:00:00,0.9606539074960128,0.45716850998482067
2017-06-10 01:15:00,0.9606539074960128,0.47737958791633706
2017-06-10 01:30:00,0.9606539074960128,0.4978419416288808
2017-06-10 01:45:00,0.9606539074960128,0.5197283768100203
2017-06-10 02:00:00,0.9606539074960128,0.5420408662729271
2017-06-10 02:15:00,0.9606539074960128,0.5370060013681545
2017-06-10 02:30:00,0.9606539074960128,0.5310318197571111
2017-06-10 02:45:00,0.9606539074960128,0.5229863070134262
2017-06-10 03:00:00,0.9606539074960128,0.5154764436543916
2017-06-10 03:15:00,0.9606539074960128,0.5122589875147167
2017-06-10 03:30:00,0.9606539074960128,0.5099461712541993
2017-06-10 03:45:00,0.9606539074960128,0.5035113997183097
2017-06-10 04:00:00,0.9606539074960128,0.5008105223331226
2017-06-10 04:15:00,0.9606539074960128,0.46301117869482855
2017-06-10 04:30:00,0.9606539074960128,0.42608405942971084
2017-06-10 04:45:00,0.9606539074960128,0.3910323358171454
2017-06-10 05:00:00,0.9606539074960128,0.3661450348611738
2017-06-10 05:15:00,0.9606539074960128,0.3481120208804701
2017-06-10 05:30:00,0.9606539074960128,0.32576235998683617
2017-06-10 05:45:00,0.9606539074960128,0.3245852679598727
2017-06-10 06:00:00,0.9606539074960128,0.31907977936821663
2017-06-10 06:15:00,0.9606539074960128,0.2859871354846225
2017-06-10 06:30:00,0.9606539074960128,0.25757279676271627
2017-06-10 06:45:00,0.9606539074960128,0.22876151777519985
2017-06-10 07:00:00,0.9606539074960128,0.2056430549912008
2017-06-10 07:15:00,0.041,0.18204702571867537
2017-06-10 07:30:00,0.041,0.1796672494900636
2017-06-10 07:45:00,0.041,0.17586655915988994
2017-06-10 08:00:00,0.041,0.1738274214149163
2017-06-10 08:15:00,0.041,0.1732740557417185
2017-06-10 08:30:00,0.041,0.17179830003409227
2017-06-10 08:45:00,0.041,0.17050163657740755
2017-06-10 09:00:00,0.041,0.16923495274974093
2017-06-10 09:15:00,0.041,0.16916226249993985
2017-06-10 09:30:00,0.041,0.16864616662254045
2017-06-10 09:45:00,0.041,0.16904813242191596
2017-06-10 10:00:00,0.041,0.1686456489369173
2017-06-10 10:15:00,0.041,0.17504309117682113
2017-06-10 10:30:00,0.041,0.17704591977525058
2017-06-10 10:45:00,0.041,0.1702386004041006
2017-06-10 11:00:00,0.041,0.17079809403520524
2017-06-10 11:15:00,0.041,0.1712976210002401
2017-06-10 11:30:00,0.041,0.173134875477701
2017-06-10 11:45:00,0.041,0.18046194382490174
2017-06-10 12:00:00,0.041,0.18210937184068643
2017-06-10 12:15:00,0.041,0.18429979677831132
2017-06-10 12:30:00,0.041,0.17836695435888963
2017-06-10 12:45:00,0.041,0.18024786428730186
2017-06-10 13:00:00,0.041,0.18173466660846307
2017-06-10 13:15:00,0.041,0.18150085626028814
2017-06-10 13:30:00,0.041,0.1817759036697091
2017-06-10 13:45:00,0.041,0.18284915596867785
2017-06-10 14:00:00,0.041,0.18104230508663186
2017-06-10 14:15:00,0.041,0.18229794890334095
2017-06-10 14:30:00,0.041,0.18312818006973106
2017-06-10 14:45:00,0.041,0.1831109247849008
2017-06-10 15:00:00,0.041,0.18051590228378495
2017-06-10 15:15:00,0.041,0.18038457636924
2017-06-10 15:30:00,0.041,0.18123715916848834
2017-06-10 15:45:00,0.041,0.18125759246646334
2017-06-10 16:00:00,0.041,0.17962561680415776
2017-06-10 16:15:00,0.041,0.18083058411632075
2017-06-10 16:30:00,0.041,0.1787174475087447
2017-06-10 16:45:00,0.041,0.1752790485673003
2017-06-10 17:00:00,0.9606539074960128,0.17812273599719267
2017-06-10 17:15:00,0.9606539074960128,0.24342517903569236
2017-06-10 17:30:00,0.9606539074960128,0.30522873974192444
2017-06-10 17:45:00,0.9606539074960128,0.3660837165116496
2017-06-10 18:00:00,0.9606539074960128,0.4271546860016347
2017-06-10 18:15:00,0.3417988394584139,0.46019717059190546
2017-06-10 18:30:00,0.3497292069632495,0.48077675989589724
2017-06-10 18:45:00,0.35448742746615086,0.4903829264491559
2017-06-10 19:00:00,0.35448742746615086,0.4984310245356916
2017-06-10 19:15:00,0.35448742746615086,0.5049778350249584
2017-06-10 19:30:00,0.35448742746615086,0.5186166317754608
2017-06-10 19:45:00,0.35448742746615086,0.5298763868843595
2017-06-10 20:00:00,0.35448742746615086,0.5328980017402377
2017-06-10 20:15:00,0.35448742746615086,0.5464531580775494
2017-06-10 20:30:00,0.35448742746615086,0.5473061828951344
2017-06-10 20:45:00,0.35448742746615086,0.5503442099079147
2017-06-10 21:00:00,0.35448742746615086,0.5438896565693886
2017-06-10 21:15:00,0.35448742746615086,0.5469469381876098
2017-06-10 21:30:00,0.35448742746615086,0.550075533869483
2017-06-10 21:45:00,0.35448742746615086,0.5591569106104357
2017-06-10 22:00:00,0.3497292069632495,0.5656036327887599
2017-06-10 22:15:00,0.3497292069632495,0.5632038732838096
2017-06-10 22:30:00,0.34655705996131525,0.5637937670049685
2017-06-10 22:45:00,0.343384912959381,0.5647937421425119
2017-06-10 23:00:00,0.3402127659574468,0.5641152626454944
2017-06-10 23:15:00,0.3386266924564797,0.5673730182754082
2017-06-10 23:30:00,0.3386266924564797,0.5695880428425507
2017-06-10 23:45:00,0.33704061895551257,0.571914107133158
2017-06-11 00:00:00,0.9702126528442319,0.5739816475992726
2017-06-11 00:15:00,0.9702126528442319,0.5697124398701511
2017-06-11 00:30:00,0.9702126528442319,0.5644831700426512
2017-06-11 00:45:00,0.9702126528442319,0.5564654357269992
2017-06-11 01:00:00,0.9702126528442319,0.5538801199221615
2017-06-11 01:15:00,0.9702126528442319,0.540761448507664
2017-06-11 01:30:00,0.9702126528442319,0.5250912721530984
2017-06-11 01:45:00,0.9702126528442319,0.5140576829804389
2017-06-11 02:00:00,0.9702126528442319,0.5177294519906374
2017-06-11 02:15:00,0.9702126528442319,0.5423217600983422
2017-06-11 02:30:00,0.9702126528442319,0.583266304446959
2017-06-11 02:45:00,0.9702126528442319,0.6265088061368641
2017-06-11 03:00:00,0.9702126528442319,0.6577350158955442
2017-06-11 03:15:00,0.9702126528442319,0.6185358232881948
2017-06-11 03:30:00,0.9702126528442319,0.5654793624959613
2017-06-11 03:45:00,0.9702126528442319,0.5116929850262079
2017-06-11 04:00:00,0.9702126528442319,0.45800475624662285
2017-06-11 04:15:00,0.9702126528442319,0.45143426092005473
2017-06-11 04:30:00,0.9702126528442319,0.44455817759694405
2017-06-11 04:45:00,0.9702126528442319,0.4396991635461802
2017-06-11 05:00:00,0.9702126528442319,0.4377696546066176
2017-06-11 05:15:00,0.9702126528442319,0.3878516438304001
2017-06-11 05:30:00,0.9702126528442319,0.3402774003710568
2017-06-11 05:45:00,0.9702126528442319,0.2953012985280222
2017-06-11 06:00:00,0.9702126528442319,0.25347883884249695
2017-06-11 06:15:00,0.041,0.23407556288668496
2017-06-11 06:30:00,0.041,0.2313427893867196
2017-06-11 06:45:00,0.041,0.22711106532134917
2017-06-11 07:00:00,0.041,0.22352356510332663
2017-06-11 07:15:00,0.041,0.21872074484989243
2017-06-11 07:30:00,0.041,0.21466367672242495
2017-06-11 07:45:00,0.041,0.2117707560106493
2017-06-11 08:00:00,0.041,0.208284595632664
2017-06-11 08:15:00,0.041,0.20678148154467918
2017-06-11 08:30:00,0.041,0.204478947261092
2017-06-11 08:45:00,0.041,0.20275973544825351
2017-06-11 09:00:00,0.041,0.20059562174879186
2017-06-11 09:15:00,0.041,0.20022296480764698
2017-06-11 09:30:00,0.041,0.1981327129630435
2017-06-11 09:45:00,0.041,0.19688606239972134
2017-06-11 10:00:00,0.041,0.19401637567534885
2017-06-11 10:15:00,0.041,0.19176465348499414
2017-06-11 10:30:00,0.041,0.1896407755897316
2017-06-11 10:45:00,0.041,0.18944283253850178
2017-06-11 11:00:00,0.041,0.18894455257935336
2017-06-11 11:15:00,0.041,0.19687745188044134
2017-06-11 11:30:00,0.041,0.1989542792578245
2017-06-11 11:45:00,0.041,0.20130719208678638
2017-06-11 12:00:00,0.041,0.19571629715243763
2017-06-11 12:15:00,0.041,0.19596005691782142
2017-06-11 12:30:00,0.041,0.1959725948118672
2017-06-11 12:45:00,0.041,0.1947273742314968
2017-06-11 13:00:00,0.041,0.20098552781611234
2017-06-11 13:15:00,0.041,0.2031991445064578
2017-06-11 13:30:00,0.041,0.1980269025961299
2017-06-11 13:45:00,0.041,0.19824714009154962
2017-06-11 14:00:00,0.041,0.19859010703259605
2017-06-11 14:15:00,0.041,0.19822235155488876
2017-06-11 14:30:00,0.041,0.19951217992919573
2017-06-11 14:45:00,0.041,0.19970746385956778
2017-06-11 15:00:00,0.041,0.19903129794910612
2017-06-11 15:15:00,0.041,0.19741240123057194
2017-06-11 15:30:00,0.041,0.19591765554724846
2017-06-11 15:45:00,0.041,0.19430321535160017
2017-06-11 16:00:00,0.041,0.19031352551624245
2017-06-11 16:15:00,0.041,0.1883280940866132
2017-06-11 16:30:00,0.041,0.18875982128814828
2017-06-11 16:45:00,0.041,0.1852290688433658
2017-06-11 17:00:00,0.041,0.18347717648791967
2017-06-11 17:15:00,0.9702126528442319,0.21619650231533982
2017-06-11 17:30:00,0.9702126528442319,0.2743793681883321
2017-06-11 17:45:00,0.9702126528442319,0.3378801300900295
2017-06-11 18:00:00,0.9702126528442319,0.38596273265667125
2017-06-11 18:15:00,0.9702126528442319,0.42244010243833735
2017-06-11 18:30:00,0.9702126528442319,0.4479525478490277
2017-06-11 18:45:00,0.9702126528442319,0.46354508194948196
2017-06-11 19:00:00,0.9702126528442319,0.4745175507721853
2017-06-11 19:15:00,0.9702126528442319,0.4666184694342663
2017-06-11 19:30:00,0.9702126528442319,0.4793441078701558
2017-06-11 19:45:00,0.9702126528442319,0.4782001019376984
2017-06-11 20:00:00,0.9702126528442319,0.4805284151634696
2017-06-11 20:15:00,0.9702126528442319,0.4843236953981822
2017-06-11 20:30:00,0.9702126528442319,0.4868967665122252
2017-06-11 20:45:00,0.9702126528442319,0.47604685643504524
2017-06-11 21:00:00,0.9702126528442319,0.4795924285056979
2017-06-11 21:15:00,0.9702126528442319,0.49083057535678226
2017-06-11 21:30:00,0.9702126528442319,0.4991700732156241
2017-06-11 21:45:00,0.9702126528442319,0.4955079632802323
2017-06-11 22:00:00,0.9702126528442319,0.4990098261661215
2017-06-11 22:15:00,0.9702126528442319,0.4831066657062649
2017-06-11 22:30:00,0.9702126528442319,0.4541730480316076
2017-06-11 22:45:00,0.9702126528442319,0.4283610562268829
2017-06-11 23:00:00,0.9702126528442319,0.4080730903726687
2017-06-11 23:15:00,0.9702126528442319,0.4197545348124955
2017-06-11 23:30:00,0.9702126528442319,0.4462357579621336
2017-06-11 23:45:00,0.9702126528442319,0.47028566702734975
2017-06-12 00:00:00,0.9988888888888889,0.5047334331518533
2017-06-12 00:15:00,0.9988888888888889,0.49013412704436676
2017-06-12 00:30:00,0.9988888888888889,0.4727934454385188
2017-06-12 00:45:00,0.9988888888888889,0.45941855827796113
2017-06-12 01:00:00,0.9988888888888889,0.45004365993662415
2017-06-12 01:15:00,0.9988888888888889,0.4640188118861968
2017-06-12 01:30:00,0.9988888888888889,0.47975733452128744
2017-06-12 01:45:00,0.9988888888888889,0.49263467456563725
2017-06-12 02:00:00,0.9988888888888889,0.5061804966631918
2017-06-12 02:15:00,0.9988888888888889,0.5193166296172708
2017-06-12 02:30:00,0.9988888888888889,0.5317428399424788
2017-06-12 02:45:00,0.9988888888888889,0.5430614976816013
2017-06-12 03:00:00,0.9988888888888889,0.5545463833057103
2017-06-12 03:15:00,0.9988888888888889,0.5496729699619031
2017-06-12 03:30:00,0.9988888888888889,0.5454085975430648
2017-06-12 03:45:00,0.9988888888888889,0.5413121329845059
2017-06-12 04:00:00,0.9988888888888889,0.542668029737934
2017-06-12 04:15:00,0.9988888888888889,0.5247391114469399
2017-06-12 04:30:00,0.9988888888888889,0.5157693474817616
2017-06-12 04:45:00,0.9988888888888889,0.5066543881019707
2017-06-12 05:00:00,0.9988888888888889,0.5109648582432581
2017-06-12 05:15:00,0.9988888888888889,0.5018323534001573
2017-06-12 05:30:00,0.9988888888888889,0.4856252662232639
2017-06-12 05:45:00,0.9988888888888889,0.4682134643793
2017-06-12 06:00:00,0.9988888888888889,0.45251484450276663
2017-06-12 06:15:00,0.9988888888888889,0.43100439684159686
2017-06-12 06:30:00,0.9988888888888889,0.4127044343548553
2017-06-12 06:45:00,0.9988888888888889,0.39159953176069406
2017-06-12 07:00:00,0.9988888888888889,0.37659449762184016
2017-06-12 07:15:00,0.9988888888888889,0.3367494521232002
2017-06-12 07:30:00,0.9988888888888889,0.3022543873392982
2017-06-12 07:45:00,0.9988888888888889,0.26547018464982025
2017-06-12 08:00:00,0.9988888888888889,0.22341197056447284
2017-06-12 08:15:00,0.9988888888888889,0.2045512707747383
2017-06-12 08:30:00,0.9988888888888889,0.18571714101433875
2017-06-12 08:45:00,0.041,0.17795725968834508
2017-06-12 09:00:00,0.041,0.17688531767144808
2017-06-12 09:15:00,0.041,0.1779791753043178
2017-06-12 09:30:00,0.041,0.17631500940182526
2017-06-12 09:45:00,0.041,0.1771856341290335
2017-06-12 10:00:00,0.041,0.17605009771853083
2017-06-12 10:15:00,0.9988888888888889,0.18011565715587732
2017-06-12 10:30:00,0.9988888888888889,0.17879721107604032
2017-06-12 10:45:00,0.9988888888888889,0.17884383785987312
2017-06-12 11:00:00,0.9988888888888889,0.17882785025664946
2017-06-12 11:15:00,0.9988888888888889,0.1785591244695895
2017-06-12 11:30:00,0.041,0.17548704084763378
2017-06-12 11:45:00,0.041,0.17183930924559976
2017-06-12 12:00:00,0.041,0.17188604227235682
2017-06-12 12:15:00,0.041,0.1718132606844471
2017-06-12 12:30:00,0.041,0.17192644406515373
2017-06-12 12:45:00,0.041,0.1727275171830853
2017-06-12 13:00:00,0.041,0.17217652602526795
2017-06-12 13:15:00,0.041,0.17258703000209089
2017-06-12 13:30:00,0.041,0.17334459444748346
2017-06-12 13:45:00,0.041,0.17413093358191006
2017-06-12 14:00:00,0.041,0.17528204090060007
2017-06-12 14:15:00,0.041,0.17468007365933025
2017-06-12 14:30:00,0.041,0.17385133321209142
2017-06-12 14:45:00,0.041,0.17488300357779388
2017-06-12 15:00:00,0.041,0.1748274714339343
2017-06-12 15:15:00,0.041,0.1756514684832483
2017-06-12 15:30:00,0.9988888888888889,0.18937074938433238
2017-06-12 15:45:00,0.9988888888888889,0.2038275886639364
2017-06-12 16:00:00,0.9988888888888889,0.2361157280435545
2017-06-12 16:15:00,0.9988888888888889,0.25150418522383666
2017-06-12 16:30:00,0.9988888888888889,0.2746243019467407
2017-06-12 16:45:00,0.9988888888888889,0.29402569411225893
2017-06-12 17:00:00,0.9988888888888889,0.3192225141014136
2017-06-12 17:15:00,0.9988888888888889,0.35104743871536204
2017-06-12 17:30:00,0.9988888888888889,0.37557870347402383
2017-06-12 17:45:00,0.9988888888888889,0.39896014545144154
2017-06-12 18:00:00,0.9988888888888889,0.429358986222911
2017-06-12 18:15:00,0.9988888888888889,0.44589022894057634
2017-06-12 18:30:00,0.9988888888888889,0.4505055676168086
2017-06-12 18:45:00,0.9988888888888889,0.45351825841513393
2017-06-12 19:00:00,0.9988888888888889,0.46002780167978213
2017-06-12 19:15:00,0.9988888888888889,0.46768579517983694
2017-06-12 19:30:00,0.9988888888888889,0.47811162644155747
2017-06-12 19:45:00,0.9988888888888889,0.4852530885850591
2017-06-12 20:00:00,0.9988888888888889,0.4929507372587055
2017-06-12 20:15:00,0.9988888888888889,0.5024483336640609
2017-06-12 20:30:00,0.9988888888888889,0.5108240674213218
2017-06-12 20:45:00,0.9988888888888889,0.5199091536559795
2017-06-12 21:00:00,0.9988888888888889,0.5166470135817328
2017-06-12 21:15:00,0.9988888888888889,0.5076084910325153
2017-06-12 21:30:00,0.9988888888888889,0.4955309652956495
2017-06-12 21:45:00,0.9988888888888889,0.4804146729844724
2017-06-12 22:00:00,0.9988888888888889,0.47379430566594843
2017-06-12 22:15:00,0.9988888888888889,0.4785194504491706
2017-06-12 22:30:00,0.9988888888888889,0.48511220528307086
2017-06-12 22:45:00,0.9988888888888889,0.487401047736554
2017-06-12 23:00:00,0.9988888888888889,0.4886997949069213
2017-06-12 23:15:00,0.9988888888888889,0.497396583200625
2017-06-12 23:30:00,0.9988888888888889,0.509948484357383
2017-06-12 23:45:00,0.9988888888888889,0.526405870993354
2017-06-13 00:00:00,0.9988888888888889,0.5401701864756003
2017-06-13 00:15:00,0.9988888888888889,0.5381268133423714
2017-06-13 00:30:00,0.9988888888888889,0.5385682985359972
2017-06-13 00:45:00,0.9988888888888889,0.5368734197535792
2017-06-13 01:00:00,0.9988888888888889,0.5348642172031666
2017-06-13 01:15:00,0.9988888888888889,0.5400184863198645
2017-06-13 01:30:00,0.9988888888888889,0.5449826821211674
2017-06-13 01:45:00,0.9988888888888889,0.5508281074338637
2017-06-13 02:00:00,0.9988888888888889,0.5541677301484031
2017-06-13 02:15:00,0.9988888888888889,0.5419479061063115
2017-06-13 02:30:00,0.9988888888888889,0.5310903228509672
2017-06-13 02:45:00,0.9988888888888889,0.5175220828754118
2017-06-13 03:00:00,0.9988888888888889,0.5069643212913311
2017-06-13 03:15:00,0.9988888888888889,0.500526385594708
2017-06-13 03:30:00,0.9988888888888889,0.4953595834352601
2017-06-13 03:45:00,0.9988888888888889,0.4900701230956866
2017-06-13 04:00:00,0.9988888888888889,0.4904772085340299
2017-06-13 04:15:00,0.9988888888888889,0.46944400841682815
2017-06-13 04:30:00,0.9988888888888889,0.4568333632989626
2017-06-13 04:45:00,0.9988888888888889,0.448768458321858
2017-06-13 05:00:00,0.9988888888888889,0.454480190539947
2017-06-13 05:15:00,0.9988888888888889,0.45076021804726146
2017-06-13 05:30:00,0.9988888888888889,0.4421111888039603
2017-06-13 05:45:00,0.9988888888888889,0.4340308153561091
2017-06-13 06:00:00,0.9988888888888889,0.43105475641354457
2017-06-13 06:15:00,0.9988888888888889,0.41081013089209373
2017-06-13 06:30:00,0.9988888888888889,0.3903645461316851
2017-06-13 06:45:00,0.9988888888888889,0.3732031187453486
2017-06-13 07:00:00,0.9988888888888889,0.3502992448067277
2017-06-13 07:15:00,0.9988888888888889,0.3190597476456401
2017-06-13 07:30:00,0.9988888888888889,0.28426441076377357
2017-06-13 07:45:00,0.9988888888888889,0.26048637558200793
2017-06-13 08:00:00,0.9988888888888889,0.22455907889277638
2017-06-13 08:15:00,0.9988888888888889,0.2104811038379669
2017-06-13 08:30:00,0.9988888888888889,0.21023359269911956
2017-06-13 08:45:00,0.9988888888888889,0.2127693676134539
2017-06-13 09:00:00,0.9988888888888889,0.21552940370425075
2017-06-13 09:15:00,0.9988888888888889,0.21366445093407682
2017-06-13 09:30:00,0.9988888888888889,0.20471265839981267
2017-06-13 09:45:00,0.9988888888888889,0.2013714321914805
2017-06-13 10:00:00,0.9988888888888889,0.20114094156918427
2017-06-13 10:15:00,0.9988888888888889,0.2006690534248851
2017-06-13 10:30:00,0.9988888888888889,0.2017512744918909
2017-06-13 10:45:00,0.9988888888888889,0.20339991967659904
2017-06-13 11:00:00,0.9988888888888889,0.2100388831585285
2017-06-13 11:15:00,0.9988888888888889,0.21635381520382768
2017-06-13 11:30:00,0.9988888888888889,0.2050488843427435
2017-06-13 11:45:00,0.9988888888888889,0.20549670403104353
2017-06-13 12:00:00,0.9988888888888889,0.20796839756809307
2017-06-13 12:15:00,0.9988888888888889,0.2050354366314385
2017-06-13 12:30:00,0.9988888888888889,0.20456256029062728
2017-06-13 12:45:00,0.9988888888888889,0.20650263044703585
2017-06-13 13:00:00,0.9988888888888889,0.204990510306376
2017-06-13 13:15:00,0.9988888888888889,0.21349763677428027
2017-06-13 13:30:00,0.9988888888888889,0.23264685237922297
2017-06-13 13:45:00,0.9988888888888889,0.2591274842505081
2017-06-13 14:00:00,0.9988888888888889,0.283646297272925
2017-06-13 14:15:00,0.9988888888888889,0.27770706661141187
2017-06-13 14:30:00,0.9988888888888889,0.2720875192637332
2017-06-13 14:45:00,0.9988888888888889,0.2756253541820322
2017-06-13 15:00:00,0.9988888888888889,0.27936340993394504
2017-06-13 15:15:00,0.9988888888888889,0.2941025424865151
2017-06-13 15:30:00,0.9988888888888889,0.3063703210926192
2017-06-13 15:45:00,0.9988888888888889,0.32473006135288207
2017-06-13 16:00:00,0.9988888888888889,0.3506341916237261
2017-06-13 16:15:00,0.9988888888888889,0.3638050472849629
2017-06-13 16:30:00,0.9988888888888889,0.374524099522544
2017-06-13 16:45:00,0.9988888888888889,0.38555880174118046
2017-06-13 17:00:00,0.9988888888888889,0.39581358748728307
2017-06-13 17:15:00,0.9988888888888889,0.4315634447359291
2017-06-13 17:30:00,0.3402127659574468,0.45771502651158025
2017-06-13 17:45:00,0.3481431334622824,0.4692640128418799
2017-06-13 18:00:00,0.3513152804642166,0.4841102079893601
2017-06-13 18:15:00,0.35290135396518374,0.4958749276684685
2017-06-13 18:30:00,0.35448742746615086,0.502563587105711
2017-06-13 18:45:00,0.35448742746615086,0.5041767012724763
2017-06-13 19:00:00,0.35448742746615086,0.503970178752711
2017-06-13 19:15:00,0.35448742746615086,0.5224467740615175
2017-06-13 19:30:00,0.35448742746615086,0.5319645263183614
2017-06-13 19:45:00,0.35448742746615086,0.5446696660334712
2017-06-13 20:00:00,0.35448742746615086,0.5500477340696437
2017-06-13 20:15:00,0.35448742746615086,0.5510376265144172
2017-06-13 20:30:00,0.35448742746615086,0.5541396336689459
2017-06-13 20:45:00,0.35448742746615086,0.5736480889083111
2017-06-13 21:00:00,0.35448742746615086,0.5671882253839196
2017-06-13 21:15:00,0.35448742746615086,0.5799726889474759
2017-06-13 21:30:00,0.3513152804642166,0.589299618426881
2017-06-13 21:45:00,0.3513152804642166,0.5874395475138459
2017-06-13 22:00:00,0.3481431334622824,0.5918248152878633
2017-06-13 22:15:00,0.3449709864603482,0.5959458804341288
2017-06-13 22:30:00,0.343384912959381,0.6003060581205195
2017-06-13 22:45:00,0.3417988394584139,0.6016834701443057
2017-06-13 23:00:00,0.33704061895551257,0.6110434525408266
2017-06-13 23:15:00,0.9988888888888889,0.606920438464952
2017-06-13 23:30:00,0.9988888888888889,0.5931590763547224
2017-06-13 23:45:00,0.9988888888888889,0.5828000669737633
2017-06-14 00:00:00,0.9988888888888889,0.5863446330094287
2017-06-14 00:15:00,0.9988888888888889,0.5775297323674188
2017-06-14 00:30:00,0.9988888888888889,0.5711732731307161
2017-06-14 00:45:00,0.9988888888888889,0.5775047015745248
2017-06-14 01:00:00,0.9988888888888889,0.5762784504435391
2017-06-14 01:15:00,0.9988888888888889,0.5767752594462313
2017-06-14 01:30:00,0.9988888888888889,0.5758988773566002
2017-06-14 01:45:00,0.9988888888888889,0.5781852721378279
2017-06-14 02:00:00,0.9988888888888889,0.5782110141193673
2017-06-14 02:15:00,0.9988888888888889,0.5801761141935236
2017-06-14 02:30:00,0.9988888888888889,0.5785850363697942
2017-06-14 02:45:00,0.9988888888888889,0.5806868979049008
2017-06-14 03:00:00,0.9988888888888889,0.5843027452056804
2017-06-14 03:15:00,0.9988888888888889,0.5654812900185386
2017-06-14 03:30:00,0.9988888888888889,0.5516958770378287
2017-06-14 03:45:00,0.9988888888888889,0.5333289586699332
2017-06-14 04:00:00,0.9988888888888889,0.5172730985546128
2017-06-14 04:15:00,0.9988888888888889,0.5038485406589829
2017-06-14 04:30:00,0.9988888888888889,0.4940224759329547
2017-06-14 04:45:00,0.9988888888888889,0.48563629843854683
2017-06-14 05:00:00,0.9988888888888889,0.49676513696230457
2017-06-14 05:15:00,0.9988888888888889,0.48131262896322297
2017-06-14 05:30:00,0.9988888888888889,0.46392298690814554
2017-06-14 05:45:00,0.9988888888888889,0.4413052583291688
2017-06-14 06:00:00,0.9988888888888889,0.4265444744199509
2017-06-14 06:15:00,0.9988888888888889,0.39942711102495077
2017-06-14 06:30:00,0.9988888888888889,0.368980655216247
2017-06-14 06:45:00,0.9988888888888889,0.3401877307311021
2017-06-14 07:00:00,0.9988888888888889,0.3108815006397084
2017-06-14 07:15:00,0.9988888888888889,0.29194482715992714
2017-06-14 07:30:00,0.9988888888888889,0.2683876302021262
2017-06-14 07:45:00,0.9988888888888889,0.2697577620514194
2017-06-14 08:00:00,0.9988888888888889,0.26148705157998636
2017-06-14 08:15:00,0.9988888888888889,0.23325103313514864
2017-06-14 08:30:00,0.9988888888888889,0.22303318784660792
2017-06-14 08:45:00,0.9988888888888889,0.20097417401875425
2017-06-14 09:00:00,0.041,0.18101330633731075
2017-06-14 09:15:00,0.041,0.1810376585651534
2017-06-14 09:30:00,0.041,0.18314887326900142
2017-06-14 09:45:00,0.041,0.1838575997294483
2017-06-14 10:00:00,0.041,0.1827215278299935
2017-06-14 10:15:00,0.041,0.18146981970561654
2017-06-14 10:30:00,0.041,0.18458570018556575
2017-06-14 10:45:00,0.041,0.18350549688406778
2017-06-14 11:00:00,0.041,0.17944419358814873
2017-06-14 11:15:00,0.041,0.18535864592802836
2017-06-14 11:30:00,0.041,0.18123844434719039
2017-06-14 11:45:00,0.041,0.18120435442282018
2017-06-14 12:00:00,0.041,0.18276441593309256
2017-06-14 12:15:00,0.041,0.18211160056282502
2017-06-14 12:30:00,0.041,0.182377653626647
2017-06-14 12:45:00,0.041,0.1836398836946863
2017-06-14 13:00:00,0.041,0.18439578035408047
2017-06-14 13:15:00,0.041,0.1833911630183483
2017-06-14 13:30:00,0.041,0.1839059221048052
2017-06-14 13:45:00,0.041,0.18370399973746052
2017-06-14 14:00:00,0.041,0.1840478616067524
2017-06-14 14:15:00,0.041,0.18343571338805403
2017-06-14 14:30:00,0.041,0.18884780353229352
2017-06-14 14:45:00,0.041,0.19019222063791985
2017-06-14 15:00:00,0.041,0.18634981552127447
2017-06-14 15:15:00,0.041,0.18597405690241528
2017-06-14 15:30:00,0.041,0.18553259232954275
2017-06-14 15:45:00,0.041,0.18579560374240703
2017-06-14 16:00:00,0.041,0.18601134503635902
2017-06-14 16:15:00,0.041,0.18464787801400118
2017-06-14 16:30:00,0.041,0.18565566587515087
2017-06-14 16:45:00,0.9988888888888889,0.19639222618516253
2017-06-14 17:00:00,0.9988888888888889,0.21899200571715843
2017-06-14 17:15:00,0.9988888888888889,0.26737046932693564
2017-06-14 17:30:00,0.9988888888888889,0.3237374387953932
2017-06-14 17:45:00,0.9988888888888889,0.367361723475007
2017-06-14 18:00:00,0.9988888888888889,0.41664361040977455
2017-06-14 18:15:00,0.9988888888888889,0.4502163807128199
2017-06-14 18:30:00,0.9988888888888889,0.4751337613764337
2017-06-14 18:45:00,0.4536363636363636,0.49583723039225913
2017-06-14 19:00:00,0.4536363636363636,0.5148452470072538
2017-06-14 19:15:00,0.4536363636363636,0.5336733871564504
2017-06-14 19:30:00,0.4536363636363636,0.5539820464573793
2017-06-14 19:45:00,0.4536363636363636,0.5733995483895052
2017-06-14 20:00:00,0.4536363636363636,0.5934569904848311
2017-06-14 20:15:00,0.4536363636363636,0.576330506781391
2017-06-14 20:30:00,0.9988888888888889,0.5312220839127383
2017-06-14 20:45:00,0.4536363636363636,0.6039783917937428
2017-06-14 21:00:00,0.4536363636363636,0.6056273500913321
2017-06-14 21:15:00,0.9988888888888889,0.5526284385166692
2017-06-14 21:30:00,0.9988888888888889,0.5557340562531019
2017-06-14 21:45:00,0.9988888888888889,0.5632329542089823
2017-06-14 22:00:00,0.9988888888888889,0.5795437389822252
2017-06-14 22:15:00,0.9988888888888889,0.5968902482514359
2017-06-14 22:30:00,0.9988888888888889,0.5944114670689583
2017-06-14 22:45:00,0.4536363636363636,0.6130565742225167
2017-06-14 23:00:00,0.4536363636363636,0.6154684161757374
2017-06-14 23:15:00,0.9988888888888889,0.6160283598804259
2017-06-14 23:30:00,0.9988888888888889,0.6139939270590079
2017-06-14 23:45:00,0.9988888888888889,0.6057267366715489
2017-06-15 00:00:00,0.3402127659574468,0.5855940698411374
2017-06-15 00:15:00,0.3402127659574468,0.5888373803049249
2017-06-15 00:30:00,0.3402127659574468,0.5932903353398932
2017-06-15 00:45:00,0.3386266924564797,0.6040956476857583
2017-06-15 01:00:00,0.3386266924564797,0.603907729338112
2017-06-15 01:15:00,0.3386266924564797,0.6000935671293365
2017-06-15 01:30:00,0.3386266924564797,0.5958352753238745
2017-06-15 01:45:00,0.3386266924564797,0.5962443555049953
2017-06-15 02:00:00,0.3386266924564797,0.5928945827724439
2017-06-15 02:15:00,0.3386266924564797,0.5948185276803561
2017-06-15 02:30:00,0.3386266924564797,0.5961200573559724
2017-06-15 02:45:00,0.3386266924564797,0.6017832129275827
2017-06-15 03:00:00,0.3386266924564797,0.6029405618882698
2017-06-15 03:15:00,0.3386266924564797,0.6046232165387264
2017-06-15 03:30:00,0.3386266924564797,0.6054967890186306
2017-06-15 03:45:00,0.3386266924564797,0.6085421558251609
2017-06-15 04:00:00,0.3386266924564797,0.6049381774943255
2017-06-15 04:15:00,0.979771398192451,0.5933298501716174
2017-06-15 04:30:00,0.979771398192451,0.5580998027144625
2017-06-15 04:45:00,0.979771398192451,0.5221495051811568
2017-06-15 05:00:00,0.979771398192451,0.49555618626757575
2017-06-15 05:15:00,0.979771398192451,0.46504375781037555
2017-06-15 05:30:00,0.979771398192451,0.43646757394955843
2017-06-15 05:45:00,0.979771398192451,0.40515733277454813
2017-06-15 06:00:00,0.979771398192451,0.37769656628343146
2017-06-15 06:15:00,0.979771398192451,0.3447138012183533
2017-06-15 06:30:00,0.979771398192451,0.31240315417977443
2017-06-15 06:45:00,0.979771398192451,0.27752483234898273
2017-06-15 07:00:00,0.979771398192451,0.24475991726920152
2017-06-15 07:15:00,0.041,0.19827391302096545
2017-06-15 07:30:00,0.041,0.1963861089798724
2017-06-15 07:45:00,0.041,0.1957329083088194
2017-06-15 08:00:00,0.041,0.1945808767836763
2017-06-15 08:15:00,0.041,0.19473986903873547
2017-06-15 08:30:00,0.041,0.19343036777403413
2017-06-15 08:45:00,0.041,0.19294470919598933
2017-06-15 09:00:00,0.041,0.1921585773377618
2017-06-15 09:15:00,0.041,0.19046347253009038
2017-06-15 09:30:00,0.041,0.18925357464137596
2017-06-15 09:45:00,0.041,0.18817038087088056
2017-06-15 10:00:00,0.041,0.1867657887244667
2017-06-15 10:15:00,0.041,0.18590848672727295
2017-06-15 10:30:00,0.041,0.18519206880891595
2017-06-15 10:45:00,0.041,0.18453229869149657
2017-06-15 11:00:00,0.041,0.1844909819651538
2017-06-15 11:15:00,0.041,0.18521484846462646
2017-06-15 11:30:00,0.041,0.18499352348942033
2017-06-15 11:45:00,0.041,0.18652407610412725
2017-06-15 12:00:00,0.041,0.19350519153258042
2017-06-15 12:15:00,0.041,0.19422087232017862
2017-06-15 12:30:00,0.041,0.19414097894837304
2017-06-15 12:45:00,0.041,0.19678925004800224
2017-06-15 13:00:00,0.041,0.19823633043711789
2017-06-15 13:15:00,0.041,0.19179710772046074
2017-06-15 13:30:00,0.041,0.18960327113731948
2017-06-15 13:45:00,0.041,0.18971621967919938
2017-06-15 14:00:00,0.041,0.18851777339569614
2017-06-15 14:15:00,0.041,0.1890106481336721
2017-06-15 14:30:00,0.041,0.18888453200126698
2017-06-15 14:45:00,0.041,0.18901178138154817
2017-06-15 15:00:00,0.041,0.1896205998984351
2017-06-15 15:15:00,0.041,0.18919950239178984
2017-06-15 15:30:00,0.041,0.1890155081286242
2017-06-15 15:45:00,0.041,0.18664978374051344
2017-06-15 16:00:00,0.041,0.18808217297406124
2017-06-15 16:15:00,0.041,0.18698752756192896
2017-06-15 16:30:00,0.041,0.1853708318761447
2017-06-15 16:45:00,0.041,0.18406918337068384
2017-06-15 17:00:00,0.041,0.18319751637777887
2017-06-15 17:15:00,0.979771398192451,0.21473569447566618
2017-06-15 17:30:00,0.979771398192451,0.25096595813822653
2017-06-15 17:45:00,0.979771398192451,0.30585732838269664
2017-06-15 18:00:00,0.979771398192451,0.3372798904987879
2017-06-15 18:15:00,0.979771398192451,0.3723818868965426
2017-06-15 18:30:00,0.979771398192451,0.4127712273105807
2017-06-15 18:45:00,0.979771398192451,0.4556416162379367
2017-06-15 19:00:00,0.3386266924564797,0.4844249239436843
2017-06-15 19:15:00,0.3386266924564797,0.4864043059973127
2017-06-15 19:30:00,0.3386266924564797,0.491967158895247
2017-06-15 19:45:00,0.3386266924564797,0.4977938171317812
2017-06-15 20:00:00,0.3386266924564797,0.5021037314900558
2017-06-15 20:15:00,0.3386266924564797,0.5076557150848696
2017-06-15 20:30:00,0.3386266924564797,0.5166031925118332
2017-06-15 20:45:00,0.3386266924564797,0.5277382204661386
2017-06-15 21:00:00,0.3386266924564797,0.5249346683964626
2017-06-15 21:15:00,0.3386266924564797,0.5288949516680455
2017-06-15 21:30:00,0.3386266924564797,0.5359955519258629
2017-06-15 21:45:00,0.3386266924564797,0.5416807704767266
2017-06-15 22:00:00,0.33545454545454545,0.5386197895907766
2017-06-15 22:15:00,0.979771398192451,0.5253760267331771
2017-06-15 22:30:00,0.979771398192451,0.506795940690852
2017-06-15 22:45:00,0.979771398192451,0.49184773459682674
2017-06-15 23:00:00,0.979771398192451,0.4771151641382321
2017-06-15 23:15:00,0.979771398192451,0.4843699428734354
2017-06-15 23:30:00,0.979771398192451,0.4965188690496876
2017-06-15 23:45:00,0.979771398192451,0.5120084129665153
2017-06-16 00:00:00,0.33704061895551257,0.5195324044187859
2017-06-16 00:15:00,0.33704061895551257,0.5286219828975265
2017-06-16 00:30:00,0.33704061895551257,0.5347419928104264
2017-06-16 00:45:00,0.33704061895551257,0.5404120266450916
2017-06-16 01:00:00,0.33704061895551257,0.5457980371097275
2017-06-16 01:15:00,0.33704061895551257,0.5417326930644002
2017-06-16 01:30:00,0.33545454545454545,0.540327244518346
2017-06-16 01:45:00,0.9606539074960128,0.5387774878743573
2017-06-16 02:00:00,0.9606539074960128,0.5362639462805368
2017-06-16 02:15:00,0.9606539074960128,0.5340029192024658
2017-06-16 02:30:00,0.9606539074960128,0.519778566202414
2017-06-16 02:45:00,0.9606539074960128,0.5142661607008326
2017-06-16 03:00:00,0.9606539074960128,0.5133225600553103
2017-06-16 03:15:00,0.9606539074960128,0.5174294209047976
2017-06-16 03:30:00,0.9606539074960128,0.5197579053004424
2017-06-16 03:45:00,0.9606539074960128,0.525111437462812
2017-06-16 04:00:00,0.9606539074960128,0.5251114853444387
2017-06-16 04:15:00,0.9606539074960128,0.49622216649831064
2017-06-16 04:30:00,0.9606539074960128,0.4623030618677866
2017-06-16 04:45:00,0.9606539074960128,0.42985983622528123
2017-06-16 05:00:00,0.9606539074960128,0.41772393912344796
2017-06-16 05:15:00,0.9606539074960128,0.37919842827090544
2017-06-16 05:30:00,0.9606539074960128,0.33878997200452166
2017-06-16 05:45:00,0.9606539074960128,0.2983698578951316
2017-06-16 06:00:00,0.9606539074960128,0.2650563521752082
2017-06-16 06:15:00,0.9606539074960128,0.21906270106539782
2017-06-16 06:30:00,0.9606539074960128,0.17183816821127132
2017-06-16 06:45:00,0.041,0.1596784273678908
2017-06-16 07:00:00,0.041,0.1573237980193822
2017-06-16 07:15:00,0.041,0.1562522775383005
2017-06-16 07:30:00,0.041,0.15520065197328892
2017-06-16 07:45:00,0.041,0.15448729199463573
2017-06-16 08:00:00,0.041,0.1551140872008115
2017-06-16 08:15:00,0.041,0.15329909138129766
2017-06-16 08:30:00,0.041,0.15222703915027389
2017-06-16 08:45:00,0.041,0.15080279268061256
2017-06-16 09:00:00,0.041,0.15032553391826312
2017-06-16 09:15:00,0.041,0.14880593060191963
2017-06-16 09:30:00,0.041,0.14800311818388842
2017-06-16 09:45:00,0.041,0.14804326234332477
2017-06-16 10:00:00,0.041,0.1537751079919296
2017-06-16 10:15:00,0.041,0.14794588722218072
2017-06-16 10:30:00,0.041,0.14856506013806595
2017-06-16 10:45:00,0.041,0.14767462165323142
2017-06-16 11:00:00,0.041,0.14797894435720102
2017-06-16 11:15:00,0.041,0.14854639044326984
2017-06-16 11:30:00,0.041,0.14905893111505006
2017-06-16 11:45:00,0.041,0.1493173966086195
2017-06-16 12:00:00,0.041,0.151192322008152
2017-06-16 12:15:00,0.041,0.1506816576909024
2017-06-16 12:30:00,0.041,0.1513381251442462
2017-06-16 12:45:00,0.041,0.15204621139408275
2017-06-16 13:00:00,0.041,0.15318550342146137
2017-06-16 13:15:00,0.041,0.15318288302947725
2017-06-16 13:30:00,0.041,0.15815276312771587
2017-06-16 13:45:00,0.041,0.15896262281191748
2017-06-16 14:00:00,0.041,0.15858766473628813
2017-06-16 14:15:00,0.041,0.1594564370332873
2017-06-16 14:30:00,0.041,0.15423341574045013
2017-06-16 14:45:00,0.041,0.15414771216808953
2017-06-16 15:00:00,0.041,0.1525710612402119
2017-06-16 15:15:00,0.041,0.151801763350395
2017-06-16 15:30:00,0.041,0.1520268044766775
2017-06-16 15:45:00,0.041,0.15129481792793117
2017-06-16 16:00:00,0.041,0.15242558455513242
2017-06-16 16:15:00,0.041,0.15211521919509963
2017-06-16 16:30:00,0.041,0.1518223285858909
2017-06-16 16:45:00,0.9606539074960128,0.15736227118108537
2017-06-16 17:00:00,0.9606539074960128,0.18065426366402437
2017-06-16 17:15:00,0.9606539074960128,0.20754751757409154
2017-06-16 17:30:00,0.9606539074960128,0.242455454093765
2017-06-16 17:45:00,0.9606539074960128,0.27820718032387853
2017-06-16 18:00:00,0.9606539074960128,0.3018008804128747
2017-06-16 18:15:00,0.9606539074960128,0.3288095603051191
2017-06-16 18:30:00,0.9606539074960128,0.3480461975777733
2017-06-16 18:45:00,0.9606539074960128,0.36414755448260916
2017-06-16 19:00:00,0.9606539074960128,0.35527799784287567
2017-06-16 19:15:00,0.9606539074960128,0.3709218194800146
2017-06-16 19:30:00,0.9606539074960128,0.3798334592811998
2017-06-16 19:45:00,0.9606539074960128,0.3906531052851977
2017-06-16 20:00:00,0.9606539074960128,0.390317034621657
2017-06-16 20:15:00,0.9606539074960128,0.39891805928347124
2017-06-16 20:30:00,0.9606539074960128,0.4005306417168012
2017-06-16 20:45:00,0.9606539074960128,0.40449971917631744
2017-06-16 21:00:00,0.9606539074960128,0.3931537650051084
2017-06-16 21:15:00,0.9606539074960128,0.4128662534655697
2017-06-16 21:30:00,0.9606539074960128,0.40937937015567033
2017-06-16 21:45:00,0.9606539074960128,0.41019603811662353
2017-06-16 22:00:00,0.9606539074960128,0.4085582396495067
2017-06-16 22:15:00,0.9606539074960128,0.4148414004437435
2017-06-16 22:30:00,0.9606539074960128,0.4170184075759118
2017-06-16 22:45:00,0.9606539074960128,0.423085335175858
2017-06-16 23:00:00,0.9606539074960128,0.4313023035326782
2017-06-16 23:15:00,0.9606539074960128,0.41353429520658014
2017-06-16 23:30:00,0.9606539074960128,0.383228479835896
2017-06-16 23:45:00,0.9606539074960128,0.3556144447569045
2017-06-17 00:00:00,0.9415364167995748,0.36801658706980633
2017-06-17 00:15:00,0.9415364167995748,0.3693813290167576
2017-06-17 00:30:00,0.9415364167995748,0.3717019500807695
2017-06-17 00:45:00,0.9415364167995748,0.37127149257154435
2017-06-17 01:00:00,0.9415364167995748,0.370549818892653
2017-06-17 01:15:00,0.9415364167995748,0.3703698276111833
2017-06-17 01:30:00,0.9415364167995748,0.37136469931251526
2017-06-17 01:45:00,0.9415364167995748,0.3741955050413215
2017-06-17 02:00:00,0.9415364167995748,0.37597065015379
2017-06-17 02:15:00,0.9415364167995748,0.37233596666130736
2017-06-17 02:30:00,0.9415364167995748,0.36096817837405265
2017-06-17 02:45:00,0.9415364167995748,0.3400333541772292
2017-06-17 03:00:00,0.9415364167995748,0.35758713883210946
2017-06-17 03:15:00,0.9415364167995748,0.35415006298834356
2017-06-17 03:30:00,0.9415364167995748,0.3513943952452862
2017-06-17 03:45:00,0.9415364167995748,0.34381044920171017
2017-06-17 04:00:00,0.9415364167995748,0.335880713631911
2017-06-17 04:15:00,0.9415364167995748,0.30814892907393066
2017-06-17 04:30:00,0.9415364167995748,0.27997496688563883
2017-06-17 04:45:00,0.9415364167995748,0.25828570641618437
2017-06-17 05:00:00,0.9415364167995748,0.2218808229286683
2017-06-17 05:15:00,0.9415364167995748,0.18877061608144663
2017-06-17 05:30:00,0.041,0.17617178250529725
2017-06-17 05:45:00,0.041,0.17061442266864185
2017-06-17 06:00:00,0.041,0.16768276083549122
2017-06-17 06:15:00,0.041,0.16608590056531108
2017-06-17 06:30:00,0.041,0.16402897987641699
2017-06-17 06:45:00,0.041,0.16093018544020324
2017-06-17 07:00:00,0.041,0.1597796393455702
2017-06-17 07:15:00,0.041,0.1577397496187935
2017-06-17 07:30:00,0.041,0.15416501590714124
2017-06-17 07:45:00,0.041,0.15186766457100137
2017-06-17 08:00:00,0.041,0.15060465728670977
2017-06-17 08:15:00,0.041,0.15217625332958135
2017-06-17 08:30:00,0.041,0.15056312207413403
2017-06-17 08:45:00,0.041,0.14768536756856643
2017-06-17 09:00:00,0.041,0.15326751537141697
2017-06-17 09:15:00,0.041,0.15272748692885127
2017-06-17 09:30:00,0.041,0.1473024287148257
2017-06-17 09:45:00,0.041,0.14686849386381184
2017-06-17 10:00:00,0.041,0.14755836721326795
2017-06-17 10:15:00,0.041,0.14680125707253974
2017-06-17 10:30:00,0.041,0.14640272816793357
2017-06-17 10:45:00,0.041,0.14753080578241254
2017-06-17 11:00:00,0.041,0.14819652926139398
2017-06-17 11:15:00,0.041,0.14856375543378464
2017-06-17 11:30:00,0.041,0.14978345759596096
2017-06-17 11:45:00,0.041,0.1503331012336461
2017-06-17 12:00:00,0.041,0.15148402229229677
2017-06-17 12:15:00,0.041,0.1524407874979585
2017-06-17 12:30:00,0.041,0.15474254395504955
2017-06-17 12:45:00,0.041,0.15415212561776895
2017-06-17 13:00:00,0.041,0.15370177707564314
2017-06-17 13:15:00,0.041,0.15521166998351116
2017-06-17 13:30:00,0.041,0.1557601541384771
2017-06-17 13:45:00,0.041,0.16352905898335518
2017-06-17 14:00:00,0.041,0.1568591702911581
2017-06-17 14:15:00,0.041,0.15509147449944005
2017-06-17 14:30:00,0.041,0.15499826467718436
2017-06-17 14:45:00,0.041,0.1541885563688146
2017-06-17 15:00:00,0.041,0.15269547258111674
2017-06-17 15:15:00,0.041,0.1528102343720495
2017-06-17 15:30:00,0.041,0.1591683930443669
2017-06-17 15:45:00,0.041,0.16074577316224936
2017-06-17 16:00:00,0.041,0.15249322586395628
2017-06-17 16:15:00,0.041,0.15019541964684188
2017-06-17 16:30:00,0.041,0.1502269369133193
2017-06-17 16:45:00,0.041,0.14909654397932814
2017-06-17 17:00:00,0.041,0.149931024053871
2017-06-17 17:15:00,0.041,0.15417637124818687
2017-06-17 17:30:00,0.9415364167995748,0.18917876837258385
2017-06-17 17:45:00,0.9415364167995748,0.2599530359154392
2017-06-17 18:00:00,0.9415364167995748,0.3165059943789544
2017-06-17 18:15:00,0.9415364167995748,0.3526345500216012
2017-06-17 18:30:00,0.33545454545454545,0.3935521383363816
2017-06-17 18:45:00,0.3417988394584139,0.41523433587463787
2017-06-17 19:00:00,0.3497292069632495,0.4358374048259298
2017-06-17 19:15:00,0.3513152804642166,0.4501560889356628
2017-06-17 19:30:00,0.356073500967118,0.4659412707558354
2017-06-17 19:45:00,0.356073500967118,0.4712465402581798
2017-06-17 20:00:00,0.356073500967118,0.47148038269389
2017-06-17 20:15:00,0.356073500967118,0.4720939945861465
2017-06-17 20:30:00,0.356073500967118,0.4824401120697151
2017-06-17 20:45:00,0.356073500967118,0.48995014338727316
2017-06-17 21:00:00,0.356073500967118,0.4880466036514854
2017-06-17 21:15:00,0.356073500967118,0.49349690067116614
2017-06-17 21:30:00,0.356073500967118,0.49789432055663
2017-06-17 21:45:00,0.356073500967118,0.5205107065073382
2017-06-17 22:00:00,0.356073500967118,0.5193164611723612
2017-06-17 22:15:00,0.356073500967118,0.52500879244969
2017-06-17 22:30:00,0.35448742746615086,0.5306267571108704
2017-06-17 22:45:00,0.35290135396518374,0.5306475394157357
2017-06-17 23:00:00,0.3497292069632495,0.5310414199010032
2017-06-17 23:15:00,0.3481431334622824,0.5347301318651323
2017-06-17 23:30:00,0.34655705996131525,0.5380000489083117
2017-06-17 23:45:00,0.343384912959381,0.5424389265558867
2017-06-18 00:00:00,0.9893301435406698,0.5791943384430033
2017-06-18 00:15:00,0.9893301435406698,0.5750540510779352
2017-06-18 00:30:00,0.9893301435406698,0.5687150674201101
2017-06-18 00:45:00,0.9893301435406698,0.5657846335062255
2017-06-18 01:00:00,0.9893301435406698,0.5604596383898859
2017-06-18 01:15:00,0.9893301435406698,0.5438878980536896
2017-06-18 01:30:00,0.9893301435406698,0.5254214015496984
2017-06-18 01:45:00,0.9893301435406698,0.5076796902584539
2017-06-18 02:00:00,0.9893301435406698,0.49018719687138274
2017-06-18 02:15:00,0.9893301435406698,0.49949215479728837
2017-06-18 02:30:00,0.9893301435406698,0.505245634900537
2017-06-18 02:45:00,0.9893301435406698,0.514834197973005
2017-06-18 03:00:00,0.9893301435406698,0.523195431818185
2017-06-18 03:15:00,0.9893301435406698,0.5273012135394346
2017-06-18 03:30:00,0.9893301435406698,0.5307200876633158
2017-06-18 03:45:00,0.9893301435406698,0.5304200350178508
2017-06-18 04:00:00,0.9893301435406698,0.5335741913162624
2017-06-18 04:15:00,0.9893301435406698,0.4986301646392243
2017-06-18 04:30:00,0.9893301435406698,0.46516913849000374
2017-06-18 04:45:00,0.9893301435406698,0.4311224618406529
2017-06-18 05:00:00,0.9893301435406698,0.401625224917948
2017-06-18 05:15:00,0.9893301435406698,0.3611638559141632
2017-06-18 05:30:00,0.9893301435406698,0.31768283307109696
2017-06-18 05:45:00,0.9893301435406698,0.27689982313156053
2017-06-18 06:00:00,0.041,0.25783782167332725
2017-06-18 06:15:00,0.041,0.2550526937996424
2017-06-18 06:30:00,0.041,0.2508918507251121
2017-06-18 06:45:00,0.041,0.247923648173997
2017-06-18 07:00:00,0.041,0.24574894778002507
2017-06-18 07:15:00,0.041,0.245591031687663
2017-06-18 07:30:00,0.041,0.23985402191115449
2017-06-18 07:45:00,0.041,0.23676457809751056
2017-06-18 08:00:00,0.041,0.2412479467685021
2017-06-18 08:15:00,0.041,0.23381996441726566
2017-06-18 08:30:00,0.041,0.22942417524701886
2017-06-18 08:45:00,0.041,0.22498524044664575
2017-06-18 09:00:00,0.041,0.22209788098348565
2017-06-18 09:15:00,0.041,0.21959785183578567
2017-06-18 09:30:00,0.041,0.21614875911157422
2017-06-18 09:45:00,0.041,0.21563523210655486
2017-06-18 10:00:00,0.041,0.21474826852399886
2017-06-18 10:15:00,0.041,0.22311287987892556
2017-06-18 10:30:00,0.041,0.21561846100910312
2017-06-18 10:45:00,0.041,0.21532179775430715
2017-06-18 11:00:00,0.041,0.21619619885394586
2017-06-18 11:15:00,0.041,0.2145903067388903
2017-06-18 11:30:00,0.041,0.21478430804004534
2017-06-18 11:45:00,0.041,0.21865296517166613
2017-06-18 12:00:00,0.041,0.21891872016641167
2017-06-18 12:15:00,0.041,0.21841530425520578
2017-06-18 12:30:00,0.041,0.21955114791177383
2017-06-18 12:45:00,0.041,0.22295098129569058
2017-06-18 13:00:00,0.041,0.22467527614594743
2017-06-18 13:15:00,0.041,0.22353705125496348
2017-06-18 13:30:00,0.041,0.22579097165203074
2017-06-18 13:45:00,0.041,0.2264536693129768
2017-06-18 14:00:00,0.041,0.22525343182021568
2017-06-18 14:15:00,0.041,0.2232217408519629
2017-06-18 14:30:00,0.041,0.2267854632831156
2017-06-18 14:45:00,0.041,0.22754069242428965
2017-06-18 15:00:00,0.041,0.22577560001905606
2017-06-18 15:15:00,0.041,0.2213596900480053
2017-06-18 15:30:00,0.041,0.21916074481483924
2017-06-18 15:45:00,0.041,0.21887882329501399
2017-06-18 16:00:00,0.041,0.21303690427869976
2017-06-18 16:15:00,0.041,0.21198229897379595
2017-06-18 16:30:00,0.041,0.21078685638171407
2017-06-18 16:45:00,0.041,0.2150813042643659
2017-06-18 17:00:00,0.041,0.2122503502184705
2017-06-18 17:15:00,0.041,0.2082137900532739
2017-06-18 17:30:00,0.041,0.20461349674421167
2017-06-18 17:45:00,0.041,0.20081382122387403
2017-06-18 18:00:00,0.041,0.19846871267339136
2017-06-18 18:15:00,0.041,0.20257608252891202
2017-06-18 18:30:00,0.9893301435406698,0.2620426191298653
2017-06-18 18:45:00,0.9893301435406698,0.31478378345017816
2017-06-18 19:00:00,0.9893301435406698,0.358935624160858
2017-06-18 19:15:00,0.9893301435406698,0.37727217559153636
2017-06-18 19:30:00,0.9893301435406698,0.3945734361395762
2017-06-18 19:45:00,0.9893301435406698,0.4087336805573785
2017-06-18 20:00:00,0.9893301435406698,0.4158915641260041
2017-06-18 20:15:00,0.9893301435406698,0.39894140941475126
2017-06-18 20:30:00,0.9893301435406698,0.40364357585984884
2017-06-18 20:45:00,0.9893301435406698,0.41051520918761397
2017-06-18 21:00:00,0.9893301435406698,0.4124450137733051
2017-06-18 21:15:00,0.9893301435406698,0.39412202559210713
2017-06-18 21:30:00,0.9893301435406698,0.3971554040696192
2017-06-18 21:45:00,0.9893301435406698,0.4096818603625164
2017-06-18 22:00:00,0.9893301435406698,0.43138283594153365
2017-06-18 22:15:00,0.9893301435406698,0.4293603507975747
2017-06-18 22:30:00,0.9893301435406698,0.4362532080039338
2017-06-18 22:45:00,0.9893301435406698,0.4461174453143907
2017-06-18 23:00:00,0.9893301435406698,0.4397162729803165
2017-06-18 23:15:00,0.9893301435406698,0.43496194457584036
2017-06-18 23:30:00,0.9893301435406698,0.42254823261491337
2017-06-18 23:45:00,0.9893301435406698,0.4075254096722084
2017-06-19 00:00:00,0.9988888888888889,0.3945347788958022
2017-06-19 00:15:00,0.9988888888888889,0.39252813559906563
2017-06-19 00:30:00,0.9988888888888889,0.38933472962155957
2017-06-19 00:45:00,0.9988888888888889,0.378966074858639
2017-06-19 01:00:00,0.9988888888888889,0.374726127525407
2017-06-19 01:15:00,0.9988888888888889,0.3672036963339395
2017-06-19 01:30:00,0.9988888888888889,0.36466190939408555
2017-06-19 01:45:00,0.9988888888888889,0.3559907585356354
2017-06-19 02:00:00,0.9988888888888889,0.34719980559478647
2017-06-19 02:15:00,0.9988888888888889,0.3550322779918065
2017-06-19 02:30:00,0.9988888888888889,0.36426932299698117
2017-06-19 02:45:00,0.9988888888888889,0.37302357347448734
2017-06-19 03:00:00,0.9988888888888889,0.38462882551749605
2017-06-19 03:15:00,0.9988888888888889,0.39135629013936657
2017-06-19 03:30:00,0.9988888888888889,0.4041721905371169
2017-06-19 03:45:00,0.9988888888888889,0.4130490426973554
2017-06-19 04:00:00,0.9988888888888889,0.4290941962705742
2017-06-19 04:15:00,0.9988888888888889,0.4156200646204339
2017-06-19 04:30:00,0.9988888888888889,0.40678699161030646
2017-06-19 04:45:00,0.9988888888888889,0.4052288243290128
2017-06-19 05:00:00,0.9988888888888889,0.415105659448458
2017-06-19 05:15:00,0.9988888888888889,0.3933272279222875
2017-06-19 05:30:00,0.9988888888888889,0.36958385767171315
2017-06-19 05:45:00,0.9988888888888889,0.34427482334487036
2017-06-19 06:00:00,0.9988888888888889,0.3202281589585048
2017-06-19 06:15:00,0.9988888888888889,0.30159458085597585
2017-06-19 06:30:00,0.9988888888888889,0.2832497159050838
2017-06-19 06:45:00,0.9988888888888889,0.24627468035312874
2017-06-19 07:00:00,0.9988888888888889,0.2259464141525116
2017-06-19 07:15:00,0.9988888888888889,0.21403347843483364
2017-06-19 07:30:00,0.9988888888888889,0.1971512982948768
2017-06-19 07:45:00,0.041,0.1837612830825104
2017-06-19 08:00:00,0.041,0.18417434220316484
2017-06-19 08:15:00,0.041,0.18349604531183863
2017-06-19 08:30:00,0.041,0.18207025850554676
2017-06-19 08:45:00,0.041,0.18155286430175813
2017-06-19 09:00:00,0.041,0.180225592991403
2017-06-19 09:15:00,0.041,0.17934478276633703
2017-06-19 09:30:00,0.041,0.17844009843117678
2017-06-19 09:45:00,0.041,0.1771882315168194
2017-06-19 10:00:00,0.041,0.1772909512317498
2017-06-19 10:15:00,0.041,0.17745498673199983
2017-06-19 10:30:00,0.041,0.17652652440329092
2017-06-19 10:45:00,0.041,0.17769290157649026
2017-06-19 11:00:00,0.041,0.17767119959883973
2017-06-19 11:15:00,0.041,0.17824089930886583
2017-06-19 11:30:00,0.041,0.1780475821344665
2017-06-19 11:45:00,0.041,0.1775570064823427
2017-06-19 12:00:00,0.041,0.18231610558687675
2017-06-19 12:15:00,0.041,0.18397935742058905
2017-06-19 12:30:00,0.041,0.18443209915789766
2017-06-19 12:45:00,0.041,0.18661259416943823
2017-06-19 13:00:00,0.041,0.1862907815641203
2017-06-19 13:15:00,0.041,0.18060068422554537
2017-06-19 13:30:00,0.041,0.18003607697259372
2017-06-19 13:45:00,0.041,0.18085333022976124
2017-06-19 14:00:00,0.041,0.18136098947937698
2017-06-19 14:15:00,0.041,0.18234209103941643
2017-06-19 14:30:00,0.041,0.18278727133890255
2017-06-19 14:45:00,0.041,0.1838586079419251
2017-06-19 15:00:00,0.041,0.1841110466009709
2017-06-19 15:15:00,0.041,0.18466910252272692
2017-06-19 15:30:00,0.9988888888888889,0.2040131339611995
2017-06-19 15:45:00,0.9988888888888889,0.2350905100085222
2017-06-19 16:00:00,0.9988888888888889,0.26981375462604074
2017-06-19 16:15:00,0.9988888888888889,0.2927328813604993
2017-06-19 16:30:00,0.9988888888888889,0.3126800416360959
2017-06-19 16:45:00,0.9988888888888889,0.3480059886063141
2017-06-19 17:00:00,0.9988888888888889,0.36888881790354633
2017-06-19 17:15:00,0.9988888888888889,0.4089359764585433
2017-06-19 17:30:00,0.9988888888888889,0.438661167978564
2017-06-19 17:45:00,0.33704061895551257,0.46255562533251093
2017-06-19 18:00:00,0.3417988394584139,0.47543135003042153
2017-06-19 18:15:00,0.3497292069632495,0.48467852178417364
2017-06-19 18:30:00,0.3513152804642166,0.49674006995445796
2017-06-19 18:45:00,0.35924564796905223,0.5087360772656595
2017-06-19 19:00:00,0.35924564796905223,0.5162355323279618
2017-06-19 19:15:00,0.35924564796905223,0.5236320996482382
2017-06-19 19:30:00,0.35924564796905223,0.5258637005735792
2017-06-19 19:45:00,0.35924564796905223,0.5349504793573868
2017-06-19 20:00:00,0.35924564796905223,0.5420904746689117
2017-06-19 20:15:00,0.35924564796905223,0.5592444109238606
2017-06-19 20:30:00,0.35924564796905223,0.5610532183704809
2017-06-19 20:45:00,0.35924564796905223,0.5697799962522915
2017-06-19 21:00:00,0.35924564796905223,0.5689359896665043
2017-06-19 21:15:00,0.35924564796905223,0.5769229533404028
2017-06-19 21:30:00,0.35924564796905223,0.5898833408712285
2017-06-19 21:45:00,0.3576595744680851,0.5957502481520826
2017-06-19 22:00:00,0.3576595744680851,0.6029399550021941
2017-06-19 22:15:00,0.34655705996131525,0.6012164194613704
2017-06-19 22:30:00,0.3402127659574468,0.6039419472769408
2017-06-19 22:45:00,0.3386266924564797,0.6031039369261842
2017-06-19 23:00:00,0.33545454545454545,0.6009110192010798
2017-06-19 23:15:00,0.9988888888888889,0.6029959020853956
2017-06-19 23:30:00,0.9988888888888889,0.6033880917642249
2017-06-19 23:45:00,0.9988888888888889,0.6021325671932829
2017-06-20 00:00:00,0.9988888888888889,0.5964683901430228
2017-06-20 00:15:00,0.9988888888888889,0.5996967630286034
2017-06-20 00:30:00,0.9988888888888889,0.6027095588007056
2017-06-20 00:45:00,0.9988888888888889,0.6047145500220841
2017-06-20 01:00:00,0.9988888888888889,0.607059184714745
2017-06-20 01:15:00,0.9988888888888889,0.6071150352277713
2017-06-20 01:30:00,0.9988888888888889,0.608087901222139
2017-06-20 01:45:00,0.9988888888888889,0.6101960356647391
2017-06-20 02:00:00,0.9988888888888889,0.6120073938895758
2017-06-20 02:15:00,0.9988888888888889,0.5729282226107218
2017-06-20 02:30:00,0.9988888888888889,0.5347705704545989
2017-06-20 02:45:00,0.9988888888888889,0.49749077237032147
2017-06-20 03:00:00,0.9988888888888889,0.460931922892064
2017-06-20 03:15:00,0.9988888888888889,0.4828366356310496
2017-06-20 03:30:00,0.9988888888888889,0.5036546837991769
2017-06-20 03:45:00,0.9988888888888889,0.5273721060406608
2017-06-20 04:00:00,0.9988888888888889,0.5518684986450924
2017-06-20 04:15:00,0.9988888888888889,0.5253148879360806
2017-06-20 04:30:00,0.9988888888888889,0.5017583682417307
2017-06-20 04:45:00,0.9988888888888889,0.4859544471670583
2017-06-20 05:00:00,0.9988888888888889,0.4798847380164068
2017-06-20 05:15:00,0.9988888888888889,0.4496576035495211
2017-06-20 05:30:00,0.9988888888888889,0.4192389112675878
2017-06-20 05:45:00,0.9988888888888889,0.3864016499190894
2017-06-20 06:00:00,0.9988888888888889,0.36070855841317256
2017-06-20 06:15:00,0.9988888888888889,0.342837252290452
2017-06-20 06:30:00,0.9988888888888889,0.32301453527763063
2017-06-20 06:45:00,0.9988888888888889,0.30033588050005405
2017-06-20 07:00:00,0.9988888888888889,0.28031761420528956
2017-06-20 07:15:00,0.9988888888888889,0.2675262041574771
2017-06-20 07:30:00,0.9988888888888889,0.24756468395197342
2017-06-20 07:45:00,0.9988888888888889,0.22658801561714398
2017-06-20 08:00:00,0.9988888888888889,0.20421073751727245
2017-06-20 08:15:00,0.9988888888888889,0.18756566396113317
2017-06-20 08:30:00,0.9988888888888889,0.18194678472354095
2017-06-20 08:45:00,0.041,0.17815611001706022
2017-06-20 09:00:00,0.041,0.17725520063912878
2017-06-20 09:15:00,0.041,0.17747224332940112
2017-06-20 09:30:00,0.041,0.17577328169197412
2017-06-20 09:45:00,0.041,0.1761306395216184
2017-06-20 10:00:00,0.041,0.17551087566874898
2017-06-20 10:15:00,0.041,0.174904765967211
2017-06-20 10:30:00,0.041,0.17448587738821586
2017-06-20 10:45:00,0.041,0.17530670538815082
2017-06-20 11:00:00,0.041,0.17583631752512324
2017-06-20 11:15:00,0.041,0.17595878332892304
2017-06-20 11:30:00,0.041,0.175461181561416
2017-06-20 11:45:00,0.041,0.1754345959397433
2017-06-20 12:00:00,0.041,0.17571963887514766
2017-06-20 12:15:00,0.041,0.17738551670590055
2017-06-20 12:30:00,0.041,0.1777251018746963
2017-06-20 12:45:00,0.041,0.18092860338118236
2017-06-20 13:00:00,0.041,0.1824611488225386
2017-06-20 13:15:00,0.041,0.1821424102571281
2017-06-20 13:30:00,0.041,0.1763953310960497
2017-06-20 13:45:00,0.041,0.17632432990989397
2017-06-20 14:00:00,0.041,0.17738134511385642
2017-06-20 14:15:00,0.041,0.17872040965585212
2017-06-20 14:30:00,0.9988888888888889,0.18341872289503613
2017-06-20 14:45:00,0.9988888888888889,0.18663482979291382
2017-06-20 15:00:00,0.9988888888888889,0.18544079419874154
2017-06-20 15:15:00,0.041,0.18046605379253272
2017-06-20 15:30:00,0.9988888888888889,0.18385919996027386
2017-06-20 15:45:00,0.9988888888888889,0.23042373059928123
2017-06-20 16:00:00,0.9988888888888889,0.26880541802123226
2017-06-20 16:15:00,0.9988888888888889,0.28813698992095127
2017-06-20 16:30:00,0.9988888888888889,0.30528394092889644
2017-06-20 16:45:00,0.9988888888888889,0.32644431593839224
2017-06-20 17:00:00,0.9988888888888889,0.34725729487003076
2017-06-20 17:15:00,0.9988888888888889,0.39151908523719525
2017-06-20 17:30:00,0.9988888888888889,0.4301415414428592
2017-06-20 17:45:00,0.3386266924564797,0.45805486120916805
2017-06-20 18:00:00,0.3449709864603482,0.473215805214998
2017-06-20 18:15:00,0.4536363636363636,0.4849233755755678
2017-06-20 18:30:00,0.4536363636363636,0.4825218068270578
2017-06-20 18:45:00,0.34655705996131525,0.48297275408428086
2017-06-20 19:00:00,0.34655705996131525,0.488185297083763
2017-06-20 19:15:00,0.34655705996131525,0.5007129761541546
2017-06-20 19:30:00,0.34655705996131525,0.5046022827647079
2017-06-20 19:45:00,0.34655705996131525,0.5146840896297443
2017-06-20 20:00:00,0.34655705996131525,0.5233476467121337
2017-06-20 20:15:00,0.34655705996131525,0.5333401906866679
2017-06-20 20:30:00,0.34655705996131525,0.5354509957863022
2017-06-20 20:45:00,0.34655705996131525,0.5449581712735408
2017-06-20 21:00:00,0.34655705996131525,0.5499254094251339
2017-06-20 21:15:00,0.34655705996131525,0.5506993260174315
2017-06-20 21:30:00,0.4536363636363636,0.5528193146092211
2017-06-20 21:45:00,0.3417988394584139,0.5515004712913547
2017-06-20 22:00:00,0.33545454545454545,0.5536258117304924
2017-06-20 22:15:00,0.9988888888888889,0.5449617494894449
2017-06-20 22:30:00,0.9988888888888889,0.5357823914660209
2017-06-20 22:45:00,0.9988888888888889,0.5195115953723017
2017-06-20 23:00:00,0.9988888888888889,0.5108725199670521
2017-06-20 23:15:00,0.9988888888888889,0.5177738798428576
2017-06-20 23:30:00,0.9988888888888889,0.5269955603012265
2017-06-20 23:45:00,0.9988888888888889,0.5380125969168424
2017-06-21 00:00:00,0.9988888888888889,0.5504981057739117
2017-06-21 00:15:00,0.9988888888888889,0.5496034340498748
2017-06-21 00:30:00,0.9988888888888889,0.5496314034473183
2017-06-21 00:45:00,0.9988888888888889,0.5505701696962597
2017-06-21 01:00:00,0.9988888888888889,0.5492119332509517
2017-06-21 01:15:00,0.9988888888888889,0.5658599161532939
2017-06-21 01:30:00,0.9988888888888889,0.5834883380371502
2017-06-21 01:45:00,0.9988888888888889,0.601686459422692
2017-06-21 02:00:00,0.9988888888888889,0.6191916542183751
2017-06-21 02:15:00,0.9988888888888889,0.6171165896331048
2017-06-21 02:30:00,0.9988888888888889,0.614799183595513
2017-06-21 02:45:00,0.9988888888888889,0.6111360840976305
2017-06-21 03:00:00,0.9988888888888889,0.6083452072550036
2017-06-21 03:15:00,0.9988888888888889,0.6001962217529399
2017-06-21 03:30:00,0.9988888888888889,0.5932771283346577
2017-06-21 03:45:00,0.9988888888888889,0.5858059909207453
2017-06-21 04:00:00,0.9988888888888889,0.5818690722060461
2017-06-21 04:15:00,0.9988888888888889,0.5689381979772974
2017-06-21 04:30:00,0.9988888888888889,0.5600519265777573
2017-06-21 04:45:00,0.9988888888888889,0.5529705966984906
2017-06-21 05:00:00,0.9988888888888889,0.5568184947442144
2017-06-21 05:15:00,0.9988888888888889,0.5390115290018812
2017-06-21 05:30:00,0.9988888888888889,0.5216635914323301
2017-06-21 05:45:00,0.9988888888888889,0.503517348760407
2017-06-21 06:00:00,0.9988888888888889,0.48608149115959115
2017-06-21 06:15:00,0.9988888888888889,0.47295396128324374
2017-06-21 06:30:00,0.9988888888888889,0.4585766615896971
2017-06-21 06:45:00,0.9988888888888889,0.44448344061944783
2017-06-21 07:00:00,0.9988888888888889,0.4286889791460346
2017-06-21 07:15:00,0.9988888888888889,0.4218029554820978
2017-06-21 07:30:00,0.9988888888888889,0.4132097270616086
2017-06-21 07:45:00,0.9988888888888889,0.40483542970670433
2017-06-21 08:00:00,0.9988888888888889,0.39081942407923975
2017-06-21 08:15:00,0.9988888888888889,0.36299972953606574
2017-06-21 08:30:00,0.9988888888888889,0.34548935464109587
2017-06-21 08:45:00,0.9988888888888889,0.32493610645484744
2017-06-21 09:00:00,0.9988888888888889,0.3012477134674373
2017-06-21 09:15:00,0.9988888888888889,0.28924373451862095
2017-06-21 09:30:00,0.9988888888888889,0.2811479967150947
2017-06-21 09:45:00,0.9988888888888889,0.28039324113891073
2017-06-21 10:00:00,0.9988888888888889,0.2821716609297831
2017-06-21 10:15:00,0.9988888888888889,0.29522491630364595
2017-06-21 10:30:00,0.9988888888888889,0.3229259686695264
2017-06-21 10:45:00,0.9988888888888889,0.349980006232051
2017-06-21 11:00:00,0.9988888888888889,0.3756008788895362
2017-06-21 11:15:00,0.9988888888888889,0.3572538871353026
2017-06-21 11:30:00,0.9988888888888889,0.3440974477985969
2017-06-21 11:45:00,0.9988888888888889,0.32600879723871273
2017-06-21 12:00:00,0.9988888888888889,0.3074361980607316
2017-06-21 12:15:00,0.9988888888888889,0.2867015631048902
2017-06-21 12:30:00,0.9988888888888889,0.279224424427479
2017-06-21 12:45:00,0.9988888888888889,0.2820550494981919
2017-06-21 13:00:00,0.9988888888888889,0.2799350276022541
2017-06-21 13:15:00,0.9988888888888889,0.2807507738698373
2017-06-21 13:30:00,0.9988888888888889,0.2829967768365363
2017-06-21 13:45:00,0.9988888888888889,0.2821433502132881
2017-06-21 14:00:00,0.9988888888888889,0.2852587289658628
2017-06-21 14:15:00,0.9988888888888889,0.2848495452222472
2017-06-21 14:30:00,0.9988888888888889,0.28372942712106825
2017-06-21 14:45:00,0.9988888888888889,0.2852378411960458
2017-06-21 15:00:00,0.9988888888888889,0.2850598852533011
2017-06-21 15:15:00,0.9988888888888889,0.29006951638862694
2017-06-21 15:30:00,0.9988888888888889,0.302392647240687
2017-06-21 15:45:00,0.9988888888888889,0.3200356386351354
2017-06-21 16:00:00,0.9988888888888889,0.3359617454127467
2017-06-21 16:15:00,0.9988888888888889,0.33654832870918905
2017-06-21 16:30:00,0.9988888888888889,0.3338980515381309
2017-06-21 16:45:00,0.9988888888888889,0.33048897581386893
2017-06-21 17:00:00,0.9988888888888889,0.33188951189293736
2017-06-21 17:15:00,0.9988888888888889,0.36758083545426684
2017-06-21 17:30:00,0.9988888888888889,0.4086831509228213
2017-06-21 17:45:00,0.9988888888888889,0.4495090652569652
2017-06-21 18:00:00,0.4536363636363636,0.47265668907441366
2017-06-21 18:15:00,0.3417988394584139,0.47296031517239173
2017-06-21 18:30:00,0.3417988394584139,0.4764966492042445
2017-06-21 18:45:00,0.3417988394584139,0.48201276386413366
2017-06-21 19:00:00,0.4536363636363636,0.5225508939951059
2017-06-21 19:15:00,0.3417988394584139,0.49867084367732417
2017-06-21 19:30:00,0.3417988394584139,0.5052881217329891
2017-06-21 19:45:00,0.3417988394584139,0.5165094155095966
2017-06-21 20:00:00,0.3417988394584139,0.5218521732830668
2017-06-21 20:15:00,0.3417988394584139,0.5255570161861308
2017-06-21 20:30:00,0.4536363636363636,0.536546731151504
2017-06-21 20:45:00,0.3417988394584139,0.5373471875325411
2017-06-21 21:00:00,0.3417988394584139,0.5368722058751818
2017-06-21 21:15:00,0.3386266924564797,0.5395573079230678
2017-06-21 21:30:00,0.33545454545454545,0.5398849821478225
2017-06-21 21:45:00,0.9988888888888889,0.5357398694955431
2017-06-21 22:00:00,0.9988888888888889,0.5202599833578377
2017-06-21 22:15:00,0.9988888888888889,0.5286948309209194
2017-06-21 22:30:00,0.9988888888888889,0.5329618607295646
2017-06-21 22:45:00,0.9988888888888889,0.5398514629110699
2017-06-21 23:00:00,0.9988888888888889,0.5462058278449814
2017-06-21 23:15:00,0.9988888888888889,0.5353354564044018
2017-06-21 23:30:00,0.9988888888888889,0.5223974089305321
2017-06-21 23:45:00,0.9988888888888889,0.5057886918946338
2017-06-22 00:00:00,0.9988888888888889,0.4912039148222589
2017-06-22 00:15:00,0.9988888888888889,0.486152042367556
2017-06-22 00:30:00,0.9988888888888889,0.4819665383632967
2017-06-22 00:45:00,0.9988888888888889,0.474741145092776
2017-06-22 01:00:00,0.9988888888888889,0.4682294819879155
2017-06-22 01:15:00,0.9988888888888889,0.4649095974944005
2017-06-22 01:30:00,0.9988888888888889,0.46218757914924347
2017-06-22 01:45:00,0.9988888888888889,0.4617482520256043
2017-06-22 02:00:00,0.9988888888888889,0.46125768868221423
2017-06-22 02:15:00,0.9988888888888889,0.4568793342089093
2017-06-22 02:30:00,0.9988888888888889,0.45276386893204973
2017-06-22 02:45:00,0.9988888888888889,0.44725957143461426
2017-06-22 03:00:00,0.9988888888888889,0.44236713525066695
2017-06-22 03:15:00,0.9988888888888889,0.45532986463929714
2017-06-22 03:30:00,0.9988888888888889,0.4650071343462301
2017-06-22 03:45:00,0.9988888888888889,0.47520858303830665
2017-06-22 04:00:00,0.9988888888888889,0.4898654136675948
2017-06-22 04:15:00,0.9988888888888889,0.46855691008400185
2017-06-22 04:30:00,0.9988888888888889,0.45277801967160386
2017-06-22 04:45:00,0.9988888888888889,0.442689904734707
2017-06-22 05:00:00,0.9988888888888889,0.4404627378911919
2017-06-22 05:15:00,0.9988888888888889,0.42136529171502823
2017-06-22 05:30:00,0.9988888888888889,0.4022501162327454
2017-06-22 05:45:00,0.9988888888888889,0.3830708439976041
2017-06-22 06:00:00,0.9988888888888889,0.3647877929043902
2017-06-22 06:15:00,0.9988888888888889,0.3445313399385703
2017-06-22 06:30:00,0.9988888888888889,0.3230712277448755
2017-06-22 06:45:00,0.9988888888888889,0.2986614397585379
2017-06-22 07:00:00,0.9988888888888889,0.27703123310226274
2017-06-22 07:15:00,0.9988888888888889,0.2638783890279758
2017-06-22 07:30:00,0.9988888888888889,0.2481788509811004
2017-06-22 07:45:00,0.9988888888888889,0.23122478519182954
2017-06-22 08:00:00,0.9988888888888889,0.20942654918300035
2017-06-22 08:15:00,0.9988888888888889,0.20061792402068776
2017-06-22 08:30:00,0.9988888888888889,0.19736171039786363
2017-06-22 08:45:00,0.9988888888888889,0.19747471676076322
2017-06-22 09:00:00,0.9988888888888889,0.19449142578691303
2017-06-22 09:15:00,0.9988888888888889,0.2019269624933256
2017-06-22 09:30:00,0.9988888888888889,0.20735722283966027
2017-06-22 09:45:00,0.9988888888888889,0.21956859058433165
2017-06-22 10:00:00,0.9988888888888889,0.2300297091602385
2017-06-22 10:15:00,0.9988888888888889,0.21478606560087635
2017-06-22 10:30:00,0.9988888888888889,0.1993893630414303
2017-06-22 10:45:00,0.9988888888888889,0.18573210573878263
2017-06-22 11:00:00,0.9988888888888889,0.1814967463689707
2017-06-22 11:15:00,0.9988888888888889,0.172609508389313
2017-06-22 11:30:00,0.9988888888888889,0.17241414783663936
2017-06-22 11:45:00,0.9988888888888889,0.17395347443106937
2017-06-22 12:00:00,0.9988888888888889,0.1750327080815898
2017-06-22 12:15:00,0.9988888888888889,0.17469456990415125
2017-06-22 12:30:00,0.9988888888888889,0.17576471483168263
2017-06-22 12:45:00,0.9988888888888889,0.1758569509617431
2017-06-22 13:00:00,0.9988888888888889,0.1750151053672915
2017-06-22 13:15:00,0.9988888888888889,0.17894214645066245
2017-06-22 13:30:00,0.9988888888888889,0.19619171131770147
2017-06-22 13:45:00,0.9988888888888889,0.23333981529638634
2017-06-22 14:00:00,0.9988888888888889,0.26880189947322775
2017-06-22 14:15:00,0.9988888888888889,0.25752960938500247
2017-06-22 14:30:00,0.9988888888888889,0.24672766839208224
2017-06-22 14:45:00,0.9988888888888889,0.23649203890193335
2017-06-22 15:00:00,0.9988888888888889,0.22796359426070906
2017-06-22 15:15:00,0.9988888888888889,0.2569065344359143
2017-06-22 15:30:00,0.9988888888888889,0.28406184074513263
2017-06-22 15:45:00,0.9988888888888889,0.32232161601545833
2017-06-22 16:00:00,0.9988888888888889,0.3602897032001341
2017-06-22 16:15:00,0.9988888888888889,0.38269415616967745
2017-06-22 16:30:00,0.9988888888888889,0.4154065941163491
2017-06-22 16:45:00,0.9988888888888889,0.4357131279306681
2017-06-22 17:00:00,0.33704061895551257,0.4513178682161929
2017-06-22 17:15:00,0.343384912959381,0.46308578182581633
2017-06-22 17:30:00,0.356073500967118,0.472064921537009
2017-06-22 17:45:00,0.3640038684719536,0.48258290343064186
2017-06-22 18:00:00,0.4536363636363636,0.497240762365882
2017-06-22 18:15:00,0.4536363636363636,0.49882802348750405
2017-06-22 18:30:00,0.36558994197292066,0.5003630107081402
2017-06-22 18:45:00,0.36558994197292066,0.4979617723423682
2017-06-22 19:00:00,0.36558994197292066,0.5096259770013796
2017-06-22 19:15:00,0.36558994197292066,0.5142068091465749
2017-06-22 19:30:00,0.36558994197292066,0.527368604792957
2017-06-22 19:45:00,0.36558994197292066,0.5332914174480919
2017-06-22 20:00:00,0.36558994197292066,0.5402214147573794
2017-06-22 20:15:00,0.36558994197292066,0.5488710653933814
2017-06-22 20:30:00,0.36558994197292066,0.56237885583136
2017-06-22 20:45:00,0.36558994197292066,0.5728100580480665
2017-06-22 21:00:00,0.3640038684719536,0.5713479947732116
2017-06-22 21:15:00,0.35924564796905223,0.5704503043861231
2017-06-22 21:30:00,0.356073500967118,0.5690687931719147
2017-06-22 21:45:00,0.3513152804642166,0.5703490349889108
2017-06-22 22:00:00,0.3449709864603482,0.5661602124016792
2017-06-22 22:15:00,0.4536363636363636,0.5600729718345501
2017-06-22 22:30:00,0.9988888888888889,0.5473666023579479
2017-06-22 22:45:00,0.9988888888888889,0.5426853256103525
2017-06-22 23:00:00,0.9988888888888889,0.5577833184348945
2017-06-22 23:15:00,0.9988888888888889,0.5580116639878769
2017-06-22 23:30:00,0.9988888888888889,0.5544514561364804
2017-06-22 23:45:00,0.9988888888888889,0.5657889310176765
2017-06-23 00:00:00,0.33545454545454545,0.5958545545617665
2017-06-23 00:15:00,0.33545454545454545,0.5957979923754413
2017-06-23 00:30:00,0.33545454545454545,0.6113272064471408
2017-06-23 00:45:00,0.33545454545454545,0.6207207786889968
2017-06-23 01:00:00,0.33545454545454545,0.61771658094347
2017-06-23 01:15:00,0.33545454545454545,0.619532300822327
2017-06-23 01:30:00,0.33545454545454545,0.62282808745767
2017-06-23 01:45:00,0.33545454545454545,0.623811119015485
2017-06-23 02:00:00,0.33545454545454545,0.618839967987266
2017-06-23 02:15:00,0.33545454545454545,0.6185563025852167
2017-06-23 02:30:00,0.33545454545454545,0.6229442601575551
2017-06-23 02:45:00,0.33545454545454545,0.6183292446015808
2017-06-23 03:00:00,0.33704061895551257,0.6195325661876986
2017-06-23 03:15:00,0.33704061895551257,0.6121806637593283
2017-06-23 03:30:00,0.33704061895551257,0.6066676609845562
2017-06-23 03:45:00,0.33704061895551257,0.6023614202573536
2017-06-23 04:00:00,0.33704061895551257,0.5959445166859562
2017-06-23 04:15:00,0.33704061895551257,0.5983669710002925
2017-06-23 04:30:00,0.33704061895551257,0.5887894369639882
2017-06-23 04:45:00,0.33704061895551257,0.5775801192814694
2017-06-23 05:00:00,0.33704061895551257,0.5486238320487418
2017-06-23 05:15:00,0.33704061895551257,0.527262063598302
2017-06-23 05:30:00,0.33704061895551257,0.5148873638427369
2017-06-23 05:45:00,0.33704061895551257,0.5044585167512672
2017-06-23 06:00:00,0.33704061895551257,0.49097332890246825
2017-06-23 06:15:00,0.33545454545454545,0.48269822591674827
2017-06-23 06:30:00,0.9988888888888889,0.45362391928091855
2017-06-23 06:45:00,0.9988888888888889,0.4183540506089462
2017-06-23 07:00:00,0.9988888888888889,0.3884375915214695
2017-06-23 07:15:00,0.9988888888888889,0.37735672604413206
2017-06-23 07:30:00,0.9988888888888889,0.35830378313781414
2017-06-23 07:45:00,0.9988888888888889,0.340342804873398
2017-06-23 08:00:00,0.9988888888888889,0.31753364456858907
2017-06-23 08:15:00,0.9988888888888889,0.30113624593691996
2017-06-23 08:30:00,0.9988888888888889,0.28963005679976206
2017-06-23 08:45:00,0.9988888888888889,0.27765523455214763
2017-06-23 09:00:00,0.9988888888888889,0.2607616159654747
2017-06-23 09:15:00,0.9988888888888889,0.24257424858419657
2017-06-23 09:30:00,0.9988888888888889,0.23513449921172344
2017-06-23 09:45:00,0.9988888888888889,0.2182099745320145
2017-06-23 10:00:00,0.9988888888888889,0.19039009277762586
2017-06-23 10:15:00,0.9988888888888889,0.18630486834298837
2017-06-23 10:30:00,0.9988888888888889,0.1798451248412195
2017-06-23 10:45:00,0.9988888888888889,0.18493889141335182
2017-06-23 11:00:00,0.9988888888888889,0.17604759538730388
2017-06-23 11:15:00,0.9988888888888889,0.17285737736893272
2017-06-23 11:30:00,0.9988888888888889,0.17639244191221698
2017-06-23 11:45:00,0.9988888888888889,0.18832473972213462
2017-06-23 12:00:00,0.9988888888888889,0.20284632255996488
2017-06-23 12:15:00,0.9988888888888889,0.1814219608671605
2017-06-23 12:30:00,0.9988888888888889,0.18849122574957097
2017-06-23 12:45:00,0.9988888888888889,0.1786122822034674
2017-06-23 13:00:00,0.9988888888888889,0.1776743871658662
2017-06-23 13:15:00,0.9988888888888889,0.17575955959919035
2017-06-23 13:30:00,0.9988888888888889,0.17497836304050912
2017-06-23 13:45:00,0.9988888888888889,0.1784450944361725
2017-06-23 14:00:00,0.9988888888888889,0.18675913149455914
2017-06-23 14:15:00,0.9988888888888889,0.1952858721070475
2017-06-23 14:30:00,0.9988888888888889,0.21463979106630152
2017-06-23 14:45:00,0.9988888888888889,0.22725892029865474
2017-06-23 15:00:00,0.9988888888888889,0.2583239666444258
2017-06-23 15:15:00,0.9988888888888889,0.2811572072126286
2017-06-23 15:30:00,0.9988888888888889,0.3091363324159983
2017-06-23 15:45:00,0.9988888888888889,0.33582798232201944
2017-06-23 16:00:00,0.9988888888888889,0.3718557226035076
2017-06-23 16:15:00,0.9988888888888889,0.3886715871742807
2017-06-23 16:30:00,0.9988888888888889,0.40442342347521687
2017-06-23 16:45:00,0.9988888888888889,0.41746361489427475
2017-06-23 17:00:00,0.9988888888888889,0.4303662521083118
2017-06-23 17:15:00,0.9988888888888889,0.4402098544246295
2017-06-23 17:30:00,0.9988888888888889,0.45190793788014183
2017-06-23 17:45:00,0.33545454545454545,0.45654410240292126
2017-06-23 18:00:00,0.3386266924564797,0.4608322340064519
2017-06-23 18:15:00,0.3417988394584139,0.4709152338099891
2017-06-23 18:30:00,0.343384912959381,0.4714784531808531
2017-06-23 18:45:00,0.343384912959381,0.4741354727468208
2017-06-23 19:00:00,0.343384912959381,0.48588408612466033
2017-06-23 19:15:00,0.4536363636363636,0.5183827339743955
2017-06-23 19:30:00,0.343384912959381,0.5016727515434761
2017-06-23 19:45:00,0.343384912959381,0.519702072878429
2017-06-23 20:00:00,0.343384912959381,0.5323081111728898
2017-06-23 20:15:00,0.343384912959381,0.5274863070070795
2017-06-23 20:30:00,0.343384912959381,0.5454171400403809
2017-06-23 20:45:00,0.343384912959381,0.5628226728967558
2017-06-23 21:00:00,0.343384912959381,0.5568040040106128
2017-06-23 21:15:00,0.343384912959381,0.5568706654405698
2017-06-23 21:30:00,0.343384912959381,0.5644595433374128
2017-06-23 21:45:00,0.343384912959381,0.5718918848450253
2017-06-23 22:00:00,0.343384912959381,0.5860330308527869
2017-06-23 22:15:00,0.343384912959381,0.5911522050561975
2017-06-23 22:30:00,0.3402127659574468,0.5924033281244993
2017-06-23 22:45:00,0.9988888888888889,0.5935270949718604
2017-06-23 23:00:00,0.9988888888888889,0.5728244377293398
2017-06-23 23:15:00,0.9988888888888889,0.573482544899481
2017-06-23 23:30:00,0.9988888888888889,0.5785682282987155
2017-06-23 23:45:00,0.9988888888888889,0.5825988457113296
2017-06-24 00:00:00,0.3402127659574468,0.5783954680124219
2017-06-24 00:15:00,0.3402127659574468,0.5799870713340812
2017-06-24 00:30:00,0.3402127659574468,0.5837624788838548
2017-06-24 00:45:00,0.3386266924564797,0.5885438475511393
2017-06-24 01:00:00,0.3386266924564797,0.5888965605857605
2017-06-24 01:15:00,0.33704061895551257,0.5884160701620913
2017-06-24 01:30:00,0.33704061895551257,0.5879704734385627
2017-06-24 01:45:00,0.33704061895551257,0.5850061670165968
2017-06-24 02:00:00,0.33545454545454545,0.5862695609004982
2017-06-24 02:15:00,0.33545454545454545,0.5803707072136843
2017-06-24 02:30:00,0.979771398192451,0.5796983942939142
2017-06-24 02:45:00,0.979771398192451,0.5769985186127573
2017-06-24 03:00:00,0.979771398192451,0.5722209864506499
2017-06-24 03:15:00,0.979771398192451,0.5758159704305394
2017-06-24 03:30:00,0.979771398192451,0.5806001967390807
2017-06-24 03:45:00,0.979771398192451,0.5848561352017798
2017-06-24 04:00:00,0.979771398192451,0.5890510173875453
2017-06-24 04:15:00,0.979771398192451,0.5730120824690428
2017-06-24 04:30:00,0.979771398192451,0.5566968357723557
2017-06-24 04:45:00,0.979771398192451,0.5477919868150539
2017-06-24 05:00:00,0.979771398192451,0.540330874976716
2017-06-24 05:15:00,0.979771398192451,0.5175480809699692
2017-06-24 05:30:00,0.979771398192451,0.4967653863629939
2017-06-24 05:45:00,0.979771398192451,0.47665764933635135
2017-06-24 06:00:00,0.979771398192451,0.4608103943003165
2017-06-24 06:15:00,0.979771398192451,0.42013772923810094
2017-06-24 06:30:00,0.979771398192451,0.3843265333210871
2017-06-24 06:45:00,0.979771398192451,0.3460612227966913
2017-06-24 07:00:00,0.979771398192451,0.308324494535871
2017-06-24 07:15:00,0.979771398192451,0.2799268364415501
2017-06-24 07:30:00,0.979771398192451,0.23850917555181106
2017-06-24 07:45:00,0.979771398192451,0.20011588526561883
2017-06-24 08:00:00,0.041,0.18756884164494841
2017-06-24 08:15:00,0.041,0.18636489431397793
2017-06-24 08:30:00,0.041,0.18506064769487784
2017-06-24 08:45:00,0.041,0.18416041832319982
2017-06-24 09:00:00,0.041,0.183087879917689
2017-06-24 09:15:00,0.041,0.1822963882904524
2017-06-24 09:30:00,0.041,0.18090035653538108
2017-06-24 09:45:00,0.041,0.18056322670863234
2017-06-24 10:00:00,0.041,0.18733564025394364
2017-06-24 10:15:00,0.041,0.1815356065201839
2017-06-24 10:30:00,0.041,0.18673888685587733
2017-06-24 10:45:00,0.041,0.18696036535089966
2017-06-24 11:00:00,0.041,0.18117992038784855
2017-06-24 11:15:00,0.041,0.18191385278880776
2017-06-24 11:30:00,0.041,0.1886421920081557
2017-06-24 11:45:00,0.041,0.18274496681055413
2017-06-24 12:00:00,0.041,0.1845295761141058
2017-06-24 12:15:00,0.041,0.18502786534217647
2017-06-24 12:30:00,0.041,0.18514366923222259
2017-06-24 12:45:00,0.041,0.184913480718563
2017-06-24 13:00:00,0.041,0.18441946126648454
2017-06-24 13:15:00,0.041,0.1859421391668447
2017-06-24 13:30:00,0.041,0.19396125512869947
2017-06-24 13:45:00,0.041,0.18693504911581235
2017-06-24 14:00:00,0.041,0.18711000205593026
2017-06-24 14:15:00,0.041,0.18828413787959886
2017-06-24 14:30:00,0.041,0.18862638088207292
2017-06-24 14:45:00,0.041,0.18897843776622428
2017-06-24 15:00:00,0.041,0.18943550315462535
2017-06-24 15:15:00,0.041,0.18931403367627733
2017-06-24 15:30:00,0.041,0.18739779411774285
2017-06-24 15:45:00,0.041,0.18796596013501904
2017-06-24 16:00:00,0.041,0.1861868237026785
2017-06-24 16:15:00,0.041,0.18406535848286476
2017-06-24 16:30:00,0.041,0.1844694039014486
2017-06-24 16:45:00,0.041,0.18247200595111845
2017-06-24 17:00:00,0.979771398192451,0.2121064537968003
2017-06-24 17:15:00,0.979771398192451,0.23214423999458694
2017-06-24 17:30:00,0.979771398192451,0.2628758224950683
2017-06-24 17:45:00,0.979771398192451,0.27915003762739715
2017-06-24 18:00:00,0.979771398192451,0.3048914543527956
2017-06-24 18:15:00,0.979771398192451,0.3567420563666159
2017-06-24 18:30:00,0.979771398192451,0.39968755995818794
2017-06-24 18:45:00,0.979771398192451,0.43388675277079736
2017-06-24 19:00:00,0.33545454545454545,0.4584957389377403
2017-06-24 19:15:00,0.33545454545454545,0.48963798674914927
2017-06-24 19:30:00,0.33545454545454545,0.5113319093417978
2017-06-24 19:45:00,0.33545454545454545,0.5083883818569503
2017-06-24 20:00:00,0.33545454545454545,0.5182385771500659
2017-06-24 20:15:00,0.33545454545454545,0.5281965997515196
2017-06-24 20:30:00,0.33545454545454545,0.5415283709430048
2017-06-24 20:45:00,0.33545454545454545,0.5310733962098323
2017-06-24 21:00:00,0.33545454545454545,0.5376782619672584
2017-06-24 21:15:00,0.33545454545454545,0.5507474178834082
2017-06-24 21:30:00,0.33545454545454545,0.5347379701915249
2017-06-24 21:45:00,0.33545454545454545,0.5473210255661253
2017-06-24 22:00:00,0.33545454545454545,0.560782599790344
2017-06-24 22:15:00,0.33545454545454545,0.5598291001977347
2017-06-24 22:30:00,0.33545454545454545,0.5754994093776793
2017-06-24 22:45:00,0.979771398192451,0.5638711302349275
2017-06-24 23:00:00,0.979771398192451,0.5613716265715688
2017-06-24 23:15:00,0.979771398192451,0.541759499576672
2017-06-24 23:30:00,0.979771398192451,0.5211321397876101
2017-06-24 23:45:00,0.979771398192451,0.5087952330092739
2017-06-25 00:00:00,0.979771398192451,0.5002621238969922
2017-06-25 00:15:00,0.979771398192451,0.5070310359024433
2017-06-25 00:30:00,0.979771398192451,0.512028399922179
2017-06-25 00:45:00,0.979771398192451,0.5129861952953158
2017-06-25 01:00:00,0.979771398192451,0.5191339214482555
2017-06-25 01:15:00,0.979771398192451,0.521566333509477
2017-06-25 01:30:00,0.979771398192451,0.5262914489910158
2017-06-25 01:45:00,0.979771398192451,0.5304920021339538
2017-06-25 02:00:00,0.979771398192451,0.5351469584449835
2017-06-25 02:15:00,0.979771398192451,0.5315099537574967
2017-06-25 02:30:00,0.979771398192451,0.5278648993620603
2017-06-25 02:45:00,0.979771398192451,0.5252187923806496
2017-06-25 03:00:00,0.979771398192451,0.5243996472277175
2017-06-25 03:15:00,0.979771398192451,0.5294342521684899
2017-06-25 03:30:00,0.979771398192451,0.5281152373019427
2017-06-25 03:45:00,0.979771398192451,0.5307316928411173
2017-06-25 04:00:00,0.979771398192451,0.5319895002366888
2017-06-25 04:15:00,0.979771398192451,0.5091636729880561
2017-06-25 04:30:00,0.979771398192451,0.48858215674163963
2017-06-25 04:45:00,0.979771398192451,0.47082293378980566
2017-06-25 05:00:00,0.979771398192451,0.4594465032508093
2017-06-25 05:15:00,0.979771398192451,0.4046816369343031
2017-06-25 05:30:00,0.979771398192451,0.351299896028946
2017-06-25 05:45:00,0.979771398192451,0.30577561274674836
2017-06-25 06:00:00,0.979771398192451,0.2613261257810845
2017-06-25 06:15:00,0.041,0.24097226218763548
2017-06-25 06:30:00,0.041,0.23780329694792235
2017-06-25 06:45:00,0.041,0.23491159243738827
2017-06-25 07:00:00,0.041,0.2309855568367189
2017-06-25 07:15:00,0.041,0.2333065729895618
2017-06-25 07:30:00,0.041,0.2287381874585922
2017-06-25 07:45:00,0.041,0.22235583433043485
2017-06-25 08:00:00,0.041,0.21869110995100152
2017-06-25 08:15:00,0.041,0.21966898280943553
2017-06-25 08:30:00,0.041,0.21527703621558672
2017-06-25 08:45:00,0.041,0.21134338326012803
2017-06-25 09:00:00,0.041,0.20861045982817206
2017-06-25 09:15:00,0.041,0.2086695597319397
2017-06-25 09:30:00,0.041,0.20802421789377193
2017-06-25 09:45:00,0.041,0.2070286111929049
2017-06-25 10:00:00,0.041,0.20465304492048056
2017-06-25 10:15:00,0.041,0.20154219129347098
2017-06-25 10:30:00,0.041,0.19948229882000645
2017-06-25 10:45:00,0.041,0.1985427165001591
2017-06-25 11:00:00,0.041,0.19911587908126752
2017-06-25 11:15:00,0.041,0.19695559680360894
2017-06-25 11:30:00,0.041,0.19749767718302857
2017-06-25 11:45:00,0.041,0.20513756925586582
2017-06-25 12:00:00,0.041,0.2054508494245479
2017-06-25 12:15:00,0.041,0.20740726538860163
2017-06-25 12:30:00,0.041,0.20201337246547968
2017-06-25 12:45:00,0.041,0.20194249312149787
2017-06-25 13:00:00,0.041,0.2100021487869035
2017-06-25 13:15:00,0.041,0.20332975611747514
2017-06-25 13:30:00,0.041,0.20442356436872364
2017-06-25 13:45:00,0.041,0.21195667685694244
2017-06-25 14:00:00,0.041,0.20647325667481078
2017-06-25 14:15:00,0.041,0.208492342144239
2017-06-25 14:30:00,0.041,0.20935501889775612
2017-06-25 14:45:00,0.041,0.20842068678241688
2017-06-25 15:00:00,0.041,0.20854750606985795
2017-06-25 15:15:00,0.041,0.20622419332568132
2017-06-25 15:30:00,0.041,0.20199658879411186
2017-06-25 15:45:00,0.041,0.19965917084003074
2017-06-25 16:00:00,0.041,0.1953478674937065
2017-06-25 16:15:00,0.041,0.19487430630432723
2017-06-25 16:30:00,0.041,0.1942132821490869
2017-06-25 16:45:00,0.041,0.19448854721269476
2017-06-25 17:00:00,0.041,0.19109784261975127
2017-06-25 17:15:00,0.041,0.19081972327141863
2017-06-25 17:30:00,0.979771398192451,0.26316920502732477
2017-06-25 17:45:00,0.979771398192451,0.3016391210373326
2017-06-25 18:00:00,0.979771398192451,0.34576865716189054
2017-06-25 18:15:00,0.979771398192451,0.378652668639433
2017-06-25 18:30:00,0.979771398192451,0.40018339604919
2017-06-25 18:45:00,0.979771398192451,0.4280704625242069
2017-06-25 19:00:00,0.979771398192451,0.4500144434710117
2017-06-25 19:15:00,0.979771398192451,0.4679374322668435
2017-06-25 19:30:00,0.979771398192451,0.49450008225842024
2017-06-25 19:45:00,0.979771398192451,0.5102122281565759
2017-06-25 20:00:00,0.979771398192451,0.5303431650235786
2017-06-25 20:15:00,0.979771398192451,0.530077021781752
2017-06-25 20:30:00,0.979771398192451,0.5303250961028728
2017-06-25 20:45:00,0.979771398192451,0.5379442255317369
2017-06-25 21:00:00,0.979771398192451,0.5372574670244652
2017-06-25 21:15:00,0.979771398192451,0.5403582135466474
2017-06-25 21:30:00,0.979771398192451,0.5285054108778647
2017-06-25 21:45:00,0.979771398192451,0.5373171803329002
2017-06-25 22:00:00,0.979771398192451,0.5637984145322045
2017-06-25 22:15:00,0.979771398192451,0.5726417352888729
2017-06-25 22:30:00,0.979771398192451,0.5831934383720563
2017-06-25 22:45:00,0.979771398192451,0.5941205138970923
2017-06-25 23:00:00,0.979771398192451,0.596181143931904
2017-06-25 23:15:00,0.979771398192451,0.6047590850254618
2017-06-25 23:30:00,0.979771398192451,0.6132859941991671
2017-06-25 23:45:00,0.979771398192451,0.6208626989513485
2017-06-26 00:00:00,0.9988888888888889,0.6212160215239365
2017-06-26 00:15:00,0.9988888888888889,0.6248508235082864
2017-06-26 00:30:00,0.9988888888888889,0.6262380114347672
2017-06-26 00:45:00,0.9988888888888889,0.6362579137877996
2017-06-26 01:00:00,0.9988888888888889,0.6383013212472785
2017-06-26 01:15:00,0.9988888888888889,0.6276401492255089
2017-06-26 01:30:00,0.9988888888888889,0.6263291831436837
2017-06-26 01:45:00,0.9988888888888889,0.6250985810554767
2017-06-26 02:00:00,0.9988888888888889,0.6258019764418644
2017-06-26 02:15:00,0.9988888888888889,0.6345235995402643
2017-06-26 02:30:00,0.9988888888888889,0.6323290607791914
2017-06-26 02:45:00,0.9988888888888889,0.6187223644329393
2017-06-26 03:00:00,0.9988888888888889,0.6153339477903844
2017-06-26 03:15:00,0.9988888888888889,0.6134518088480261
2017-06-26 03:30:00,0.9988888888888889,0.6103017288619762
2017-06-26 03:45:00,0.9988888888888889,0.6124515060616146
2017-06-26 04:00:00,0.9988888888888889,0.6096351511920273
2017-06-26 04:15:00,0.9988888888888889,0.5950765254266845
2017-06-26 04:30:00,0.9988888888888889,0.5869486168913879
2017-06-26 04:45:00,0.9988888888888889,0.5813832671871116
2017-06-26 05:00:00,0.9988888888888889,0.5658290057682615
2017-06-26 05:15:00,0.9988888888888889,0.5436947657108971
2017-06-26 05:30:00,0.9988888888888889,0.5215842869808031
2017-06-26 05:45:00,0.9988888888888889,0.48947001975376137
2017-06-26 06:00:00,0.9988888888888889,0.4619601438763504
2017-06-26 06:15:00,0.9988888888888889,0.435215426532724
2017-06-26 06:30:00,0.9988888888888889,0.4052232770811498
2017-06-26 06:45:00,0.9988888888888889,0.3770169500905045
2017-06-26 07:00:00,0.9988888888888889,0.35027278731798667
2017-06-26 07:15:00,0.9988888888888889,0.31678885021932957
2017-06-26 07:30:00,0.9988888888888889,0.2820335358286707
2017-06-26 07:45:00,0.9988888888888889,0.24675305618091667
2017-06-26 08:00:00,0.9988888888888889,0.2024124708123228
2017-06-26 08:15:00,0.9988888888888889,0.18663525767581415
2017-06-26 08:30:00,0.041,0.18290901721645603
2017-06-26 08:45:00,0.041,0.18259179644545875
2017-06-26 09:00:00,0.041,0.18411374620275253
2017-06-26 09:15:00,0.041,0.18204431034814167
2017-06-26 09:30:00,0.041,0.18025485554164286
2017-06-26 09:45:00,0.041,0.179134480634191
2017-06-26 10:00:00,0.041,0.17751565167244351
2017-06-26 10:15:00,0.041,0.1763858542859256
2017-06-26 10:30:00,0.041,0.17536392571142537
2017-06-26 10:45:00,0.041,0.17532038234956832
2017-06-26 11:00:00,0.041,0.17730162450968392
2017-06-26 11:15:00,0.041,0.17677665740921414
2017-06-26 11:30:00,0.041,0.17660029159470095
2017-06-26 11:45:00,0.041,0.17595919798328066
2017-06-26 12:00:00,0.041,0.1759549916676413
2017-06-26 12:15:00,0.041,0.18092875856060867
2017-06-26 12:30:00,0.041,0.18108958571820966
2017-06-26 12:45:00,0.041,0.18257843264438975
2017-06-26 13:00:00,0.041,0.18314711674054032
2017-06-26 13:15:00,0.041,0.18356644100352815
2017-06-26 13:30:00,0.041,0.17957153338412807
2017-06-26 13:45:00,0.041,0.17860736567779265
2017-06-26 14:00:00,0.041,0.1786842647995233
2017-06-26 14:15:00,0.041,0.1807865268790033
2017-06-26 14:30:00,0.041,0.17987832203371643
2017-06-26 14:45:00,0.041,0.17927813226188055
2017-06-26 15:00:00,0.041,0.1816854853213196
2017-06-26 15:15:00,0.041,0.1803770813922633
2017-06-26 15:30:00,0.041,0.1804682911269363
2017-06-26 15:45:00,0.041,0.18128530897246972
2017-06-26 16:00:00,0.041,0.18033898749988644
2017-06-26 16:15:00,0.041,0.18131562096697457
2017-06-26 16:30:00,0.9988888888888889,0.18741108145427834
2017-06-26 16:45:00,0.9988888888888889,0.22868475488350826
2017-06-26 17:00:00,0.9988888888888889,0.2668957503947908
2017-06-26 17:15:00,0.9988888888888889,0.30412833781427506
2017-06-26 17:30:00,0.9988888888888889,0.3455922267633287
2017-06-26 17:45:00,0.9988888888888889,0.38663842010371213
2017-06-26 18:00:00,0.9988888888888889,0.42637625996327777
2017-06-26 18:15:00,0.9988888888888889,0.44567049405032416
2017-06-26 18:30:00,0.9988888888888889,0.46193520698174606
2017-06-26 18:45:00,0.9988888888888889,0.4766119145967565
2017-06-26 19:00:00,0.4536363636363636,0.49100820286208924
2017-06-26 19:15:00,0.4536363636363636,0.5086294648980481
2017-06-26 19:30:00,0.4536363636363636,0.5269312687618745
2017-06-26 19:45:00,0.4536363636363636,0.5456793839827423
2017-06-26 20:00:00,0.9988888888888889,0.5187611612340565
2017-06-26 20:15:00,0.9988888888888889,0.5244372180281958
2017-06-26 20:30:00,0.4536363636363636,0.5574902029978608
2017-06-26 20:45:00,0.4536363636363636,0.5950468663385655
2017-06-26 21:00:00,0.4536363636363636,0.6045031783894584
2017-06-26 21:15:00,0.4536363636363636,0.6030825456151301
2017-06-26 21:30:00,0.9988888888888889,0.5427443598428875
2017-06-26 21:45:00,0.9988888888888889,0.5562166920714429
2017-06-26 22:00:00,0.9988888888888889,0.569882838147099
2017-06-26 22:15:00,0.9988888888888889,0.5792816309658235
2017-06-26 22:30:00,0.4536363636363636,0.6072538744061412
2017-06-26 22:45:00,0.4536363636363636,0.6081675590113904
2017-06-26 23:00:00,0.9988888888888889,0.603488879433792
2017-06-26 23:15:00,0.9988888888888889,0.6005287579692944
2017-06-26 23:30:00,0.9988888888888889,0.5987383134703038
2017-06-26 23:45:00,0.9988888888888889,0.600724696758093
2017-06-27 00:00:00,0.9988888888888889,0.6027369144174897
2017-06-27 00:15:00,0.9988888888888889,0.6051761990812595
2017-06-27 00:30:00,0.9988888888888889,0.6091210703807356
2017-06-27 00:45:00,0.9988888888888889,0.6129617614233006
2017-06-27 01:00:00,0.9988888888888889,0.6150492986144244
2017-06-27 01:15:00,0.9988888888888889,0.6105219092493174
2017-06-27 01:30:00,0.9988888888888889,0.6066918852412704
2017-06-27 01:45:00,0.9988888888888889,0.6036646636317066
2017-06-27 02:00:00,0.9988888888888889,0.6002379461161811
2017-06-27 02:15:00,0.9988888888888889,0.5942591846883168
2017-06-27 02:30:00,0.9988888888888889,0.5886902533477594
2017-06-27 02:45:00,0.9988888888888889,0.5823122712601182
2017-06-27 03:00:00,0.9988888888888889,0.579686722465816
2017-06-27 03:15:00,0.9988888888888889,0.5709534408357975
2017-06-27 03:30:00,0.9988888888888889,0.5622946216148951
2017-06-27 03:45:00,0.9988888888888889,0.5539567446670881
2017-06-27 04:00:00,0.9988888888888889,0.5487389002481531
2017-06-27 04:15:00,0.9988888888888889,0.5222857937879735
2017-06-27 04:30:00,0.9988888888888889,0.4999369320217498
2017-06-27 04:45:00,0.9988888888888889,0.4825559652042779
2017-06-27 05:00:00,0.9988888888888889,0.47935666970713
2017-06-27 05:15:00,0.9988888888888889,0.4426638311173978
2017-06-27 05:30:00,0.9988888888888889,0.4031322348834523
2017-06-27 05:45:00,0.9988888888888889,0.36240528683878886
2017-06-27 06:00:00,0.9988888888888889,0.3291510316943822
2017-06-27 06:15:00,0.9988888888888889,0.30120967438119006
2017-06-27 06:30:00,0.9988888888888889,0.2652471383537096
2017-06-27 06:45:00,0.9988888888888889,0.22753972943151254
2017-06-27 07:00:00,0.041,0.18874323127663667
2017-06-27 07:15:00,0.041,0.1880608024535384
2017-06-27 07:30:00,0.041,0.18534930898820062
2017-06-27 07:45:00,0.041,0.18472150101196644
2017-06-27 08:00:00,0.041,0.1859362818686424
2017-06-27 08:15:00,0.041,0.1854036978754412
2017-06-27 08:30:00,0.041,0.18346550998971878
2017-06-27 08:45:00,0.041,0.1826898872899674
2017-06-27 09:00:00,0.041,0.18572306646145842
2017-06-27 09:15:00,0.041,0.1865677115818033
2017-06-27 09:30:00,0.041,0.18556763464356046
2017-06-27 09:45:00,0.041,0.17926212059748708
2017-06-27 10:00:00,0.041,0.17827728929160577
2017-06-27 10:15:00,0.041,0.18127808420064137
2017-06-27 10:30:00,0.041,0.18064991872652816
2017-06-27 10:45:00,0.041,0.17550044801200707
2017-06-27 11:00:00,0.041,0.17633932997493612
2017-06-27 11:15:00,0.041,0.17727511276819252
2017-06-27 11:30:00,0.041,0.17796602156742525
2017-06-27 11:45:00,0.041,0.17837979303612153
2017-06-27 12:00:00,0.041,0.17863357890481557
2017-06-27 12:15:00,0.041,0.1783326715040756
2017-06-27 12:30:00,0.041,0.17884776567420038
2017-06-27 12:45:00,0.041,0.18028349284359904
2017-06-27 13:00:00,0.041,0.179766665357078
2017-06-27 13:15:00,0.041,0.17945480724041343
2017-06-27 13:30:00,0.041,0.17887200234872894
2017-06-27 13:45:00,0.041,0.17941264556779923
2017-06-27 14:00:00,0.041,0.17980550362468142
2017-06-27 14:15:00,0.041,0.18023034650376174
2017-06-27 14:30:00,0.041,0.17947318979955013
2017-06-27 14:45:00,0.041,0.17971243300027617
2017-06-27 15:00:00,0.041,0.1805162615820997
2017-06-27 15:15:00,0.041,0.17959201637053476
2017-06-27 15:30:00,0.041,0.18034932504961615
2017-06-27 15:45:00,0.041,0.18088787242556664
2017-06-27 16:00:00,0.041,0.18065112202394012
2017-06-27 16:15:00,0.041,0.1806072654717072
2017-06-27 16:30:00,0.9988888888888889,0.20498507317344045
2017-06-27 16:45:00,0.9988888888888889,0.23284474835650681
2017-06-27 17:00:00,0.9988888888888889,0.25678507333961276
2017-06-27 17:15:00,0.9988888888888889,0.3021303425461627
2017-06-27 17:30:00,0.9988888888888889,0.349509630871072
2017-06-27 17:45:00,0.9988888888888889,0.40000719120379824
2017-06-27 18:00:00,0.9988888888888889,0.43353059976178093
2017-06-27 18:15:00,0.9988888888888889,0.448484755697519
2017-06-27 18:30:00,0.9988888888888889,0.4618263902127768
2017-06-27 18:45:00,0.4536363636363636,0.47687646184497307
2017-06-27 19:00:00,0.4536363636363636,0.4896605187397007
2017-06-27 19:15:00,0.4536363636363636,0.49071640130443317
2017-06-27 19:30:00,0.9988888888888889,0.49770720618845704
2017-06-27 19:45:00,0.9988888888888889,0.5032727212655869
2017-06-27 20:00:00,0.9988888888888889,0.5064665873650919
2017-06-27 20:15:00,0.9988888888888889,0.5101419024496968
2017-06-27 20:30:00,0.9988888888888889,0.5185183825778898
2017-06-27 20:45:00,0.9988888888888889,0.5250852241466168
2017-06-27 21:00:00,0.9988888888888889,0.5282752380268743
2017-06-27 21:15:00,0.9988888888888889,0.5366793773827127
2017-06-27 21:30:00,0.9988888888888889,0.5426525083065479
2017-06-27 21:45:00,0.9988888888888889,0.5571088011280884
2017-06-27 22:00:00,0.9988888888888889,0.5644575159082574
2017-06-27 22:15:00,0.9988888888888889,0.577293545567916
2017-06-27 22:30:00,0.9988888888888889,0.5816043801031906
2017-06-27 22:45:00,0.9988888888888889,0.5801346717437066
2017-06-27 23:00:00,0.9988888888888889,0.576687696541167
2017-06-27 23:15:00,0.9988888888888889,0.5504473680421108
2017-06-27 23:30:00,0.9988888888888889,0.5185395584986344
2017-06-27 23:45:00,0.9988888888888889,0.4886928208313689
2017-06-28 00:00:00,0.9988888888888889,0.46330258063383256
2017-06-28 00:15:00,0.9988888888888889,0.478803171747664
2017-06-28 00:30:00,0.9988888888888889,0.4885570757951342
2017-06-28 00:45:00,0.9988888888888889,0.5003421897705929
2017-06-28 01:00:00,0.9988888888888889,0.5067812778679095
2017-06-28 01:15:00,0.9988888888888889,0.5081389813151858
2017-06-28 01:30:00,0.9988888888888889,0.5110541940003462
2017-06-28 01:45:00,0.9988888888888889,0.5135234602679818
2017-06-28 02:00:00,0.9988888888888889,0.5156057844283605
2017-06-28 02:15:00,0.9988888888888889,0.5129191547880461
2017-06-28 02:30:00,0.9988888888888889,0.5121311450956061
2017-06-28 02:45:00,0.9988888888888889,0.5131357267140619
2017-06-28 03:00:00,0.9988888888888889,0.5142029118100877
2017-06-28 03:15:00,0.9988888888888889,0.5075221757554826
2017-06-28 03:30:00,0.9988888888888889,0.5001412846751988
2017-06-28 03:45:00,0.9988888888888889,0.49484550466887867
2017-06-28 04:00:00,0.9988888888888889,0.49500937197730877
2017-06-28 04:15:00,0.9988888888888889,0.4579041923382029
2017-06-28 04:30:00,0.9988888888888889,0.42752300352112477
2017-06-28 04:45:00,0.9988888888888889,0.40423699053808637
2017-06-28 05:00:00,0.9988888888888889,0.3949368584564149
2017-06-28 05:15:00,0.9988888888888889,0.3684537288639809
2017-06-28 05:30:00,0.9988888888888889,0.34621241202984615
2017-06-28 05:45:00,0.9988888888888889,0.3204901141357732
2017-06-28 06:00:00,0.9988888888888889,0.29845343587842926
2017-06-28 06:15:00,0.9988888888888889,0.26689804384366783
2017-06-28 06:30:00,0.9988888888888889,0.23436225332532948
2017-06-28 06:45:00,0.9988888888888889,0.1951460590555563
2017-06-28 07:00:00,0.041,0.1796298769221382
2017-06-28 07:15:00,0.041,0.1780292939645131
2017-06-28 07:30:00,0.041,0.17742118503081392
2017-06-28 07:45:00,0.041,0.17928006674270874
2017-06-28 08:00:00,0.041,0.1799429725886364
2017-06-28 08:15:00,0.041,0.1770417303397795
2017-06-28 08:30:00,0.041,0.1756144664143585
2017-06-28 08:45:00,0.041,0.17390260917673864
2017-06-28 09:00:00,0.041,0.1720167401909233
2017-06-28 09:15:00,0.041,0.172028195956832
2017-06-28 09:30:00,0.041,0.17132607731785127
2017-06-28 09:45:00,0.041,0.17009426162336908
2017-06-28 10:00:00,0.041,0.1697415605648735
2017-06-28 10:15:00,0.041,0.16843001927241286
2017-06-28 10:30:00,0.041,0.1674925347176234
2017-06-28 10:45:00,0.041,0.1675951105772814
2017-06-28 11:00:00,0.041,0.1722096123824939
2017-06-28 11:15:00,0.041,0.16813691995715005
2017-06-28 11:30:00,0.041,0.1744622667672488
2017-06-28 11:45:00,0.041,0.17578312645955568
2017-06-28 12:00:00,0.041,0.17049597144968578
2017-06-28 12:15:00,0.041,0.17513406311324356
2017-06-28 12:30:00,0.041,0.17195617960873688
2017-06-28 12:45:00,0.041,0.17403367642912904
2017-06-28 13:00:00,0.041,0.17944964207156042
2017-06-28 13:15:00,0.041,0.17292711427468035
2017-06-28 13:30:00,0.041,0.17267599258212998
2017-06-28 13:45:00,0.041,0.1722638156936843
2017-06-28 14:00:00,0.041,0.17133706592640502
2017-06-28 14:15:00,0.041,0.17271444117850573
2017-06-28 14:30:00,0.041,0.17434246688344485
2017-06-28 14:45:00,0.041,0.17494687284736868
2017-06-28 15:00:00,0.041,0.17488379890991862
2017-06-28 15:15:00,0.041,0.17576473109900256
2017-06-28 15:30:00,0.041,0.17643801445224044
2017-06-28 15:45:00,0.041,0.17677682018557891
2017-06-28 16:00:00,0.041,0.17606317280261463
2017-06-28 16:15:00,0.041,0.17560465467046366
2017-06-28 16:30:00,0.9988888888888889,0.18207200814032987
2017-06-28 16:45:00,0.9988888888888889,0.2326276335003824
2017-06-28 17:00:00,0.9988888888888889,0.2682715893307799
2017-06-28 17:15:00,0.9988888888888889,0.30843832616263606
2017-06-28 17:30:00,0.9988888888888889,0.33264179297874313
2017-06-28 17:45:00,0.9988888888888889,0.3668994028631895
2017-06-28 18:00:00,0.3481431334622824,0.40183486196246776
2017-06-28 18:15:00,0.3481431334622824,0.45482217282677534
2017-06-28 18:30:00,0.3481431334622824,0.48017939937998094
2017-06-28 18:45:00,0.3481431334622824,0.48984034405514354
2017-06-28 19:00:00,0.3481431334622824,0.4923944556843386
2017-06-28 19:15:00,0.3481431334622824,0.5031178750173124
2017-06-28 19:30:00,0.3481431334622824,0.5096465294573855
2017-06-28 19:45:00,0.3481431334622824,0.5219550999554368
2017-06-28 20:00:00,0.3481431334622824,0.5260340681825587
2017-06-28 20:15:00,0.3481431334622824,0.5318170814539909
2017-06-28 20:30:00,0.3481431334622824,0.5411210704586779
2017-06-28 20:45:00,0.3481431334622824,0.5346125592327486
2017-06-28 21:00:00,0.3449709864603482,0.5261302491819225
2017-06-28 21:15:00,0.3449709864603482,0.5344600995186131
2017-06-28 21:30:00,0.3449709864603482,0.5477450413210647
2017-06-28 21:45:00,0.343384912959381,0.561063635148408
2017-06-28 22:00:00,0.343384912959381,0.5657376170050664
2017-06-28 22:15:00,0.9988888888888889,0.5659752579344168
2017-06-28 22:30:00,0.9988888888888889,0.5408768964928256
2017-06-28 22:45:00,0.9988888888888889,0.5231906850315181
2017-06-28 23:00:00,0.9988888888888889,0.4991253856305687
2017-06-28 23:15:00,0.9988888888888889,0.4811739434795252
2017-06-28 23:30:00,0.9988888888888889,0.46473052270456744
2017-06-28 23:45:00,0.9988888888888889,0.44398330745550263
2017-06-29 00:00:00,0.9988888888888889,0.4241334554908605
2017-06-29 00:15:00,0.9988888888888889,0.42304130053900985
2017-06-29 00:30:00,0.9988888888888889,0.4207365610675576
2017-06-29 00:45:00,0.9988888888888889,0.4134910582436189
2017-06-29 01:00:00,0.9988888888888889,0.41260610786297125
2017-06-29 01:15:00,0.9988888888888889,0.40224007177129945
2017-06-29 01:30:00,0.9988888888888889,0.39587330355742073
2017-06-29 01:45:00,0.9988888888888889,0.38664348523405045
2017-06-29 02:00:00,0.9988888888888889,0.3815882424827318
2017-06-29 02:15:00,0.9988888888888889,0.3662925648539376
2017-06-29 02:30:00,0.9988888888888889,0.3529577173685554
2017-06-29 02:45:00,0.9988888888888889,0.33750273445638845
2017-06-29 03:00:00,0.9988888888888889,0.3266594812160444
2017-06-29 03:15:00,0.9988888888888889,0.33193398758306597
2017-06-29 03:30:00,0.9988888888888889,0.3412644780955533
2017-06-29 03:45:00,0.9988888888888889,0.35153929344310086
2017-06-29 04:00:00,0.9988888888888889,0.37075168801147373
2017-06-29 04:15:00,0.9988888888888889,0.35107261759516284
2017-06-29 04:30:00,0.9988888888888889,0.3396434299990628
2017-06-29 04:45:00,0.9988888888888889,0.33147820386908355
2017-06-29 05:00:00,0.9988888888888889,0.3382900226588851
2017-06-29 05:15:00,0.9988888888888889,0.33956252721017816
2017-06-29 05:30:00,0.9988888888888889,0.3350137244099924
2017-06-29 05:45:00,0.9988888888888889,0.32896542101933673
2017-06-29 06:00:00,0.9988888888888889,0.33045186346810984
2017-06-29 06:15:00,0.9988888888888889,0.29118319592714687
2017-06-29 06:30:00,0.9988888888888889,0.24086601877964614
2017-06-29 06:45:00,0.9988888888888889,0.2143160566902819
2017-06-29 07:00:00,0.041,0.1823173042752608
2017-06-29 07:15:00,0.041,0.17969997006810626
2017-06-29 07:30:00,0.041,0.17817839241941574
2017-06-29 07:45:00,0.041,0.17777491061736284
2017-06-29 08:00:00,0.041,0.17879832558649472
2017-06-29 08:15:00,0.041,0.1817712873133073
2017-06-29 08:30:00,0.041,0.17974030287374124
2017-06-29 08:45:00,0.041,0.17936550262833725
2017-06-29 09:00:00,0.041,0.18168170601728262
2017-06-29 09:15:00,0.041,0.18166752146656062
2017-06-29 09:30:00,0.041,0.18018293862815446
2017-06-29 09:45:00,0.041,0.17863111649299487
2017-06-29 10:00:00,0.041,0.18252467481061155
2017-06-29 10:15:00,0.041,0.1739659464742015
2017-06-29 10:30:00,0.041,0.17333111267176907
2017-06-29 10:45:00,0.041,0.1735868109176223
2017-06-29 11:00:00,0.041,0.1736627180059439
2017-06-29 11:15:00,0.041,0.1737581107876697
2017-06-29 11:30:00,0.041,0.17430083612964103
2017-06-29 11:45:00,0.041,0.174176147495663
2017-06-29 12:00:00,0.041,0.17870524932156126
2017-06-29 12:15:00,0.041,0.17900182433027237
2017-06-29 12:30:00,0.041,0.18119369423615747
2017-06-29 12:45:00,0.041,0.1824414117063795
2017-06-29 13:00:00,0.041,0.17860632947195507
2017-06-29 13:15:00,0.041,0.1778554399781046
2017-06-29 13:30:00,0.041,0.17767726181776788
2017-06-29 13:45:00,0.041,0.1778839009213014
2017-06-29 14:00:00,0.041,0.17782021257343694
2017-06-29 14:15:00,0.041,0.1786274186598767
2017-06-29 14:30:00,0.041,0.17998535580863742
2017-06-29 14:45:00,0.041,0.1820775004097113
2017-06-29 15:00:00,0.041,0.18330969670147754
2017-06-29 15:15:00,0.041,0.18405885303173303
2017-06-29 15:30:00,0.041,0.1818881274386943
2017-06-29 15:45:00,0.041,0.18065439975409905
2017-06-29 16:00:00,0.041,0.18045348409720757
2017-06-29 16:15:00,0.041,0.18002373089115825
2017-06-29 16:30:00,0.9988888888888889,0.2079145258277402
2017-06-29 16:45:00,0.9988888888888889,0.2496497950995756
2017-06-29 17:00:00,0.9988888888888889,0.2943269886463473
2017-06-29 17:15:00,0.9988888888888889,0.3399486259973588
2017-06-29 17:30:00,0.9988888888888889,0.38914423203333287
2017-06-29 17:45:00,0.9988888888888889,0.4345733656074261
2017-06-29 18:00:00,0.3386266924564797,0.4651651122497006
2017-06-29 18:15:00,0.3449709864603482,0.4774907529844049
2017-06-29 18:30:00,0.4536363636363636,0.4918195665729453
2017-06-29 18:45:00,0.4536363636363636,0.5077480529278194
2017-06-29 19:00:00,0.4536363636363636,0.5256011843561461
2017-06-29 19:15:00,0.4536363636363636,0.5315979493869555
2017-06-29 19:30:00,0.3481431334622824,0.5171035245797856
2017-06-29 19:45:00,0.3481431334622824,0.5264245139008619
2017-06-29 20:00:00,0.3481431334622824,0.5359709309913948
2017-06-29 20:15:00,0.3481431334622824,0.5326953684821034
2017-06-29 20:30:00,0.3481431334622824,0.5358689668594349
2017-06-29 20:45:00,0.3481431334622824,0.5503988500414364
2017-06-29 21:00:00,0.3481431334622824,0.555046636709141
2017-06-29 21:15:00,0.3481431334622824,0.5657235786905672
2017-06-29 21:30:00,0.3481431334622824,0.5754212117652199
2017-06-29 21:45:00,0.3481431334622824,0.5858565029094248
2017-06-29 22:00:00,0.3481431334622824,0.6016206779585515
2017-06-29 22:15:00,0.4536363636363636,0.6117915178878489
2017-06-29 22:30:00,0.3481431334622824,0.6271696224527397
2017-06-29 22:45:00,0.3481431334622824,0.6288123190223632
2017-06-29 23:00:00,0.34655705996131525,0.6346774025284658
2017-06-29 23:15:00,0.34655705996131525,0.6386057946875888
2017-06-29 23:30:00,0.3449709864603482,0.6434874617850297
2017-06-29 23:45:00,0.3417988394584139,0.6506633801616408
2017-06-30 00:00:00,0.41000000000000003,0.6534031222630954
2017-06-30 00:15:00,0.4536363636363636,0.6627506243093007
2017-06-30 00:30:00,0.4536363636363636,0.6664401981697166
2017-06-30 00:45:00,0.4536363636363636,0.670048617991228
2017-06-30 01:00:00,0.4536363636363636,0.6733734937243342
2017-06-30 01:15:00,0.4536363636363636,0.6684872225742233
2017-06-30 01:30:00,0.4536363636363636,0.6625224108003974
2017-06-30 01:45:00,0.9988888888888889,0.6523189835747335
2017-06-30 02:00:00,0.9988888888888889,0.6401751379392557
2017-06-30 02:15:00,0.9988888888888889,0.6379541468443012
2017-06-30 02:30:00,0.9988888888888889,0.6358597453146229
2017-06-30 02:45:00,0.9988888888888889,0.6344740459134508
2017-06-30 03:00:00,0.9988888888888889,0.6346577394830798
2017-06-30 03:15:00,0.9988888888888889,0.6216961311817363
2017-06-30 03:30:00,0.9988888888888889,0.6096574615586948
2017-06-30 03:45:00,0.9988888888888889,0.5992140505254682
2017-06-30 04:00:00,0.9988888888888889,0.5894024652371638
2017-06-30 04:15:00,0.9988888888888889,0.5790112534872563
2017-06-30 04:30:00,0.9988888888888889,0.5696876365804242
2017-06-30 04:45:00,0.9988888888888889,0.5729325279054662
2017-06-30 05:00:00,0.9988888888888889,0.5603878464880898
2017-06-30 05:15:00,0.9988888888888889,0.5369609229057792
2017-06-30 05:30:00,0.9988888888888889,0.5084174353374873
2017-06-30 05:45:00,0.9988888888888889,0.48167132058762446
2017-06-30 06:00:00,0.9988888888888889,0.45716674016583964
2017-06-30 06:15:00,0.9988888888888889,0.4344103844522461
2017-06-30 06:30:00,0.9988888888888889,0.41545241431560037
2017-06-30 06:45:00,0.9988888888888889,0.3932753843660912
2017-06-30 07:00:00,0.9988888888888889,0.3726182632379675
2017-06-30 07:15:00,0.9988888888888889,0.3391509827610431
2017-06-30 07:30:00,0.9988888888888889,0.30469443263460333
2017-06-30 07:45:00,0.9988888888888889,0.26814823146395494
2017-06-30 08:00:00,0.9988888888888889,0.23032510767769587
2017-06-30 08:15:00,0.9988888888888889,0.19785347272789292
2017-06-30 08:30:00,0.041,0.18174545154076674
2017-06-30 08:45:00,0.041,0.18001577569562519
2017-06-30 09:00:00,0.041,0.17962337237905726
2017-06-30 09:15:00,0.041,0.1786411513936493
2017-06-30 09:30:00,0.041,0.17756048865287108
2017-06-30 09:45:00,0.041,0.17742235546938803
2017-06-30 10:00:00,0.041,0.17691492911407716
2017-06-30 10:15:00,0.041,0.17630533785605246
2017-06-30 10:30:00,0.041,0.17590735559654175
2017-06-30 10:45:00,0.041,0.17508239114637755
2017-06-30 11:00:00,0.041,0.1756139165435533
2017-06-30 11:15:00,0.041,0.1754544487384196
2017-06-30 11:30:00,0.041,0.1778354212116515
2017-06-30 11:45:00,0.041,0.17797425885420648
2017-06-30 12:00:00,0.041,0.1792545115311041
2017-06-30 12:15:00,0.041,0.17946617615543367
2017-06-30 12:30:00,0.041,0.17963684428932564
2017-06-30 12:45:00,0.041,0.180914153901925
2017-06-30 13:00:00,0.041,0.1836648502226865
2017-06-30 13:15:00,0.041,0.18388134504129994
2017-06-30 13:30:00,0.041,0.18477789069170664
2017-06-30 13:45:00,0.041,0.19121377529460545
2017-06-30 14:00:00,0.041,0.1912382871875698
2017-06-30 14:15:00,0.041,0.19080420178298313
2017-06-30 14:30:00,0.041,0.19003785341832466
2017-06-30 14:45:00,0.041,0.18974716282412166
2017-06-30 15:00:00,0.041,0.18403649503097094
2017-06-30 15:15:00,0.041,0.18142085144313871
2017-06-30 15:30:00,0.041,0.18113637940619687
2017-06-30 15:45:00,0.041,0.17888028484988955
2017-06-30 16:00:00,0.041,0.1776946506940837
2017-06-30 16:15:00,0.041,0.17861239751008204
2017-06-30 16:30:00,0.041,0.18132725566604962
2017-06-30 16:45:00,0.9988888888888889,0.26393605324838304
2017-06-30 17:00:00,0.9988888888888889,0.3759128387817822
2017-06-30 17:15:00,0.9988888888888889,0.4021975909000417
2017-06-30 17:30:00,0.9988888888888889,0.4288573030826767
2017-06-30 17:45:00,0.9988888888888889,0.44871624428228163
2017-06-30 18:00:00,0.4536363636363636,0.4727250565565396
2017-06-30 18:15:00,0.9988888888888889,0.4736452898864764
2017-06-30 18:30:00,0.9988888888888889,0.4746276013227626
2017-06-30 18:45:00,0.9988888888888889,0.4774125146778754
2017-06-30 19:00:00,0.9988888888888889,0.4920247468448283
2017-06-30 19:15:00,0.9988888888888889,0.5004375607556126
2017-06-30 19:30:00,0.9988888888888889,0.5104336520554194
2017-06-30 19:45:00,0.4536363636363636,0.5649075839353479
2017-06-30 20:00:00,0.4536363636363636,0.5882566198603024
2017-06-30 20:15:00,0.4536363636363636,0.5792731463848008
2017-06-30 20:30:00,0.4536363636363636,0.5704873343310436
2017-06-30 20:45:00,0.4536363636363636,0.5611358946195042
2017-06-30 21:00:00,0.9988888888888889,0.5503891074027609
2017-06-30 21:15:00,0.9988888888888889,0.5433965866648058
2017-06-30 21:30:00,0.9988888888888889,0.5381408925940141
2017-06-30 21:45:00,0.9988888888888889,0.535691874775042
2017-06-30 22:00:00,0.9988888888888889,0.5334867580158233
2017-06-30 22:15:00,0.9988888888888889,0.5222990441877985
2017-06-30 22:30:00,0.9988888888888889,0.5180126883027877
2017-06-30 22:45:00,0.9988888888888889,0.49837107669409353
2017-06-30 23:00:00,0.9988888888888889,0.48879353095617867
2017-06-30 23:15:00,0.9988888888888889,0.4956834581929051
2017-06-30 23:30:00,0.9988888888888889,0.5029273149011957
2017-06-30 23:45:00,0.9988888888888889,0.5037255795259216
2017-07-01 00:00:00,0.9606539074960128,0.5043204506589859
2017-07-01 00:15:00,0.9606539074960128,0.5112463628790017
2017-07-01 00:30:00,0.9606539074960128,0.5184521430375469
2017-07-01 00:45:00,0.9606539074960128,0.5243700523624172
2017-07-01 01:00:00,0.9606539074960128,0.53014497557433
2017-07-01 01:15:00,0.9606539074960128,0.5282390258326216
2017-07-01 01:30:00,0.9606539074960128,0.5293372814674303
2017-07-01 01:45:00,0.9606539074960128,0.5292056369315146
2017-07-01 02:00:00,0.9606539074960128,0.5338116339509745
2017-07-01 02:15:00,0.9606539074960128,0.5331698052095558
2017-07-01 02:30:00,0.9606539074960128,0.533603484439875
2017-07-01 02:45:00,0.9606539074960128,0.5372190824700465
2017-07-01 03:00:00,0.9606539074960128,0.5398881219038238
2017-07-01 03:15:00,0.9606539074960128,0.5274544601306128
2017-07-01 03:30:00,0.9606539074960128,0.5170814988151459
2017-07-01 03:45:00,0.9606539074960128,0.5036518511893634
2017-07-01 04:00:00,0.9606539074960128,0.49491605889031304
2017-07-01 04:15:00,0.9606539074960128,0.45907764815092067
2017-07-01 04:30:00,0.9606539074960128,0.4226091607800696
2017-07-01 04:45:00,0.9606539074960128,0.39021558855852395
2017-07-01 05:00:00,0.9606539074960128,0.3647828767189714
2017-07-01 05:15:00,0.9606539074960128,0.33722494764174693
2017-07-01 05:30:00,0.9606539074960128,0.30629079874635584
2017-07-01 05:45:00,0.9606539074960128,0.27896417505035787
2017-07-01 06:00:00,0.9606539074960128,0.25832666503818735
2017-07-01 06:15:00,0.9606539074960128,0.21324150832878788
2017-07-01 06:30:00,0.041,0.19235881446277728
2017-07-01 06:45:00,0.041,0.18939934564944716
2017-07-01 07:00:00,0.041,0.1857325717399853
2017-07-01 07:15:00,0.041,0.18481103520068048
2017-07-01 07:30:00,0.041,0.18258670353325462
2017-07-01 07:45:00,0.041,0.17871493565076424
2017-07-01 08:00:00,0.041,0.17625318342094967
2017-07-01 08:15:00,0.041,0.17441850871288772
2017-07-01 08:30:00,0.041,0.1726375030389574
2017-07-01 08:45:00,0.041,0.17117717357620268
2017-07-01 09:00:00,0.041,0.16965433124544566
2017-07-01 09:15:00,0.041,0.1748906671505825
2017-07-01 09:30:00,0.041,0.16942877372901302
2017-07-01 09:45:00,0.041,0.17032042788079244
2017-07-01 10:00:00,0.041,0.1692012249330229
2017-07-01 10:15:00,0.041,0.17477224999049212
2017-07-01 10:30:00,0.041,0.17387417380383832
2017-07-01 10:45:00,0.041,0.1672219121784063
2017-07-01 11:00:00,0.041,0.1753628926253218
2017-07-01 11:15:00,0.041,0.16979894609203308
2017-07-01 11:30:00,0.041,0.1701481783420231
2017-07-01 11:45:00,0.041,0.17040736103257367
2017-07-01 12:00:00,0.041,0.17163191540394718
2017-07-01 12:15:00,0.041,0.17216115110925662
2017-07-01 12:30:00,0.041,0.17363540719517742
2017-07-01 12:45:00,0.041,0.17496990596124257
2017-07-01 13:00:00,0.041,0.1764911932412318
2017-07-01 13:15:00,0.041,0.17670575067662056
2017-07-01 13:30:00,0.041,0.17535186225272312
2017-07-01 13:45:00,0.041,0.1748913602219428
2017-07-01 14:00:00,0.041,0.17572147795078372
2017-07-01 14:15:00,0.041,0.1834189653794792
2017-07-01 14:30:00,0.041,0.1761298981369302
2017-07-01 14:45:00,0.041,0.1761705199849386
2017-07-01 15:00:00,0.041,0.17666430079640616
2017-07-01 15:15:00,0.041,0.17654542087966962
2017-07-01 15:30:00,0.041,0.17623895806474849
2017-07-01 15:45:00,0.041,0.176628325099399
2017-07-01 16:00:00,0.041,0.17251494006405596
2017-07-01 16:15:00,0.041,0.17206826156947969
2017-07-01 16:30:00,0.041,0.16986817501726761
2017-07-01 16:45:00,0.041,0.16908944111657861
2017-07-01 17:00:00,0.041,0.16826468199620223
2017-07-01 17:15:00,0.9606539074960128,0.21010477145699089
2017-07-01 17:30:00,0.9606539074960128,0.25062164690758165
2017-07-01 17:45:00,0.9606539074960128,0.3076980824726757
2017-07-01 18:00:00,0.9606539074960128,0.3626727535257687
2017-07-01 18:15:00,0.9606539074960128,0.3899471615268373
2017-07-01 18:30:00,0.9606539074960128,0.4142015257049116
2017-07-01 18:45:00,0.9606539074960128,0.436915676233842
2017-07-01 19:00:00,0.9606539074960128,0.452821681333495
2017-07-01 19:15:00,0.9606539074960128,0.4639940146462412
2017-07-01 19:30:00,0.9606539074960128,0.4711174433924205
2017-07-01 19:45:00,0.9606539074960128,0.46993956449563096
2017-07-01 20:00:00,0.9606539074960128,0.475994341621559
2017-07-01 20:15:00,0.9606539074960128,0.4872948260540978
2017-07-01 20:30:00,0.9606539074960128,0.494023309635463
2017-07-01 20:45:00,0.9606539074960128,0.4947718627527287
2017-07-01 21:00:00,0.9606539074960128,0.49718223412915236
2017-07-01 21:15:00,0.9606539074960128,0.5061515890578058
2017-07-01 21:30:00,0.9606539074960128,0.5055959460280538
2017-07-01 21:45:00,0.9606539074960128,0.5156296831759097
2017-07-01 22:00:00,0.9606539074960128,0.5301384477927331
2017-07-01 22:15:00,0.9606539074960128,0.5353027993189685
2017-07-01 22:30:00,0.9606539074960128,0.5499372433643076
2017-07-01 22:45:00,0.9606539074960128,0.5378866080406343
2017-07-01 23:00:00,0.9606539074960128,0.531593568235055
2017-07-01 23:15:00,0.9606539074960128,0.5386959505577038
2017-07-01 23:30:00,0.9606539074960128,0.5302287658065867
2017-07-01 23:45:00,0.9606539074960128,0.5362749093862462
2017-07-02 00:00:00,0.9988888888888889,0.5411533358106589
2017-07-02 00:15:00,0.9988888888888889,0.5433682161505576
2017-07-02 00:30:00,0.9988888888888889,0.5412416722423843
2017-07-02 00:45:00,0.9988888888888889,0.537704626761008
2017-07-02 01:00:00,0.9988888888888889,0.5292810756461678
2017-07-02 01:15:00,0.9988888888888889,0.5286874847301294
2017-07-02 01:30:00,0.9988888888888889,0.5237446676814166
2017-07-02 01:45:00,0.9988888888888889,0.5220415243646733
2017-07-02 02:00:00,0.9988888888888889,0.5193748984326845
2017-07-02 02:15:00,0.9988888888888889,0.5023117854524253
2017-07-02 02:30:00,0.9988888888888889,0.4857090962314194
2017-07-02 02:45:00,0.9988888888888889,0.4682850288213278
2017-07-02 03:00:00,0.9988888888888889,0.45321919718143017
2017-07-02 03:15:00,0.9988888888888889,0.4499360775465726
2017-07-02 03:30:00,0.9988888888888889,0.4461758435884965
2017-07-02 03:45:00,0.9988888888888889,0.43875486983655515
2017-07-02 04:00:00,0.9988888888888889,0.44068343307272956
2017-07-02 04:15:00,0.9988888888888889,0.39068465851751727
2017-07-02 04:30:00,0.9988888888888889,0.34496392635974077
2017-07-02 04:45:00,0.9988888888888889,0.3006955967223619
2017-07-02 05:00:00,0.041,0.2940240289222052
2017-07-02 05:15:00,0.041,0.2928553771182391
2017-07-02 05:30:00,0.041,0.28848642381693484
2017-07-02 05:45:00,0.041,0.28513795682727355
2017-07-02 06:00:00,0.041,0.2798411284805163
2017-07-02 06:15:00,0.041,0.27504298723790693
2017-07-02 06:30:00,0.041,0.27132082071824243
2017-07-02 06:45:00,0.041,0.2676671809300177
2017-07-02 07:00:00,0.041,0.2617706871949709
2017-07-02 07:15:00,0.041,0.2567383320215071
2017-07-02 07:30:00,0.041,0.2528271545622271
2017-07-02 07:45:00,0.041,0.2484507860150623
2017-07-02 08:00:00,0.041,0.24471481727709646
2017-07-02 08:15:00,0.041,0.24264281816634203
2017-07-02 08:30:00,0.041,0.23998273961001979
2017-07-02 08:45:00,0.041,0.23754230057431303
2017-07-02 09:00:00,0.041,0.2364230071606747
2017-07-02 09:15:00,0.041,0.23512225135113834
2017-07-02 09:30:00,0.041,0.23276072748318416
2017-07-02 09:45:00,0.041,0.23325433743460178
2017-07-02 10:00:00,0.041,0.22929102676117402
2017-07-02 10:15:00,0.041,0.2247267373308061
2017-07-02 10:30:00,0.041,0.22277666967356327
2017-07-02 10:45:00,0.041,0.2214755392019566
2017-07-02 11:00:00,0.041,0.22638935519483447
2017-07-02 11:15:00,0.041,0.22741660427978974
2017-07-02 11:30:00,0.041,0.22261464674044934
2017-07-02 11:45:00,0.041,0.22421797707318752
2017-07-02 12:00:00,0.041,0.2251840655138748
2017-07-02 12:15:00,0.041,0.22639690375331226
2017-07-02 12:30:00,0.041,0.23576930468785148
2017-07-02 12:45:00,0.041,0.2360433878877441
2017-07-02 13:00:00,0.041,0.23773462828027903
2017-07-02 13:15:00,0.041,0.2311526900288725
2017-07-02 13:30:00,0.041,0.231897243085387
2017-07-02 13:45:00,0.041,0.2304811644208611
2017-07-02 14:00:00,0.041,0.23069697097276862
2017-07-02 14:15:00,0.041,0.2326637881700268
2017-07-02 14:30:00,0.041,0.23495171237004908
2017-07-02 14:45:00,0.041,0.234047655673698
2017-07-02 15:00:00,0.041,0.23509514498783876
2017-07-02 15:15:00,0.041,0.2321021681280793
2017-07-02 15:30:00,0.041,0.22714832563718507
2017-07-02 15:45:00,0.041,0.22483371621461223
2017-07-02 16:00:00,0.041,0.22156070699159525
2017-07-02 16:15:00,0.041,0.22167034869713725
2017-07-02 16:30:00,0.041,0.2187520428521696
2017-07-02 16:45:00,0.041,0.2175188565892937
2017-07-02 17:00:00,0.041,0.21700778760292994
2017-07-02 17:15:00,0.041,0.2192920908009071
2017-07-02 17:30:00,0.041,0.21755196423723355
2017-07-02 17:45:00,0.9988888888888889,0.2417937532793839
2017-07-02 18:00:00,0.9988888888888889,0.26863574547477626
2017-07-02 18:15:00,0.9988888888888889,0.3143496288802107
2017-07-02 18:30:00,0.9988888888888889,0.36133404230615646
2017-07-02 18:45:00,0.9988888888888889,0.40093675179050076
2017-07-02 19:00:00,0.9988888888888889,0.44831055098232836
2017-07-02 19:15:00,0.9988888888888889,0.47604453383855594
2017-07-02 19:30:00,0.9988888888888889,0.49865850360522385
2017-07-02 19:45:00,0.9988888888888889,0.5165519583348394
2017-07-02 20:00:00,0.9988888888888889,0.53567791649359
2017-07-02 20:15:00,0.9988888888888889,0.550285170596425
2017-07-02 20:30:00,0.9988888888888889,0.5593648674371342
2017-07-02 20:45:00,0.9988888888888889,0.5589962084622097
2017-07-02 21:00:00,0.9988888888888889,0.5469404475094141
2017-07-02 21:15:00,0.9988888888888889,0.5507273530531365
2017-07-02 21:30:00,0.9988888888888889,0.5647923392877775
2017-07-02 21:45:00,0.9988888888888889,0.5742589820678323
2017-07-02 22:00:00,0.9988888888888889,0.593720990763457
2017-07-02 22:15:00,0.9988888888888889,0.603667474745312
2017-07-02 22:30:00,0.9988888888888889,0.5956896438068374
2017-07-02 22:45:00,0.9988888888888889,0.6035159392733528
2017-07-02 23:00:00,0.9988888888888889,0.6137363857460884
2017-07-02 23:15:00,0.9988888888888889,0.620560338661803
2017-07-02 23:30:00,0.9988888888888889,0.6184176556972274
2017-07-02 23:45:00,0.9988888888888889,0.6094388073507868
2017-07-03 00:00:00,0.9988888888888889,0.6224066157782808
2017-07-03 00:15:00,0.9988888888888889,0.6228991390879025
2017-07-03 00:30:00,0.9988888888888889,0.620926996065272
2017-07-03 00:45:00,0.9988888888888889,0.6280330822220651
2017-07-03 01:00:00,0.9988888888888889,0.6322096402096145
2017-07-03 01:15:00,0.9988888888888889,0.6301592812876837
2017-07-03 01:30:00,0.9988888888888889,0.6354871580338509
2017-07-03 01:45:00,0.9988888888888889,0.6398946345042198
2017-07-03 02:00:00,0.9988888888888889,0.6446345546333578
2017-07-03 02:15:00,0.9988888888888889,0.6329924274689459
2017-07-03 02:30:00,0.9988888888888889,0.6206723525694077
2017-07-03 02:45:00,0.9988888888888889,0.6120942479077209
2017-07-03 03:00:00,0.9988888888888889,0.6089000957676772
2017-07-03 03:15:00,0.9988888888888889,0.6025733347979975
2017-07-03 03:30:00,0.9988888888888889,0.6028478634967148
2017-07-03 03:45:00,0.9988888888888889,0.604238708901951
2017-07-03 04:00:00,0.9988888888888889,0.6093276163687015
2017-07-03 04:15:00,0.9988888888888889,0.5981859650401765
2017-07-03 04:30:00,0.9988888888888889,0.5928958714123688
2017-07-03 04:45:00,0.9988888888888889,0.5913026160049752
2017-07-03 05:00:00,0.9988888888888889,0.5769614739982565
2017-07-03 05:15:00,0.9988888888888889,0.552213914906616
2017-07-03 05:30:00,0.9988888888888889,0.5365043342148073
2017-07-03 05:45:00,0.9988888888888889,0.5055293086501478
2017-07-03 06:00:00,0.9988888888888889,0.47935543332600583
2017-07-03 06:15:00,0.9988888888888889,0.43717477494076595
2017-07-03 06:30:00,0.9988888888888889,0.3939105084455025
2017-07-03 06:45:00,0.9988888888888889,0.3524815934213109
2017-07-03 07:00:00,0.9988888888888889,0.3111087754242922
2017-07-03 07:15:00,0.9988888888888889,0.2844439225478904
2017-07-03 07:30:00,0.9988888888888889,0.2567133778271435
2017-07-03 07:45:00,0.9988888888888889,0.2255349649074408
2017-07-03 08:00:00,0.9988888888888889,0.19246315947496856
2017-07-03 08:15:00,0.041,0.18654693800339334
2017-07-03 08:30:00,0.041,0.18537807507636625
2017-07-03 08:45:00,0.041,0.18553656521613807
2017-07-03 09:00:00,0.041,0.1848972393974581
2017-07-03 09:15:00,0.041,0.18469796547132783
2017-07-03 09:30:00,0.041,0.18613778303132963
2017-07-03 09:45:00,0.9988888888888889,0.18754450006851153
2017-07-03 10:00:00,0.9988888888888889,0.18652585371167757
2017-07-03 10:15:00,0.9988888888888889,0.18465223676878742
2017-07-03 10:30:00,0.9988888888888889,0.18291250358796565
2017-07-03 10:45:00,0.9988888888888889,0.1823643755677087
2017-07-03 11:00:00,0.9988888888888889,0.18290535199436453
2017-07-03 11:15:00,0.9988888888888889,0.18294717376231273
2017-07-03 11:30:00,0.9988888888888889,0.1826267869316986
2017-07-03 11:45:00,0.9988888888888889,0.1821039713258489
2017-07-03 12:00:00,0.9988888888888889,0.18239717509301323
2017-07-03 12:15:00,0.9988888888888889,0.20615236912023982
2017-07-03 12:30:00,0.9988888888888889,0.22575344809252892
2017-07-03 12:45:00,0.9988888888888889,0.23991376402034525
2017-07-03 13:00:00,0.9988888888888889,0.2597761650104445
2017-07-03 13:15:00,0.9988888888888889,0.2859954655261603
2017-07-03 13:30:00,0.9988888888888889,0.3094341572286224
2017-07-03 13:45:00,0.9988888888888889,0.33480203715001466
2017-07-03 14:00:00,0.9988888888888889,0.3625527340156922
2017-07-03 14:15:00,0.9988888888888889,0.36005760340286774
2017-07-03 14:30:00,0.9988888888888889,0.35000632597340614
2017-07-03 14:45:00,0.9988888888888889,0.3431802535875915
2017-07-03 15:00:00,0.9988888888888889,0.3342932699522057
2017-07-03 15:15:00,0.9988888888888889,0.34655522053492305
2017-07-03 15:30:00,0.9988888888888889,0.3483252304924616
2017-07-03 15:45:00,0.9988888888888889,0.3659046907173842
2017-07-03 16:00:00,0.9988888888888889,0.3787516849080766
2017-07-03 16:15:00,0.9988888888888889,0.3855645534315424
2017-07-03 16:30:00,0.9988888888888889,0.3908709222430151
2017-07-03 16:45:00,0.9988888888888889,0.39842941143457433
2017-07-03 17:00:00,0.9988888888888889,0.39797018289792474
2017-07-03 17:15:00,0.9988888888888889,0.4218133538996583
2017-07-03 17:30:00,0.9988888888888889,0.4532171951937592
2017-07-03 17:45:00,0.4536363636363636,0.474407095493475
2017-07-03 18:00:00,0.4536363636363636,0.4899840446774208
2017-07-03 18:15:00,0.4536363636363636,0.49265648119226674
2017-07-03 18:30:00,0.4536363636363636,0.49557437873208987
2017-07-03 18:45:00,0.4536363636363636,0.4982261317642535
2017-07-03 19:00:00,0.4536363636363636,0.49956716402348844
2017-07-03 19:15:00,0.9988888888888889,0.4885135566406485
2017-07-03 19:30:00,0.9988888888888889,0.49518361191185123
2017-07-03 19:45:00,0.9988888888888889,0.5086788064341004
2017-07-03 20:00:00,0.9988888888888889,0.5192101945179098
2017-07-03 20:15:00,0.9988888888888889,0.5282785150183252
2017-07-03 20:30:00,0.9988888888888889,0.5377092419369532
2017-07-03 20:45:00,0.9988888888888889,0.5427369435303571
2017-07-03 21:00:00,0.9988888888888889,0.5455762352030664
2017-07-03 21:15:00,0.9988888888888889,0.5588544581384474
2017-07-03 21:30:00,0.9988888888888889,0.5576294820792099
2017-07-03 21:45:00,0.9988888888888889,0.539896159694956
2017-07-03 22:00:00,0.9988888888888889,0.5228310463591949
2017-07-03 22:15:00,0.9988888888888889,0.5122710265078245
2017-07-03 22:30:00,0.9988888888888889,0.5109691120228103
2017-07-03 22:45:00,0.9988888888888889,0.4995565582053906
2017-07-03 23:00:00,0.9988888888888889,0.49776227445427085
2017-07-03 23:15:00,0.9988888888888889,0.4857775851222291
2017-07-03 23:30:00,0.9988888888888889,0.47489493733600857
2017-07-03 23:45:00,0.9988888888888889,0.4645265744191974
2017-07-04 00:00:00,0.979771398192451,0.46991842160577907
2017-07-04 00:15:00,0.979771398192451,0.47149744793557097
2017-07-04 00:30:00,0.979771398192451,0.4777871416795991
2017-07-04 00:45:00,0.979771398192451,0.4787983374286619
2017-07-04 01:00:00,0.979771398192451,0.48320584417481816
2017-07-04 01:15:00,0.979771398192451,0.488099482149433
2017-07-04 01:30:00,0.979771398192451,0.4889184077542129
2017-07-04 01:45:00,0.979771398192451,0.49261987952283753
2017-07-04 02:00:00,0.979771398192451,0.49659689693808395
2017-07-04 02:15:00,0.979771398192451,0.48982322043258414
2017-07-04 02:30:00,0.979771398192451,0.49857911297754404
2017-07-04 02:45:00,0.979771398192451,0.49791882734748893
2017-07-04 03:00:00,0.979771398192451,0.4922860003397702
2017-07-04 03:15:00,0.979771398192451,0.48639975412450437
2017-07-04 03:30:00,0.979771398192451,0.5027843549800808
2017-07-04 03:45:00,0.979771398192451,0.5220545568945882
2017-07-04 04:00:00,0.979771398192451,0.5448874463348837
2017-07-04 04:15:00,0.979771398192451,0.5362001870463179
2017-07-04 04:30:00,0.979771398192451,0.5346726877434668
2017-07-04 04:45:00,0.979771398192451,0.5328096261254507
2017-07-04 05:00:00,0.979771398192451,0.5187391894592913
2017-07-04 05:15:00,0.979771398192451,0.49533061319094124
2017-07-04 05:30:00,0.979771398192451,0.4829261592983277
2017-07-04 05:45:00,0.979771398192451,0.4731966449942425
2017-07-04 06:00:00,0.979771398192451,0.45502057841953836
2017-07-04 06:15:00,0.979771398192451,0.4249176471911596
2017-07-04 06:30:00,0.979771398192451,0.3955908034420666
2017-07-04 06:45:00,0.979771398192451,0.36525098969887737
2017-07-04 07:00:00,0.979771398192451,0.32494076546484524
2017-07-04 07:15:00,0.979771398192451,0.278547084259119
2017-07-04 07:30:00,0.979771398192451,0.24182864407561963
2017-07-04 07:45:00,0.979771398192451,0.18660883551416507
2017-07-04 08:00:00,0.041,0.16786444725807678
2017-07-04 08:15:00,0.041,0.1659229610132562
2017-07-04 08:30:00,0.041,0.1647056412232816
2017-07-04 08:45:00,0.041,0.16365252372741562
2017-07-04 09:00:00,0.041,0.16297548008809173
2017-07-04 09:15:00,0.041,0.16332112510850627
2017-07-04 09:30:00,0.041,0.16152721353052948
2017-07-04 09:45:00,0.041,0.1606968258020404
2017-07-04 10:00:00,0.041,0.15980197687529307
2017-07-04 10:15:00,0.041,0.1584113349427371
2017-07-04 10:30:00,0.041,0.15774150631918604
2017-07-04 10:45:00,0.041,0.1573647370135181
2017-07-04 11:00:00,0.041,0.1573606315550979
2017-07-04 11:15:00,0.041,0.15756904742500757
2017-07-04 11:30:00,0.041,0.15814782061334082
2017-07-04 11:45:00,0.041,0.15789189155792763
2017-07-04 12:00:00,0.041,0.15845027383475682
2017-07-04 12:15:00,0.041,0.15768609064348207
2017-07-04 12:30:00,0.041,0.15921071378789073
2017-07-04 12:45:00,0.041,0.15941005978415299
2017-07-04 13:00:00,0.041,0.16514149704604503
2017-07-04 13:15:00,0.041,0.16561993913833925
2017-07-04 13:30:00,0.041,0.16067286622442226
2017-07-04 13:45:00,0.041,0.16136852846755312
2017-07-04 14:00:00,0.041,0.1613377001689839
2017-07-04 14:15:00,0.041,0.16337035826417057
2017-07-04 14:30:00,0.041,0.16389244079756937
2017-07-04 14:45:00,0.041,0.17067037283021713
2017-07-04 15:00:00,0.041,0.17134420802623374
2017-07-04 15:15:00,0.041,0.17314504908604056
2017-07-04 15:30:00,0.041,0.16685030767613504
2017-07-04 15:45:00,0.041,0.16621230320699143
2017-07-04 16:00:00,0.041,0.16599401217482543
2017-07-04 16:15:00,0.041,0.164975413375646
2017-07-04 16:30:00,0.979771398192451,0.18739361848500347
2017-07-04 16:45:00,0.979771398192451,0.20913389840010527
2017-07-04 17:00:00,0.979771398192451,0.24031551561299883
2017-07-04 17:15:00,0.979771398192451,0.2685030632934414
2017-07-04 17:30:00,0.979771398192451,0.3017533327278235
2017-07-04 17:45:00,0.979771398192451,0.3351466733537903
2017-07-04 18:00:00,0.979771398192451,0.3610432506579377
2017-07-04 18:15:00,0.979771398192451,0.383899748024401
2017-07-04 18:30:00,0.979771398192451,0.4009779826864723
2017-07-04 18:45:00,0.979771398192451,0.4167113651434569
2017-07-04 19:00:00,0.979771398192451,0.4318663261172385
2017-07-04 19:15:00,0.979771398192451,0.44050249554491233
2017-07-04 19:30:00,0.979771398192451,0.4544818483799648
2017-07-04 19:45:00,0.979771398192451,0.45961882286704814
2017-07-04 20:00:00,0.979771398192451,0.45929082526829945
2017-07-04 20:15:00,0.979771398192451,0.4665858242432802
2017-07-04 20:30:00,0.979771398192451,0.47365350163107756
2017-07-04 20:45:00,0.979771398192451,0.4766646199229762
2017-07-04 21:00:00,0.979771398192451,0.4820847299126818
2017-07-04 21:15:00,0.979771398192451,0.48662872007084884
2017-07-04 21:30:00,0.979771398192451,0.4919293934413154
2017-07-04 21:45:00,0.979771398192451,0.5032495089989479
2017-07-04 22:00:00,0.979771398192451,0.5057725888273403
2017-07-04 22:15:00,0.979771398192451,0.5237186905051093
2017-07-04 22:30:00,0.979771398192451,0.5103798217709105
2017-07-04 22:45:00,0.979771398192451,0.4935593959268923
2017-07-04 23:00:00,0.979771398192451,0.4764898182891993
2017-07-04 23:15:00,0.979771398192451,0.4820935111147373
2017-07-04 23:30:00,0.979771398192451,0.4900771401555866
2017-07-04 23:45:00,0.979771398192451,0.5013777124193844
2017-07-05 00:00:00,0.9988888888888889,0.5112471791063231
2017-07-05 00:15:00,0.9988888888888889,0.4969526628064035
2017-07-05 00:30:00,0.9988888888888889,0.48192838723202147
2017-07-05 00:45:00,0.9988888888888889,0.4652815854652079
2017-07-05 01:00:00,0.9988888888888889,0.4474509433146432
2017-07-05 01:15:00,0.9988888888888889,0.45149060612174147
2017-07-05 01:30:00,0.9988888888888889,0.4573272572493281
2017-07-05 01:45:00,0.9988888888888889,0.4601450694315834
2017-07-05 02:00:00,0.9988888888888889,0.468283584329016
2017-07-05 02:15:00,0.9988888888888889,0.463164097778279
2017-07-05 02:30:00,0.9988888888888889,0.46075173592351154
2017-07-05 02:45:00,0.9988888888888889,0.45782268033402823
2017-07-05 03:00:00,0.9988888888888889,0.45641836504531713
2017-07-05 03:15:00,0.9988888888888889,0.45836327324556164
2017-07-05 03:30:00,0.9988888888888889,0.46286787234508364
2017-07-05 03:45:00,0.9988888888888889,0.46514108375197544
2017-07-05 04:00:00,0.9988888888888889,0.47189477377971323
2017-07-05 04:15:00,0.9988888888888889,0.4699028461732013
2017-07-05 04:30:00,0.9988888888888889,0.47340696837596835
2017-07-05 04:45:00,0.9988888888888889,0.4799018742180022
2017-07-05 05:00:00,0.9988888888888889,0.4973414459894179
2017-07-05 05:15:00,0.9988888888888889,0.4857590639883296
2017-07-05 05:30:00,0.9988888888888889,0.47229294395086596
2017-07-05 05:45:00,0.9988888888888889,0.4597106426244173
2017-07-05 06:00:00,0.9988888888888889,0.44641450139639166
2017-07-05 06:15:00,0.9988888888888889,0.41794174613246593
2017-07-05 06:30:00,0.9988888888888889,0.38769785321786415
2017-07-05 06:45:00,0.9988888888888889,0.3592704976415742
2017-07-05 07:00:00,0.9988888888888889,0.32917165896758327
2017-07-05 07:15:00,0.9988888888888889,0.3012906205550545
2017-07-05 07:30:00,0.9988888888888889,0.2739367314290439
2017-07-05 07:45:00,0.9988888888888889,0.2442697637510437
2017-07-05 08:00:00,0.9988888888888889,0.2105987733748902
2017-07-05 08:15:00,0.041,0.18283705929379684
2017-07-05 08:30:00,0.041,0.18143389732902457
2017-07-05 08:45:00,0.041,0.18003486580494402
2017-07-05 09:00:00,0.041,0.17869652188639318
2017-07-05 09:15:00,0.041,0.17866330504784092
2017-07-05 09:30:00,0.041,0.17748114261354173
2017-07-05 09:45:00,0.041,0.1766827204085699
2017-07-05 10:00:00,0.041,0.17567665558458267
2017-07-05 10:15:00,0.041,0.18051470307102416
2017-07-05 10:30:00,0.041,0.17973742108813512
2017-07-05 10:45:00,0.041,0.17426736360354042
2017-07-05 11:00:00,0.041,0.17559360371402083
2017-07-05 11:15:00,0.041,0.17571899419345205
2017-07-05 11:30:00,0.041,0.18078515993995806
2017-07-05 11:45:00,0.041,0.1805119892432864
2017-07-05 12:00:00,0.041,0.1811203876440869
2017-07-05 12:15:00,0.041,0.17653306118406625
2017-07-05 12:30:00,0.041,0.17705038635878015
2017-07-05 12:45:00,0.041,0.17737474826899075
2017-07-05 13:00:00,0.041,0.17776429491672538
2017-07-05 13:15:00,0.041,0.17651890784226962
2017-07-05 13:30:00,0.041,0.17585792816709808
2017-07-05 13:45:00,0.041,0.1762230357205604
2017-07-05 14:00:00,0.041,0.17561750531491058
2017-07-05 14:15:00,0.041,0.17684007446594183
2017-07-05 14:30:00,0.041,0.17848906025758488
2017-07-05 14:45:00,0.041,0.18041547989790427
2017-07-05 15:00:00,0.041,0.18101139012549208
2017-07-05 15:15:00,0.041,0.18203276599882506
2017-07-05 15:30:00,0.041,0.18073470806355396
2017-07-05 15:45:00,0.041,0.1797892953966453
2017-07-05 16:00:00,0.041,0.18055765214746716
2017-07-05 16:15:00,0.9988888888888889,0.20474601923106148
2017-07-05 16:30:00,0.9988888888888889,0.25763114481776894
2017-07-05 16:45:00,0.9988888888888889,0.3247068524006266
2017-07-05 17:00:00,0.9988888888888889,0.37261408668220036
2017-07-05 17:15:00,0.9988888888888889,0.39370752203648357
2017-07-05 17:30:00,0.9988888888888889,0.4183526960781459
2017-07-05 17:45:00,0.9988888888888889,0.43582920486598625
2017-07-05 18:00:00,0.4536363636363636,0.45654691802383096
2017-07-05 18:15:00,0.4536363636363636,0.47381638544825466
2017-07-05 18:30:00,0.4536363636363636,0.49159314729064923
2017-07-05 18:45:00,0.9988888888888889,0.4648227633167792
2017-07-05 19:00:00,0.9988888888888889,0.47338667696164183
2017-07-05 19:15:00,0.9988888888888889,0.4838937319778293
2017-07-05 19:30:00,0.9988888888888889,0.48729489373810536
2017-07-05 19:45:00,0.4536363636363636,0.5106555411746238
2017-07-05 20:00:00,0.4536363636363636,0.5662835161359457
2017-07-05 20:15:00,0.4536363636363636,0.5688949321215063
2017-07-05 20:30:00,0.4536363636363636,0.5704326756622927
2017-07-05 20:45:00,0.4536363636363636,0.5716569546507295
2017-07-05 21:00:00,0.4536363636363636,0.5719624006294566
2017-07-05 21:15:00,0.4536363636363636,0.5700595439985883
2017-07-05 21:30:00,0.4536363636363636,0.5684269865235918
2017-07-05 21:45:00,0.4536363636363636,0.5667916272104359
2017-07-05 22:00:00,0.9988888888888889,0.5635129603324777
2017-07-05 22:15:00,0.9988888888888889,0.5538125210495759
2017-07-05 22:30:00,0.9988888888888889,0.5484036153058368
2017-07-05 22:45:00,0.9988888888888889,0.5413181933637564
2017-07-05 23:00:00,0.9988888888888889,0.5308371050178463
2017-07-05 23:15:00,0.9988888888888889,0.5296572633191564
2017-07-05 23:30:00,0.9988888888888889,0.530653962996527
2017-07-05 23:45:00,0.9988888888888889,0.5312679457315219
2017-07-06 00:00:00,0.9988888888888889,0.5306034572931098
2017-07-06 00:15:00,0.9988888888888889,0.5402611594832584
2017-07-06 00:30:00,0.9988888888888889,0.5500013917682403
2017-07-06 00:45:00,0.9988888888888889,0.5598098203648714
2017-07-06 01:00:00,0.9988888888888889,0.5713781413178763
2017-07-06 01:15:00,0.9988888888888889,0.5567875461608754
2017-07-06 01:30:00,0.9988888888888889,0.5441870547853266
2017-07-06 01:45:00,0.9988888888888889,0.5305141153826753
2017-07-06 02:00:00,0.9988888888888889,0.5179846563487656
2017-07-06 02:15:00,0.9988888888888889,0.5175204713671185
2017-07-06 02:30:00,0.9988888888888889,0.5137047168409496
2017-07-06 02:45:00,0.9988888888888889,0.5121264901112816
2017-07-06 03:00:00,0.9988888888888889,0.5146582249327629
2017-07-06 03:15:00,0.9988888888888889,0.5283716132579876
2017-07-06 03:30:00,0.9988888888888889,0.54024806108899
2017-07-06 03:45:00,0.9988888888888889,0.5529788659820065
2017-07-06 04:00:00,0.9988888888888889,0.5677878727734483
2017-07-06 04:15:00,0.9988888888888889,0.5569806382757146
2017-07-06 04:30:00,0.9988888888888889,0.5485902623409383
2017-07-06 04:45:00,0.9988888888888889,0.5447287693334841
2017-07-06 05:00:00,0.9988888888888889,0.5507662957333851
2017-07-06 05:15:00,0.9988888888888889,0.5364744943757397
2017-07-06 05:30:00,0.9988888888888889,0.5206007569422832
2017-07-06 05:45:00,0.9988888888888889,0.50162338959055
2017-07-06 06:00:00,0.9988888888888889,0.48531903675224397
2017-07-06 06:15:00,0.9988888888888889,0.47236824223731133
2017-07-06 06:30:00,0.9988888888888889,0.45661321816299094
2017-07-06 06:45:00,0.9988888888888889,0.4386487047999085
2017-07-06 07:00:00,0.9988888888888889,0.41923428301022747
2017-07-06 07:15:00,0.9988888888888889,0.39327759796302253
2017-07-06 07:30:00,0.9988888888888889,0.36909628353498725
2017-07-06 07:45:00,0.9988888888888889,0.34211353419036106
2017-07-06 08:00:00,0.9988888888888889,0.30549337739781557
2017-07-06 08:15:00,0.9988888888888889,0.29273099495111005
2017-07-06 08:30:00,0.9988888888888889,0.2835827596212946
2017-07-06 08:45:00,0.9988888888888889,0.27162900968370485
2017-07-06 09:00:00,0.9988888888888889,0.25993981138603844
2017-07-06 09:15:00,0.9988888888888889,0.24787613602703784
2017-07-06 09:30:00,0.9988888888888889,0.2334983909327844
2017-07-06 09:45:00,0.9988888888888889,0.22267725608088368
2017-07-06 10:00:00,0.9988888888888889,0.20614417988772252
2017-07-06 10:15:00,0.9988888888888889,0.20216390928889635
2017-07-06 10:30:00,0.9988888888888889,0.20552109013532516
2017-07-06 10:45:00,0.9988888888888889,0.20642625591573247
2017-07-06 11:00:00,0.9988888888888889,0.20031807621920397
2017-07-06 11:15:00,0.9988888888888889,0.1747736972838656
2017-07-06 11:30:00,0.9988888888888889,0.17523687759370088
2017-07-06 11:45:00,0.041,0.1752314568264751
2017-07-06 12:00:00,0.041,0.17346509237270305
2017-07-06 12:15:00,0.041,0.17368731359789752
2017-07-06 12:30:00,0.041,0.17460211486696534
2017-07-06 12:45:00,0.041,0.17519876956771782
2017-07-06 13:00:00,0.041,0.1755157190735871
2017-07-06 13:15:00,0.9988888888888889,0.17779711607030896
2017-07-06 13:30:00,0.9988888888888889,0.17803716319621904
2017-07-06 13:45:00,0.9988888888888889,0.17904637914492555
2017-07-06 14:00:00,0.041,0.1746780792391394
2017-07-06 14:15:00,0.041,0.17556580443278252
2017-07-06 14:30:00,0.9988888888888889,0.1810111922318836
2017-07-06 14:45:00,0.041,0.17726759073347295
2017-07-06 15:00:00,0.9988888888888889,0.18205253577058364
2017-07-06 15:15:00,0.9988888888888889,0.17957198232977717
2017-07-06 15:30:00,0.9988888888888889,0.18013507331157688
2017-07-06 15:45:00,0.9988888888888889,0.17872858731706362
2017-07-06 16:00:00,0.9988888888888889,0.20921717321813044
2017-07-06 16:15:00,0.9988888888888889,0.22890232321595247
2017-07-06 16:30:00,0.9988888888888889,0.25375746571862595
2017-07-06 16:45:00,0.9988888888888889,0.27090821340874083
2017-07-06 17:00:00,0.9988888888888889,0.28818150962987116
2017-07-06 17:15:00,0.9988888888888889,0.33747309147342197
2017-07-06 17:30:00,0.9988888888888889,0.3900457691872763
2017-07-06 17:45:00,0.9988888888888889,0.441390846044303
2017-07-06 18:00:00,0.9988888888888889,0.4493962253369979
2017-07-06 18:15:00,0.9988888888888889,0.453950183861578
2017-07-06 18:30:00,0.9988888888888889,0.41594167049862507
2017-07-06 18:45:00,0.9988888888888889,0.380109355276667
2017-07-06 19:00:00,0.9988888888888889,0.33719997685741593
2017-07-06 19:15:00,0.9988888888888889,0.4090849384279024
2017-07-06 19:30:00,0.9988888888888889,0.4760892372753057
2017-07-06 19:45:00,0.9988888888888889,0.4939242078702052
2017-07-06 20:00:00,0.9988888888888889,0.5082306653126512
2017-07-06 20:15:00,0.9988888888888889,0.5129112420351154
2017-07-06 20:30:00,0.9988888888888889,0.5180248759464604
2017-07-06 20:45:00,0.9988888888888889,0.523498736139367
2017-07-06 21:00:00,0.9988888888888889,0.5287380268258464
2017-07-06 21:15:00,0.9988888888888889,0.5353502337445456
2017-07-06 21:30:00,0.9988888888888889,0.542819779452456
2017-07-06 21:45:00,0.9988888888888889,0.5526180463268682
2017-07-06 22:00:00,0.9988888888888889,0.5775659315267941
2017-07-06 22:15:00,0.9988888888888889,0.5616133910151132
2017-07-06 22:30:00,0.9988888888888889,0.5455105978782241
2017-07-06 22:45:00,0.9988888888888889,0.5277280760158268
2017-07-06 23:00:00,0.9988888888888889,0.5021651052657921
2017-07-06 23:15:00,0.9988888888888889,0.4898292556794048
2017-07-06 23:30:00,0.9988888888888889,0.47933112120009846
2017-07-06 23:45:00,0.9988888888888889,0.4736114338669631
2017-07-07 00:00:00,0.9988888888888889,0.46479948924406406
2017-07-07 00:15:00,0.9988888888888889,0.4704517738404777
2017-07-07 00:30:00,0.9988888888888889,0.47657814532455817
2017-07-07 00:45:00,0.9988888888888889,0.48472863252782206
2017-07-07 01:00:00,0.9988888888888889,0.48833727812853023
2017-07-07 01:15:00,0.9988888888888889,0.4800571033834732
2017-07-07 01:30:00,0.9988888888888889,0.4689825645729283
2017-07-07 01:45:00,0.9988888888888889,0.4576758240812736
2017-07-07 02:00:00,0.9988888888888889,0.4442266789721097
2017-07-07 02:15:00,0.9988888888888889,0.4429730707070245
2017-07-07 02:30:00,0.9988888888888889,0.4397145798575817
2017-07-07 02:45:00,0.9988888888888889,0.4352542507160065
2017-07-07 03:00:00,0.9988888888888889,0.4341811746912089
2017-07-07 03:15:00,0.9988888888888889,0.44211871993214663
2017-07-07 03:30:00,0.9988888888888889,0.4517374151242692
2017-07-07 03:45:00,0.9988888888888889,0.4644059970131339
2017-07-07 04:00:00,0.9988888888888889,0.4812150847729261
2017-07-07 04:15:00,0.9988888888888889,0.4800965743213648
2017-07-07 04:30:00,0.9988888888888889,0.4779538032171061
2017-07-07 04:45:00,0.9988888888888889,0.4834912484109514
2017-07-07 05:00:00,0.9988888888888889,0.4997485219148481
2017-07-07 05:15:00,0.9988888888888889,0.4823698502767011
2017-07-07 05:30:00,0.9988888888888889,0.4645328683703606
2017-07-07 05:45:00,0.9988888888888889,0.44570142000030577
2017-07-07 06:00:00,0.9988888888888889,0.4305898959461946
2017-07-07 06:15:00,0.9988888888888889,0.39618972003097547
2017-07-07 06:30:00,0.9988888888888889,0.36279535756165826
2017-07-07 06:45:00,0.9988888888888889,0.3290291023858136
2017-07-07 07:00:00,0.9988888888888889,0.29690920592176745
2017-07-07 07:15:00,0.9988888888888889,0.26528785832777807
2017-07-07 07:30:00,0.9988888888888889,0.2343190301686463
2017-07-07 07:45:00,0.9988888888888889,0.21366591434104107
2017-07-07 08:00:00,0.9988888888888889,0.2124656139161681
2017-07-07 08:15:00,0.9988888888888889,0.2099892433203084
2017-07-07 08:30:00,0.9988888888888889,0.2078892151625153
2017-07-07 08:45:00,0.9988888888888889,0.20597778259520397
2017-07-07 09:00:00,0.9988888888888889,0.20634894008877197
2017-07-07 09:15:00,0.9988888888888889,0.2053392776257917
2017-07-07 09:30:00,0.9988888888888889,0.2092246560323805
2017-07-07 09:45:00,0.9988888888888889,0.2205858132634409
2017-07-07 10:00:00,0.9988888888888889,0.25807893836226076
2017-07-07 10:15:00,0.9988888888888889,0.26174922062812905
2017-07-07 10:30:00,0.9988888888888889,0.2620383237343415
2017-07-07 10:45:00,0.9988888888888889,0.25461203603149124
2017-07-07 11:00:00,0.9988888888888889,0.24484710091705436
2017-07-07 11:15:00,0.9988888888888889,0.225805257945906
2017-07-07 11:30:00,0.9988888888888889,0.20255411872211054
2017-07-07 11:45:00,0.9988888888888889,0.20147410142894737
2017-07-07 12:00:00,0.9988888888888889,0.20861235178491994
2017-07-07 12:15:00,0.9988888888888889,0.2071344150130007
2017-07-07 12:30:00,0.9988888888888889,0.19691358292947367
2017-07-07 12:45:00,0.9988888888888889,0.19762523334921814
2017-07-07 13:00:00,0.9988888888888889,0.20325441214306678
2017-07-07 13:15:00,0.9988888888888889,0.21376360863216662
2017-07-07 13:30:00,0.9988888888888889,0.22289964969855064
2017-07-07 13:45:00,0.9988888888888889,0.22910335886778474
2017-07-07 14:00:00,0.9988888888888889,0.23985745477907613
2017-07-07 14:15:00,0.9988888888888889,0.2586014257030617
2017-07-07 14:30:00,0.9988888888888889,0.2771290364497187
2017-07-07 14:45:00,0.9988888888888889,0.2976378648172934
2017-07-07 15:00:00,0.9988888888888889,0.3118054487975669
2017-07-07 15:15:00,0.9988888888888889,0.2987123709280309
2017-07-07 15:30:00,0.9988888888888889,0.2922267919397453
2017-07-07 15:45:00,0.9988888888888889,0.2757094980789084
2017-07-07 16:00:00,0.9988888888888889,0.2716562262636004
2017-07-07 16:15:00,0.9988888888888889,0.31305045600306636
2017-07-07 16:30:00,0.9988888888888889,0.3462288918781884
2017-07-07 16:45:00,0.9988888888888889,0.376079754417725
2017-07-07 17:00:00,0.9988888888888889,0.4114155426255083
2017-07-07 17:15:00,0.9988888888888889,0.4490153052496848
2017-07-07 17:30:00,0.9988888888888889,0.4663960718664529
2017-07-07 17:45:00,0.9988888888888889,0.462611411451366
2017-07-07 18:00:00,0.9988888888888889,0.46075010806413413
2017-07-07 18:15:00,0.4536363636363636,0.5272766959800539
2017-07-07 18:30:00,0.4536363636363636,0.5347999218015601
2017-07-07 18:45:00,0.4536363636363636,0.5430933291910671
2017-07-07 19:00:00,0.4536363636363636,0.5521992773376614
2017-07-07 19:15:00,0.4536363636363636,0.5557101321813038
2017-07-07 19:30:00,0.4536363636363636,0.558980963582757
2017-07-07 19:45:00,0.4536363636363636,0.5508662585548734
2017-07-07 20:00:00,0.9988888888888889,0.5187937043054159
2017-07-07 20:15:00,0.9988888888888889,0.5234317069119053
2017-07-07 20:30:00,0.9988888888888889,0.5324383032246645
2017-07-07 20:45:00,0.9988888888888889,0.538468239368818
2017-07-07 21:00:00,0.4536363636363636,0.5648627663642637
2017-07-07 21:15:00,0.4536363636363636,0.562725292985221
2017-07-07 21:30:00,0.4536363636363636,0.5611410150331178
2017-07-07 21:45:00,0.9988888888888889,0.5504183076115962
2017-07-07 22:00:00,0.9988888888888889,0.5407167858125069
2017-07-07 22:15:00,0.9988888888888889,0.5518686230081041
2017-07-07 22:30:00,0.9988888888888889,0.5595543034516489
2017-07-07 22:45:00,0.9988888888888889,0.566778686425799
2017-07-07 23:00:00,0.9988888888888889,0.5734596021306084
2017-07-07 23:15:00,0.9988888888888889,0.5776561445176295
2017-07-07 23:30:00,0.9988888888888889,0.584127892880236
2017-07-07 23:45:00,0.9988888888888889,0.5877780833067364
2017-07-08 00:00:00,0.33704061895551257,0.5918304321051246
2017-07-08 00:15:00,0.33545454545454545,0.5936661258030412
2017-07-08 00:30:00,0.979771398192451,0.5964415046632702
2017-07-08 00:45:00,0.979771398192451,0.5964192339178104
2017-07-08 01:00:00,0.979771398192451,0.5969712518996515
2017-07-08 01:15:00,0.979771398192451,0.6068743297352919
2017-07-08 01:30:00,0.979771398192451,0.6126468324472913
2017-07-08 01:45:00,0.979771398192451,0.6206824819822552
2017-07-08 02:00:00,0.979771398192451,0.6271712095001172
2017-07-08 02:15:00,0.979771398192451,0.6152667505362631
2017-07-08 02:30:00,0.979771398192451,0.6032985362249099
2017-07-08 02:45:00,0.979771398192451,0.5904722191315511
2017-07-08 03:00:00,0.979771398192451,0.5778070346271884
2017-07-08 03:15:00,0.979771398192451,0.5895204913256998
2017-07-08 03:30:00,0.979771398192451,0.6009130973569423
2017-07-08 03:45:00,0.979771398192451,0.6113878320855998
2017-07-08 04:00:00,0.979771398192451,0.6211059181473556
2017-07-08 04:15:00,0.979771398192451,0.6041872569309965
2017-07-08 04:30:00,0.979771398192451,0.5887832865555869
2017-07-08 04:45:00,0.979771398192451,0.5757132415917038
2017-07-08 05:00:00,0.979771398192451,0.5700380693866163
2017-07-08 05:15:00,0.979771398192451,0.5549715456493892
2017-07-08 05:30:00,0.979771398192451,0.5397152721893398
2017-07-08 05:45:00,0.979771398192451,0.5233541309054244
2017-07-08 06:00:00,0.979771398192451,0.5164109734577335
2017-07-08 06:15:00,0.979771398192451,0.4843315252941817
2017-07-08 06:30:00,0.979771398192451,0.45624603500064825
2017-07-08 06:45:00,0.979771398192451,0.4291280399726805
2017-07-08 07:00:00,0.979771398192451,0.40527543308470293
2017-07-08 07:15:00,0.979771398192451,0.37979692294283657
2017-07-08 07:30:00,0.979771398192451,0.35247605297777634
2017-07-08 07:45:00,0.979771398192451,0.3259776531027817
2017-07-08 08:00:00,0.979771398192451,0.29484069688620607
2017-07-08 08:15:00,0.979771398192451,0.2650588894743497
2017-07-08 08:30:00,0.979771398192451,0.2432343752414624
2017-07-08 08:45:00,0.979771398192451,0.2239898401015641
2017-07-08 09:00:00,0.979771398192451,0.1970745543075112
2017-07-08 09:15:00,0.041,0.1903713301456552
2017-07-08 09:30:00,0.041,0.18912912801499862
2017-07-08 09:45:00,0.041,0.1869676727953829
2017-07-08 10:00:00,0.041,0.18586199870359543
2017-07-08 10:15:00,0.041,0.1855808999866864
2017-07-08 10:30:00,0.041,0.1850184732384498
2017-07-08 10:45:00,0.041,0.1857055473555553
2017-07-08 11:00:00,0.041,0.18605918916893405
2017-07-08 11:15:00,0.041,0.18635356484576507
2017-07-08 11:30:00,0.041,0.1873932220100182
2017-07-08 11:45:00,0.041,0.19362055303741565
2017-07-08 12:00:00,0.041,0.18851328676550003
2017-07-08 12:15:00,0.041,0.19600363652152503
2017-07-08 12:30:00,0.041,0.19553589380845215
2017-07-08 12:45:00,0.041,0.19574063262251598
2017-07-08 13:00:00,0.041,0.19026967546097878
2017-07-08 13:15:00,0.041,0.19175901699996087
2017-07-08 13:30:00,0.041,0.1978599500410485
2017-07-08 13:45:00,0.041,0.19089550746655418
2017-07-08 14:00:00,0.041,0.1899765646581995
2017-07-08 14:15:00,0.041,0.19053430054773776
2017-07-08 14:30:00,0.041,0.19108965808472728
2017-07-08 14:45:00,0.041,0.1927549273845503
2017-07-08 15:00:00,0.041,0.192860641679023
2017-07-08 15:15:00,0.041,0.19495434072160733
2017-07-08 15:30:00,0.041,0.19466195754591464
2017-07-08 15:45:00,0.041,0.19505383790616018
2017-07-08 16:00:00,0.041,0.19246203221140012
2017-07-08 16:15:00,0.041,0.19255064231722432
2017-07-08 16:30:00,0.041,0.18976776351774327
2017-07-08 16:45:00,0.041,0.1884902749129279
2017-07-08 17:00:00,0.041,0.18881410883586436
2017-07-08 17:15:00,0.979771398192451,0.20378156654562452
2017-07-08 17:30:00,0.979771398192451,0.2484304543004052
2017-07-08 17:45:00,0.979771398192451,0.29155790761811107
2017-07-08 18:00:00,0.979771398192451,0.33436445673674453
2017-07-08 18:15:00,0.979771398192451,0.3860577112447643
2017-07-08 18:30:00,0.979771398192451,0.4315360981071907
2017-07-08 18:45:00,0.979771398192451,0.47454970990597
2017-07-08 19:00:00,0.33545454545454545,0.503057588491569
2017-07-08 19:15:00,0.33545454545454545,0.5127625402068263
2017-07-08 19:30:00,0.33545454545454545,0.5213722228193381
2017-07-08 19:45:00,0.33545454545454545,0.527453400043109
2017-07-08 20:00:00,0.33545454545454545,0.5282539458267601
2017-07-08 20:15:00,0.33545454545454545,0.5372253162215853
2017-07-08 20:30:00,0.33545454545454545,0.5512584351265681
2017-07-08 20:45:00,0.33545454545454545,0.5530417953107365
2017-07-08 21:00:00,0.33545454545454545,0.5495223925797145
2017-07-08 21:15:00,0.33545454545454545,0.5601097598367856
2017-07-08 21:30:00,0.33545454545454545,0.5684848360604341
2017-07-08 21:45:00,0.33545454545454545,0.5743075110234126
2017-07-08 22:00:00,0.33545454545454545,0.5870830183960369
2017-07-08 22:15:00,0.33545454545454545,0.5949885868973095
2017-07-08 22:30:00,0.33545454545454545,0.5997314284744212
2017-07-08 22:45:00,0.33545454545454545,0.6075772859896137
2017-07-08 23:00:00,0.979771398192451,0.6101779976273484
2017-07-08 23:15:00,0.979771398192451,0.612283168529871
2017-07-08 23:30:00,0.979771398192451,0.6104021113827478
2017-07-08 23:45:00,0.979771398192451,0.6130007846666167
2017-07-09 00:00:00,0.9988888888888889,0.6134150969211544
2017-07-09 00:15:00,0.9988888888888889,0.6096283011080018
2017-07-09 00:30:00,0.9988888888888889,0.5981357864069411
2017-07-09 00:45:00,0.9988888888888889,0.5950249279786205
2017-07-09 01:00:00,0.9988888888888889,0.5893759944984234
2017-07-09 01:15:00,0.9988888888888889,0.5730548787894068
2017-07-09 01:30:00,0.9988888888888889,0.5549378393415176
2017-07-09 01:45:00,0.9988888888888889,0.5411437521412488
2017-07-09 02:00:00,0.9988888888888889,0.5234061045701003
2017-07-09 02:15:00,0.9988888888888889,0.5144285647024242
2017-07-09 02:30:00,0.9988888888888889,0.5172927413088817
2017-07-09 02:45:00,0.9988888888888889,0.520800763107403
2017-07-09 03:00:00,0.9988888888888889,0.5147403885117215
2017-07-09 03:15:00,0.9988888888888889,0.5121607160055501
2017-07-09 03:30:00,0.9988888888888889,0.5084954440281896
2017-07-09 03:45:00,0.9988888888888889,0.5077108674432171
2017-07-09 04:00:00,0.9988888888888889,0.50420875398783
2017-07-09 04:15:00,0.9988888888888889,0.5043925252718606
2017-07-09 04:30:00,0.9988888888888889,0.5042272493827679
2017-07-09 04:45:00,0.9988888888888889,0.5089451771542891
2017-07-09 05:00:00,0.9988888888888889,0.5179160923062708
2017-07-09 05:15:00,0.9988888888888889,0.5024119237374954
2017-07-09 05:30:00,0.9988888888888889,0.4862814197368523
2017-07-09 05:45:00,0.9988888888888889,0.46555282680542487
2017-07-09 06:00:00,0.9988888888888889,0.45423274367418337
2017-07-09 06:15:00,0.9988888888888889,0.43713776239120933
2017-07-09 06:30:00,0.9988888888888889,0.42236307267036943
2017-07-09 06:45:00,0.9988888888888889,0.4149771896387136
2017-07-09 07:00:00,0.9988888888888889,0.40352034862563796
2017-07-09 07:15:00,0.9988888888888889,0.38032333511701255
2017-07-09 07:30:00,0.9988888888888889,0.3595066466314675
2017-07-09 07:45:00,0.9988888888888889,0.3288189297783343
2017-07-09 08:00:00,0.9988888888888889,0.3156701213644928
2017-07-09 08:15:00,0.9988888888888889,0.27549155057618163
2017-07-09 08:30:00,0.041,0.24083234539649268
2017-07-09 08:45:00,0.041,0.2394726923898107
2017-07-09 09:00:00,0.041,0.23482711010346735
2017-07-09 09:15:00,0.041,0.23181546450338864
2017-07-09 09:30:00,0.041,0.22995847799215474
2017-07-09 09:45:00,0.041,0.2310664822816908
2017-07-09 10:00:00,0.041,0.22967474200364682
2017-07-09 10:15:00,0.041,0.22709075396326037
2017-07-09 10:30:00,0.041,0.2268496257730046
2017-07-09 10:45:00,0.041,0.22399182710364698
2017-07-09 11:00:00,0.041,0.22407460680438046
2017-07-09 11:15:00,0.041,0.22559211475260618
2017-07-09 11:30:00,0.041,0.22744403474411848
2017-07-09 11:45:00,0.041,0.23014351724181106
2017-07-09 12:00:00,0.041,0.23182799514126712
2017-07-09 12:15:00,0.041,0.23752606538657098
2017-07-09 12:30:00,0.041,0.23686846710186843
2017-07-09 12:45:00,0.041,0.23553416885832157
2017-07-09 13:00:00,0.041,0.22927866964515708
2017-07-09 13:15:00,0.041,0.22836457921835085
2017-07-09 13:30:00,0.041,0.2286594730455686
2017-07-09 13:45:00,0.041,0.23023331781025874
2017-07-09 14:00:00,0.041,0.2307349760451512
2017-07-09 14:15:00,0.041,0.22915877733576936
2017-07-09 14:30:00,0.041,0.2289571837442086
2017-07-09 14:45:00,0.041,0.2295311532175884
2017-07-09 15:00:00,0.041,0.22571982795059667
2017-07-09 15:15:00,0.041,0.2283096281931864
2017-07-09 15:30:00,0.041,0.2305431282137443
2017-07-09 15:45:00,0.041,0.22734613887585822
2017-07-09 16:00:00,0.041,0.22851753068021305
2017-07-09 16:15:00,0.041,0.22737910457374308
2017-07-09 16:30:00,0.041,0.21818849422937045
2017-07-09 16:45:00,0.041,0.21416269888208858
2017-07-09 17:00:00,0.041,0.210570334569081
2017-07-09 17:15:00,0.041,0.21093609761593538
2017-07-09 17:30:00,0.041,0.21202542543679714
2017-07-09 17:45:00,0.9988888888888889,0.24892725825714998
2017-07-09 18:00:00,0.9988888888888889,0.3153002049970322
2017-07-09 18:15:00,0.9988888888888889,0.3570669314629077
2017-07-09 18:30:00,0.9988888888888889,0.3800980244157839
2017-07-09 18:45:00,0.9988888888888889,0.4149133520051025
2017-07-09 19:00:00,0.9988888888888889,0.43805368037907705
2017-07-09 19:15:00,0.9988888888888889,0.45057943038504716
2017-07-09 19:30:00,0.9988888888888889,0.452535289046893
2017-07-09 19:45:00,0.9988888888888889,0.4658497202424265
2017-07-09 20:00:00,0.9988888888888889,0.471531289441635
2017-07-09 20:15:00,0.9988888888888889,0.4721985424425913
2017-07-09 20:30:00,0.9988888888888889,0.47214356121928647
2017-07-09 20:45:00,0.9988888888888889,0.47096486069806975
2017-07-09 21:00:00,0.9988888888888889,0.468444530340104
2017-07-09 21:15:00,0.9988888888888889,0.4707258562550856
2017-07-09 21:30:00,0.9988888888888889,0.4765560550588811
2017-07-09 21:45:00,0.9988888888888889,0.4628803271154657
2017-07-09 22:00:00,0.9988888888888889,0.44124133019213363
2017-07-09 22:15:00,0.9988888888888889,0.45118178307375273
2017-07-09 22:30:00,0.9988888888888889,0.46146667880026404
2017-07-09 22:45:00,0.9988888888888889,0.4688034714243371
2017-07-09 23:00:00,0.9988888888888889,0.4784469041337692
2017-07-09 23:15:00,0.9988888888888889,0.4692361856948504
2017-07-09 23:30:00,0.9988888888888889,0.4714259327564931
2017-07-09 23:45:00,0.9988888888888889,0.4683706355927107
2017-07-10 00:00:00,0.9988888888888889,0.4722957606170576
2017-07-10 00:15:00,0.9988888888888889,0.46711121812758494
2017-07-10 00:30:00,0.9988888888888889,0.4555479256725783
2017-07-10 00:45:00,0.9988888888888889,0.44950160188754623
2017-07-10 01:00:00,0.9988888888888889,0.44510963352007066
2017-07-10 01:15:00,0.9988888888888889,0.46137451201769314
2017-07-10 01:30:00,0.9988888888888889,0.47812626578249884
2017-07-10 01:45:00,0.9988888888888889,0.49449787974194626
2017-07-10 02:00:00,0.9988888888888889,0.5148814574959365
2017-07-10 02:15:00,0.9988888888888889,0.5173484311745093
2017-07-10 02:30:00,0.9988888888888889,0.5230987659966365
2017-07-10 02:45:00,0.9988888888888889,0.5278847327941995
2017-07-10 03:00:00,0.9988888888888889,0.5338761848473058
2017-07-10 03:15:00,0.9988888888888889,0.5296446736611303
2017-07-10 03:30:00,0.9988888888888889,0.5257448559825136
2017-07-10 03:45:00,0.9988888888888889,0.5221700691743155
2017-07-10 04:00:00,0.9988888888888889,0.5271190776069645
2017-07-10 04:15:00,0.9988888888888889,0.5136901183755235
2017-07-10 04:30:00,0.9988888888888889,0.5046277537247836
2017-07-10 04:45:00,0.9988888888888889,0.4992604062946451
2017-07-10 05:00:00,0.9988888888888889,0.5065646901195565
2017-07-10 05:15:00,0.9988888888888889,0.4837823617502705
2017-07-10 05:30:00,0.9988888888888889,0.45652140684338427
2017-07-10 05:45:00,0.9988888888888889,0.428807308011768
2017-07-10 06:00:00,0.9988888888888889,0.40718590814110034
2017-07-10 06:15:00,0.9988888888888889,0.37397836781824706
2017-07-10 06:30:00,0.9988888888888889,0.34227125684843396
2017-07-10 06:45:00,0.9988888888888889,0.30432623374569656
2017-07-10 07:00:00,0.9988888888888889,0.27159255847194175
2017-07-10 07:15:00,0.9988888888888889,0.2595386566069225
2017-07-10 07:30:00,0.9988888888888889,0.23794290620167655
2017-07-10 07:45:00,0.9988888888888889,0.2316515384844588
2017-07-10 08:00:00,0.9988888888888889,0.2011673258586686
2017-07-10 08:15:00,0.9988888888888889,0.1939612256018921
2017-07-10 08:30:00,0.9988888888888889,0.18293150467702637
2017-07-10 08:45:00,0.041,0.17658645196537828
2017-07-10 09:00:00,0.041,0.17625544272293542
2017-07-10 09:15:00,0.041,0.17563574392519732
2017-07-10 09:30:00,0.041,0.17512285280699982
2017-07-10 09:45:00,0.041,0.17561201378974065
2017-07-10 10:00:00,0.041,0.17626897732708763
2017-07-10 10:15:00,0.041,0.17525368905939828
2017-07-10 10:30:00,0.041,0.174019566622464
2017-07-10 10:45:00,0.041,0.17264510250593157
2017-07-10 11:00:00,0.041,0.17372989825243926
2017-07-10 11:15:00,0.041,0.17428033923719324
2017-07-10 11:30:00,0.041,0.17626693898247683
2017-07-10 11:45:00,0.9988888888888889,0.17531078105010556
2017-07-10 12:00:00,0.9988888888888889,0.1750147523471344
2017-07-10 12:15:00,0.041,0.17500055030796732
2017-07-10 12:30:00,0.041,0.1751782181371316
2017-07-10 12:45:00,0.041,0.17610361656190235
2017-07-10 13:00:00,0.041,0.18032647604936877
2017-07-10 13:15:00,0.041,0.18101251911987623
2017-07-10 13:30:00,0.041,0.1823750413709279
2017-07-10 13:45:00,0.041,0.17892621580873114
2017-07-10 14:00:00,0.041,0.17648697438127595
2017-07-10 14:15:00,0.9988888888888889,0.1814635848178116
2017-07-10 14:30:00,0.9988888888888889,0.18377125214377785
2017-07-10 14:45:00,0.041,0.1800608287724524
2017-07-10 15:00:00,0.041,0.17963266341868347
2017-07-10 15:15:00,0.041,0.1822140910367456
2017-07-10 15:30:00,0.041,0.1826352345420876
2017-07-10 15:45:00,0.9988888888888889,0.18485380835363088
2017-07-10 16:00:00,0.9988888888888889,0.2082818205113479
2017-07-10 16:15:00,0.9988888888888889,0.2645307750465757
2017-07-10 16:30:00,0.9988888888888889,0.311546469892048
2017-07-10 16:45:00,0.9988888888888889,0.35844391610785353
2017-07-10 17:00:00,0.9988888888888889,0.39635973756894755
2017-07-10 17:15:00,0.9988888888888889,0.4098612393959473
2017-07-10 17:30:00,0.9988888888888889,0.4209547714661385
2017-07-10 17:45:00,0.9988888888888889,0.437377031887999
2017-07-10 18:00:00,0.9988888888888889,0.44817858953725986
2017-07-10 18:15:00,0.4536363636363636,0.4710486180948734
2017-07-10 18:30:00,0.9988888888888889,0.46837282883596
2017-07-10 18:45:00,0.9988888888888889,0.4631688305948589
2017-07-10 19:00:00,0.9988888888888889,0.4708026626075473
2017-07-10 19:15:00,0.9988888888888889,0.47215438524275194
2017-07-10 19:30:00,0.9988888888888889,0.48041329127126886
2017-07-10 19:45:00,0.4536363636363636,0.5505046358504153
2017-07-10 20:00:00,0.4536363636363636,0.5542462302986673
2017-07-10 20:15:00,0.4536363636363636,0.5556671212248633
2017-07-10 20:30:00,0.4536363636363636,0.5546269737541052
2017-07-10 20:45:00,0.4536363636363636,0.5529159318042123
2017-07-10 21:00:00,0.4536363636363636,0.5512152301925258
2017-07-10 21:15:00,0.4536363636363636,0.55280994536637
2017-07-10 21:30:00,0.4536363636363636,0.5551231401866096
2017-07-10 21:45:00,0.4536363636363636,0.5585406729963927
2017-07-10 22:00:00,0.9988888888888889,0.5632791339119696
2017-07-10 22:15:00,0.9988888888888889,0.571966720425315
2017-07-10 22:30:00,0.4536363636363636,0.5793333336093623
2017-07-10 22:45:00,0.4536363636363636,0.5917033696992489
2017-07-10 23:00:00,0.4536363636363636,0.6032828739240528
2017-07-10 23:15:00,0.9988888888888889,0.6058550023919637
2017-07-10 23:30:00,0.9988888888888889,0.6037676942938893
2017-07-10 23:45:00,0.9988888888888889,0.6043876533651813
2017-07-11 00:00:00,0.9988888888888889,0.603589401097492
2017-07-11 00:15:00,0.9988888888888889,0.6035317076357541
2017-07-11 00:30:00,0.9988888888888889,0.614458663883877
2017-07-11 00:45:00,0.9988888888888889,0.6200077210843349
2017-07-11 01:00:00,0.9988888888888889,0.6075627687611299
2017-07-11 01:15:00,0.9988888888888889,0.6056689002385359
2017-07-11 01:30:00,0.9988888888888889,0.6122166999160931
2017-07-11 01:45:00,0.9988888888888889,0.6109906330827973
2017-07-11 02:00:00,0.9988888888888889,0.6094703279850252
2017-07-11 02:15:00,0.9988888888888889,0.6043076764669543
2017-07-11 02:30:00,0.9988888888888889,0.6030422770175329
2017-07-11 02:45:00,0.9988888888888889,0.6071528663395217
2017-07-11 03:00:00,0.9988888888888889,0.6105766398359879
2017-07-11 03:15:00,0.9988888888888889,0.6148730482847681
2017-07-11 03:30:00,0.9988888888888889,0.6076990171204842
2017-07-11 03:45:00,0.9988888888888889,0.6011484181233304
2017-07-11 04:00:00,0.9988888888888889,0.5845162282014121
2017-07-11 04:15:00,0.9988888888888889,0.588291838953392
2017-07-11 04:30:00,0.9988888888888889,0.5770127450908499
2017-07-11 04:45:00,0.9988888888888889,0.5770420041717237
2017-07-11 05:00:00,0.9988888888888889,0.549244060742597
2017-07-11 05:15:00,0.9988888888888889,0.5317005201064343
2017-07-11 05:30:00,0.9988888888888889,0.5187145866887461
2017-07-11 05:45:00,0.9988888888888889,0.5079370377077618
2017-07-11 06:00:00,0.9988888888888889,0.49459171043625744
2017-07-11 06:15:00,0.9988888888888889,0.4859685491084376
2017-07-11 06:30:00,0.9988888888888889,0.46614474886847285
2017-07-11 06:45:00,0.9988888888888889,0.4218862621923341
2017-07-11 07:00:00,0.9988888888888889,0.37119457756593766
2017-07-11 07:15:00,0.9988888888888889,0.3303287763445966
2017-07-11 07:30:00,0.9988888888888889,0.29953390093712723
2017-07-11 07:45:00,0.9988888888888889,0.25851656482400687
2017-07-11 08:00:00,0.9988888888888889,0.21953933681745963
2017-07-11 08:15:00,0.041,0.1798649188569478
2017-07-11 08:30:00,0.041,0.17859484176323584
2017-07-11 08:45:00,0.041,0.17761627198362873
2017-07-11 09:00:00,0.041,0.17747504556252264
2017-07-11 09:15:00,0.041,0.17782665075969378
2017-07-11 09:30:00,0.041,0.17763521289721065
2017-07-11 09:45:00,0.041,0.1768116590882739
2017-07-11 10:00:00,0.041,0.18187055181190115
2017-07-11 10:15:00,0.041,0.17976089831078002
2017-07-11 10:30:00,0.041,0.17887225461995387
2017-07-11 10:45:00,0.041,0.17868674359239234
2017-07-11 11:00:00,0.041,0.17536437614867542
2017-07-11 11:15:00,0.041,0.17530792745949256
2017-07-11 11:30:00,0.041,0.1753228454156042
2017-07-11 11:45:00,0.041,0.17501439621105294
2017-07-11 12:00:00,0.041,0.17477516435777912
2017-07-11 12:15:00,0.041,0.17433162972019361
2017-07-11 12:30:00,0.041,0.17440370049050583
2017-07-11 12:45:00,0.041,0.17456873038573986
2017-07-11 13:00:00,0.041,0.17885793287864002
2017-07-11 13:15:00,0.041,0.17282668427195588
2017-07-11 13:30:00,0.041,0.17491798683552173
2017-07-11 13:45:00,0.041,0.17575913893246078
2017-07-11 14:00:00,0.041,0.17643592821220347
2017-07-11 14:15:00,0.041,0.1770889109788194
2017-07-11 14:30:00,0.041,0.17720453996260763
2017-07-11 14:45:00,0.041,0.17800457047191215
2017-07-11 15:00:00,0.041,0.1801172947928217
2017-07-11 15:15:00,0.041,0.18005711434232977
2017-07-11 15:30:00,0.041,0.1803370706655826
2017-07-11 15:45:00,0.041,0.179213911581366
2017-07-11 16:00:00,0.9988888888888889,0.20076584213981147
2017-07-11 16:15:00,0.9988888888888889,0.236506894316531
2017-07-11 16:30:00,0.9988888888888889,0.29910318506066824
2017-07-11 16:45:00,0.9988888888888889,0.35222824885053766
2017-07-11 17:00:00,0.9988888888888889,0.39712911019649955
2017-07-11 17:15:00,0.9988888888888889,0.42295453386622506
2017-07-11 17:30:00,0.4536363636363636,0.45535011579649215
2017-07-11 17:45:00,0.4536363636363636,0.4728811932838661
2017-07-11 18:00:00,0.4536363636363636,0.4901418451383751
2017-07-11 18:15:00,0.4536363636363636,0.4793129027158622
2017-07-11 18:30:00,0.9988888888888889,0.4592889481342051
2017-07-11 18:45:00,0.9988888888888889,0.4619513161460811
2017-07-11 19:00:00,0.9988888888888889,0.47623575686694475
2017-07-11 19:15:00,0.9988888888888889,0.48582671598638616
2017-07-11 19:30:00,0.9988888888888889,0.4961202691640897
2017-07-11 19:45:00,0.9988888888888889,0.5000090234734442
2017-07-11 20:00:00,0.9988888888888889,0.5051976682952295
2017-07-11 20:15:00,0.9988888888888889,0.5100700674505715
2017-07-11 20:30:00,0.9988888888888889,0.5171446926887697
2017-07-11 20:45:00,0.9988888888888889,0.525177176827213
2017-07-11 21:00:00,0.9988888888888889,0.5262591319506184
2017-07-11 21:15:00,0.9988888888888889,0.5294934088966258
2017-07-11 21:30:00,0.9988888888888889,0.5141029581668796
2017-07-11 21:45:00,0.9988888888888889,0.5021421714878818
2017-07-11 22:00:00,0.9988888888888889,0.48719552019644324
2017-07-11 22:15:00,0.9988888888888889,0.4748076934118639
2017-07-11 22:30:00,0.9988888888888889,0.4611746974103161
2017-07-11 22:45:00,0.9988888888888889,0.4632105672230721
2017-07-11 23:00:00,0.9988888888888889,0.4549614108467845
2017-07-11 23:15:00,0.9988888888888889,0.4492200565604136
2017-07-11 23:30:00,0.9988888888888889,0.4460630476421873
2017-07-11 23:45:00,0.9988888888888889,0.4407863655458249
2017-07-12 00:00:00,0.9988888888888889,0.4388443719374987
2017-07-12 00:15:00,0.9988888888888889,0.42647911266043526
2017-07-12 00:30:00,0.9988888888888889,0.4180011086574685
2017-07-12 00:45:00,0.9988888888888889,0.4067913185667508
2017-07-12 01:00:00,0.9988888888888889,0.39244921449701753
2017-07-12 01:15:00,0.9988888888888889,0.38280640094142115
2017-07-12 01:30:00,0.9988888888888889,0.3753844077435942
2017-07-12 01:45:00,0.9988888888888889,0.36676652624844824
2017-07-12 02:00:00,0.9988888888888889,0.3591044910376029
2017-07-12 02:15:00,0.9988888888888889,0.37154037695756975
2017-07-12 02:30:00,0.9988888888888889,0.38174193283002433
2017-07-12 02:45:00,0.9988888888888889,0.3946339332786581
2017-07-12 03:00:00,0.9988888888888889,0.40964006753544574
2017-07-12 03:15:00,0.9988888888888889,0.4154322041923057
2017-07-12 03:30:00,0.9988888888888889,0.4217063830227051
2017-07-12 03:45:00,0.9988888888888889,0.43147013797429046
2017-07-12 04:00:00,0.9988888888888889,0.44486815415435693
2017-07-12 04:15:00,0.9988888888888889,0.4370121121447531
2017-07-12 04:30:00,0.9988888888888889,0.43325925335630555
2017-07-12 04:45:00,0.9988888888888889,0.43502949359568044
2017-07-12 05:00:00,0.9988888888888889,0.4496632123241109
2017-07-12 05:15:00,0.9988888888888889,0.4270710247150328
2017-07-12 05:30:00,0.9988888888888889,0.401696263426757
2017-07-12 05:45:00,0.9988888888888889,0.37574415713811177
2017-07-12 06:00:00,0.9988888888888889,0.3559662376553446
2017-07-12 06:15:00,0.9988888888888889,0.3466673364144155
2017-07-12 06:30:00,0.9988888888888889,0.3347182449582529
2017-07-12 06:45:00,0.9988888888888889,0.3235419405142504
2017-07-12 07:00:00,0.9988888888888889,0.31033816630368466
2017-07-12 07:15:00,0.9988888888888889,0.30115115544344306
2017-07-12 07:30:00,0.9988888888888889,0.2866206931831863
2017-07-12 07:45:00,0.9988888888888889,0.26892778494489594
2017-07-12 08:00:00,0.9988888888888889,0.24830612867123383
2017-07-12 08:15:00,0.9988888888888889,0.22122306591983973
2017-07-12 08:30:00,0.9988888888888889,0.21705503650521124
2017-07-12 08:45:00,0.9988888888888889,0.2046353308285139
2017-07-12 09:00:00,0.9988888888888889,0.19187750832541856
2017-07-12 09:15:00,0.041,0.17377083470972007
2017-07-12 09:30:00,0.041,0.17212878931987974
2017-07-12 09:45:00,0.041,0.17155612948946977
2017-07-12 10:00:00,0.041,0.17112579517310614
2017-07-12 10:15:00,0.041,0.17280488253026519
2017-07-12 10:30:00,0.041,0.1717845303690094
2017-07-12 10:45:00,0.041,0.17121166781059313
2017-07-12 11:00:00,0.041,0.1722247500724294
2017-07-12 11:15:00,0.041,0.17142857018588303
2017-07-12 11:30:00,0.041,0.17074620023543893
2017-07-12 11:45:00,0.041,0.17153739005229768
2017-07-12 12:00:00,0.041,0.1708154306571424
2017-07-12 12:15:00,0.041,0.1697109657861082
2017-07-12 12:30:00,0.041,0.1707512650264283
2017-07-12 12:45:00,0.041,0.1723826367012024
2017-07-12 13:00:00,0.041,0.17877684428604218
2017-07-12 13:15:00,0.041,0.17872633042697028
2017-07-12 13:30:00,0.041,0.180141891388489
2017-07-12 13:45:00,0.041,0.18040394820356895
2017-07-12 14:00:00,0.041,0.17981215775719303
2017-07-12 14:15:00,0.041,0.1754386564947983
2017-07-12 14:30:00,0.041,0.17614704562764227
2017-07-12 14:45:00,0.041,0.17677320000908528
2017-07-12 15:00:00,0.041,0.1778649910953922
2017-07-12 15:15:00,0.041,0.17639941532681747
2017-07-12 15:30:00,0.041,0.17698197322701495
2017-07-12 15:45:00,0.9988888888888889,0.19883010356271563
2017-07-12 16:00:00,0.9988888888888889,0.23314736654538762
2017-07-12 16:15:00,0.9988888888888889,0.2716443750133783
2017-07-12 16:30:00,0.9988888888888889,0.3145717300402736
2017-07-12 16:45:00,0.9988888888888889,0.35251869867859265
2017-07-12 17:00:00,0.9988888888888889,0.3867076644770667
2017-07-12 17:15:00,0.9988888888888889,0.4016755584791243
2017-07-12 17:30:00,0.9988888888888889,0.41499071868562915
2017-07-12 17:45:00,0.9988888888888889,0.42154206444995784
2017-07-12 18:00:00,0.9988888888888889,0.43560546152884333
2017-07-12 18:15:00,0.4536363636363636,0.45651027237375386
2017-07-12 18:30:00,0.3402127659574468,0.47003465987832993
2017-07-12 18:45:00,0.3402127659574468,0.4720297350323483
2017-07-12 19:00:00,0.3402127659574468,0.4745553792815723
2017-07-12 19:15:00,0.3402127659574468,0.4809805210584678
2017-07-12 19:30:00,0.3402127659574468,0.48989843487294626
2017-07-12 19:45:00,0.3402127659574468,0.4983765668136956
2017-07-12 20:00:00,0.3402127659574468,0.5070179243835716
2017-07-12 20:15:00,0.4536363636363636,0.5173833635643461
2017-07-12 20:30:00,0.3402127659574468,0.5216042268256177
2017-07-12 20:45:00,0.3402127659574468,0.5291767924510182
2017-07-12 21:00:00,0.3402127659574468,0.5362628278747308
2017-07-12 21:15:00,0.3402127659574468,0.5356046022918549
2017-07-12 21:30:00,0.3402127659574468,0.5465894545816478
2017-07-12 21:45:00,0.3386266924564797,0.552816866173724
2017-07-12 22:00:00,0.9988888888888889,0.5439698215592668
2017-07-12 22:15:00,0.9988888888888889,0.5268994330099388
2017-07-12 22:30:00,0.9988888888888889,0.5076739495471172
2017-07-12 22:45:00,0.9988888888888889,0.49781831415933264
2017-07-12 23:00:00,0.9988888888888889,0.48061633414588917
2017-07-12 23:15:00,0.9988888888888889,0.4719438674414986
2017-07-12 23:30:00,0.9988888888888889,0.4712879745514895
2017-07-12 23:45:00,0.9988888888888889,0.4659474044118614
2017-07-13 00:00:00,0.9988888888888889,0.4571852419791595
2017-07-13 00:15:00,0.9988888888888889,0.4538451853105614
2017-07-13 00:30:00,0.9988888888888889,0.4480454033054857
2017-07-13 00:45:00,0.9988888888888889,0.4425407662250881
2017-07-13 01:00:00,0.9988888888888889,0.4396133477853295
2017-07-13 01:15:00,0.9988888888888889,0.43411542129165603
2017-07-13 01:30:00,0.9988888888888889,0.43363018108157764
2017-07-13 01:45:00,0.9988888888888889,0.4379781551651508
2017-07-13 02:00:00,0.9988888888888889,0.44000246549965116
2017-07-13 02:15:00,0.9988888888888889,0.4492359620268505
2017-07-13 02:30:00,0.9988888888888889,0.4588447762816665
2017-07-13 02:45:00,0.9988888888888889,0.4691098702819927
2017-07-13 03:00:00,0.9988888888888889,0.4830648763534378
2017-07-13 03:15:00,0.9988888888888889,0.48566114000369776
2017-07-13 03:30:00,0.9988888888888889,0.48986313566881917
2017-07-13 03:45:00,0.9988888888888889,0.4960067101077371
2017-07-13 04:00:00,0.9988888888888889,0.5098137484634693
2017-07-13 04:15:00,0.9988888888888889,0.4845381201761264
2017-07-13 04:30:00,0.9988888888888889,0.4640309786739157
2017-07-13 04:45:00,0.9988888888888889,0.45095926592367425
2017-07-13 05:00:00,0.9988888888888889,0.44608249108745057
2017-07-13 05:15:00,0.9988888888888889,0.41835014294935774
2017-07-13 05:30:00,0.9988888888888889,0.3868637559369952
2017-07-13 05:45:00,0.9988888888888889,0.3588168346170724
2017-07-13 06:00:00,0.9988888888888889,0.3360460165399092
2017-07-13 06:15:00,0.9988888888888889,0.30648813712999295
2017-07-13 06:30:00,0.9988888888888889,0.27601567452906384
2017-07-13 06:45:00,0.9988888888888889,0.24325925260530615
2017-07-13 07:00:00,0.9988888888888889,0.21523130512132752
2017-07-13 07:15:00,0.041,0.1814283105975799
2017-07-13 07:30:00,0.041,0.1802459688535802
2017-07-13 07:45:00,0.041,0.18024785264838913
2017-07-13 08:00:00,0.041,0.18045164654798487
2017-07-13 08:15:00,0.041,0.1787203458309867
2017-07-13 08:30:00,0.041,0.17906320920739935
2017-07-13 08:45:00,0.041,0.17935213794805568
2017-07-13 09:00:00,0.041,0.17888650044367413
2017-07-13 09:15:00,0.041,0.18157535776824135
2017-07-13 09:30:00,0.041,0.17544363047638778
2017-07-13 09:45:00,0.041,0.17938640450990453
2017-07-13 10:00:00,0.041,0.1763572170291051
2017-07-13 10:15:00,0.041,0.17549063670812487
2017-07-13 10:30:00,0.041,0.18027748803937294
2017-07-13 10:45:00,0.041,0.17964072632141276
2017-07-13 11:00:00,0.041,0.1829975764395665
2017-07-13 11:15:00,0.041,0.17790509058064696
2017-07-13 11:30:00,0.041,0.17772747709688305
2017-07-13 11:45:00,0.041,0.17785680328742504
2017-07-13 12:00:00,0.041,0.1778670509112039
2017-07-13 12:15:00,0.041,0.1785401970986514
2017-07-13 12:30:00,0.041,0.17976103958874556
2017-07-13 12:45:00,0.041,0.18077758881192718
2017-07-13 13:00:00,0.041,0.18148029139023647
2017-07-13 13:15:00,0.041,0.18037304590669498
2017-07-13 13:30:00,0.041,0.17867116521155715
2017-07-13 13:45:00,0.041,0.18040329260463062
2017-07-13 14:00:00,0.041,0.17988997320221528
2017-07-13 14:15:00,0.041,0.18084476252620182
2017-07-13 14:30:00,0.041,0.18339500644588186
2017-07-13 14:45:00,0.041,0.18485259503848303
2017-07-13 15:00:00,0.041,0.18579058050785613
2017-07-13 15:15:00,0.041,0.18643131492193668
2017-07-13 15:30:00,0.041,0.1852826108228859
2017-07-13 15:45:00,0.041,0.18672564275396913
2017-07-13 16:00:00,0.041,0.18717765615064563
2017-07-13 16:15:00,0.9988888888888889,0.20949698001660336
2017-07-13 16:30:00,0.9988888888888889,0.23766256020089818
2017-07-13 16:45:00,0.9988888888888889,0.2607972435668853
2017-07-13 17:00:00,0.9988888888888889,0.2763961449286566
2017-07-13 17:15:00,0.9988888888888889,0.33271216405925547
2017-07-13 17:30:00,0.9988888888888889,0.38478273905855503
2017-07-13 17:45:00,0.9988888888888889,0.44124736117980645
2017-07-13 18:00:00,0.3402127659574468,0.4801823162434809
2017-07-13 18:15:00,0.34655705996131525,0.49717356966507503
2017-07-13 18:30:00,0.35290135396518374,0.5168195725603796
2017-07-13 18:45:00,0.35290135396518374,0.5218732874203085
2017-07-13 19:00:00,0.35290135396518374,0.521238892484355
2017-07-13 19:15:00,0.35290135396518374,0.5295439259434113
2017-07-13 19:30:00,0.35290135396518374,0.5340621737601454
2017-07-13 19:45:00,0.35290135396518374,0.5516937169779366
2017-07-13 20:00:00,0.35290135396518374,0.562483902254362
2017-07-13 20:15:00,0.35290135396518374,0.5682579750924402
2017-07-13 20:30:00,0.35290135396518374,0.5736669110813869
2017-07-13 20:45:00,0.35290135396518374,0.5813756460746509
2017-07-13 21:00:00,0.35290135396518374,0.5855145803907534
2017-07-13 21:15:00,0.35290135396518374,0.5908916696493625
2017-07-13 21:30:00,0.35290135396518374,0.5993962143663563
2017-07-13 21:45:00,0.3513152804642166,0.6084496807642142
2017-07-13 22:00:00,0.3513152804642166,0.6167043016491562
2017-07-13 22:15:00,0.3513152804642166,0.6327446220287676
2017-07-13 22:30:00,0.3513152804642166,0.6435453487396119
2017-07-13 22:45:00,0.3513152804642166,0.6549570658755174
2017-07-13 23:00:00,0.3513152804642166,0.6639702989976137
2017-07-13 23:15:00,0.34655705996131525,0.6605882838382648
2017-07-13 23:30:00,0.3402127659574468,0.6584265169773472
2017-07-13 23:45:00,0.33545454545454545,0.6541346392453962
2017-07-14 00:00:00,0.9988888888888889,0.656002878477362
2017-07-14 00:15:00,0.9988888888888889,0.6593209485853088
2017-07-14 00:30:00,0.9988888888888889,0.6650076301905358
2017-07-14 00:45:00,0.9988888888888889,0.673973079629702
2017-07-14 01:00:00,0.9988888888888889,0.6794223749952316
2017-07-14 01:15:00,0.9988888888888889,0.6631680382007678
2017-07-14 01:30:00,0.9988888888888889,0.6734473930203541
2017-07-14 01:45:00,0.9988888888888889,0.681458508516966
2017-07-14 02:00:00,0.9988888888888889,0.6822334103014756
2017-07-14 02:15:00,0.9988888888888889,0.6831607707284706
2017-07-14 02:30:00,0.9988888888888889,0.679801767657043
2017-07-14 02:45:00,0.9988888888888889,0.6761249200804335
2017-07-14 03:00:00,0.9988888888888889,0.6683403642520764
2017-07-14 03:15:00,0.9988888888888889,0.6559046907346486
2017-07-14 03:30:00,0.9988888888888889,0.6506544757683734
2017-07-14 03:45:00,0.9988888888888889,0.6510596713059803
2017-07-14 04:00:00,0.4536363636363636,0.6391373535512554
2017-07-14 04:15:00,0.4536363636363636,0.6391413092034546
2017-07-14 04:30:00,0.4536363636363636,0.6363237905402547
2017-07-14 04:45:00,0.9988888888888889,0.6002598693366477
2017-07-14 05:00:00,0.9988888888888889,0.5729922767536406
2017-07-14 05:15:00,0.9988888888888889,0.5554414942657836
2017-07-14 05:30:00,0.9988888888888889,0.5399640021544404
2017-07-14 05:45:00,0.9988888888888889,0.527292616985836
2017-07-14 06:00:00,0.9988888888888889,0.5165393739388299
2017-07-14 06:15:00,0.9988888888888889,0.507066453491544
2017-07-14 06:30:00,0.9988888888888889,0.4995755252309057
2017-07-14 06:45:00,0.9988888888888889,0.4771837559530616
2017-07-14 07:00:00,0.9988888888888889,0.4449348663239787
2017-07-14 07:15:00,0.9988888888888889,0.407904198440075
2017-07-14 07:30:00,0.9988888888888889,0.36831012057784673
2017-07-14 07:45:00,0.9988888888888889,0.3307704335946275
2017-07-14 08:00:00,0.9988888888888889,0.27774755488019887
2017-07-14 08:15:00,0.9988888888888889,0.2695445144283978
2017-07-14 08:30:00,0.9988888888888889,0.25795421622882536
2017-07-14 08:45:00,0.9988888888888889,0.24460354199233422
2017-07-14 09:00:00,0.9988888888888889,0.2317995901896276
2017-07-14 09:15:00,0.9988888888888889,0.23478752102943187
2017-07-14 09:30:00,0.9988888888888889,0.2352769751177195
2017-07-14 09:45:00,0.9988888888888889,0.23273766343361388
2017-07-14 10:00:00,0.9988888888888889,0.23870209783207658
2017-07-14 10:15:00,0.9988888888888889,0.2346196404693539
2017-07-14 10:30:00,0.9988888888888889,0.22198021381125765
2017-07-14 10:45:00,0.9988888888888889,0.20512402713837943
2017-07-14 11:00:00,0.9988888888888889,0.18857101983311636
2017-07-14 11:15:00,0.9988888888888889,0.18194470969324195
2017-07-14 11:30:00,0.9988888888888889,0.1830217977742052
2017-07-14 11:45:00,0.9988888888888889,0.18450739811995442
2017-07-14 12:00:00,0.9988888888888889,0.1852783490441821
2017-07-14 12:15:00,0.9988888888888889,0.18860353721624093
2017-07-14 12:30:00,0.9988888888888889,0.19075063672090664
2017-07-14 12:45:00,0.9988888888888889,0.1916363415087892
2017-07-14 13:00:00,0.9988888888888889,0.19128144812206177
2017-07-14 13:15:00,0.9988888888888889,0.19041567344464333
2017-07-14 13:30:00,0.9988888888888889,0.1909476297661456
2017-07-14 13:45:00,0.9988888888888889,0.191768906460671
2017-07-14 14:00:00,0.9988888888888889,0.1925924661011446
2017-07-14 14:15:00,0.9988888888888889,0.1929412902388214
2017-07-14 14:30:00,0.9988888888888889,0.1944280110784217
2017-07-14 14:45:00,0.9988888888888889,0.19553774338666646
2017-07-14 15:00:00,0.9988888888888889,0.1948395101015463
2017-07-14 15:15:00,0.9988888888888889,0.19214225340307917
2017-07-14 15:30:00,0.9988888888888889,0.1935760591044853
2017-07-14 15:45:00,0.9988888888888889,0.2165907439165397
2017-07-14 16:00:00,0.9988888888888889,0.24645848814610097
2017-07-14 16:15:00,0.9988888888888889,0.2549650449328575
2017-07-14 16:30:00,0.9988888888888889,0.28624159093230983
2017-07-14 16:45:00,0.9988888888888889,0.30810872598666617
2017-07-14 17:00:00,0.9988888888888889,0.3238415959153575
2017-07-14 17:15:00,0.9988888888888889,0.32485669423335906
2017-07-14 17:30:00,0.9988888888888889,0.3349861797736396
2017-07-14 17:45:00,0.9988888888888889,0.35186821860585693
2017-07-14 18:00:00,0.9988888888888889,0.3638945575563795
2017-07-14 18:15:00,0.9988888888888889,0.4056876710688105
2017-07-14 18:30:00,0.9988888888888889,0.43480851802752907
2017-07-14 18:45:00,0.9988888888888889,0.43396572471528233
2017-07-14 19:00:00,0.9988888888888889,0.44053510392200956
2017-07-14 19:15:00,0.9988888888888889,0.44887362902696687
2017-07-14 19:30:00,0.9988888888888889,0.4598758734029524
2017-07-14 19:45:00,0.9988888888888889,0.4719324731977175
2017-07-14 20:00:00,0.9988888888888889,0.4915755192800296
2017-07-14 20:15:00,0.9988888888888889,0.4872398488772672
2017-07-14 20:30:00,0.9988888888888889,0.5008769911922826
2017-07-14 20:45:00,0.9988888888888889,0.5012089944088797
2017-07-14 21:00:00,0.9988888888888889,0.49448641780575714
2017-07-14 21:15:00,0.9988888888888889,0.4936791784739693
2017-07-14 21:30:00,0.9988888888888889,0.49199610446786113
2017-07-14 21:45:00,0.9988888888888889,0.500895218758456
2017-07-14 22:00:00,0.9988888888888889,0.49546919693316877
2017-07-14 22:15:00,0.9988888888888889,0.4894293943780165
2017-07-14 22:30:00,0.9988888888888889,0.4858699353913944
2017-07-14 22:45:00,0.9988888888888889,0.4811285468022108
2017-07-14 23:00:00,0.9988888888888889,0.4713545182416442
2017-07-14 23:15:00,0.9988888888888889,0.45069208385225434
2017-07-14 23:30:00,0.9988888888888889,0.4293957738596271
2017-07-14 23:45:00,0.9988888888888889,0.4107036086935286
2017-07-15 00:00:00,0.9702126528442319,0.39082283661595596
2017-07-15 00:15:00,0.9702126528442319,0.3932051462945227
2017-07-15 00:30:00,0.9702126528442319,0.3962560957797891
2017-07-15 00:45:00,0.9702126528442319,0.4084999851900245
2017-07-15 01:00:00,0.9702126528442319,0.4126906647195731
2017-07-15 01:15:00,0.9702126528442319,0.41205752150479646
2017-07-15 01:30:00,0.9702126528442319,0.41516411193676794
2017-07-15 01:45:00,0.9702126528442319,0.41732580012772713
2017-07-15 02:00:00,0.9702126528442319,0.42032153525284793
2017-07-15 02:15:00,0.9702126528442319,0.43630985402214867
2017-07-15 02:30:00,0.9702126528442319,0.4432477704532399
2017-07-15 02:45:00,0.9702126528442319,0.46058402177721436
2017-07-15 03:00:00,0.9702126528442319,0.4791133770235013
2017-07-15 03:15:00,0.9702126528442319,0.48530394736207605
2017-07-15 03:30:00,0.9702126528442319,0.5002243065887707
2017-07-15 03:45:00,0.9702126528442319,0.5060987419300743
2017-07-15 04:00:00,0.9702126528442319,0.5127541877461418
2017-07-15 04:15:00,0.9702126528442319,0.48847404933415584
2017-07-15 04:30:00,0.9702126528442319,0.4667933608053986
2017-07-15 04:45:00,0.9702126528442319,0.4504296662091542
2017-07-15 05:00:00,0.9702126528442319,0.4408185804206185
2017-07-15 05:15:00,0.9702126528442319,0.41412945049724803
2017-07-15 05:30:00,0.9702126528442319,0.3850097418226133
2017-07-15 05:45:00,0.9702126528442319,0.35723888927182507
2017-07-15 06:00:00,0.9702126528442319,0.3375542673493382
2017-07-15 06:15:00,0.9702126528442319,0.2975764174252116
2017-07-15 06:30:00,0.9702126528442319,0.2578901235279522
2017-07-15 06:45:00,0.9702126528442319,0.21908892631464433
2017-07-15 07:00:00,0.041,0.2001853427917864
2017-07-15 07:15:00,0.041,0.19767810050196977
2017-07-15 07:30:00,0.041,0.19525862423548696
2017-07-15 07:45:00,0.041,0.19292360383341817
2017-07-15 08:00:00,0.041,0.1907136956949507
2017-07-15 08:15:00,0.041,0.18873514686491577
2017-07-15 08:30:00,0.041,0.18623244685033066
2017-07-15 08:45:00,0.041,0.1842381286272694
2017-07-15 09:00:00,0.041,0.1832157468377174
2017-07-15 09:15:00,0.041,0.18249928357008252
2017-07-15 09:30:00,0.041,0.18788430800614114
2017-07-15 09:45:00,0.041,0.18278015800443684
2017-07-15 10:00:00,0.041,0.18921043813100255
2017-07-15 10:15:00,0.041,0.18246602320563915
2017-07-15 10:30:00,0.041,0.1827529874488861
2017-07-15 10:45:00,0.041,0.18334430956985961
2017-07-15 11:00:00,0.041,0.18963407947402702
2017-07-15 11:15:00,0.041,0.18531477312245134
2017-07-15 11:30:00,0.041,0.18720522819851004
2017-07-15 11:45:00,0.041,0.18840102430070532
2017-07-15 12:00:00,0.041,0.19104321674890892
2017-07-15 12:15:00,0.041,0.1997640216676474
2017-07-15 12:30:00,0.041,0.1938001504827496
2017-07-15 12:45:00,0.041,0.20030127202739179
2017-07-15 13:00:00,0.041,0.19374394888730526
2017-07-15 13:15:00,0.041,0.19518135599031344
2017-07-15 13:30:00,0.041,0.1976668650287419
2017-07-15 13:45:00,0.041,0.1986782388240331
2017-07-15 14:00:00,0.041,0.20104618060243226
2017-07-15 14:15:00,0.041,0.19913032408585749
2017-07-15 14:30:00,0.041,0.1994531172857597
2017-07-15 14:45:00,0.041,0.19896766673387184
2017-07-15 15:00:00,0.041,0.19672521780586613
2017-07-15 15:15:00,0.041,0.1965440300873037
2017-07-15 15:30:00,0.041,0.19555655320470225
2017-07-15 15:45:00,0.041,0.19446461263091858
2017-07-15 16:00:00,0.041,0.19369844114085455
2017-07-15 16:15:00,0.041,0.19264556609413208
2017-07-15 16:30:00,0.041,0.18923828159038333
2017-07-15 16:45:00,0.9702126528442319,0.19634508648257873
2017-07-15 17:00:00,0.9702126528442319,0.2350275255651553
2017-07-15 17:15:00,0.9702126528442319,0.2977005876148279
2017-07-15 17:30:00,0.9702126528442319,0.3555894610453652
2017-07-15 17:45:00,0.9702126528442319,0.41562996693179294
2017-07-15 18:00:00,0.33704061895551257,0.4710610209815992
2017-07-15 18:15:00,0.3402127659574468,0.49640533487610927
2017-07-15 18:30:00,0.3449709864603482,0.5136726372241956
2017-07-15 18:45:00,0.3449709864603482,0.5131495012042595
2017-07-15 19:00:00,0.3449709864603482,0.5195077708138458
2017-07-15 19:15:00,0.3449709864603482,0.5348299105355314
2017-07-15 19:30:00,0.3449709864603482,0.5422564484242904
2017-07-15 19:45:00,0.3449709864603482,0.5508231358416733
2017-07-15 20:00:00,0.3449709864603482,0.5588611454287171
2017-07-15 20:15:00,0.3449709864603482,0.5652843757090894
2017-07-15 20:30:00,0.3449709864603482,0.575831106078532
2017-07-15 20:45:00,0.3449709864603482,0.5723098524019462
2017-07-15 21:00:00,0.3449709864603482,0.5709053518140594
2017-07-15 21:15:00,0.3449709864603482,0.5831736155320734
2017-07-15 21:30:00,0.3449709864603482,0.592433639215996
2017-07-15 21:45:00,0.3449709864603482,0.5953801071959096
2017-07-15 22:00:00,0.3449709864603482,0.608147102690807
2017-07-15 22:15:00,0.3417988394584139,0.6039583192708105
2017-07-15 22:30:00,0.33704061895551257,0.589321711865138
2017-07-15 22:45:00,0.9702126528442319,0.5675218617008051
2017-07-15 23:00:00,0.9702126528442319,0.5362780248411874
2017-07-15 23:15:00,0.9702126528442319,0.5486264887271233
2017-07-15 23:30:00,0.9702126528442319,0.5590496620474211
2017-07-15 23:45:00,0.9702126528442319,0.5684061003326678
2017-07-16 00:00:00,0.9988888888888889,0.578547250400724
2017-07-16 00:15:00,0.9988888888888889,0.5780267650630193
2017-07-16 00:30:00,0.9988888888888889,0.5771173656887141
2017-07-16 00:45:00,0.9988888888888889,0.5755544881444544
2017-07-16 01:00:00,0.9988888888888889,0.5726741256547018
2017-07-16 01:15:00,0.9988888888888889,0.5624664356657753
2017-07-16 01:30:00,0.9988888888888889,0.5502700224141336
2017-07-16 01:45:00,0.9988888888888889,0.5384611772011885
2017-07-16 02:00:00,0.9988888888888889,0.5240436629296937
2017-07-16 02:15:00,0.9988888888888889,0.5144293197873865
2017-07-16 02:30:00,0.9988888888888889,0.5057982190656535
2017-07-16 02:45:00,0.9988888888888889,0.4965282238782736
2017-07-16 03:00:00,0.9988888888888889,0.4843971239539207
2017-07-16 03:15:00,0.9988888888888889,0.49243098466417556
2017-07-16 03:30:00,0.9988888888888889,0.5006528190338299
2017-07-16 03:45:00,0.9988888888888889,0.5061955318401214
2017-07-16 04:00:00,0.9988888888888889,0.5063901874826477
2017-07-16 04:15:00,0.9988888888888889,0.4809281304475632
2017-07-16 04:30:00,0.9988888888888889,0.45626373270522974
2017-07-16 04:45:00,0.9988888888888889,0.428913144352124
2017-07-16 05:00:00,0.9988888888888889,0.40639402779912465
2017-07-16 05:15:00,0.9988888888888889,0.3704510765682544
2017-07-16 05:30:00,0.9988888888888889,0.34055510426685465
2017-07-16 05:45:00,0.9988888888888889,0.3050814944637303
2017-07-16 06:00:00,0.041,0.2853163002417701
2017-07-16 06:15:00,0.041,0.2816209637920289
2017-07-16 06:30:00,0.041,0.27653364809795195
2017-07-16 06:45:00,0.041,0.27276494411449476
2017-07-16 07:00:00,0.041,0.2697731471137605
2017-07-16 07:15:00,0.041,0.2633170170911812
2017-07-16 07:30:00,0.041,0.26016786426627614
2017-07-16 07:45:00,0.041,0.2566339898123219
2017-07-16 08:00:00,0.041,0.24964221383731605
2017-07-16 08:15:00,0.041,0.24517764273049406
2017-07-16 08:30:00,0.041,0.2417045097132115
2017-07-16 08:45:00,0.041,0.2381435737611462
2017-07-16 09:00:00,0.041,0.2351367064866126
2017-07-16 09:15:00,0.041,0.23215038137019695
2017-07-16 09:30:00,0.041,0.22985188241449261
2017-07-16 09:45:00,0.041,0.2294722144722369
2017-07-16 10:00:00,0.041,0.2291382109814641
2017-07-16 10:15:00,0.041,0.22658934809847472
2017-07-16 10:30:00,0.041,0.22485329530888026
2017-07-16 10:45:00,0.041,0.22209321881607863
2017-07-16 11:00:00,0.041,0.22191926719239896
2017-07-16 11:15:00,0.041,0.2297316345801396
2017-07-16 11:30:00,0.041,0.22623832224908097
2017-07-16 11:45:00,0.041,0.22816363996652758
2017-07-16 12:00:00,0.041,0.2313177589288071
2017-07-16 12:15:00,0.041,0.23964850062384518
2017-07-16 12:30:00,0.041,0.23138780736375272
2017-07-16 12:45:00,0.041,0.24024137878771581
2017-07-16 13:00:00,0.041,0.24179894593976586
2017-07-16 13:15:00,0.041,0.23512804511720523
2017-07-16 13:30:00,0.041,0.23503730204090106
2017-07-16 13:45:00,0.041,0.23785342765429285
2017-07-16 14:00:00,0.041,0.23862149610871153
2017-07-16 14:15:00,0.041,0.2457900679261668
2017-07-16 14:30:00,0.041,0.23750264280175157
2017-07-16 14:45:00,0.041,0.2388220977980828
2017-07-16 15:00:00,0.041,0.23621835518933218
2017-07-16 15:15:00,0.041,0.23597489423886286
2017-07-16 15:30:00,0.041,0.23303523006700502
2017-07-16 15:45:00,0.041,0.2286281383409335
2017-07-16 16:00:00,0.041,0.22512485605841825
2017-07-16 16:15:00,0.041,0.2246034448830617
2017-07-16 16:30:00,0.041,0.22270314856609424
2017-07-16 16:45:00,0.041,0.21953440473326438
2017-07-16 17:00:00,0.9988888888888889,0.24574038500804396
2017-07-16 17:15:00,0.9988888888888889,0.3055071035702402
2017-07-16 17:30:00,0.9988888888888889,0.3495238954084284
2017-07-16 17:45:00,0.9988888888888889,0.4018967960875878
2017-07-16 18:00:00,0.9988888888888889,0.4488672814438983
2017-07-16 18:15:00,0.9988888888888889,0.4693693433659402
2017-07-16 18:30:00,0.9988888888888889,0.486253760619418
2017-07-16 18:45:00,0.9988888888888889,0.5008367148311377
2017-07-16 19:00:00,0.9988888888888889,0.530687008839467
2017-07-16 19:15:00,0.9988888888888889,0.5296949532012873
2017-07-16 19:30:00,0.9988888888888889,0.5319538572543183
2017-07-16 19:45:00,0.9988888888888889,0.5326763714188735
2017-07-16 20:00:00,0.9988888888888889,0.5378713783109422
2017-07-16 20:15:00,0.9988888888888889,0.5389811319768348
2017-07-16 20:30:00,0.9988888888888889,0.5417563588022101
2017-07-16 20:45:00,0.9988888888888889,0.5488771890412865
2017-07-16 21:00:00,0.9988888888888889,0.5444666556404162
2017-07-16 21:15:00,0.9988888888888889,0.5499189420410653
2017-07-16 21:30:00,0.9988888888888889,0.5496055238720738
2017-07-16 21:45:00,0.9988888888888889,0.553366948315437
2017-07-16 22:00:00,0.9988888888888889,0.5527666055084135
2017-07-16 22:15:00,0.9988888888888889,0.554887705252808
2017-07-16 22:30:00,0.9988888888888889,0.5561861813813377
2017-07-16 22:45:00,0.9988888888888889,0.5663298112483296
2017-07-16 23:00:00,0.9988888888888889,0.5698976516822357
2017-07-16 23:15:00,0.9988888888888889,0.5631340961355307
2017-07-16 23:30:00,0.9988888888888889,0.557817044323187
2017-07-16 23:45:00,0.9988888888888889,0.5503389475581182
2017-07-17 00:00:00,0.9988888888888889,0.5705605432126694
2017-07-17 00:15:00,0.9988888888888889,0.5757875814716793
2017-07-17 00:30:00,0.9988888888888889,0.5812871728401822
2017-07-17 00:45:00,0.9988888888888889,0.596031773865416
2017-07-17 01:00:00,0.9988888888888889,0.5950630607271075
2017-07-17 01:15:00,0.9988888888888889,0.6052298804071954
2017-07-17 01:30:00,0.9988888888888889,0.6174923352717128
2017-07-17 01:45:00,0.9988888888888889,0.6002899728157738
2017-07-17 02:00:00,0.9988888888888889,0.6096382382451135
2017-07-17 02:15:00,0.9988888888888889,0.6148956227611867
2017-07-17 02:30:00,0.9988888888888889,0.5968813502560267
2017-07-17 02:45:00,0.9988888888888889,0.6031321409882767
2017-07-17 03:00:00,0.9988888888888889,0.6016374626681622
2017-07-17 03:15:00,0.9988888888888889,0.600050550201343
2017-07-17 03:30:00,0.9988888888888889,0.5959218949126908
2017-07-17 03:45:00,0.9988888888888889,0.5944263991124623
2017-07-17 04:00:00,0.9988888888888889,0.5986807099105304
2017-07-17 04:15:00,0.9988888888888889,0.6100160341037086
2017-07-17 04:30:00,0.9988888888888889,0.6238620534144197
2017-07-17 04:45:00,0.9988888888888889,0.6271289749465774
2017-07-17 05:00:00,0.9988888888888889,0.5894392917015369
2017-07-17 05:15:00,0.9988888888888889,0.567790199506151
2017-07-17 05:30:00,0.9988888888888889,0.5557710900330628
2017-07-17 05:45:00,0.9988888888888889,0.5424364977266697
2017-07-17 06:00:00,0.9988888888888889,0.5262316834280425
2017-07-17 06:15:00,0.9988888888888889,0.5102418439909748
2017-07-17 06:30:00,0.9988888888888889,0.5009508217297616
2017-07-17 06:45:00,0.9988888888888889,0.49760090277756913
2017-07-17 07:00:00,0.9988888888888889,0.4701037196868666
2017-07-17 07:15:00,0.9988888888888889,0.4364659448784187
2017-07-17 07:30:00,0.9988888888888889,0.3966893231064924
2017-07-17 07:45:00,0.9988888888888889,0.3500688769696873
2017-07-17 08:00:00,0.9988888888888889,0.30660099985066924
2017-07-17 08:15:00,0.9988888888888889,0.2718874244649134
2017-07-17 08:30:00,0.9988888888888889,0.2352349063751824
2017-07-17 08:45:00,0.9988888888888889,0.18843737713091008
2017-07-17 09:00:00,0.9988888888888889,0.18843017460223824
2017-07-17 09:15:00,0.9988888888888889,0.18696978024471939
2017-07-17 09:30:00,0.9988888888888889,0.18626077582303524
2017-07-17 09:45:00,0.9988888888888889,0.1860452277437462
2017-07-17 10:00:00,0.9988888888888889,0.1862657120917793
2017-07-17 10:15:00,0.9988888888888889,0.1849631633067712
2017-07-17 10:30:00,0.9988888888888889,0.18412353970296425
2017-07-17 10:45:00,0.041,0.18149389087929674
2017-07-17 11:00:00,0.9988888888888889,0.18485366031682685
2017-07-17 11:15:00,0.9988888888888889,0.1849179645113842
2017-07-17 11:30:00,0.9988888888888889,0.18508355041851673
2017-07-17 11:45:00,0.9988888888888889,0.18562244057076557
2017-07-17 12:00:00,0.9988888888888889,0.18592053059372593
2017-07-17 12:15:00,0.041,0.18425939980648545
2017-07-17 12:30:00,0.041,0.18378123174190497
2017-07-17 12:45:00,0.041,0.1849757222420657
2017-07-17 13:00:00,0.041,0.18461958791893593
2017-07-17 13:15:00,0.041,0.1846208670538073
2017-07-17 13:30:00,0.041,0.18536576778816524
2017-07-17 13:45:00,0.041,0.18590957524578822
2017-07-17 14:00:00,0.041,0.1864636797878843
2017-07-17 14:15:00,0.041,0.18662654094036463
2017-07-17 14:30:00,0.9988888888888889,0.20142733476374852
2017-07-17 14:45:00,0.9988888888888889,0.21855748754032162
2017-07-17 15:00:00,0.9988888888888889,0.24675178380226315
2017-07-17 15:15:00,0.9988888888888889,0.24976888230120095
2017-07-17 15:30:00,0.9988888888888889,0.2503018621415017
2017-07-17 15:45:00,0.9988888888888889,0.24763454346394348
2017-07-17 16:00:00,0.9988888888888889,0.2532448265315813
2017-07-17 16:15:00,0.9988888888888889,0.2682177772185455
2017-07-17 16:30:00,0.9988888888888889,0.2934397288591502
2017-07-17 16:45:00,0.9988888888888889,0.31836659243846116
2017-07-17 17:00:00,0.9988888888888889,0.32766686923277294
2017-07-17 17:15:00,0.9988888888888889,0.35876161736927226
2017-07-17 17:30:00,0.9988888888888889,0.3949565922346101
2017-07-17 17:45:00,0.9988888888888889,0.4329187465353537
2017-07-17 18:00:00,0.9988888888888889,0.4662416942537029
2017-07-17 18:15:00,0.33704061895551257,0.47747824454045257
2017-07-17 18:30:00,0.33704061895551257,0.4811537740000897
2017-07-17 18:45:00,0.33704061895551257,0.47927960765390865
2017-07-17 19:00:00,0.33704061895551257,0.4836783214585115
2017-07-17 19:15:00,0.33704061895551257,0.4970583799616992
2017-07-17 19:30:00,0.33704061895551257,0.5077124756017815
2017-07-17 19:45:00,0.33704061895551257,0.5130124013381647
2017-07-17 20:00:00,0.33704061895551257,0.5273224381153804
2017-07-17 20:15:00,0.33704061895551257,0.5354174631980215
2017-07-17 20:30:00,0.33704061895551257,0.5344220703671121
2017-07-17 20:45:00,0.33704061895551257,0.5324307467301737
2017-07-17 21:00:00,0.33704061895551257,0.5395753241111123
2017-07-17 21:15:00,0.33704061895551257,0.5492939534420781
2017-07-17 21:30:00,0.9988888888888889,0.5527621569457177
2017-07-17 21:45:00,0.9988888888888889,0.5449832987416848
2017-07-17 22:00:00,0.9988888888888889,0.5278533888453846
2017-07-17 22:15:00,0.9988888888888889,0.5191873969411219
2017-07-17 22:30:00,0.9988888888888889,0.506167649151992
2017-07-17 22:45:00,0.9988888888888889,0.49569173350549034
2017-07-17 23:00:00,0.9988888888888889,0.48577814330113445
2017-07-17 23:15:00,0.9988888888888889,0.4883426897761841
2017-07-17 23:30:00,0.9988888888888889,0.4912169564522363
2017-07-17 23:45:00,0.9988888888888889,0.49660371406540005
2017-07-18 00:00:00,0.9988888888888889,0.4997520550083774
2017-07-18 00:15:00,0.9988888888888889,0.4999051187858574
2017-07-18 00:30:00,0.9988888888888889,0.4989186185037245
2017-07-18 00:45:00,0.9988888888888889,0.4949891804711563
2017-07-18 01:00:00,0.9988888888888889,0.4912472610295807
2017-07-18 01:15:00,0.9988888888888889,0.49124853240529853
2017-07-18 01:30:00,0.9988888888888889,0.49436316854125517
2017-07-18 01:45:00,0.9988888888888889,0.4955170331383552
2017-07-18 02:00:00,0.9988888888888889,0.498061017375479
2017-07-18 02:15:00,0.9988888888888889,0.49302390894212283
2017-07-18 02:30:00,0.9988888888888889,0.48894759716987124
2017-07-18 02:45:00,0.9988888888888889,0.4861597936712794
2017-07-18 03:00:00,0.9988888888888889,0.48534915799279016
2017-07-18 03:15:00,0.9988888888888889,0.5015859185292842
2017-07-18 03:30:00,0.9988888888888889,0.5186134881032505
2017-07-18 03:45:00,0.9988888888888889,0.5349936115895536
2017-07-18 04:00:00,0.9988888888888889,0.556864564316094
2017-07-18 04:15:00,0.9988888888888889,0.5228832462991598
2017-07-18 04:30:00,0.9988888888888889,0.4926393379365456
2017-07-18 04:45:00,0.9988888888888889,0.4696617188264527
2017-07-18 05:00:00,0.9988888888888889,0.46210953249401693
2017-07-18 05:15:00,0.9988888888888889,0.4414847447065951
2017-07-18 05:30:00,0.9988888888888889,0.42171537253706803
2017-07-18 05:45:00,0.9988888888888889,0.40215501426568634
2017-07-18 06:00:00,0.9988888888888889,0.3874639302309728
2017-07-18 06:15:00,0.9988888888888889,0.34946043922677283
2017-07-18 06:30:00,0.9988888888888889,0.3114755135139118
2017-07-18 06:45:00,0.9988888888888889,0.27361295215763065
2017-07-18 07:00:00,0.9988888888888889,0.23098577216198363
2017-07-18 07:15:00,0.9988888888888889,0.1902586832558558
2017-07-18 07:30:00,0.041,0.1834136708702645
2017-07-18 07:45:00,0.041,0.18194625682885618
2017-07-18 08:00:00,0.041,0.18226785547092747
2017-07-18 08:15:00,0.041,0.1810499600502252
2017-07-18 08:30:00,0.041,0.18003364094989538
2017-07-18 08:45:00,0.041,0.17919186402176732
2017-07-18 09:00:00,0.041,0.17819115392187165
2017-07-18 09:15:00,0.041,0.17949925305261752
2017-07-18 09:30:00,0.041,0.17934507406902106
2017-07-18 09:45:00,0.041,0.1795301465115125
2017-07-18 10:00:00,0.041,0.18498031129079726
2017-07-18 10:15:00,0.041,0.18337057073378474
2017-07-18 10:30:00,0.041,0.1819590425909292
2017-07-18 10:45:00,0.041,0.1816504327322446
2017-07-18 11:00:00,0.041,0.18161014631714273
2017-07-18 11:15:00,0.041,0.1768660351612864
2017-07-18 11:30:00,0.041,0.1763769231935445
2017-07-18 11:45:00,0.041,0.17674139441050216
2017-07-18 12:00:00,0.041,0.17746285910897602
2017-07-18 12:15:00,0.041,0.17770557580157204
2017-07-18 12:30:00,0.041,0.17816514686351287
2017-07-18 12:45:00,0.041,0.17937769041718177
2017-07-18 13:00:00,0.041,0.18073880975375706
2017-07-18 13:15:00,0.041,0.18116187311780924
2017-07-18 13:30:00,0.041,0.1822173543056016
2017-07-18 13:45:00,0.041,0.18327489031222355
2017-07-18 14:00:00,0.041,0.18428330393575296
2017-07-18 14:15:00,0.041,0.18337492558768806
2017-07-18 14:30:00,0.041,0.18352215720476603
2017-07-18 14:45:00,0.041,0.18259928067306483
2017-07-18 15:00:00,0.9988888888888889,0.1941426183777171
2017-07-18 15:15:00,0.9988888888888889,0.21517692720325907
2017-07-18 15:30:00,0.9988888888888889,0.24234734573134203
2017-07-18 15:45:00,0.9988888888888889,0.266223295916815
2017-07-18 16:00:00,0.9988888888888889,0.2965650187455775
2017-07-18 16:15:00,0.9988888888888889,0.3362870807699603
2017-07-18 16:30:00,0.9988888888888889,0.37664417458502564
2017-07-18 16:45:00,0.9988888888888889,0.42225587152269506
2017-07-18 17:00:00,0.9988888888888889,0.45844320642191355
2017-07-18 17:15:00,0.33704061895551257,0.46796277888707943
2017-07-18 17:30:00,0.343384912959381,0.473708594639607
2017-07-18 17:45:00,0.34655705996131525,0.48070831726656005
2017-07-18 18:00:00,0.3497292069632495,0.48862275499277386
2017-07-18 18:15:00,0.35290135396518374,0.4963332556313
2017-07-18 18:30:00,0.35290135396518374,0.5015506316888713
2017-07-18 18:45:00,0.35290135396518374,0.512214605040379
2017-07-18 19:00:00,0.35290135396518374,0.5182581338598083
2017-07-18 19:15:00,0.35290135396518374,0.5269612199541103
2017-07-18 19:30:00,0.35290135396518374,0.529256707540113
2017-07-18 19:45:00,0.35290135396518374,0.5444986435649246
2017-07-18 20:00:00,0.35290135396518374,0.5516263173024945
2017-07-18 20:15:00,0.35290135396518374,0.5562282062336875
2017-07-18 20:30:00,0.35290135396518374,0.5617711671996009
2017-07-18 20:45:00,0.35290135396518374,0.5660423596028125
2017-07-18 21:00:00,0.35290135396518374,0.5688388725909289
2017-07-18 21:15:00,0.35290135396518374,0.5781954947795036
2017-07-18 21:30:00,0.3497292069632495,0.5840758515098601
2017-07-18 21:45:00,0.3449709864603482,0.5837085803167232
2017-07-18 22:00:00,0.3386266924564797,0.5850670946771209
2017-07-18 22:15:00,0.33545454545454545,0.5874797972858816
2017-07-18 22:30:00,0.9988888888888889,0.5880394698206906
2017-07-18 22:45:00,0.9988888888888889,0.5822558163325422
2017-07-18 23:00:00,0.9988888888888889,0.572598491819434
2017-07-18 23:15:00,0.9988888888888889,0.5643441525958747
2017-07-18 23:30:00,0.9988888888888889,0.5571982699971811
2017-07-18 23:45:00,0.9988888888888889,0.5469053817892541
2017-07-19 00:00:00,0.9988888888888889,0.5384178408900869
2017-07-19 00:15:00,0.9988888888888889,0.544351502527367
2017-07-19 00:30:00,0.9988888888888889,0.5443515799907571
2017-07-19 00:45:00,0.9988888888888889,0.556695090300949
2017-07-19 01:00:00,0.9988888888888889,0.562674629223445
2017-07-19 01:15:00,0.9988888888888889,0.5468480355528101
2017-07-19 01:30:00,0.9988888888888889,0.5316280493920708
2017-07-19 01:45:00,0.9988888888888889,0.5179198174377444
2017-07-19 02:00:00,0.9988888888888889,0.49831408119571574
2017-07-19 02:15:00,0.9988888888888889,0.5006502392472939
2017-07-19 02:30:00,0.9988888888888889,0.5030237266409868
2017-07-19 02:45:00,0.9988888888888889,0.5082378524397076
2017-07-19 03:00:00,0.9988888888888889,0.5150437072246777
2017-07-19 03:15:00,0.9988888888888889,0.5210853624579238
2017-07-19 03:30:00,0.9988888888888889,0.5283073755643541
2017-07-19 03:45:00,0.9988888888888889,0.5352524258745438
2017-07-19 04:00:00,0.9988888888888889,0.5497182369145688
2017-07-19 04:15:00,0.9988888888888889,0.5308836055366931
2017-07-19 04:30:00,0.9988888888888889,0.516021199352039
2017-07-19 04:45:00,0.9988888888888889,0.5066490291903839
2017-07-19 05:00:00,0.9988888888888889,0.508046840834082
2017-07-19 05:15:00,0.9988888888888889,0.4858179868699475
2017-07-19 05:30:00,0.9988888888888889,0.46478204452439587
2017-07-19 05:45:00,0.9988888888888889,0.4447104858344383
2017-07-19 06:00:00,0.9988888888888889,0.4253016779837393
2017-07-19 06:15:00,0.9988888888888889,0.40057204201815816
2017-07-19 06:30:00,0.9988888888888889,0.3738815654026709
2017-07-19 06:45:00,0.9988888888888889,0.3489638286409941
2017-07-19 07:00:00,0.9988888888888889,0.3241114965666754
2017-07-19 07:15:00,0.9988888888888889,0.30824516336933083
2017-07-19 07:30:00,0.9988888888888889,0.2898699449082942
2017-07-19 07:45:00,0.9988888888888889,0.2720133951065562
2017-07-19 08:00:00,0.9988888888888889,0.25029660169434953
2017-07-19 08:15:00,0.9988888888888889,0.2451052340628079
2017-07-19 08:30:00,0.9988888888888889,0.23504652075315788
2017-07-19 08:45:00,0.9988888888888889,0.22613551006441798
2017-07-19 09:00:00,0.9988888888888889,0.22837177163040553
2017-07-19 09:15:00,0.9988888888888889,0.2330000714184556
2017-07-19 09:30:00,0.9988888888888889,0.23342073963945822
2017-07-19 09:45:00,0.9988888888888889,0.23522068041117478
2017-07-19 10:00:00,0.9988888888888889,0.23452644490931265
2017-07-19 10:15:00,0.9988888888888889,0.1842174785297473
2017-07-19 10:30:00,0.041,0.17106611006941888
2017-07-19 10:45:00,0.041,0.17060759595595218
2017-07-19 11:00:00,0.041,0.1704685939877959
2017-07-19 11:15:00,0.041,0.17138361421816242
2017-07-19 11:30:00,0.041,0.17192587235736406
2017-07-19 11:45:00,0.041,0.1714382541606702
2017-07-19 12:00:00,0.041,0.17327403969742175
2017-07-19 12:15:00,0.041,0.17348684133467582
2017-07-19 12:30:00,0.041,0.17385792538771874
2017-07-19 12:45:00,0.041,0.1751779915664307
2017-07-19 13:00:00,0.041,0.17514800873417125
2017-07-19 13:15:00,0.041,0.17418755387947976
2017-07-19 13:30:00,0.041,0.174669156415584
2017-07-19 13:45:00,0.041,0.18070129563871953
2017-07-19 14:00:00,0.041,0.17976026672678264
2017-07-19 14:15:00,0.041,0.1791896749620608
2017-07-19 14:30:00,0.041,0.1808450892310932
2017-07-19 14:45:00,0.041,0.1816341824308576
2017-07-19 15:00:00,0.041,0.17860232280487826
2017-07-19 15:15:00,0.041,0.17792564263022667
2017-07-19 15:30:00,0.041,0.17743440883062137
2017-07-19 15:45:00,0.9988888888888889,0.18342612691678636
2017-07-19 16:00:00,0.9988888888888889,0.23139008295056715
2017-07-19 16:15:00,0.9988888888888889,0.24508692158794793
2017-07-19 16:30:00,0.9988888888888889,0.2602816430562213
2017-07-19 16:45:00,0.9988888888888889,0.2739107167629772
2017-07-19 17:00:00,0.9988888888888889,0.2870439294209484
2017-07-19 17:15:00,0.9988888888888889,0.32209569378425296
2017-07-19 17:30:00,0.9988888888888889,0.3470535072061552
2017-07-19 17:45:00,0.9988888888888889,0.37376771733896824
2017-07-19 18:00:00,0.9988888888888889,0.4013888259525666
2017-07-19 18:15:00,0.9988888888888889,0.4191970501965435
2017-07-19 18:30:00,0.9988888888888889,0.4316002797840388
2017-07-19 18:45:00,0.9988888888888889,0.43952439876400645
2017-07-19 19:00:00,0.9988888888888889,0.4520008908493526
2017-07-19 19:15:00,0.9988888888888889,0.4632125708142857
2017-07-19 19:30:00,0.9988888888888889,0.46615702027513717
2017-07-19 19:45:00,0.9988888888888889,0.47457690738546016
2017-07-19 20:00:00,0.9988888888888889,0.49219402345999735
2017-07-19 20:15:00,0.9988888888888889,0.49613749743294094
2017-07-19 20:30:00,0.9988888888888889,0.4944678849766808
2017-07-19 20:45:00,0.9988888888888889,0.5103313654951438
2017-07-19 21:00:00,0.9988888888888889,0.4970593945848761
2017-07-19 21:15:00,0.9988888888888889,0.5034768192613831
2017-07-19 21:30:00,0.9988888888888889,0.5134386957363641
2017-07-19 21:45:00,0.9988888888888889,0.5288313942182541
2017-07-19 22:00:00,0.9988888888888889,0.5256982372433611
2017-07-19 22:15:00,0.9988888888888889,0.5277867275328609
2017-07-19 22:30:00,0.9988888888888889,0.5330496076585273
2017-07-19 22:45:00,0.9988888888888889,0.5352773688786483
2017-07-19 23:00:00,0.9988888888888889,0.5418809423110621
2017-07-19 23:15:00,0.9988888888888889,0.5452337659427231
2017-07-19 23:30:00,0.9988888888888889,0.5511283624102665
2017-07-19 23:45:00,0.9988888888888889,0.5506499969932084
2017-07-20 00:00:00,0.3449709864603482,0.545516673006187
2017-07-20 00:15:00,0.3449709864603482,0.553625578703091
2017-07-20 00:30:00,0.3449709864603482,0.564086109253521
2017-07-20 00:45:00,0.3449709864603482,0.5737902862391036
2017-07-20 01:00:00,0.3449709864603482,0.5840380530537618
2017-07-20 01:15:00,0.3417988394584139,0.5690934937709082
2017-07-20 01:30:00,0.33704061895551257,0.5575099084442491
2017-07-20 01:45:00,0.9702126528442319,0.5379160948047977
2017-07-20 02:00:00,0.9702126528442319,0.5039141191833093
2017-07-20 02:15:00,0.9702126528442319,0.5012845320479377
2017-07-20 02:30:00,0.9702126528442319,0.5007605698343339
2017-07-20 02:45:00,0.9702126528442319,0.5017168685259538
2017-07-20 03:00:00,0.9702126528442319,0.5050178212081161
2017-07-20 03:15:00,0.9702126528442319,0.51100575799018
2017-07-20 03:30:00,0.9702126528442319,0.5191738358953817
2017-07-20 03:45:00,0.9702126528442319,0.5284692029449071
2017-07-20 04:00:00,0.9702126528442319,0.5388039337583133
2017-07-20 04:15:00,0.9702126528442319,0.5180828616200762
2017-07-20 04:30:00,0.9702126528442319,0.49727959583144754
2017-07-20 04:45:00,0.9702126528442319,0.4824806452779979
2017-07-20 05:00:00,0.9702126528442319,0.47851037215284936
2017-07-20 05:15:00,0.9702126528442319,0.4609528718044692
2017-07-20 05:30:00,0.9702126528442319,0.45498187510433613
2017-07-20 05:45:00,0.9702126528442319,0.44244756937550506
2017-07-20 06:00:00,0.9702126528442319,0.42818835512407455
2017-07-20 06:15:00,0.9702126528442319,0.41612628353460385
2017-07-20 06:30:00,0.9702126528442319,0.39678225918570875
2017-07-20 06:45:00,0.9702126528442319,0.3818662229853938
2017-07-20 07:00:00,0.9702126528442319,0.3665981819211885
2017-07-20 07:15:00,0.9702126528442319,0.331679055710489
2017-07-20 07:30:00,0.9702126528442319,0.293403093671445
2017-07-20 07:45:00,0.9702126528442319,0.2488486972556346
2017-07-20 08:00:00,0.9702126528442319,0.20564254101133203
2017-07-20 08:15:00,0.9702126528442319,0.2249112109875749
2017-07-20 08:30:00,0.9702126528442319,0.2402307321156861
2017-07-20 08:45:00,0.9702126528442319,0.2559949802139908
2017-07-20 09:00:00,0.9702126528442319,0.2714761552648363
2017-07-20 09:15:00,0.9702126528442319,0.24428107696007953
2017-07-20 09:30:00,0.9702126528442319,0.23190021766254557
2017-07-20 09:45:00,0.9702126528442319,0.20878378793550148
2017-07-20 10:00:00,0.9702126528442319,0.1845276499133762
2017-07-20 10:15:00,0.9702126528442319,0.1575958911308322
2017-07-20 10:30:00,0.9702126528442319,0.15198794213474598
2017-07-20 10:45:00,0.9702126528442319,0.1544692484495052
2017-07-20 11:00:00,0.9702126528442319,0.1571103415313254
2017-07-20 11:15:00,0.9702126528442319,0.1559910204515155
2017-07-20 11:30:00,0.9702126528442319,0.15719111527735416
2017-07-20 11:45:00,0.9702126528442319,0.1554376501110347
2017-07-20 12:00:00,0.9702126528442319,0.1551225377475936
2017-07-20 12:15:00,0.041,0.1537444027850634
2017-07-20 12:30:00,0.041,0.1531057391358023
2017-07-20 12:45:00,0.041,0.15405997074386057
2017-07-20 13:00:00,0.9702126528442319,0.15484246241545704
2017-07-20 13:15:00,0.9702126528442319,0.1565227375262476
2017-07-20 13:30:00,0.9702126528442319,0.15731052394806175
2017-07-20 13:45:00,0.041,0.1576039919272143
2017-07-20 14:00:00,0.041,0.15619497161814602
2017-07-20 14:15:00,0.041,0.15872632373658876
2017-07-20 14:30:00,0.9702126528442319,0.17376788439824262
2017-07-20 14:45:00,0.9702126528442319,0.19654770282608539
2017-07-20 15:00:00,0.9702126528442319,0.21962779948565442
2017-07-20 15:15:00,0.9702126528442319,0.20039210686894238
2017-07-20 15:30:00,0.9702126528442319,0.191539427716255
2017-07-20 15:45:00,0.9702126528442319,0.18492691463491656
2017-07-20 16:00:00,0.9702126528442319,0.17413961064350483
2017-07-20 16:15:00,0.9702126528442319,0.20723451303982357
2017-07-20 16:30:00,0.9702126528442319,0.2313373288216395
2017-07-20 16:45:00,0.9702126528442319,0.24490086934377295
2017-07-20 17:00:00,0.9702126528442319,0.2726593214634466
2017-07-20 17:15:00,0.9702126528442319,0.2934092614282715
2017-07-20 17:30:00,0.9702126528442319,0.31698171125153846
2017-07-20 17:45:00,0.9702126528442319,0.3403685473449369
2017-07-20 18:00:00,0.9702126528442319,0.3645607182809321
2017-07-20 18:15:00,0.9702126528442319,0.39041601274743476
2017-07-20 18:30:00,0.9702126528442319,0.40137671040977435
2017-07-20 18:45:00,0.9702126528442319,0.4004628540150492
2017-07-20 19:00:00,0.9702126528442319,0.4146051371940714
2017-07-20 19:15:00,0.9702126528442319,0.42374253883043933
2017-07-20 19:30:00,0.9702126528442319,0.4311361548858145
2017-07-20 19:45:00,0.9702126528442319,0.4342300429730511
2017-07-20 20:00:00,0.9702126528442319,0.43930119896153597
2017-07-20 20:15:00,0.9702126528442319,0.4452051607727001
2017-07-20 20:30:00,0.9702126528442319,0.45270835845105284
2017-07-20 20:45:00,0.9702126528442319,0.45760941028921837
2017-07-20 21:00:00,0.9702126528442319,0.4624113840163076
2017-07-20 21:15:00,0.9702126528442319,0.4687524064115217
2017-07-20 21:30:00,0.9702126528442319,0.4770126836946572
2017-07-20 21:45:00,0.9702126528442319,0.4756412680160695
2017-07-20 22:00:00,0.9702126528442319,0.4651128632069367
2017-07-20 22:15:00,0.9702126528442319,0.4609690893576467
2017-07-20 22:30:00,0.9702126528442319,0.4616589627962365
2017-07-20 22:45:00,0.9702126528442319,0.4703193700597305
2017-07-20 23:00:00,0.9702126528442319,0.4680837962656645
2017-07-20 23:15:00,0.9702126528442319,0.48646249771096056
2017-07-20 23:30:00,0.9702126528442319,0.4973081509382737
2017-07-20 23:45:00,0.9702126528442319,0.5213901430435189
2017-07-21 00:00:00,0.343384912959381,0.5274775648950785
2017-07-21 00:15:00,0.3402127659574468,0.5176373835713062
2017-07-21 00:30:00,0.33704061895551257,0.4968278361688511
2017-07-21 00:45:00,0.33704061895551257,0.48771783554079495
2017-07-21 01:00:00,0.33704061895551257,0.49002284942458507
2017-07-21 01:15:00,0.33704061895551257,0.49844561572882334
2017-07-21 01:30:00,0.33704061895551257,0.5095469660689759
2017-07-21 01:45:00,0.33704061895551257,0.49216274263271775
2017-07-21 02:00:00,0.33704061895551257,0.5010749535020605
2017-07-21 02:15:00,0.33704061895551257,0.5057195078141792
2017-07-21 02:30:00,0.33704061895551257,0.5068908872558039
2017-07-21 02:45:00,0.33704061895551257,0.4925095135879489
2017-07-21 03:00:00,0.33704061895551257,0.4920408448944059
2017-07-21 03:15:00,0.33704061895551257,0.49162842196448103
2017-07-21 03:30:00,0.33704061895551257,0.5019243006950647
2017-07-21 03:45:00,0.33704061895551257,0.5108341118006718
2017-07-21 04:00:00,0.33704061895551257,0.5007858479151958
2017-07-21 04:15:00,0.33704061895551257,0.49445090312032847
2017-07-21 04:30:00,0.33704061895551257,0.48902779017416553
2017-07-21 04:45:00,0.33704061895551257,0.4778104279236176
2017-07-21 05:00:00,0.33704061895551257,0.4529803276345925
2017-07-21 05:15:00,0.33704061895551257,0.4402204220376986
2017-07-21 05:30:00,0.33704061895551257,0.4300716608322873
2017-07-21 05:45:00,0.9606539074960128,0.39239456046446197
2017-07-21 06:00:00,0.9606539074960128,0.3534235410629696
2017-07-21 06:15:00,0.9606539074960128,0.34130489229159233
2017-07-21 06:30:00,0.9606539074960128,0.3246759667947033
2017-07-21 06:45:00,0.9606539074960128,0.3098745922516236
2017-07-21 07:00:00,0.9606539074960128,0.294158030492051
2017-07-21 07:15:00,0.9606539074960128,0.2568881357750328
2017-07-21 07:30:00,0.9606539074960128,0.21625983620671124
2017-07-21 07:45:00,0.9606539074960128,0.17122362125273213
2017-07-21 08:00:00,0.041,0.15200338777615152
2017-07-21 08:15:00,0.041,0.15036085658654985
2017-07-21 08:30:00,0.041,0.14921800106556274
2017-07-21 08:45:00,0.041,0.14958133913157548
2017-07-21 09:00:00,0.041,0.14992095930402743
2017-07-21 09:15:00,0.041,0.14889797898402127
2017-07-21 09:30:00,0.041,0.14801308988932999
2017-07-21 09:45:00,0.041,0.14774764241454674
2017-07-21 10:00:00,0.041,0.15200954629295826
2017-07-21 10:15:00,0.041,0.14547437548446715
2017-07-21 10:30:00,0.041,0.14456460334618174
2017-07-21 10:45:00,0.041,0.14379519326981674
2017-07-21 11:00:00,0.041,0.1434180179115996
2017-07-21 11:15:00,0.041,0.14424121420224145
2017-07-21 11:30:00,0.041,0.14508700213914563
2017-07-21 11:45:00,0.041,0.1461784622599191
2017-07-21 12:00:00,0.041,0.15197010992374602
2017-07-21 12:15:00,0.041,0.14735656484251974
2017-07-21 12:30:00,0.041,0.14788079544287203
2017-07-21 12:45:00,0.041,0.14745071973024756
2017-07-21 13:00:00,0.041,0.1476479256940223
2017-07-21 13:15:00,0.041,0.14653245090277986
2017-07-21 13:30:00,0.041,0.14651780916580154
2017-07-21 13:45:00,0.041,0.14766542940547864
2017-07-21 14:00:00,0.041,0.15315254007859044
2017-07-21 14:15:00,0.041,0.15449589537686143
2017-07-21 14:30:00,0.041,0.1498694091148066
2017-07-21 14:45:00,0.041,0.15096533184658145
2017-07-21 15:00:00,0.041,0.15235725202096306
2017-07-21 15:15:00,0.041,0.15643330888498277
2017-07-21 15:30:00,0.041,0.15027093461873883
2017-07-21 15:45:00,0.041,0.15014879809228665
2017-07-21 16:00:00,0.041,0.14877788004021375
2017-07-21 16:15:00,0.041,0.1481217117413364
2017-07-21 16:30:00,0.041,0.14809285589782836
2017-07-21 16:45:00,0.041,0.14774443637393694
2017-07-21 17:00:00,0.9606539074960128,0.15444839225486118
2017-07-21 17:15:00,0.9606539074960128,0.18692806352498695
2017-07-21 17:30:00,0.9606539074960128,0.21065621766104609
2017-07-21 17:45:00,0.9606539074960128,0.23451262324293376
2017-07-21 18:00:00,0.9606539074960128,0.25678986646018387
2017-07-21 18:15:00,0.9606539074960128,0.29734186446754735
2017-07-21 18:30:00,0.9606539074960128,0.3260181299406902
2017-07-21 18:45:00,0.9606539074960128,0.34029668419346354
2017-07-21 19:00:00,0.9606539074960128,0.3523995379466473
2017-07-21 19:15:00,0.9606539074960128,0.35882628720639176
2017-07-21 19:30:00,0.9606539074960128,0.3603094465206784
2017-07-21 19:45:00,0.9606539074960128,0.35583854485259026
2017-07-21 20:00:00,0.9606539074960128,0.3704193535100238
2017-07-21 20:15:00,0.9606539074960128,0.36508733463553766
2017-07-21 20:30:00,0.9606539074960128,0.37462916007229885
2017-07-21 20:45:00,0.9606539074960128,0.37091484645715583
2017-07-21 21:00:00,0.9606539074960128,0.3741437587106187
2017-07-21 21:15:00,0.9606539074960128,0.38915043508528707
2017-07-21 21:30:00,0.9606539074960128,0.39952722647280314
2017-07-21 21:45:00,0.9606539074960128,0.4105818038598504
2017-07-21 22:00:00,0.9606539074960128,0.4237965721737345
2017-07-21 22:15:00,0.9606539074960128,0.4173924796981598
2017-07-21 22:30:00,0.9606539074960128,0.40288597821187283
2017-07-21 22:45:00,0.9606539074960128,0.39152680545789464
2017-07-21 23:00:00,0.9606539074960128,0.3698970603093826
2017-07-21 23:15:00,0.9606539074960128,0.3571208422219454
2017-07-21 23:30:00,0.9606539074960128,0.3447228521071788
2017-07-21 23:45:00,0.9606539074960128,0.33123010203323405
2017-07-22 00:00:00,0.9319776714513556,0.32264757791637827
2017-07-22 00:15:00,0.9319776714513556,0.34174339351981786
2017-07-22 00:30:00,0.9319776714513556,0.3633642426397394
2017-07-22 00:45:00,0.9319776714513556,0.37945624281517315
2017-07-22 01:00:00,0.9319776714513556,0.394578280764749
2017-07-22 01:15:00,0.9319776714513556,0.384882266878924
2017-07-22 01:30:00,0.9319776714513556,0.3756215106034801
2017-07-22 01:45:00,0.9319776714513556,0.36833461377002386
2017-07-22 02:00:00,0.9319776714513556,0.3546193795249094
2017-07-22 02:15:00,0.9319776714513556,0.35767139297773876
2017-07-22 02:30:00,0.9319776714513556,0.359839240046446
2017-07-22 02:45:00,0.9319776714513556,0.36416533789446504
2017-07-22 03:00:00,0.9319776714513556,0.3696457926762689
2017-07-22 03:15:00,0.9319776714513556,0.3843600246101084
2017-07-22 03:30:00,0.9319776714513556,0.39657387558036394
2017-07-22 03:45:00,0.9319776714513556,0.4095766736922586
2017-07-22 04:00:00,0.9319776714513556,0.42544459221426556
2017-07-22 04:15:00,0.9319776714513556,0.39331382311741353
2017-07-22 04:30:00,0.9319776714513556,0.36150732473377023
2017-07-22 04:45:00,0.9319776714513556,0.3335510093372842
2017-07-22 05:00:00,0.9319776714513556,0.31456060980505374
2017-07-22 05:15:00,0.9319776714513556,0.28791493354484593
2017-07-22 05:30:00,0.9319776714513556,0.26423111240990604
2017-07-22 05:45:00,0.9319776714513556,0.24761634071950142
2017-07-22 06:00:00,0.9319776714513556,0.2298476762907427
2017-07-22 06:15:00,0.9319776714513556,0.21268564644731067
2017-07-22 06:30:00,0.9319776714513556,0.1988110545825336
2017-07-22 06:45:00,0.9319776714513556,0.18076191467994313
2017-07-22 07:00:00,0.9319776714513556,0.1689773381220394
2017-07-22 07:15:00,0.041,0.15128974954411756
2017-07-22 07:30:00,0.041,0.1494325859309991
2017-07-22 07:45:00,0.041,0.14718445158079446
2017-07-22 08:00:00,0.041,0.14497001147328223
2017-07-22 08:15:00,0.041,0.1442768812003961
2017-07-22 08:30:00,0.041,0.1428877058553782
2017-07-22 08:45:00,0.041,0.14198048876442684
2017-07-22 09:00:00,0.041,0.14132843224364466
2017-07-22 09:15:00,0.041,0.14038036172571283
2017-07-22 09:30:00,0.041,0.13986266284039348
2017-07-22 09:45:00,0.041,0.13876897849755854
2017-07-22 10:00:00,0.041,0.13823267956383173
2017-07-22 10:15:00,0.041,0.14415885680685842
2017-07-22 10:30:00,0.041,0.13822493183311982
2017-07-22 10:45:00,0.041,0.14363271481537948
2017-07-22 11:00:00,0.041,0.1390380889557147
2017-07-22 11:15:00,0.041,0.14057417313493017
2017-07-22 11:30:00,0.041,0.14076941489177658
2017-07-22 11:45:00,0.041,0.1411748856674393
2017-07-22 12:00:00,0.041,0.14211796060244353
2017-07-22 12:15:00,0.041,0.1414681971446958
2017-07-22 12:30:00,0.041,0.14842099125682207
2017-07-22 12:45:00,0.041,0.14854793824512857
2017-07-22 13:00:00,0.041,0.14205469953973227
2017-07-22 13:15:00,0.041,0.1424223939463849
2017-07-22 13:30:00,0.041,0.14992914673461222
2017-07-22 13:45:00,0.041,0.14365282657631492
2017-07-22 14:00:00,0.041,0.14284155555277264
2017-07-22 14:15:00,0.041,0.14335215665025783
2017-07-22 14:30:00,0.041,0.1438264270610517
2017-07-22 14:45:00,0.041,0.14317063059840698
2017-07-22 15:00:00,0.041,0.14293321547716736
2017-07-22 15:15:00,0.041,0.14366426236784025
2017-07-22 15:30:00,0.041,0.1438395803095207
2017-07-22 15:45:00,0.041,0.14390048030484653
2017-07-22 16:00:00,0.041,0.14274233651340631
2017-07-22 16:15:00,0.041,0.14263496865013892
2017-07-22 16:30:00,0.041,0.14295279003221587
2017-07-22 16:45:00,0.9319776714513556,0.20933742259305552
2017-07-22 17:00:00,0.9319776714513556,0.28157149404316395
2017-07-22 17:15:00,0.9319776714513556,0.29317857027081384
2017-07-22 17:30:00,0.9319776714513556,0.3138774541752009
2017-07-22 17:45:00,0.9319776714513556,0.32989888598306993
2017-07-22 18:00:00,0.33545454545454545,0.35043372730734984
2017-07-22 18:15:00,0.3402127659574468,0.3732951429116038
2017-07-22 18:30:00,0.3481431334622824,0.3891470261590249
2017-07-22 18:45:00,0.3481431334622824,0.3895633791461658
2017-07-22 19:00:00,0.3481431334622824,0.393051379672685
2017-07-22 19:15:00,0.3481431334622824,0.40394850644795144
2017-07-22 19:30:00,0.3481431334622824,0.40888900430365327
2017-07-22 19:45:00,0.3481431334622824,0.41588669157027003
2017-07-22 20:00:00,0.3481431334622824,0.42722608840931664
2017-07-22 20:15:00,0.3481431334622824,0.4300395249315824
2017-07-22 20:30:00,0.3481431334622824,0.43032214170873667
2017-07-22 20:45:00,0.3481431334622824,0.4271747619625332
2017-07-22 21:00:00,0.3481431334622824,0.43018438336295567
2017-07-22 21:15:00,0.3481431334622824,0.43915864675909033
2017-07-22 21:30:00,0.3481431334622824,0.4479216743839288
2017-07-22 21:45:00,0.3449709864603482,0.4471587304515681
2017-07-22 22:00:00,0.3417988394584139,0.4446138641582774
2017-07-22 22:15:00,0.3417988394584139,0.44892922267218277
2017-07-22 22:30:00,0.33704061895551257,0.45099531491084277
2017-07-22 22:45:00,0.33545454545454545,0.4526166822121594
2017-07-22 23:00:00,0.33545454545454545,0.4541185289107203
2017-07-22 23:15:00,0.9319776714513556,0.43831956642505443
2017-07-22 23:30:00,0.9319776714513556,0.42742127126961327
2017-07-22 23:45:00,0.9319776714513556,0.4038040865834252
2017-07-23 00:00:00,0.9702126528442319,0.38213085655106316
2017-07-23 00:15:00,0.9702126528442319,0.3681444472738767
2017-07-23 00:30:00,0.9702126528442319,0.3670859800465661
2017-07-23 00:45:00,0.9702126528442319,0.354210408323915
2017-07-23 01:00:00,0.9702126528442319,0.34899354192130577
2017-07-23 01:15:00,0.9702126528442319,0.3457415081067428
2017-07-23 01:30:00,0.9702126528442319,0.3385011444323443
2017-07-23 01:45:00,0.9702126528442319,0.33179060362063684
2017-07-23 02:00:00,0.9702126528442319,0.32290716696922955
2017-07-23 02:15:00,0.9702126528442319,0.31494612640699315
2017-07-23 02:30:00,0.9702126528442319,0.31402099845246145
2017-07-23 02:45:00,0.9702126528442319,0.3154976159218247
2017-07-23 03:00:00,0.9702126528442319,0.31419989391168635
2017-07-23 03:15:00,0.9702126528442319,0.321067291464786
2017-07-23 03:30:00,0.9702126528442319,0.3291843801372728
2017-07-23 03:45:00,0.9702126528442319,0.3379984483686042
2017-07-23 04:00:00,0.9702126528442319,0.34097405429263705
2017-07-23 04:15:00,0.9702126528442319,0.3131522364218976
2017-07-23 04:30:00,0.9702126528442319,0.29197983121512916
2017-07-23 04:45:00,0.9702126528442319,0.27586280055984885
2017-07-23 05:00:00,0.9702126528442319,0.25447612130121994
2017-07-23 05:15:00,0.041,0.25259958646037456
2017-07-23 05:30:00,0.041,0.25216940531728466
2017-07-23 05:45:00,0.041,0.2524500247506981
2017-07-23 06:00:00,0.041,0.24820498407408037
2017-07-23 06:15:00,0.041,0.2427890717392828
2017-07-23 06:30:00,0.041,0.2371546644354642
2017-07-23 06:45:00,0.041,0.2342914557950913
2017-07-23 07:00:00,0.041,0.22842308929957747
2017-07-23 07:15:00,0.041,0.22249027637109603
2017-07-23 07:30:00,0.041,0.21924687662716408
2017-07-23 07:45:00,0.041,0.21762693049285042
2017-07-23 08:00:00,0.041,0.2160870587987048
2017-07-23 08:15:00,0.041,0.21345117815470332
2017-07-23 08:30:00,0.041,0.21177371673246487
2017-07-23 08:45:00,0.041,0.2092204557420423
2017-07-23 09:00:00,0.041,0.2045438065552015
2017-07-23 09:15:00,0.041,0.20245432975385927
2017-07-23 09:30:00,0.041,0.19940188626649263
2017-07-23 09:45:00,0.041,0.19663467649386976
2017-07-23 10:00:00,0.041,0.19454179099614186
2017-07-23 10:15:00,0.041,0.19292369372787171
2017-07-23 10:30:00,0.041,0.19310840208509047
2017-07-23 10:45:00,0.041,0.1935867053773897
2017-07-23 11:00:00,0.041,0.19328947285939452
2017-07-23 11:15:00,0.041,0.1944858081169882
2017-07-23 11:30:00,0.041,0.1944070612052058
2017-07-23 11:45:00,0.041,0.19484856561870675
2017-07-23 12:00:00,0.041,0.19758856666003838
2017-07-23 12:15:00,0.041,0.19928221270782234
2017-07-23 12:30:00,0.041,0.19835389324115496
2017-07-23 12:45:00,0.041,0.2069028954146014
2017-07-23 13:00:00,0.041,0.20699528266809025
2017-07-23 13:15:00,0.041,0.20094451147084486
2017-07-23 13:30:00,0.041,0.20209631762219524
2017-07-23 13:45:00,0.041,0.2019863597160093
2017-07-23 14:00:00,0.041,0.2031315732856615
2017-07-23 14:15:00,0.041,0.20425220395373347
2017-07-23 14:30:00,0.041,0.20545885116695262
2017-07-23 14:45:00,0.041,0.21272432529300522
2017-07-23 15:00:00,0.041,0.21136187030472603
2017-07-23 15:15:00,0.041,0.20382702551073983
2017-07-23 15:30:00,0.041,0.2106703024526813
2017-07-23 15:45:00,0.041,0.20387749260167468
2017-07-23 16:00:00,0.041,0.200498516571874
2017-07-23 16:15:00,0.041,0.19522517166946537
2017-07-23 16:30:00,0.041,0.1926648103614405
2017-07-23 16:45:00,0.041,0.19312407355567676
2017-07-23 17:00:00,0.041,0.18933116169112768
2017-07-23 17:15:00,0.041,0.18900701898879899
2017-07-23 17:30:00,0.9702126528442319,0.23676238589436954
2017-07-23 17:45:00,0.9702126528442319,0.28169631797411676
2017-07-23 18:00:00,0.9702126528442319,0.3230558100497012
2017-07-23 18:15:00,0.9702126528442319,0.35215930068144424
2017-07-23 18:30:00,0.9702126528442319,0.38660184391572605
2017-07-23 18:45:00,0.9702126528442319,0.415372056540692
2017-07-23 19:00:00,0.9702126528442319,0.42457668530264975
2017-07-23 19:15:00,0.9702126528442319,0.43371576877975804
2017-07-23 19:30:00,0.9702126528442319,0.4418101434171662
2017-07-23 19:45:00,0.9702126528442319,0.43850779725041567
2017-07-23 20:00:00,0.9702126528442319,0.43869431813096843
2017-07-23 20:15:00,0.9702126528442319,0.43373116319391264
2017-07-23 20:30:00,0.9702126528442319,0.4321810668276918
2017-07-23 20:45:00,0.9702126528442319,0.4317267458304143
2017-07-23 21:00:00,0.9702126528442319,0.4341982054727131
2017-07-23 21:15:00,0.9702126528442319,0.4115260477671783
2017-07-23 21:30:00,0.9702126528442319,0.3928033164923518
2017-07-23 21:45:00,0.9702126528442319,0.37831076659746377
2017-07-23 22:00:00,0.9702126528442319,0.3454097333714647
2017-07-23 22:15:00,0.9702126528442319,0.3560020986837587
2017-07-23 22:30:00,0.9702126528442319,0.36456875974856917
2017-07-23 22:45:00,0.9702126528442319,0.36884578224586606
2017-07-23 23:00:00,0.9702126528442319,0.38296941664081324
2017-07-23 23:15:00,0.9702126528442319,0.3714489290855711
2017-07-23 23:30:00,0.9702126528442319,0.3643352445130792
2017-07-23 23:45:00,0.9702126528442319,0.3534766041097514
2017-07-24 00:00:00,0.9988888888888889,0.3372031636701163
2017-07-24 00:15:00,0.9988888888888889,0.33331910724874503
2017-07-24 00:30:00,0.9988888888888889,0.3260693847460715
2017-07-24 00:45:00,0.9988888888888889,0.3267436617133504
2017-07-24 01:00:00,0.9988888888888889,0.32084328535686923
2017-07-24 01:15:00,0.9988888888888889,0.3344116261021566
2017-07-24 01:30:00,0.9988888888888889,0.348154751590937
2017-07-24 01:45:00,0.9988888888888889,0.365581947995964
2017-07-24 02:00:00,0.9988888888888889,0.38245985918932385
2017-07-24 02:15:00,0.9988888888888889,0.3897154770406234
2017-07-24 02:30:00,0.9988888888888889,0.3994720916520712
2017-07-24 02:45:00,0.9988888888888889,0.4078547082358992
2017-07-24 03:00:00,0.9988888888888889,0.4217609680137264
2017-07-24 03:15:00,0.9988888888888889,0.4181874557725949
2017-07-24 03:30:00,0.9988888888888889,0.41577122301875263
2017-07-24 03:45:00,0.9988888888888889,0.413949707575672
2017-07-24 04:00:00,0.9988888888888889,0.4225624672822673
2017-07-24 04:15:00,0.9988888888888889,0.4230283841877301
2017-07-24 04:30:00,0.9988888888888889,0.4285892971621499
2017-07-24 04:45:00,0.9988888888888889,0.43610758255131477
2017-07-24 05:00:00,0.9988888888888889,0.45727584883967604
2017-07-24 05:15:00,0.9988888888888889,0.46633415277959284
2017-07-24 05:30:00,0.9988888888888889,0.4706988419420667
2017-07-24 05:45:00,0.9988888888888889,0.47691570418869805
2017-07-24 06:00:00,0.9988888888888889,0.48335661542563335
2017-07-24 06:15:00,0.9988888888888889,0.4556286323965204
2017-07-24 06:30:00,0.9988888888888889,0.4280166998748156
2017-07-24 06:45:00,0.9988888888888889,0.3974912720183935
2017-07-24 07:00:00,0.9988888888888889,0.3709687467023062
2017-07-24 07:15:00,0.9988888888888889,0.3384694624447533
2017-07-24 07:30:00,0.9988888888888889,0.3054383266404174
2017-07-24 07:45:00,0.9988888888888889,0.26912153840016323
2017-07-24 08:00:00,0.9988888888888889,0.22784710619881557
2017-07-24 08:15:00,0.9988888888888889,0.22320076889797427
2017-07-24 08:30:00,0.9988888888888889,0.23103458661799778
2017-07-24 08:45:00,0.9988888888888889,0.23228487517075092
2017-07-24 09:00:00,0.9988888888888889,0.23053451341376496
2017-07-24 09:15:00,0.9988888888888889,0.21567308874782723
2017-07-24 09:30:00,0.9988888888888889,0.2005580899600313
2017-07-24 09:45:00,0.9988888888888889,0.18734515839282614
2017-07-24 10:00:00,0.041,0.18417348805308362
2017-07-24 10:15:00,0.041,0.18251026137256182
2017-07-24 10:30:00,0.041,0.18124756920769708
2017-07-24 10:45:00,0.041,0.18100776227335444
2017-07-24 11:00:00,0.041,0.18178993180358574
2017-07-24 11:15:00,0.041,0.18253822840963144
2017-07-24 11:30:00,0.041,0.1826347709838395
2017-07-24 11:45:00,0.041,0.18336685986776918
2017-07-24 12:00:00,0.041,0.1844840033293658
2017-07-24 12:15:00,0.041,0.18535499085594603
2017-07-24 12:30:00,0.041,0.18676962311614145
2017-07-24 12:45:00,0.041,0.18679393819245202
2017-07-24 13:00:00,0.041,0.18767175892036358
2017-07-24 13:15:00,0.041,0.1881927555406236
2017-07-24 13:30:00,0.041,0.1924533087145894
2017-07-24 13:45:00,0.041,0.1925985217812347
2017-07-24 14:00:00,0.041,0.19253027904117156
2017-07-24 14:15:00,0.041,0.19253230032250382
2017-07-24 14:30:00,0.041,0.1925566660845634
2017-07-24 14:45:00,0.041,0.19092335040011063
2017-07-24 15:00:00,0.041,0.18935387388724043
2017-07-24 15:15:00,0.041,0.19015621888886602
2017-07-24 15:30:00,0.041,0.19016555209286723
2017-07-24 15:45:00,0.041,0.1888063699518807
2017-07-24 16:00:00,0.041,0.18989434975621158
2017-07-24 16:15:00,0.9988888888888889,0.22154904171830375
2017-07-24 16:30:00,0.9988888888888889,0.2645984001143341
2017-07-24 16:45:00,0.9988888888888889,0.30848583890895337
2017-07-24 17:00:00,0.9988888888888889,0.35008636121800296
2017-07-24 17:15:00,0.9988888888888889,0.381809705195329
2017-07-24 17:30:00,0.9988888888888889,0.41242707531615674
2017-07-24 17:45:00,0.9988888888888889,0.4384084079236787
2017-07-24 18:00:00,0.9988888888888889,0.46463276191894465
2017-07-24 18:15:00,0.3386266924564797,0.4841581857686757
2017-07-24 18:30:00,0.3386266924564797,0.48386630331227304
2017-07-24 18:45:00,0.3386266924564797,0.4808999291962047
2017-07-24 19:00:00,0.3386266924564797,0.4927862951653278
2017-07-24 19:15:00,0.3386266924564797,0.5058841418523538
2017-07-24 19:30:00,0.3386266924564797,0.5203406441302127
2017-07-24 19:45:00,0.3386266924564797,0.548813736269831
2017-07-24 20:00:00,0.3386266924564797,0.5559405353993849
2017-07-24 20:15:00,0.3386266924564797,0.5547013431301272
2017-07-24 20:30:00,0.3386266924564797,0.5639271814465241
2017-07-24 20:45:00,0.3386266924564797,0.5729912039010321
2017-07-24 21:00:00,0.3386266924564797,0.5820070113182989
2017-07-24 21:15:00,0.33545454545454545,0.5900745092281797
2017-07-24 21:30:00,0.9988888888888889,0.5956131486406755
2017-07-24 21:45:00,0.9988888888888889,0.6014874074904383
2017-07-24 22:00:00,0.9988888888888889,0.6015841189091867
2017-07-24 22:15:00,0.9988888888888889,0.6019369977977772
2017-07-24 22:30:00,0.9988888888888889,0.6047004175856943
2017-07-24 22:45:00,0.9988888888888889,0.6020836167670718
2017-07-24 23:00:00,0.9988888888888889,0.6008294802922522
2017-07-24 23:15:00,0.9988888888888889,0.5851734959714769
2017-07-24 23:30:00,0.9988888888888889,0.5721262583139373
2017-07-24 23:45:00,0.9988888888888889,0.5567409328381729
2017-07-25 00:00:00,0.9988888888888889,0.536515794749199
2017-07-25 00:15:00,0.9988888888888889,0.5349593115237106
2017-07-25 00:30:00,0.9988888888888889,0.5329304933208795
2017-07-25 00:45:00,0.9988888888888889,0.5285233743608437
2017-07-25 01:00:00,0.9988888888888889,0.522985575674289
2017-07-25 01:15:00,0.9988888888888889,0.5376323256940125
2017-07-25 01:30:00,0.9988888888888889,0.5504584873789777
2017-07-25 01:45:00,0.9988888888888889,0.5618696205200544
2017-07-25 02:00:00,0.9988888888888889,0.5767430383564239
2017-07-25 02:15:00,0.9988888888888889,0.5755476245423294
2017-07-25 02:30:00,0.9988888888888889,0.574926983306223
2017-07-25 02:45:00,0.9988888888888889,0.5751365634013156
2017-07-25 03:00:00,0.9988888888888889,0.5748859313745625
2017-07-25 03:15:00,0.9988888888888889,0.5661160093090584
2017-07-25 03:30:00,0.9988888888888889,0.5587594791938685
2017-07-25 03:45:00,0.9988888888888889,0.551333471964612
2017-07-25 04:00:00,0.9988888888888889,0.5505191466031384
2017-07-25 04:15:00,0.9988888888888889,0.5356541362389271
2017-07-25 04:30:00,0.9988888888888889,0.5236649664711184
2017-07-25 04:45:00,0.9988888888888889,0.5100806217129961
2017-07-25 05:00:00,0.9988888888888889,0.5128190524364087
2017-07-25 05:15:00,0.9988888888888889,0.4882515202664541
2017-07-25 05:30:00,0.9988888888888889,0.46510717247102534
2017-07-25 05:45:00,0.9988888888888889,0.4391762851624843
2017-07-25 06:00:00,0.9988888888888889,0.42048656337347795
2017-07-25 06:15:00,0.9988888888888889,0.38864861682349217
2017-07-25 06:30:00,0.9988888888888889,0.35633193151070164
2017-07-25 06:45:00,0.9988888888888889,0.322630745020395
2017-07-25 07:00:00,0.9988888888888889,0.2915874541708533
2017-07-25 07:15:00,0.9988888888888889,0.2878953842502748
2017-07-25 07:30:00,0.9988888888888889,0.2566080860811485
2017-07-25 07:45:00,0.9988888888888889,0.22454167898497618
2017-07-25 08:00:00,0.041,0.19828899680559683
2017-07-25 08:15:00,0.041,0.18990202747566343
2017-07-25 08:30:00,0.041,0.1867678233295697
2017-07-25 08:45:00,0.041,0.18501871983702206
2017-07-25 09:00:00,0.041,0.18433936814359528
2017-07-25 09:15:00,0.041,0.18375140271909823
2017-07-25 09:30:00,0.041,0.18367434573753078
2017-07-25 09:45:00,0.041,0.1843629107034166
2017-07-25 10:00:00,0.041,0.1837199567580902
2017-07-25 10:15:00,0.041,0.18268673797015872
2017-07-25 10:30:00,0.041,0.1869876838213036
2017-07-25 10:45:00,0.041,0.18183050019933378
2017-07-25 11:00:00,0.041,0.18245829768343128
2017-07-25 11:15:00,0.041,0.18286947069219991
2017-07-25 11:30:00,0.041,0.18797119630224876
2017-07-25 11:45:00,0.041,0.18305233644132604
2017-07-25 12:00:00,0.041,0.18797025638621573
2017-07-25 12:15:00,0.041,0.1879788230454677
2017-07-25 12:30:00,0.041,0.18352757719728915
2017-07-25 12:45:00,0.041,0.18394428511804053
2017-07-25 13:00:00,0.041,0.1897587155276895
2017-07-25 13:15:00,0.041,0.18346347446788863
2017-07-25 13:30:00,0.041,0.18294572136205883
2017-07-25 13:45:00,0.041,0.18288328811669743
2017-07-25 14:00:00,0.041,0.1828669333609162
2017-07-25 14:15:00,0.041,0.18435858414568668
2017-07-25 14:30:00,0.041,0.18564832292276406
2017-07-25 14:45:00,0.041,0.1855681297534794
2017-07-25 15:00:00,0.041,0.1856008131614343
2017-07-25 15:15:00,0.041,0.18478338281585635
2017-07-25 15:30:00,0.041,0.18630317452271872
2017-07-25 15:45:00,0.041,0.18977809452048477
2017-07-25 16:00:00,0.9988888888888889,0.1960797099913555
2017-07-25 16:15:00,0.9988888888888889,0.23622905450782647
2017-07-25 16:30:00,0.9988888888888889,0.29009092947513426
2017-07-25 16:45:00,0.9988888888888889,0.3384117433558587
2017-07-25 17:00:00,0.9988888888888889,0.37849113136741186
2017-07-25 17:15:00,0.9988888888888889,0.4238404584311829
2017-07-25 17:30:00,0.9988888888888889,0.4663208707298174
2017-07-25 17:45:00,0.34655705996131525,0.48382639264770716
2017-07-25 18:00:00,0.35290135396518374,0.5035424778306672
2017-07-25 18:15:00,0.4536363636363636,0.5190607928183053
2017-07-25 18:30:00,0.356073500967118,0.5130764443285347
2017-07-25 18:45:00,0.35924564796905223,0.5123858568583223
2017-07-25 19:00:00,0.35924564796905223,0.5221651563682422
2017-07-25 19:15:00,0.35924564796905223,0.5343377324023938
2017-07-25 19:30:00,0.35924564796905223,0.5480633745425467
2017-07-25 19:45:00,0.35924564796905223,0.5549404332222885
2017-07-25 20:00:00,0.4536363636363636,0.5834948215021867
2017-07-25 20:15:00,0.35924564796905223,0.5742212203841962
2017-07-25 20:30:00,0.4536363636363636,0.5944321102172551
2017-07-25 20:45:00,0.4536363636363636,0.593729694909918
2017-07-25 21:00:00,0.35924564796905223,0.5964837970004104
2017-07-25 21:15:00,0.35924564796905223,0.5989831781981645
2017-07-25 21:30:00,0.35924564796905223,0.6058867963423697
2017-07-25 21:45:00,0.3576595744680851,0.6089796299750018
2017-07-25 22:00:00,0.3402127659574468,0.609452897865987
2017-07-25 22:15:00,0.33704061895551257,0.6129174147692789
2017-07-25 22:30:00,0.33545454545454545,0.6150239023833289
2017-07-25 22:45:00,0.9988888888888889,0.610064208332376
2017-07-25 23:00:00,0.9988888888888889,0.6004260376627635
2017-07-25 23:15:00,0.9988888888888889,0.5880388202203346
2017-07-25 23:30:00,0.9988888888888889,0.5731070540731971
2017-07-25 23:45:00,0.9988888888888889,0.5612171147321477
2017-07-26 00:00:00,0.9988888888888889,0.5459099025559813
2017-07-26 00:15:00,0.9988888888888889,0.540399601184506
2017-07-26 00:30:00,0.9988888888888889,0.5380586783653198
2017-07-26 00:45:00,0.9988888888888889,0.5305398109970663
2017-07-26 01:00:00,0.9988888888888889,0.5224538322743429
2017-07-26 01:15:00,0.9988888888888889,0.5259625605167322
2017-07-26 01:30:00,0.9988888888888889,0.5310081136968436
2017-07-26 01:45:00,0.9988888888888889,0.5364590460647874
2017-07-26 02:00:00,0.9988888888888889,0.539279764595555
2017-07-26 02:15:00,0.9988888888888889,0.5336266004378865
2017-07-26 02:30:00,0.9988888888888889,0.5307578291408691
2017-07-26 02:45:00,0.9988888888888889,0.5251859103977436
2017-07-26 03:00:00,0.9988888888888889,0.5232146022364123
2017-07-26 03:15:00,0.9988888888888889,0.5263644433429416
2017-07-26 03:30:00,0.9988888888888889,0.5305943488927292
2017-07-26 03:45:00,0.9988888888888889,0.5381166513004172
2017-07-26 04:00:00,0.9988888888888889,0.550443332629251
2017-07-26 04:15:00,0.9988888888888889,0.5425913151029258
2017-07-26 04:30:00,0.9988888888888889,0.5347434003827198
2017-07-26 04:45:00,0.9988888888888889,0.5311981816505821
2017-07-26 05:00:00,0.9988888888888889,0.539329357174357
2017-07-26 05:15:00,0.9988888888888889,0.5084623226422063
2017-07-26 05:30:00,0.9988888888888889,0.4743674511748005
2017-07-26 05:45:00,0.9988888888888889,0.4425457501890718
2017-07-26 06:00:00,0.9988888888888889,0.41888925552401224
2017-07-26 06:15:00,0.9988888888888889,0.4045570950365531
2017-07-26 06:30:00,0.9988888888888889,0.3830720300011306
2017-07-26 06:45:00,0.9988888888888889,0.371796758242276
2017-07-26 07:00:00,0.9988888888888889,0.3577032183086586
2017-07-26 07:15:00,0.9988888888888889,0.32374847778598287
2017-07-26 07:30:00,0.9988888888888889,0.2888613225186127
2017-07-26 07:45:00,0.9988888888888889,0.2578407454555417
2017-07-26 08:00:00,0.9988888888888889,0.2191868128227917
2017-07-26 08:15:00,0.9988888888888889,0.20503708087715436
2017-07-26 08:30:00,0.9988888888888889,0.18916901708489803
2017-07-26 08:45:00,0.041,0.18880341982688015
2017-07-26 09:00:00,0.041,0.18752487184132788
2017-07-26 09:15:00,0.041,0.18710585508351893
2017-07-26 09:30:00,0.041,0.18631575399991068
2017-07-26 09:45:00,0.041,0.18515809270696218
2017-07-26 10:00:00,0.041,0.1850269359185484
2017-07-26 10:15:00,0.041,0.18399894014998744
2017-07-26 10:30:00,0.041,0.18315754668226697
2017-07-26 10:45:00,0.041,0.18861194822669244
2017-07-26 11:00:00,0.041,0.18994826228192643
2017-07-26 11:15:00,0.041,0.1847433217258027
2017-07-26 11:30:00,0.041,0.1914290706315794
2017-07-26 11:45:00,0.041,0.1921706249651706
2017-07-26 12:00:00,0.041,0.18641352880918957
2017-07-26 12:15:00,0.041,0.19223606531511916
2017-07-26 12:30:00,0.041,0.1878101892383729
2017-07-26 12:45:00,0.041,0.18837551814639208
2017-07-26 13:00:00,0.041,0.18842846150816506
2017-07-26 13:15:00,0.041,0.1882571084726485
2017-07-26 13:30:00,0.041,0.1895788733752326
2017-07-26 13:45:00,0.041,0.19063633061318053
2017-07-26 14:00:00,0.041,0.1900558585404643
2017-07-26 14:15:00,0.041,0.19174385043202602
2017-07-26 14:30:00,0.041,0.19197346790377415
2017-07-26 14:45:00,0.041,0.19321487432097686
2017-07-26 15:00:00,0.041,0.19311736532676657
2017-07-26 15:15:00,0.041,0.19218278675729958
2017-07-26 15:30:00,0.9988888888888889,0.19382493667583028
2017-07-26 15:45:00,0.9988888888888889,0.22201269009248312
2017-07-26 16:00:00,0.9988888888888889,0.2438575479187549
2017-07-26 16:15:00,0.9988888888888889,0.2863727034862786
2017-07-26 16:30:00,0.9988888888888889,0.32793133303834565
2017-07-26 16:45:00,0.9988888888888889,0.36591879455350274
2017-07-26 17:00:00,0.9988888888888889,0.39385988607415096
2017-07-26 17:15:00,0.9988888888888889,0.419235607079578
2017-07-26 17:30:00,0.9988888888888889,0.4496940417280461
2017-07-26 17:45:00,0.33545454545454545,0.47709628495045064
2017-07-26 18:00:00,0.4536363636363636,0.4876667416412327
2017-07-26 18:15:00,0.4536363636363636,0.5031451673712276
2017-07-26 18:30:00,0.3497292069632495,0.5145787112421616
2017-07-26 18:45:00,0.3497292069632495,0.520648720728191
2017-07-26 19:00:00,0.3497292069632495,0.5303302659506567
2017-07-26 19:15:00,0.3497292069632495,0.546447372160648
2017-07-26 19:30:00,0.3497292069632495,0.5575291340881876
2017-07-26 19:45:00,0.3497292069632495,0.5660480448222711
2017-07-26 20:00:00,0.4536363636363636,0.5910430869292006
2017-07-26 20:15:00,0.3497292069632495,0.5726064745724699
2017-07-26 20:30:00,0.3497292069632495,0.5805079221351553
2017-07-26 20:45:00,0.3497292069632495,0.5850155822849586
2017-07-26 21:00:00,0.3497292069632495,0.5926312306681085
2017-07-26 21:15:00,0.3497292069632495,0.6031925289362909
2017-07-26 21:30:00,0.3497292069632495,0.6191712598395837
2017-07-26 21:45:00,0.3481431334622824,0.6311787921169294
2017-07-26 22:00:00,0.343384912959381,0.6393543973854157
2017-07-26 22:15:00,0.343384912959381,0.6462135397669696
2017-07-26 22:30:00,0.3402127659574468,0.6551836981328603
2017-07-26 22:45:00,0.3402127659574468,0.6608517689025724
2017-07-26 23:00:00,0.3386266924564797,0.6720498719589251
2017-07-26 23:15:00,0.4536363636363636,0.6672350110670344
2017-07-26 23:30:00,0.9988888888888889,0.677290511820746
2017-07-26 23:45:00,0.9988888888888889,0.6784335937134254
2017-07-27 00:00:00,0.33545454545454545,0.6871076097583165
2017-07-27 00:15:00,0.33545454545454545,0.6953191840815406
2017-07-27 00:30:00,0.33545454545454545,0.703042344815989
2017-07-27 00:45:00,0.33545454545454545,0.7071638800313839
2017-07-27 01:00:00,0.33545454545454545,0.7170913468967094
2017-07-27 01:15:00,0.33545454545454545,0.7173391415157345
2017-07-27 01:30:00,0.33545454545454545,0.7177363107312682
2017-07-27 01:45:00,0.33545454545454545,0.7169928925043609
2017-07-27 02:00:00,0.33545454545454545,0.7117288946026307
2017-07-27 02:15:00,0.33545454545454545,0.7079237354020507
2017-07-27 02:30:00,0.33545454545454545,0.7018555532498896
2017-07-27 02:45:00,0.33545454545454545,0.7007857256312091
2017-07-27 03:00:00,0.33545454545454545,0.6980620610878665
2017-07-27 03:15:00,0.33545454545454545,0.695761874210798
2017-07-27 03:30:00,0.33545454545454545,0.6869428959106142
2017-07-27 03:45:00,0.33545454545454545,0.6775049240879405
2017-07-27 04:00:00,0.33545454545454545,0.6581767240819905
2017-07-27 04:15:00,0.33545454545454545,0.649965523762271
2017-07-27 04:30:00,0.33545454545454545,0.6407222080756603
2017-07-27 04:45:00,0.33545454545454545,0.6269623907873139
2017-07-27 05:00:00,0.33545454545454545,0.5917335848163783
2017-07-27 05:15:00,0.33545454545454545,0.5697933941716761
2017-07-27 05:30:00,0.33545454545454545,0.5575282868367191
2017-07-27 05:45:00,0.33545454545454545,0.5464929957455853
2017-07-27 06:00:00,0.33545454545454545,0.5318849955767033
2017-07-27 06:15:00,0.33545454545454545,0.5251385963707044
2017-07-27 06:30:00,0.9988888888888889,0.5010304115720974
2017-07-27 06:45:00,0.9988888888888889,0.46404334482954424
2017-07-27 07:00:00,0.9988888888888889,0.43046328011553375
2017-07-27 07:15:00,0.9988888888888889,0.39294461347175
2017-07-27 07:30:00,0.9988888888888889,0.35711584752685405
2017-07-27 07:45:00,0.9988888888888889,0.31918702287237855
2017-07-27 08:00:00,0.9988888888888889,0.27574361255918206
2017-07-27 08:15:00,0.9988888888888889,0.24721655321641847
2017-07-27 08:30:00,0.9988888888888889,0.21533041661548025
2017-07-27 08:45:00,0.041,0.1921152567202745
2017-07-27 09:00:00,0.041,0.1918997099954276
2017-07-27 09:15:00,0.041,0.191306388127807
2017-07-27 09:30:00,0.041,0.18965327797509696
2017-07-27 09:45:00,0.041,0.18891113545739344
2017-07-27 10:00:00,0.041,0.18795458270460932
2017-07-27 10:15:00,0.041,0.18643996334420615
2017-07-27 10:30:00,0.041,0.18554689830932936
2017-07-27 10:45:00,0.041,0.18545624253449866
2017-07-27 11:00:00,0.041,0.1915465721308202
2017-07-27 11:15:00,0.041,0.19226665777992405
2017-07-27 11:30:00,0.041,0.19274639182963826
2017-07-27 11:45:00,0.041,0.18772457102984172
2017-07-27 12:00:00,0.041,0.1928691015531945
2017-07-27 12:15:00,0.041,0.18794983513209512
2017-07-27 12:30:00,0.041,0.1946034489278889
2017-07-27 12:45:00,0.041,0.1891663805215536
2017-07-27 13:00:00,0.041,0.1889648701525773
2017-07-27 13:15:00,0.041,0.1885172451579161
2017-07-27 13:30:00,0.041,0.18884646217129775
2017-07-27 13:45:00,0.041,0.18898114055953788
2017-07-27 14:00:00,0.041,0.1880838978544158
2017-07-27 14:15:00,0.041,0.18830761099246585
2017-07-27 14:30:00,0.9988888888888889,0.19180456345228666
2017-07-27 14:45:00,0.9988888888888889,0.21043512579402807
2017-07-27 15:00:00,0.9988888888888889,0.23847105575506913
2017-07-27 15:15:00,0.9988888888888889,0.24400158908599076
2017-07-27 15:30:00,0.9988888888888889,0.2558972015838749
2017-07-27 15:45:00,0.9988888888888889,0.27036835151040167
2017-07-27 16:00:00,0.9988888888888889,0.27943006628587597
2017-07-27 16:15:00,0.9988888888888889,0.3126941579247883
2017-07-27 16:30:00,0.9988888888888889,0.34745824154902755
2017-07-27 16:45:00,0.9988888888888889,0.3737185046513795
2017-07-27 17:00:00,0.9988888888888889,0.39630173178612954
2017-07-27 17:15:00,0.9988888888888889,0.4258820313123533
2017-07-27 17:30:00,0.9988888888888889,0.459730919603797
2017-07-27 17:45:00,0.3417988394584139,0.4790916808967527
2017-07-27 18:00:00,0.3481431334622824,0.4935720706309365
2017-07-27 18:15:00,0.35448742746615086,0.5053449832633881
2017-07-27 18:30:00,0.356073500967118,0.5066450799814076
2017-07-27 18:45:00,0.356073500967118,0.514340156137085
2017-07-27 19:00:00,0.356073500967118,0.5284834424371723
2017-07-27 19:15:00,0.356073500967118,0.5374527288691975
2017-07-27 19:30:00,0.356073500967118,0.5477207561966704
2017-07-27 19:45:00,0.356073500967118,0.5563537631934904
2017-07-27 20:00:00,0.356073500967118,0.5596046719189418
2017-07-27 20:15:00,0.356073500967118,0.5614459415612221
2017-07-27 20:30:00,0.356073500967118,0.5729845950674116
2017-07-27 20:45:00,0.356073500967118,0.581078339245207
2017-07-27 21:00:00,0.356073500967118,0.5855952745397375
2017-07-27 21:15:00,0.356073500967118,0.5907456000109524
2017-07-27 21:30:00,0.34655705996131525,0.5929981593067557
2017-07-27 21:45:00,0.3417988394584139,0.5952319656436686
2017-07-27 22:00:00,0.33704061895551257,0.5976391931354867
2017-07-27 22:15:00,0.9988888888888889,0.5985376857751222
2017-07-27 22:30:00,0.9988888888888889,0.5916845877167224
2017-07-27 22:45:00,0.9988888888888889,0.584340010191101
2017-07-27 23:00:00,0.9988888888888889,0.5685291489437277
2017-07-27 23:15:00,0.9988888888888889,0.5579280537207315
2017-07-27 23:30:00,0.9988888888888889,0.5457150645163429
2017-07-27 23:45:00,0.9988888888888889,0.5364519787705333
2017-07-28 00:00:00,0.9893301435406698,0.5265504010739381
2017-07-28 00:15:00,0.9893301435406698,0.5231825793042186
2017-07-28 00:30:00,0.9893301435406698,0.517057431188375
2017-07-28 00:45:00,0.9893301435406698,0.5044487506986904
2017-07-28 01:00:00,0.9893301435406698,0.4975605284499468
2017-07-28 01:15:00,0.9893301435406698,0.48701084971247866
2017-07-28 01:30:00,0.9893301435406698,0.4844070199778646
2017-07-28 01:45:00,0.9893301435406698,0.4860655939734418
2017-07-28 02:00:00,0.9893301435406698,0.4798701857861826
2017-07-28 02:15:00,0.9893301435406698,0.49091801096008175
2017-07-28 02:30:00,0.9893301435406698,0.5031248649010017
2017-07-28 02:45:00,0.9893301435406698,0.5183333651977795
2017-07-28 03:00:00,0.9893301435406698,0.5366049500530825
2017-07-28 03:15:00,0.9893301435406698,0.54244204085915
2017-07-28 03:30:00,0.9893301435406698,0.5507583158171379
2017-07-28 03:45:00,0.9893301435406698,0.5598226586194154
2017-07-28 04:00:00,0.9893301435406698,0.5744159049492862
2017-07-28 04:15:00,0.9893301435406698,0.5741003176740381
2017-07-28 04:30:00,0.9893301435406698,0.5769522001814824
2017-07-28 04:45:00,0.9893301435406698,0.5795244997357994
2017-07-28 05:00:00,0.9893301435406698,0.5861162436624294
2017-07-28 05:15:00,0.9893301435406698,0.5634343520163566
2017-07-28 05:30:00,0.9893301435406698,0.5355130428167868
2017-07-28 05:45:00,0.9893301435406698,0.5071760360538834
2017-07-28 06:00:00,0.9893301435406698,0.4819718771433251
2017-07-28 06:15:00,0.9893301435406698,0.4459341200835901
2017-07-28 06:30:00,0.9893301435406698,0.41202048942940805
2017-07-28 06:45:00,0.9893301435406698,0.37366034519325964
2017-07-28 07:00:00,0.9893301435406698,0.34210842319841067
2017-07-28 07:15:00,0.9893301435406698,0.3063976534446349
2017-07-28 07:30:00,0.9893301435406698,0.2655361137809168
2017-07-28 07:45:00,0.9893301435406698,0.22144056317820796
2017-07-28 08:00:00,0.041,0.18750336067622506
2017-07-28 08:15:00,0.041,0.1860082857244358
2017-07-28 08:30:00,0.041,0.1843710829666052
2017-07-28 08:45:00,0.041,0.18288092997759903
2017-07-28 09:00:00,0.041,0.18147938442474112
2017-07-28 09:15:00,0.041,0.18132700919279635
2017-07-28 09:30:00,0.041,0.18000181770216211
2017-07-28 09:45:00,0.041,0.17908310167818847
2017-07-28 10:00:00,0.041,0.1783764271442016
2017-07-28 10:15:00,0.041,0.17805706230577809
2017-07-28 10:30:00,0.041,0.17777080130682077
2017-07-28 10:45:00,0.041,0.17702519627179153
2017-07-28 11:00:00,0.041,0.17818479729078987
2017-07-28 11:15:00,0.041,0.1775389271488763
2017-07-28 11:30:00,0.041,0.17659382356895617
2017-07-28 11:45:00,0.041,0.17610343706083195
2017-07-28 12:00:00,0.041,0.17645477364044318
2017-07-28 12:15:00,0.041,0.1825464917320777
2017-07-28 12:30:00,0.041,0.1851599937172537
2017-07-28 12:45:00,0.041,0.18687248911497256
2017-07-28 13:00:00,0.041,0.19025531600560572
2017-07-28 13:15:00,0.041,0.19004318135473053
2017-07-28 13:30:00,0.041,0.183772967562244
2017-07-28 13:45:00,0.041,0.18349097478532653
2017-07-28 14:00:00,0.041,0.1832228859791813
2017-07-28 14:15:00,0.041,0.18553564991509336
2017-07-28 14:30:00,0.041,0.18604753572806382
2017-07-28 14:45:00,0.041,0.18699278401955235
2017-07-28 15:00:00,0.041,0.18604094950240865
2017-07-28 15:15:00,0.041,0.18571727715773348
2017-07-28 15:30:00,0.041,0.18552371699174164
2017-07-28 15:45:00,0.041,0.18592988545561584
2017-07-28 16:00:00,0.041,0.18534044193285665
2017-07-28 16:15:00,0.041,0.18272622220348858
2017-07-28 16:30:00,0.9893301435406698,0.1993694534089025
2017-07-28 16:45:00,0.9893301435406698,0.2189687849662727
2017-07-28 17:00:00,0.9893301435406698,0.24009750770743948
2017-07-28 17:15:00,0.9893301435406698,0.2918799161095431
2017-07-28 17:30:00,0.9893301435406698,0.34352650734143003
2017-07-28 17:45:00,0.9893301435406698,0.3829307991036812
2017-07-28 18:00:00,0.9893301435406698,0.42489258545643827
2017-07-28 18:15:00,0.9893301435406698,0.44816616549227695
2017-07-28 18:30:00,0.9893301435406698,0.4552048312187374
2017-07-28 18:45:00,0.9893301435406698,0.4670839266539542
2017-07-28 19:00:00,0.9893301435406698,0.48298638183550935
2017-07-28 19:15:00,0.9893301435406698,0.4906224549204313
2017-07-28 19:30:00,0.9893301435406698,0.5039740047681089
2017-07-28 19:45:00,0.9893301435406698,0.5121672227572998
2017-07-28 20:00:00,0.9893301435406698,0.5216548650821325
2017-07-28 20:15:00,0.9893301435406698,0.5156140488417836
2017-07-28 20:30:00,0.9893301435406698,0.5292939432965599
2017-07-28 20:45:00,0.9893301435406698,0.5330687131535271
2017-07-28 21:00:00,0.9893301435406698,0.545315434435814
2017-07-28 21:15:00,0.9893301435406698,0.5391339318855793
2017-07-28 21:30:00,0.9893301435406698,0.5580808808980522
2017-07-28 21:45:00,0.9893301435406698,0.5556532095518292
2017-07-28 22:00:00,0.9893301435406698,0.5476338163831547
2017-07-28 22:15:00,0.9893301435406698,0.555772262399704
2017-07-28 22:30:00,0.9893301435406698,0.5613559458668138
2017-07-28 22:45:00,0.9893301435406698,0.5660369638787384
2017-07-28 23:00:00,0.9893301435406698,0.5708153220811559
2017-07-28 23:15:00,0.9893301435406698,0.5717372092122581
2017-07-28 23:30:00,0.9893301435406698,0.5694086271326121
2017-07-28 23:45:00,0.9893301435406698,0.5660046508423815
2017-07-29 00:00:00,0.9606539074960128,0.5605556965514026
2017-07-29 00:15:00,0.9606539074960128,0.5566633233590147
2017-07-29 00:30:00,0.9606539074960128,0.5525066484739252
2017-07-29 00:45:00,0.9606539074960128,0.5514898364624055
2017-07-29 01:00:00,0.9606539074960128,0.5445476807125371
2017-07-29 01:15:00,0.9606539074960128,0.5452155641749169
2017-07-29 01:30:00,0.9606539074960128,0.5483014692895556
2017-07-29 01:45:00,0.9606539074960128,0.5472065427823665
2017-07-29 02:00:00,0.9606539074960128,0.5488505074326857
2017-07-29 02:15:00,0.9606539074960128,0.5588278203613964
2017-07-29 02:30:00,0.9606539074960128,0.5696087395159725
2017-07-29 02:45:00,0.9606539074960128,0.5782010264317768
2017-07-29 03:00:00,0.9606539074960128,0.590123868114065
2017-07-29 03:15:00,0.9606539074960128,0.5808931862213957
2017-07-29 03:30:00,0.9606539074960128,0.573690103495095
2017-07-29 03:45:00,0.9606539074960128,0.5677456321248396
2017-07-29 04:00:00,0.9606539074960128,0.5620959458698989
2017-07-29 04:15:00,0.9606539074960128,0.5519564904546981
2017-07-29 04:30:00,0.9606539074960128,0.5449747149090215
2017-07-29 04:45:00,0.9606539074960128,0.5392921544944913
2017-07-29 05:00:00,0.9606539074960128,0.5380660102580053
2017-07-29 05:15:00,0.9606539074960128,0.5003251060674618
2017-07-29 05:30:00,0.9606539074960128,0.4601527350054755
2017-07-29 05:45:00,0.9606539074960128,0.4246893047736619
2017-07-29 06:00:00,0.9606539074960128,0.39215394759569866
2017-07-29 06:15:00,0.9606539074960128,0.3363557491061939
2017-07-29 06:30:00,0.9606539074960128,0.2871291870376764
2017-07-29 06:45:00,0.9606539074960128,0.23299004186314878
2017-07-29 07:00:00,0.041,0.19636744620156626
2017-07-29 07:15:00,0.041,0.1946481782235099
2017-07-29 07:30:00,0.041,0.19238562742273718
2017-07-29 07:45:00,0.041,0.19109886355341363
2017-07-29 08:00:00,0.041,0.1891440073280079
2017-07-29 08:15:00,0.041,0.18774618486081737
2017-07-29 08:30:00,0.041,0.18584683250606357
2017-07-29 08:45:00,0.041,0.1829527098338921
2017-07-29 09:00:00,0.041,0.1815549711104937
2017-07-29 09:15:00,0.041,0.17896487424509538
2017-07-29 09:30:00,0.041,0.18359267570291174
2017-07-29 09:45:00,0.041,0.18208206163391455
2017-07-29 10:00:00,0.041,0.17431019574422457
2017-07-29 10:15:00,0.041,0.17330361904715594
2017-07-29 10:30:00,0.041,0.1714549721923394
2017-07-29 10:45:00,0.041,0.17140790683988794
2017-07-29 11:00:00,0.041,0.17144009496541998
2017-07-29 11:15:00,0.041,0.17345898936644494
2017-07-29 11:30:00,0.041,0.17474021347706373
2017-07-29 11:45:00,0.041,0.17608868796952445
2017-07-29 12:00:00,0.041,0.17734545640126684
2017-07-29 12:15:00,0.041,0.1799211191595104
2017-07-29 12:30:00,0.041,0.18099790987620387
2017-07-29 12:45:00,0.041,0.1890183425019693
2017-07-29 13:00:00,0.041,0.18393834173336782
2017-07-29 13:15:00,0.041,0.18489449844529995
2017-07-29 13:30:00,0.041,0.19074943737076558
2017-07-29 13:45:00,0.041,0.1908944572912132
2017-07-29 14:00:00,0.041,0.18463098658743005
2017-07-29 14:15:00,0.041,0.18499924194156478
2017-07-29 14:30:00,0.041,0.18419346617549393
2017-07-29 14:45:00,0.041,0.18427862774000767
2017-07-29 15:00:00,0.041,0.18375953186791374
2017-07-29 15:15:00,0.041,0.1825392498243205
2017-07-29 15:30:00,0.041,0.1837281962654387
2017-07-29 15:45:00,0.041,0.18284807006699139
2017-07-29 16:00:00,0.041,0.18069561726136307
2017-07-29 16:15:00,0.041,0.1798450598905765
2017-07-29 16:30:00,0.041,0.1794676294386845
2017-07-29 16:45:00,0.041,0.18025665680963587
2017-07-29 17:00:00,0.9606539074960128,0.205636349125319
2017-07-29 17:15:00,0.9606539074960128,0.25822351646335984
2017-07-29 17:30:00,0.9606539074960128,0.30493517830530814
2017-07-29 17:45:00,0.9606539074960128,0.3649989161857912
2017-07-29 18:00:00,0.9606539074960128,0.41755473180344727
2017-07-29 18:15:00,0.33704061895551257,0.4578792730328659
2017-07-29 18:30:00,0.343384912959381,0.47690751742395004
2017-07-29 18:45:00,0.34655705996131525,0.4954605154696028
2017-07-29 19:00:00,0.4536363636363636,0.5130089842080205
2017-07-29 19:15:00,0.34655705996131525,0.5169621950515128
2017-07-29 19:30:00,0.34655705996131525,0.5190595095363605
2017-07-29 19:45:00,0.34655705996131525,0.5345389963647188
2017-07-29 20:00:00,0.34655705996131525,0.5312518961166596
2017-07-29 20:15:00,0.34655705996131525,0.5377158780187894
2017-07-29 20:30:00,0.34655705996131525,0.5364435759623608
2017-07-29 20:45:00,0.34655705996131525,0.5368004576596794
2017-07-29 21:00:00,0.34655705996131525,0.5468746270354218
2017-07-29 21:15:00,0.34655705996131525,0.5620939267594067
2017-07-29 21:30:00,0.34655705996131525,0.5754343701170161
2017-07-29 21:45:00,0.34655705996131525,0.5856354796444367
2017-07-29 22:00:00,0.34655705996131525,0.5951762760294693
2017-07-29 22:15:00,0.34655705996131525,0.6020582622528906
2017-07-29 22:30:00,0.343384912959381,0.6061007810334595
2017-07-29 22:45:00,0.3417988394584139,0.6114039178564339
2017-07-29 23:00:00,0.3402127659574468,0.6123792564792272
2017-07-29 23:15:00,0.3386266924564797,0.6176042870641112
2017-07-29 23:30:00,0.33704061895551257,0.6226671040968147
2017-07-29 23:45:00,0.33545454545454545,0.6292064979085022
2017-07-30 00:00:00,0.9702126528442319,0.6304500469931994
2017-07-30 00:15:00,0.9702126528442319,0.6249271914122464
2017-07-30 00:30:00,0.9702126528442319,0.6208626691511461
2017-07-30 00:45:00,0.9702126528442319,0.6158775536858234
2017-07-30 01:00:00,0.9702126528442319,0.6081349118913411
2017-07-30 01:15:00,0.9702126528442319,0.5906502561469236
2017-07-30 01:30:00,0.9702126528442319,0.572808483698204
2017-07-30 01:45:00,0.9702126528442319,0.5558592856392743
2017-07-30 02:00:00,0.9702126528442319,0.5372078552023613
2017-07-30 02:15:00,0.9702126528442319,0.5324061591077316
2017-07-30 02:30:00,0.9702126528442319,0.5263099982123923
2017-07-30 02:45:00,0.9702126528442319,0.5216667338603518
2017-07-30 03:00:00,0.9702126528442319,0.5161490090878816
2017-07-30 03:15:00,0.9702126528442319,0.5131376543706763
2017-07-30 03:30:00,0.9702126528442319,0.5075252776230958
2017-07-30 03:45:00,0.9702126528442319,0.504608804689454
2017-07-30 04:00:00,0.9702126528442319,0.506561263317426
2017-07-30 04:15:00,0.9702126528442319,0.49560782963993827
2017-07-30 04:30:00,0.9702126528442319,0.48418557481991364
2017-07-30 04:45:00,0.9702126528442319,0.4751108386824408
2017-07-30 05:00:00,0.9702126528442319,0.47079793855699203
2017-07-30 05:15:00,0.9702126528442319,0.4190568497004307
2017-07-30 05:30:00,0.9702126528442319,0.3727894897908709
2017-07-30 05:45:00,0.9702126528442319,0.3317377042943158
2017-07-30 06:00:00,0.9702126528442319,0.28966909238194927
2017-07-30 06:15:00,0.041,0.25334838604995835
2017-07-30 06:30:00,0.041,0.2478644098662511
2017-07-30 06:45:00,0.041,0.24202775293413384
2017-07-30 07:00:00,0.041,0.23674521234271084
2017-07-30 07:15:00,0.041,0.2324952046775304
2017-07-30 07:30:00,0.041,0.2287855748397056
2017-07-30 07:45:00,0.041,0.2247959541558153
2017-07-30 08:00:00,0.041,0.22145621859399683
2017-07-30 08:15:00,0.041,0.21886261205395985
2017-07-30 08:30:00,0.041,0.21607053640142446
2017-07-30 08:45:00,0.041,0.21363175749683236
2017-07-30 09:00:00,0.041,0.20976169709932108
2017-07-30 09:15:00,0.041,0.20637627341532938
2017-07-30 09:30:00,0.041,0.2037278140452873
2017-07-30 09:45:00,0.041,0.2012574578022171
2017-07-30 10:00:00,0.041,0.19921933073622128
2017-07-30 10:15:00,0.041,0.19689915156509566
2017-07-30 10:30:00,0.041,0.1927679375566868
2017-07-30 10:45:00,0.041,0.18936626142644913
2017-07-30 11:00:00,0.041,0.18810540883330576
2017-07-30 11:15:00,0.041,0.18900846171874985
2017-07-30 11:30:00,0.041,0.1908837720542664
2017-07-30 11:45:00,0.041,0.19544141969386425
2017-07-30 12:00:00,0.041,0.19356530796363836
2017-07-30 12:15:00,0.041,0.197367104184083
2017-07-30 12:30:00,0.041,0.19758267923207806
2017-07-30 12:45:00,0.041,0.19881603129284475
2017-07-30 13:00:00,0.041,0.206314550107158
2017-07-30 13:15:00,0.041,0.20087551346663737
2017-07-30 13:30:00,0.041,0.20130640524544585
2017-07-30 13:45:00,0.041,0.20059138885894054
2017-07-30 14:00:00,0.041,0.2090204946484298
2017-07-30 14:15:00,0.041,0.209475915515566
2017-07-30 14:30:00,0.041,0.20769001537056483
2017-07-30 14:45:00,0.041,0.20785723267479725
2017-07-30 15:00:00,0.041,0.20032079812673603
2017-07-30 15:15:00,0.041,0.20283601884804567
2017-07-30 15:30:00,0.041,0.19710195369800515
2017-07-30 15:45:00,0.041,0.1960824474814632
2017-07-30 16:00:00,0.041,0.1966808623471413
2017-07-30 16:15:00,0.041,0.19840630824929562
2017-07-30 16:30:00,0.041,0.19779701759422388
2017-07-30 16:45:00,0.041,0.1952032487208979
2017-07-30 17:00:00,0.041,0.1922617071644171
2017-07-30 17:15:00,0.9702126528442319,0.23680098299905555
2017-07-30 17:30:00,0.9702126528442319,0.2901952424585156
2017-07-30 17:45:00,0.9702126528442319,0.3591162015722025
2017-07-30 18:00:00,0.9702126528442319,0.41090480333831597
2017-07-30 18:15:00,0.9702126528442319,0.44208195342695916
2017-07-30 18:30:00,0.9702126528442319,0.4633159998099646
2017-07-30 18:45:00,0.9702126528442319,0.48386817509831553
2017-07-30 19:00:00,0.9702126528442319,0.48440021973605435
2017-07-30 19:15:00,0.9702126528442319,0.4954509858400903
2017-07-30 19:30:00,0.9702126528442319,0.49492373386221405
2017-07-30 19:45:00,0.9702126528442319,0.5021940256070331
2017-07-30 20:00:00,0.9702126528442319,0.5073691652683885
2017-07-30 20:15:00,0.9702126528442319,0.5023530713145615
2017-07-30 20:30:00,0.9702126528442319,0.5093403500602067
2017-07-30 20:45:00,0.9702126528442319,0.5144465747191799
2017-07-30 21:00:00,0.9702126528442319,0.5034789411420524
2017-07-30 21:15:00,0.9702126528442319,0.5200904566048136
2017-07-30 21:30:00,0.9702126528442319,0.5393362330335187
2017-07-30 21:45:00,0.9702126528442319,0.5344962622848402
2017-07-30 22:00:00,0.9702126528442319,0.5204551783400793
2017-07-30 22:15:00,0.9702126528442319,0.5227068888222098
2017-07-30 22:30:00,0.9702126528442319,0.5226179956975427
2017-07-30 22:45:00,0.9702126528442319,0.5238364450629351
2017-07-30 23:00:00,0.9702126528442319,0.5262834559801197
2017-07-30 23:15:00,0.9702126528442319,0.5217372710481774
2017-07-30 23:30:00,0.9702126528442319,0.5169397078789414
2017-07-30 23:45:00,0.9702126528442319,0.5056037278606107
2017-07-31 00:00:00,0.9988888888888889,0.5013971377503683
2017-07-31 00:15:00,0.9988888888888889,0.5157445764421494
2017-07-31 00:30:00,0.9988888888888889,0.5280536453359126
2017-07-31 00:45:00,0.9988888888888889,0.5397976574364641
2017-07-31 01:00:00,0.9988888888888889,0.5556511588534346
2017-07-31 01:15:00,0.9988888888888889,0.5512066407245217
2017-07-31 01:30:00,0.9988888888888889,0.5459249425789299
2017-07-31 01:45:00,0.9988888888888889,0.5439157127212545
2017-07-31 02:00:00,0.9988888888888889,0.539307978588527
2017-07-31 02:15:00,0.9988888888888889,0.5461859990616084
2017-07-31 02:30:00,0.9988888888888889,0.5519586486488967
2017-07-31 02:45:00,0.9988888888888889,0.5570998668523783
2017-07-31 03:00:00,0.9988888888888889,0.5662816391258348
2017-07-31 03:15:00,0.9988888888888889,0.5651241286162778
2017-07-31 03:30:00,0.9988888888888889,0.564430757764593
2017-07-31 03:45:00,0.9988888888888889,0.56395498186344
2017-07-31 04:00:00,0.9988888888888889,0.568037170847311
2017-07-31 04:15:00,0.9988888888888889,0.5590074780845254
2017-07-31 04:30:00,0.9988888888888889,0.5543225533898061
2017-07-31 04:45:00,0.9988888888888889,0.5475408889953773
2017-07-31 05:00:00,0.9988888888888889,0.5573681069317669
2017-07-31 05:15:00,0.9988888888888889,0.5451073268645431
2017-07-31 05:30:00,0.9988888888888889,0.5272590949512292
2017-07-31 05:45:00,0.9988888888888889,0.5154307866837644
2017-07-31 06:00:00,0.9988888888888889,0.5046765292094831
2017-07-31 06:15:00,0.9988888888888889,0.4707042544033731
2017-07-31 06:30:00,0.9988888888888889,0.43675059744432215
2017-07-31 06:45:00,0.9988888888888889,0.40141148712741226
2017-07-31 07:00:00,0.9988888888888889,0.3653406599839827
2017-07-31 07:15:00,0.9988888888888889,0.31709432332112053
2017-07-31 07:30:00,0.9988888888888889,0.2685879761766347
2017-07-31 07:45:00,0.9988888888888889,0.21769076961515144
2017-07-31 08:00:00,0.041,0.19803043764105693
2017-07-31 08:15:00,0.041,0.1955308937637832
2017-07-31 08:30:00,0.041,0.19305141215794297
2017-07-31 08:45:00,0.041,0.19096864116491982
2017-07-31 09:00:00,0.041,0.18943125751549242
2017-07-31 09:15:00,0.041,0.18813328364499085
2017-07-31 09:30:00,0.041,0.1881152460791842
2017-07-31 09:45:00,0.041,0.1874093652501653
2017-07-31 10:00:00,0.041,0.1872085936231213
2017-07-31 10:15:00,0.041,0.18437335676697497
2017-07-31 10:30:00,0.041,0.18270679555967245
2017-07-31 10:45:00,0.041,0.18669447038293435
2017-07-31 11:00:00,0.041,0.1866435286891589
2017-07-31 11:15:00,0.041,0.18245171622018477
2017-07-31 11:30:00,0.041,0.18435813786109867
2017-07-31 11:45:00,0.041,0.18596285437462287
2017-07-31 12:00:00,0.041,0.1871013438333142
2017-07-31 12:15:00,0.041,0.1861391832764471
2017-07-31 12:30:00,0.041,0.18672464424159854
2017-07-31 12:45:00,0.041,0.18682923986942945
2017-07-31 13:00:00,0.041,0.1857489835734744
2017-07-31 13:15:00,0.041,0.18493980414367034
2017-07-31 13:30:00,0.041,0.19044595399371222
2017-07-31 13:45:00,0.041,0.19154565357696765
2017-07-31 14:00:00,0.041,0.19224867572489776
2017-07-31 14:15:00,0.041,0.1882497807687975
2017-07-31 14:30:00,0.041,0.18806847553236425
2017-07-31 14:45:00,0.041,0.18755289170571887
2017-07-31 15:00:00,0.041,0.18925235850078712
2017-07-31 15:15:00,0.041,0.18787487386441398
2017-07-31 15:30:00,0.041,0.18628719830610646
2017-07-31 15:45:00,0.041,0.18892935676819936
2017-07-31 16:00:00,0.041,0.190552903259838
2017-07-31 16:15:00,0.9988888888888889,0.20152515825664827
2017-07-31 16:30:00,0.9988888888888889,0.23326167779345602
2017-07-31 16:45:00,0.9988888888888889,0.26027967197135643
2017-07-31 17:00:00,0.9988888888888889,0.29057672344035773
2017-07-31 17:15:00,0.9988888888888889,0.3286296077280365
2017-07-31 17:30:00,0.9988888888888889,0.37437065979450324
2017-07-31 17:45:00,0.9988888888888889,0.4062660433813304
2017-07-31 18:00:00,0.9988888888888889,0.4397286530257561
2017-07-31 18:15:00,0.9988888888888889,0.45930049130216954
2017-07-31 18:30:00,0.9988888888888889,0.47396210633132796
2017-07-31 18:45:00,0.9988888888888889,0.4853161840774306
2017-07-31 19:00:00,0.9988888888888889,0.49351369464787315
2017-07-31 19:15:00,0.9988888888888889,0.4966481244602488
2017-07-31 19:30:00,0.9988888888888889,0.5157373188044932
2017-07-31 19:45:00,0.9988888888888889,0.527018557637971
2017-07-31 20:00:00,0.9988888888888889,0.5288651498743553
2017-07-31 20:15:00,0.9988888888888889,0.5324887577904392
2017-07-31 20:30:00,0.9988888888888889,0.5374479057483201
2017-07-31 20:45:00,0.9988888888888889,0.5487080038236055
2017-07-31 21:00:00,0.9988888888888889,0.5567050439262035
2017-07-31 21:15:00,0.9988888888888889,0.5687716460883917
2017-07-31 21:30:00,0.9988888888888889,0.5825941407276168
2017-07-31 21:45:00,0.9988888888888889,0.5955533795961371
2017-07-31 22:00:00,0.9988888888888889,0.5965184706628334
2017-07-31 22:15:00,0.9988888888888889,0.608676086019371
2017-07-31 22:30:00,0.9988888888888889,0.6034372829942385
2017-07-31 22:45:00,0.9988888888888889,0.5974042610689857
2017-07-31 23:00:00,0.9988888888888889,0.5841492965859415
2017-07-31 23:15:00,0.9988888888888889,0.5751871448054925
2017-07-31 23:30:00,0.9988888888888889,0.5565767514563427
2017-07-31 23:45:00,0.9988888888888889,0.5418064506723944
2017-08-01 00:00:00,0.9988888888888889,0.5295710807031464
2017-08-01 00:15:00,0.9988888888888889,0.5314462723079492
2017-08-01 00:30:00,0.9988888888888889,0.535045636914377
2017-08-01 00:45:00,0.9988888888888889,0.5381785461428276
2017-08-01 01:00:00,0.9988888888888889,0.5376669227007196
2017-08-01 01:15:00,0.9988888888888889,0.528429834970597
2017-08-01 01:30:00,0.9988888888888889,0.5225819528157745
2017-08-01 01:45:00,0.9988888888888889,0.5162184394019459
2017-08-01 02:00:00,0.9988888888888889,0.5069474029674623
2017-08-01 02:15:00,0.9988888888888889,0.5093114811393392
2017-08-01 02:30:00,0.9988888888888889,0.5100149282255193
2017-08-01 02:45:00,0.9988888888888889,0.511557409795007
2017-08-01 03:00:00,0.9988888888888889,0.5167794103136055
2017-08-01 03:15:00,0.9988888888888889,0.5281325031654548
2017-08-01 03:30:00,0.9988888888888889,0.5369555859286291
2017-08-01 03:45:00,0.9988888888888889,0.549674628908488
2017-08-01 04:00:00,0.9988888888888889,0.5682951592898211
2017-08-01 04:15:00,0.9988888888888889,0.5448799897448433
2017-08-01 04:30:00,0.9988888888888889,0.5311898519744257
2017-08-01 04:45:00,0.9988888888888889,0.5168959193223166
2017-08-01 05:00:00,0.9988888888888889,0.5105850475441459
2017-08-01 05:15:00,0.9988888888888889,0.49107686669485895
2017-08-01 05:30:00,0.9988888888888889,0.4721826325025165
2017-08-01 05:45:00,0.9988888888888889,0.44912520825316116
2017-08-01 06:00:00,0.9988888888888889,0.43370328361782823
2017-08-01 06:15:00,0.9988888888888889,0.40168933600770224
2017-08-01 06:30:00,0.9988888888888889,0.37597945440017355
2017-08-01 06:45:00,0.9988888888888889,0.345966592457808
2017-08-01 07:00:00,0.9988888888888889,0.3113958289286142
2017-08-01 07:15:00,0.9988888888888889,0.27264600571500386
2017-08-01 07:30:00,0.9988888888888889,0.2395586579293966
2017-08-01 07:45:00,0.9988888888888889,0.20582675415791965
2017-08-01 08:00:00,0.041,0.19179994900599556
2017-08-01 08:15:00,0.041,0.19210814286863273
2017-08-01 08:30:00,0.041,0.1915747523868745
2017-08-01 08:45:00,0.041,0.19175708923653575
2017-08-01 09:00:00,0.041,0.1901345218459285
2017-08-01 09:15:00,0.041,0.18838740297168316
2017-08-01 09:30:00,0.041,0.18667851326313464
2017-08-01 09:45:00,0.041,0.18647271954466368
2017-08-01 10:00:00,0.041,0.19085666997091305
2017-08-01 10:15:00,0.041,0.1890199699123973
2017-08-01 10:30:00,0.041,0.18744431832312186
2017-08-01 10:45:00,0.041,0.18623443814900992
2017-08-01 11:00:00,0.041,0.18752036523024493
2017-08-01 11:15:00,0.041,0.18283748976965852
2017-08-01 11:30:00,0.041,0.18310208817884818
2017-08-01 11:45:00,0.041,0.18224346455398366
2017-08-01 12:00:00,0.041,0.1818163113203511
2017-08-01 12:15:00,0.041,0.18237308274012284
2017-08-01 12:30:00,0.041,0.1832798146774146
2017-08-01 12:45:00,0.041,0.1833635871545558
2017-08-01 13:00:00,0.041,0.1819722578094245
2017-08-01 13:15:00,0.041,0.18124378485309514
2017-08-01 13:30:00,0.041,0.18203181193285908
2017-08-01 13:45:00,0.041,0.18204869526606623
2017-08-01 14:00:00,0.041,0.18378907882285586
2017-08-01 14:15:00,0.041,0.18423365146579346
2017-08-01 14:30:00,0.041,0.18419003460653452
2017-08-01 14:45:00,0.041,0.18665050887889448
2017-08-01 15:00:00,0.041,0.18801999679977274
2017-08-01 15:15:00,0.041,0.18855594647250704
2017-08-01 15:30:00,0.041,0.18926638930960785
2017-08-01 15:45:00,0.9988888888888889,0.19147314177606434
2017-08-01 16:00:00,0.9988888888888889,0.2417456097718624
2017-08-01 16:15:00,0.9988888888888889,0.2594861487319112
2017-08-01 16:30:00,0.9988888888888889,0.2691600384104637
2017-08-01 16:45:00,0.9988888888888889,0.28977849026228925
2017-08-01 17:00:00,0.9988888888888889,0.3022705456361316
2017-08-01 17:15:00,0.9988888888888889,0.35261139293516125
2017-08-01 17:30:00,0.9988888888888889,0.39500448233394775
2017-08-01 17:45:00,0.9988888888888889,0.4378951813307086
2017-08-01 18:00:00,0.9988888888888889,0.474931087792768
2017-08-01 18:15:00,0.3386266924564797,0.48879839468641884
2017-08-01 18:30:00,0.3386266924564797,0.486973675206523
2017-08-01 18:45:00,0.3386266924564797,0.49172118976540435
2017-08-01 19:00:00,0.3386266924564797,0.4954189106466066
2017-08-01 19:15:00,0.3386266924564797,0.5087502981251433
2017-08-01 19:30:00,0.3386266924564797,0.5151882436418065
2017-08-01 19:45:00,0.3386266924564797,0.521248343199208
2017-08-01 20:00:00,0.3386266924564797,0.5265344968557969
2017-08-01 20:15:00,0.3386266924564797,0.5238999400051411
2017-08-01 20:30:00,0.3386266924564797,0.5419107951338522
2017-08-01 20:45:00,0.3386266924564797,0.5499110688596263
2017-08-01 21:00:00,0.3386266924564797,0.5620238153870819
2017-08-01 21:15:00,0.33704061895551257,0.56352919938094
2017-08-01 21:30:00,0.9988888888888889,0.5572871634920509
2017-08-01 21:45:00,0.9988888888888889,0.5436488546845254
2017-08-01 22:00:00,0.9988888888888889,0.5229380446161103
2017-08-01 22:15:00,0.9988888888888889,0.5086748819914704
2017-08-01 22:30:00,0.9988888888888889,0.4912056325825413
2017-08-01 22:45:00,0.9988888888888889,0.4734763214328845
2017-08-01 23:00:00,0.9988888888888889,0.4559504536668139
2017-08-01 23:15:00,0.9988888888888889,0.4609614961637058
2017-08-01 23:30:00,0.9988888888888889,0.4670457966823079
2017-08-01 23:45:00,0.9988888888888889,0.4793496697513037
2017-08-02 00:00:00,0.9988888888888889,0.4891972948520991
2017-08-02 00:15:00,0.9988888888888889,0.4879155362046713
2017-08-02 00:30:00,0.9988888888888889,0.48410295887878574
2017-08-02 00:45:00,0.9988888888888889,0.4765170548522461
2017-08-02 01:00:00,0.9988888888888889,0.4687688194674131
2017-08-02 01:15:00,0.9988888888888889,0.4567030021596262
2017-08-02 01:30:00,0.9988888888888889,0.4486402456649019
2017-08-02 01:45:00,0.9988888888888889,0.4379994801754955
2017-08-02 02:00:00,0.9988888888888889,0.43055209554546636
2017-08-02 02:15:00,0.9988888888888889,0.44641213232515653
2017-08-02 02:30:00,0.9988888888888889,0.45845068806752276
2017-08-02 02:45:00,0.9988888888888889,0.4715339388735255
2017-08-02 03:00:00,0.9988888888888889,0.4867789035729121
2017-08-02 03:15:00,0.9988888888888889,0.5074589797145508
2017-08-02 03:30:00,0.9988888888888889,0.5267833941390154
2017-08-02 03:45:00,0.9988888888888889,0.5455969271269769
2017-08-02 04:00:00,0.9988888888888889,0.5677083958354261
2017-08-02 04:15:00,0.9988888888888889,0.5499130281754434
2017-08-02 04:30:00,0.9988888888888889,0.5321240847464344
2017-08-02 04:45:00,0.9988888888888889,0.5187890611235177
2017-08-02 05:00:00,0.9988888888888889,0.5145693950050154
2017-08-02 05:15:00,0.9988888888888889,0.49397516694251314
2017-08-02 05:30:00,0.9988888888888889,0.4733891550528614
2017-08-02 05:45:00,0.9988888888888889,0.45248817581978384
2017-08-02 06:00:00,0.9988888888888889,0.43093870126654116
2017-08-02 06:15:00,0.9988888888888889,0.4004852723227551
2017-08-02 06:30:00,0.9988888888888889,0.3707517410751469
2017-08-02 06:45:00,0.9988888888888889,0.33802290676525726
2017-08-02 07:00:00,0.9988888888888889,0.3068698145297996
2017-08-02 07:15:00,0.9988888888888889,0.27739243883954745
2017-08-02 07:30:00,0.9988888888888889,0.24596605585196452
2017-08-02 07:45:00,0.9988888888888889,0.21403365949666758
2017-08-02 08:00:00,0.041,0.19229630457872682
2017-08-02 08:15:00,0.041,0.19121227530499202
2017-08-02 08:30:00,0.041,0.19024191196913817
2017-08-02 08:45:00,0.041,0.19058926922442715
2017-08-02 09:00:00,0.041,0.19010399493840913
2017-08-02 09:15:00,0.041,0.18873385162136583
2017-08-02 09:30:00,0.041,0.18791017360383683
2017-08-02 09:45:00,0.041,0.18740727182834002
2017-08-02 10:00:00,0.041,0.18715186700852138
2017-08-02 10:15:00,0.041,0.18675776517994544
2017-08-02 10:30:00,0.041,0.1857971936322684
2017-08-02 10:45:00,0.041,0.18598463456119635
2017-08-02 11:00:00,0.041,0.18654625228587
2017-08-02 11:15:00,0.041,0.18665949079974034
2017-08-02 11:30:00,0.041,0.1877806143713502
2017-08-02 11:45:00,0.9988888888888889,0.19195066080555026
2017-08-02 12:00:00,0.9988888888888889,0.19115261990849053
2017-08-02 12:15:00,0.041,0.1906920711196932
2017-08-02 12:30:00,0.041,0.18821957333416753
2017-08-02 12:45:00,0.041,0.19521209008642093
2017-08-02 13:00:00,0.041,0.19398184067791782
2017-08-02 13:15:00,0.041,0.19447104683752672
2017-08-02 13:30:00,0.041,0.18971186844233842
2017-08-02 13:45:00,0.041,0.19033641089908773
2017-08-02 14:00:00,0.041,0.19086265788850834
2017-08-02 14:15:00,0.041,0.19119374971120356
2017-08-02 14:30:00,0.041,0.19091635022688858
2017-08-02 14:45:00,0.041,0.19207486882965877
2017-08-02 15:00:00,0.9988888888888889,0.2230882479019045
2017-08-02 15:15:00,0.9988888888888889,0.24563079931635654
2017-08-02 15:30:00,0.9988888888888889,0.26812387842359414
2017-08-02 15:45:00,0.9988888888888889,0.2823168874767272
2017-08-02 16:00:00,0.9988888888888889,0.3042124442965398
2017-08-02 16:15:00,0.9988888888888889,0.333676666450962
2017-08-02 16:30:00,0.9988888888888889,0.36973770591813787
2017-08-02 16:45:00,0.9988888888888889,0.4071970170240649
2017-08-02 17:00:00,0.9988888888888889,0.43994696572811753
2017-08-02 17:15:00,0.9988888888888889,0.46516268531544214
2017-08-02 17:30:00,0.33704061895551257,0.48166312767497244
2017-08-02 17:45:00,0.343384912959381,0.490019671194142
2017-08-02 18:00:00,0.3497292069632495,0.5000429479443514
2017-08-02 18:15:00,0.3497292069632495,0.5112047094499941
2017-08-02 18:30:00,0.3497292069632495,0.5173004761564446
2017-08-02 18:45:00,0.3513152804642166,0.5199800399351031
2017-08-02 19:00:00,0.3513152804642166,0.5241914648515742
2017-08-02 19:15:00,0.3513152804642166,0.5380194127463275
2017-08-02 19:30:00,0.3513152804642166,0.5432419653784712
2017-08-02 19:45:00,0.3513152804642166,0.5498569015354879
2017-08-02 20:00:00,0.3513152804642166,0.551073781413023
2017-08-02 20:15:00,0.3513152804642166,0.5604902621248335
2017-08-02 20:30:00,0.3513152804642166,0.5671263340372842
2017-08-02 20:45:00,0.3513152804642166,0.5756516873912034
2017-08-02 21:00:00,0.3513152804642166,0.5828418362943634
2017-08-02 21:15:00,0.3513152804642166,0.5894773380330658
2017-08-02 21:30:00,0.3513152804642166,0.5958590147812909
2017-08-02 21:45:00,0.343384912959381,0.6052923933139704
2017-08-02 22:00:00,0.3417988394584139,0.6137150153214402
2017-08-02 22:15:00,0.3402127659574468,0.6147936384469765
2017-08-02 22:30:00,0.33704061895551257,0.6181438284754329
2017-08-02 22:45:00,0.9988888888888889,0.6153620128231155
2017-08-02 23:00:00,0.9988888888888889,0.6031614044323038
2017-08-02 23:15:00,0.9988888888888889,0.5915103517980572
2017-08-02 23:30:00,0.9988888888888889,0.5810216307195952
2017-08-02 23:45:00,0.9988888888888889,0.5703782965966554
2017-08-03 00:00:00,0.9988888888888889,0.5584119485577088
2017-08-03 00:15:00,0.9988888888888889,0.5401894199156521
2017-08-03 00:30:00,0.9988888888888889,0.5223448232157256
2017-08-03 00:45:00,0.9988888888888889,0.5018986591305492
2017-08-03 01:00:00,0.9988888888888889,0.4825905144768168
2017-08-03 01:15:00,0.9988888888888889,0.4922918844145397
2017-08-03 01:30:00,0.9988888888888889,0.49892508572681604
2017-08-03 01:45:00,0.9988888888888889,0.5065297674103353
2017-08-03 02:00:00,0.9988888888888889,0.5133241625682252
2017-08-03 02:15:00,0.9988888888888889,0.5362726496044593
2017-08-03 02:30:00,0.9988888888888889,0.5572691795840266
2017-08-03 02:45:00,0.9988888888888889,0.5801076155350494
2017-08-03 03:00:00,0.9988888888888889,0.6034107866089374
2017-08-03 03:15:00,0.9988888888888889,0.5986257257295786
2017-08-03 03:30:00,0.9988888888888889,0.5948012147560479
2017-08-03 03:45:00,0.9988888888888889,0.5921737033932204
2017-08-03 04:00:00,0.9988888888888889,0.5934261861535101
2017-08-03 04:15:00,0.9988888888888889,0.5851681172490537
2017-08-03 04:30:00,0.9988888888888889,0.5755744639124513
2017-08-03 04:45:00,0.9988888888888889,0.569729361314467
2017-08-03 05:00:00,0.9988888888888889,0.5728153276812633
2017-08-03 05:15:00,0.9988888888888889,0.5583638027338913
2017-08-03 05:30:00,0.9988888888888889,0.5439167233807661
2017-08-03 05:45:00,0.9988888888888889,0.5298287086117193
2017-08-03 06:00:00,0.9988888888888889,0.5201994759401454
2017-08-03 06:15:00,0.9988888888888889,0.47713487341771943
2017-08-03 06:30:00,0.9988888888888889,0.4362831173109053
2017-08-03 06:45:00,0.9988888888888889,0.39417431436843403
2017-08-03 07:00:00,0.9988888888888889,0.3537356552843788
2017-08-03 07:15:00,0.9988888888888889,0.3208121776636944
2017-08-03 07:30:00,0.9988888888888889,0.2873261159714081
2017-08-03 07:45:00,0.9988888888888889,0.24803929426650403
2017-08-03 08:00:00,0.9988888888888889,0.20582180644038062
2017-08-03 08:15:00,0.041,0.19276589722244175
2017-08-03 08:30:00,0.041,0.19015798785326957
2017-08-03 08:45:00,0.041,0.18802471630545228
2017-08-03 09:00:00,0.041,0.18745594315158198
2017-08-03 09:15:00,0.041,0.18664849406087414
2017-08-03 09:30:00,0.041,0.18618312575274273
2017-08-03 09:45:00,0.041,0.19012514182725376
2017-08-03 10:00:00,0.041,0.18930810342412666
2017-08-03 10:15:00,0.041,0.18815340386660837
2017-08-03 10:30:00,0.041,0.1886874264911397
2017-08-03 10:45:00,0.9988888888888889,0.18846804376920034
2017-08-03 11:00:00,0.041,0.18532880483682707
2017-08-03 11:15:00,0.041,0.18556605638028714
2017-08-03 11:30:00,0.041,0.1860125332675301
2017-08-03 11:45:00,0.041,0.1861182243408361
2017-08-03 12:00:00,0.041,0.18426189428469364
2017-08-03 12:15:00,0.041,0.18346389786237963
2017-08-03 12:30:00,0.041,0.18414765124153676
2017-08-03 12:45:00,0.041,0.1851201813029362
2017-08-03 13:00:00,0.041,0.18506021536986944
2017-08-03 13:15:00,0.9988888888888889,0.188244315333427
2017-08-03 13:30:00,0.9988888888888889,0.20565811984486962
2017-08-03 13:45:00,0.9988888888888889,0.21352921827537438
2017-08-03 14:00:00,0.9988888888888889,0.22010614450343716
2017-08-03 14:15:00,0.9988888888888889,0.2404952894263506
2017-08-03 14:30:00,0.9988888888888889,0.26904441291897374
2017-08-03 14:45:00,0.9988888888888889,0.28834494078580014
2017-08-03 15:00:00,0.9988888888888889,0.3103954326577869
2017-08-03 15:15:00,0.9988888888888889,0.3186034333376065
2017-08-03 15:30:00,0.9988888888888889,0.3133702521262158
2017-08-03 15:45:00,0.9988888888888889,0.3202307682967424
2017-08-03 16:00:00,0.9988888888888889,0.31780698593189366
2017-08-03 16:15:00,0.9988888888888889,0.3488057361238768
2017-08-03 16:30:00,0.9988888888888889,0.3758598167264389
2017-08-03 16:45:00,0.9988888888888889,0.41077791969027927
2017-08-03 17:00:00,0.9988888888888889,0.4355348124307439
2017-08-03 17:15:00,0.9988888888888889,0.4528717065543571
2017-08-03 17:30:00,0.33545454545454545,0.46361656912040355
2017-08-03 17:45:00,0.33704061895551257,0.4693370203157558
2017-08-03 18:00:00,0.3417988394584139,0.4700956840648055
2017-08-03 18:15:00,0.3417988394584139,0.4794682977958674
2017-08-03 18:30:00,0.3417988394584139,0.49405708177866464
2017-08-03 18:45:00,0.3417988394584139,0.49953089882610674
2017-08-03 19:00:00,0.3417988394584139,0.5067717251875999
2017-08-03 19:15:00,0.3417988394584139,0.5203218234887829
2017-08-03 19:30:00,0.3417988394584139,0.530427041726077
2017-08-03 19:45:00,0.3417988394584139,0.5341530416776448
2017-08-03 20:00:00,0.3417988394584139,0.5378963584347772
2017-08-03 20:15:00,0.3417988394584139,0.5353030477943052
2017-08-03 20:30:00,0.3417988394584139,0.543306379310463
2017-08-03 20:45:00,0.3417988394584139,0.5543866643415257
2017-08-03 21:00:00,0.3417988394584139,0.5577161547038093
2017-08-03 21:15:00,0.4536363636363636,0.5784501707158275
2017-08-03 21:30:00,0.3417988394584139,0.576927542679618
2017-08-03 21:45:00,0.4536363636363636,0.5822993803725949
2017-08-03 22:00:00,0.4536363636363636,0.5852553294496068
2017-08-03 22:15:00,0.9988888888888889,0.5904414066091401
2017-08-03 22:30:00,0.9988888888888889,0.5923615105205381
2017-08-03 22:45:00,0.9988888888888889,0.5993042263940865
2017-08-03 23:00:00,0.9988888888888889,0.6050069094211908
2017-08-03 23:15:00,0.9988888888888889,0.6008836472318941
2017-08-03 23:30:00,0.9988888888888889,0.6064005661499263
2017-08-03 23:45:00,0.9988888888888889,0.6127987687735116
2017-08-04 00:00:00,0.9988888888888889,0.6282967303451261
2017-08-04 00:15:00,0.9988888888888889,0.6335697018666956
2017-08-04 00:30:00,0.9988888888888889,0.6380222522343129
2017-08-04 00:45:00,0.9988888888888889,0.640727216889854
2017-08-04 01:00:00,0.9988888888888889,0.641007401524739
2017-08-04 01:15:00,0.9988888888888889,0.6427961045784968
2017-08-04 01:30:00,0.9988888888888889,0.6429599510345683
2017-08-04 01:45:00,0.9988888888888889,0.64496686093136
2017-08-04 02:00:00,0.9988888888888889,0.6472928281639808
2017-08-04 02:15:00,0.9988888888888889,0.6498916572717107
2017-08-04 02:30:00,0.9988888888888889,0.645389569691853
2017-08-04 02:45:00,0.9988888888888889,0.6406329767809127
2017-08-04 03:00:00,0.9988888888888889,0.6368142981436021
2017-08-04 03:15:00,0.9988888888888889,0.6397033202283381
2017-08-04 03:30:00,0.9988888888888889,0.6485468434205135
2017-08-04 03:45:00,0.9988888888888889,0.6566889423117305
2017-08-04 04:00:00,0.9988888888888889,0.6461243520477854
2017-08-04 04:15:00,0.9988888888888889,0.6330439799593389
2017-08-04 04:30:00,0.9988888888888889,0.6232834048139423
2017-08-04 04:45:00,0.9988888888888889,0.6159395536688328
2017-08-04 05:00:00,0.9988888888888889,0.5868290168374029
2017-08-04 05:15:00,0.9988888888888889,0.568635941526687
2017-08-04 05:30:00,0.9988888888888889,0.5560229347202885
2017-08-04 05:45:00,0.9988888888888889,0.5441147323557443
2017-08-04 06:00:00,0.9988888888888889,0.5292906701233495
2017-08-04 06:15:00,0.9988888888888889,0.5197214121483293
2017-08-04 06:30:00,0.9988888888888889,0.511159962020003
2017-08-04 06:45:00,0.9988888888888889,0.5043500032628606
2017-08-04 07:00:00,0.9988888888888889,0.4792283492272789
2017-08-04 07:15:00,0.9988888888888889,0.4399478511983159
2017-08-04 07:30:00,0.9988888888888889,0.40176859591138114
2017-08-04 07:45:00,0.9988888888888889,0.3626694541054679
2017-08-04 08:00:00,0.9988888888888889,0.3195663646288133
2017-08-04 08:15:00,0.9988888888888889,0.30012905928996414
2017-08-04 08:30:00,0.9988888888888889,0.28697672710385624
2017-08-04 08:45:00,0.9988888888888889,0.27118491731446165
2017-08-04 09:00:00,0.9988888888888889,0.25737890929369434
2017-08-04 09:15:00,0.9988888888888889,0.242657818606662
2017-08-04 09:30:00,0.9988888888888889,0.23203035344836132
2017-08-04 09:45:00,0.9988888888888889,0.22459703072194717
2017-08-04 10:00:00,0.9988888888888889,0.2095191434997527
2017-08-04 10:15:00,0.9988888888888889,0.20610801306851737
2017-08-04 10:30:00,0.9988888888888889,0.19658454672222553
2017-08-04 10:45:00,0.9988888888888889,0.18803670158829217
2017-08-04 11:00:00,0.9988888888888889,0.18606156909020408
2017-08-04 11:15:00,0.9988888888888889,0.18767590737271783
2017-08-04 11:30:00,0.9988888888888889,0.18709805758617593
2017-08-04 11:45:00,0.9988888888888889,0.18858445342495977
2017-08-04 12:00:00,0.9988888888888889,0.18858176024015835
2017-08-04 12:15:00,0.9988888888888889,0.1896640939019645
2017-08-04 12:30:00,0.9988888888888889,0.19198128145928847
2017-08-04 12:45:00,0.041,0.19395697195484157
2017-08-04 13:00:00,0.041,0.1956543298847297
2017-08-04 13:15:00,0.041,0.19078169184971325
2017-08-04 13:30:00,0.041,0.19111521762229897
2017-08-04 13:45:00,0.041,0.19043484368320462
2017-08-04 14:00:00,0.041,0.19030034981009983
2017-08-04 14:15:00,0.041,0.1908321400029661
2017-08-04 14:30:00,0.041,0.19364172375410962
2017-08-04 14:45:00,0.041,0.19366235273018695
2017-08-04 15:00:00,0.041,0.19309115257983178
2017-08-04 15:15:00,0.041,0.1931343761954281
2017-08-04 15:30:00,0.041,0.19157061145759038
2017-08-04 15:45:00,0.041,0.19455120029676193
2017-08-04 16:00:00,0.9988888888888889,0.22354648738337582
2017-08-04 16:15:00,0.9988888888888889,0.25197485196289826
2017-08-04 16:30:00,0.9988888888888889,0.2797380026396386
2017-08-04 16:45:00,0.9988888888888889,0.31459499732998786
2017-08-04 17:00:00,0.9988888888888889,0.34379037290269654
2017-08-04 17:15:00,0.9988888888888889,0.368124524067298
2017-08-04 17:30:00,0.9988888888888889,0.3987640654904066
2017-08-04 17:45:00,0.9988888888888889,0.4278477435510993
2017-08-04 18:00:00,0.9988888888888889,0.45629770093947564
2017-08-04 18:15:00,0.9988888888888889,0.4917369229195148
2017-08-04 18:30:00,0.4536363636363636,0.5137165633402085
2017-08-04 18:45:00,0.4536363636363636,0.5349824941658072
2017-08-04 19:00:00,0.4536363636363636,0.5570390053260494
2017-08-04 19:15:00,0.4536363636363636,0.5707230597160794
2017-08-04 19:30:00,0.4536363636363636,0.5445459157753099
2017-08-04 19:45:00,0.9988888888888889,0.5440513494500929
2017-08-04 20:00:00,0.9988888888888889,0.5431101181494314
2017-08-04 20:15:00,0.9988888888888889,0.5478943449973197
2017-08-04 20:30:00,0.9988888888888889,0.5556924328260779
2017-08-04 20:45:00,0.4536363636363636,0.6154714009063266
2017-08-04 21:00:00,0.4536363636363636,0.6169195070038507
2017-08-04 21:15:00,0.4536363636363636,0.622074250574281
2017-08-04 21:30:00,0.4536363636363636,0.6254161018731328
2017-08-04 21:45:00,0.4536363636363636,0.6299030642770455
2017-08-04 22:00:00,0.4536363636363636,0.6343201613164634
2017-08-04 22:15:00,0.9988888888888889,0.6254844474397274
2017-08-04 22:30:00,0.9988888888888889,0.6140587207029683
2017-08-04 22:45:00,0.9988888888888889,0.5990376149570562
2017-08-04 23:00:00,0.9988888888888889,0.5857755141250215
2017-08-04 23:15:00,0.9988888888888889,0.5941801981769302
2017-08-04 23:30:00,0.9988888888888889,0.6028166368134525
2017-08-04 23:45:00,0.9988888888888889,0.6096451590243984
2017-08-05 00:00:00,0.9988888888888889,0.6144232745161848
2017-08-05 00:15:00,0.9988888888888889,0.6125796175824828
2017-08-05 00:30:00,0.9988888888888889,0.6139680316836024
2017-08-05 00:45:00,0.9988888888888889,0.616825725140247
2017-08-05 01:00:00,0.9988888888888889,0.614598528060654
2017-08-05 01:15:00,0.9988888888888889,0.6147087737231642
2017-08-05 01:30:00,0.9988888888888889,0.6164772503581428
2017-08-05 01:45:00,0.9988888888888889,0.6188539217473362
2017-08-05 02:00:00,0.9988888888888889,0.6224513380295758
2017-08-05 02:15:00,0.9988888888888889,0.6206022106701656
2017-08-05 02:30:00,0.9988888888888889,0.6205258857655868
2017-08-05 02:45:00,0.9988888888888889,0.6204259620202628
2017-08-05 03:00:00,0.9988888888888889,0.6216306114623452
2017-08-05 03:15:00,0.9988888888888889,0.6130742061536474
2017-08-05 03:30:00,0.9988888888888889,0.6033165984273415
2017-08-05 03:45:00,0.9988888888888889,0.5953548890052239
2017-08-05 04:00:00,0.9988888888888889,0.5881843165952811
2017-08-05 04:15:00,0.9988888888888889,0.5848539204509883
2017-08-05 04:30:00,0.9988888888888889,0.5853291767912833
2017-08-05 04:45:00,0.9988888888888889,0.5845039646855208
2017-08-05 05:00:00,0.9988888888888889,0.5924496196235504
2017-08-05 05:15:00,0.9988888888888889,0.5772476603907344
2017-08-05 05:30:00,0.9988888888888889,0.5603395431124705
2017-08-05 05:45:00,0.9988888888888889,0.5446763003884527
2017-08-05 06:00:00,0.9988888888888889,0.5370255292667248
2017-08-05 06:15:00,0.9988888888888889,0.4917067355527871
2017-08-05 06:30:00,0.9988888888888889,0.44984728091253795
2017-08-05 06:45:00,0.9988888888888889,0.4081010436447524
2017-08-05 07:00:00,0.9988888888888889,0.37080238951292993
2017-08-05 07:15:00,0.9988888888888889,0.3444384560421333
2017-08-05 07:30:00,0.9988888888888889,0.31951054545710317
2017-08-05 07:45:00,0.9988888888888889,0.30226725487854056
2017-08-05 08:00:00,0.9988888888888889,0.283995000128692
2017-08-05 08:15:00,0.9988888888888889,0.2558356056374625
2017-08-05 08:30:00,0.9988888888888889,0.22981541143380965
2017-08-05 08:45:00,0.041,0.2273057912596753
2017-08-05 09:00:00,0.041,0.22414376870595262
2017-08-05 09:15:00,0.041,0.22321415074655612
2017-08-05 09:30:00,0.041,0.22084320209461095
2017-08-05 09:45:00,0.041,0.2188010081299784
2017-08-05 10:00:00,0.041,0.21779193126375898
2017-08-05 10:15:00,0.041,0.21743263325262596
2017-08-05 10:30:00,0.041,0.21594410788734952
2017-08-05 10:45:00,0.041,0.2164441159984847
2017-08-05 11:00:00,0.041,0.21732624658724078
2017-08-05 11:15:00,0.041,0.2180747865921416
2017-08-05 11:30:00,0.041,0.22416758064945766
2017-08-05 11:45:00,0.041,0.2190360718443024
2017-08-05 12:00:00,0.041,0.21974003766621805
2017-08-05 12:15:00,0.041,0.22234446827104049
2017-08-05 12:30:00,0.041,0.22586108494684784
2017-08-05 12:45:00,0.041,0.23345782741774615
2017-08-05 13:00:00,0.041,0.2353606859698702
2017-08-05 13:15:00,0.041,0.2380711941873378
2017-08-05 13:30:00,0.041,0.2392589007624894
2017-08-05 13:45:00,0.041,0.23141733002806766
2017-08-05 14:00:00,0.041,0.23065529336733975
2017-08-05 14:15:00,0.041,0.230517064359315
2017-08-05 14:30:00,0.041,0.2302546336808632
2017-08-05 14:45:00,0.041,0.23045817634368862
2017-08-05 15:00:00,0.041,0.22987479072778735
2017-08-05 15:15:00,0.041,0.23150649048260824
2017-08-05 15:30:00,0.041,0.23181822895137022
2017-08-05 15:45:00,0.041,0.22891522082668514
2017-08-05 16:00:00,0.041,0.22649248751419937
2017-08-05 16:15:00,0.041,0.22468588354446745
2017-08-05 16:30:00,0.041,0.22244141112443674
2017-08-05 16:45:00,0.041,0.2230443016486876
2017-08-05 17:00:00,0.9988888888888889,0.2443488657049575
2017-08-05 17:15:00,0.9988888888888889,0.302925910168105
2017-08-05 17:30:00,0.9988888888888889,0.3706166456065698
2017-08-05 17:45:00,0.9988888888888889,0.4311572410476112
2017-08-05 18:00:00,0.9988888888888889,0.48924403567242963
2017-08-05 18:15:00,0.9988888888888889,0.5200537352425242
2017-08-05 18:30:00,0.9988888888888889,0.5470035706069215
2017-08-05 18:45:00,0.9988888888888889,0.5436365086192647
2017-08-05 19:00:00,0.9988888888888889,0.5517647137503536
2017-08-05 19:15:00,0.9988888888888889,0.5720518891018284
2017-08-05 19:30:00,0.9988888888888889,0.5941747502445603
2017-08-05 19:45:00,0.9988888888888889,0.6012811120182697
2017-08-05 20:00:00,0.9988888888888889,0.6040521199327895
2017-08-05 20:15:00,0.9988888888888889,0.6066269797712284
2017-08-05 20:30:00,0.9988888888888889,0.6182893647462149
2017-08-05 20:45:00,0.9988888888888889,0.6222159912890977
2017-08-05 21:00:00,0.9988888888888889,0.6296231211778908
2017-08-05 21:15:00,0.9988888888888889,0.6426672767495278
2017-08-05 21:30:00,0.9988888888888889,0.6281229992312982
2017-08-05 21:45:00,0.9988888888888889,0.6090093373994919
2017-08-05 22:00:00,0.9988888888888889,0.588194733066824
2017-08-05 22:15:00,0.9988888888888889,0.578924081689456
2017-08-05 22:30:00,0.9988888888888889,0.5684660381787279
2017-08-05 22:45:00,0.9988888888888889,0.5611047548002174
2017-08-05 23:00:00,0.9988888888888889,0.5463774908172491
2017-08-05 23:15:00,0.9988888888888889,0.5458387067645499
2017-08-05 23:30:00,0.9988888888888889,0.5477256691043934
2017-08-05 23:45:00,0.9988888888888889,0.5493668204334826
2017-08-06 00:00:00,0.9988888888888889,0.5480279698521946
2017-08-06 00:15:00,0.9988888888888889,0.529720638152088
2017-08-06 00:30:00,0.9988888888888889,0.5104791950033681
2017-08-06 00:45:00,0.9988888888888889,0.4906764718106932
2017-08-06 01:00:00,0.9988888888888889,0.4754023870767354
2017-08-06 01:15:00,0.9988888888888889,0.49705882069255375
2017-08-06 01:30:00,0.9988888888888889,0.5171696952460335
2017-08-06 01:45:00,0.9988888888888889,0.534538270319318
2017-08-06 02:00:00,0.9988888888888889,0.5542258329894628
2017-08-06 02:15:00,0.9988888888888889,0.5394016893773571
2017-08-06 02:30:00,0.9988888888888889,0.5269887388292823
2017-08-06 02:45:00,0.9988888888888889,0.5136889889433146
2017-08-06 03:00:00,0.9988888888888889,0.4991644523002807
2017-08-06 03:15:00,0.9988888888888889,0.5098176111822881
2017-08-06 03:30:00,0.9988888888888889,0.5196919032783808
2017-08-06 03:45:00,0.9988888888888889,0.5278824166262298
2017-08-06 04:00:00,0.9988888888888889,0.5376899601163854
2017-08-06 04:15:00,0.9988888888888889,0.5191723674384048
2017-08-06 04:30:00,0.9988888888888889,0.49801612691330704
2017-08-06 04:45:00,0.9988888888888889,0.4797432000824534
2017-08-06 05:00:00,0.9988888888888889,0.46341578001930356
2017-08-06 05:15:00,0.9988888888888889,0.4159761765303975
2017-08-06 05:30:00,0.9988888888888889,0.37023476909697467
2017-08-06 05:45:00,0.9988888888888889,0.328239346409192
2017-08-06 06:00:00,0.041,0.31246071345296
2017-08-06 06:15:00,0.041,0.30714012327748696
2017-08-06 06:30:00,0.041,0.29963710696441637
2017-08-06 06:45:00,0.041,0.2945847665405438
2017-08-06 07:00:00,0.041,0.28769996512972784
2017-08-06 07:15:00,0.041,0.28579652119337645
2017-08-06 07:30:00,0.041,0.2819693264180225
2017-08-06 07:45:00,0.041,0.27953019953380365
2017-08-06 08:00:00,0.041,0.2739043703866715
2017-08-06 08:15:00,0.041,0.2700921131758685
2017-08-06 08:30:00,0.041,0.2661479147547366
2017-08-06 08:45:00,0.041,0.2634545494282624
2017-08-06 09:00:00,0.041,0.2603504290750535
2017-08-06 09:15:00,0.041,0.25611146439272015
2017-08-06 09:30:00,0.041,0.2521433092536974
2017-08-06 09:45:00,0.041,0.2506119493540394
2017-08-06 10:00:00,0.041,0.24666404025374394
2017-08-06 10:15:00,0.041,0.2422508056586707
2017-08-06 10:30:00,0.041,0.23872983620878943
2017-08-06 10:45:00,0.041,0.238134465462277
2017-08-06 11:00:00,0.041,0.23861408872597253
2017-08-06 11:15:00,0.041,0.24153205532773972
2017-08-06 11:30:00,0.041,0.243066652148069
2017-08-06 11:45:00,0.041,0.243972057989603
2017-08-06 12:00:00,0.041,0.24738318524570901
2017-08-06 12:15:00,0.041,0.2491512315194791
2017-08-06 12:30:00,0.041,0.2511002530575193
2017-08-06 12:45:00,0.041,0.2587428462673351
2017-08-06 13:00:00,0.041,0.25141128526400747
2017-08-06 13:15:00,0.041,0.26111536751271064
2017-08-06 13:30:00,0.041,0.25528921768216417
2017-08-06 13:45:00,0.041,0.25537321450919215
2017-08-06 14:00:00,0.041,0.26423281298320983
2017-08-06 14:15:00,0.041,0.2580473193628624
2017-08-06 14:30:00,0.041,0.264079540999144
2017-08-06 14:45:00,0.041,0.26566425132681554
2017-08-06 15:00:00,0.041,0.2560999486545817
2017-08-06 15:15:00,0.041,0.25322225896145345
2017-08-06 15:30:00,0.041,0.2496459245040709
2017-08-06 15:45:00,0.041,0.24850713361270163
2017-08-06 16:00:00,0.041,0.24433110709369138
2017-08-06 16:15:00,0.041,0.24161863785340187
2017-08-06 16:30:00,0.041,0.239288279947437
2017-08-06 16:45:00,0.041,0.23661641528102625
2017-08-06 17:00:00,0.041,0.23501282420593672
2017-08-06 17:15:00,0.9988888888888889,0.2843686655236506
2017-08-06 17:30:00,0.9988888888888889,0.35191481436648075
2017-08-06 17:45:00,0.9988888888888889,0.4186704687543175
2017-08-06 18:00:00,0.9988888888888889,0.47402147504104347
2017-08-06 18:15:00,0.9988888888888889,0.5142863421238644
2017-08-06 18:30:00,0.9988888888888889,0.5571317916741567
2017-08-06 18:45:00,0.9988888888888889,0.5931007819252979
2017-08-06 19:00:00,0.9988888888888889,0.6114024639363839
2017-08-06 19:15:00,0.9988888888888889,0.6251355226842653
2017-08-06 19:30:00,0.9988888888888889,0.6285635275601114
2017-08-06 19:45:00,0.9988888888888889,0.6319724832387931
2017-08-06 20:00:00,0.9988888888888889,0.6271182350586609
2017-08-06 20:15:00,0.9988888888888889,0.6293578524442364
2017-08-06 20:30:00,0.9988888888888889,0.6300949318633982
2017-08-06 20:45:00,0.9988888888888889,0.6395411157304719
2017-08-06 21:00:00,0.9988888888888889,0.6430641687322306
2017-08-06 21:15:00,0.9988888888888889,0.6501741960595662
2017-08-06 21:30:00,0.9988888888888889,0.6429048405309729
2017-08-06 21:45:00,0.9988888888888889,0.6547029178884742
2017-08-06 22:00:00,0.9988888888888889,0.6337763615053413
2017-08-06 22:15:00,0.9988888888888889,0.629568321900848
2017-08-06 22:30:00,0.9988888888888889,0.6219712456601952
2017-08-06 22:45:00,0.9988888888888889,0.6179469250383699
2017-08-06 23:00:00,0.9988888888888889,0.6115698559094619
2017-08-06 23:15:00,0.9988888888888889,0.6056707524657279
2017-08-06 23:30:00,0.9988888888888889,0.5969216705241148
2017-08-06 23:45:00,0.9988888888888889,0.5903642633718688
2017-08-07 00:00:00,0.9988888888888889,0.5793518187597619
2017-08-07 00:15:00,0.9988888888888889,0.5653753832916961
2017-08-07 00:30:00,0.9988888888888889,0.5483219833352002
2017-08-07 00:45:00,0.9988888888888889,0.5354306151003184
2017-08-07 01:00:00,0.9988888888888889,0.519511635681267
2017-08-07 01:15:00,0.9988888888888889,0.5145022750190189
2017-08-07 01:30:00,0.9988888888888889,0.5109689423555157
2017-08-07 01:45:00,0.9988888888888889,0.5060292611672177
2017-08-07 02:00:00,0.9988888888888889,0.5019981562093532
2017-08-07 02:15:00,0.9988888888888889,0.5092009021443913
2017-08-07 02:30:00,0.9988888888888889,0.5190864978021907
2017-08-07 02:45:00,0.9988888888888889,0.5268428934156746
2017-08-07 03:00:00,0.9988888888888889,0.5391019283624061
2017-08-07 03:15:00,0.9988888888888889,0.5491461258524721
2017-08-07 03:30:00,0.9988888888888889,0.5624091816774472
2017-08-07 03:45:00,0.9988888888888889,0.5749434024679342
2017-08-07 04:00:00,0.9988888888888889,0.593762274187489
2017-08-07 04:15:00,0.9988888888888889,0.5767018465835082
2017-08-07 04:30:00,0.9988888888888889,0.5606812322677621
2017-08-07 04:45:00,0.9988888888888889,0.5467520373730508
2017-08-07 05:00:00,0.9988888888888889,0.5482842231691883
2017-08-07 05:15:00,0.9988888888888889,0.5367415631136725
2017-08-07 05:30:00,0.9988888888888889,0.5245818126157824
2017-08-07 05:45:00,0.9988888888888889,0.5117415880670603
2017-08-07 06:00:00,0.9988888888888889,0.503219973937645
2017-08-07 06:15:00,0.9988888888888889,0.4834111199739786
2017-08-07 06:30:00,0.9988888888888889,0.45856627195453864
2017-08-07 06:45:00,0.9988888888888889,0.43902745261477644
2017-08-07 07:00:00,0.9988888888888889,0.41980886130040684
2017-08-07 07:15:00,0.9988888888888889,0.3770316892556721
2017-08-07 07:30:00,0.9988888888888889,0.33467891600896305
2017-08-07 07:45:00,0.9988888888888889,0.2917917984306079
2017-08-07 08:00:00,0.9988888888888889,0.24380196489843148
2017-08-07 08:15:00,0.9988888888888889,0.21888213243799048
2017-08-07 08:30:00,0.041,0.19690442837495942
2017-08-07 08:45:00,0.9988888888888889,0.197895993402822
2017-08-07 09:00:00,0.041,0.19571497491664755
2017-08-07 09:15:00,0.9988888888888889,0.19527502947457304
2017-08-07 09:30:00,0.9988888888888889,0.19258232602699477
2017-08-07 09:45:00,0.9988888888888889,0.1890409275903616
2017-08-07 10:00:00,0.9988888888888889,0.18728697731827074
2017-08-07 10:15:00,0.9988888888888889,0.1860562117814723
2017-08-07 10:30:00,0.9988888888888889,0.1845158688964609
2017-08-07 10:45:00,0.9988888888888889,0.18434383476822147
2017-08-07 11:00:00,0.9988888888888889,0.18581702741671394
2017-08-07 11:15:00,0.9988888888888889,0.1872211604866278
2017-08-07 11:30:00,0.9988888888888889,0.18871297662116876
2017-08-07 11:45:00,0.9988888888888889,0.1906748924362403
2017-08-07 12:00:00,0.9988888888888889,0.19196827634330255
2017-08-07 12:15:00,0.9988888888888889,0.19190643026713092
2017-08-07 12:30:00,0.9988888888888889,0.19318038657149597
2017-08-07 12:45:00,0.9988888888888889,0.19505742476902035
2017-08-07 13:00:00,0.9988888888888889,0.19318148551344344
2017-08-07 13:15:00,0.9988888888888889,0.19342238619691135
2017-08-07 13:30:00,0.9988888888888889,0.1945106660409649
2017-08-07 13:45:00,0.041,0.19403477143886624
2017-08-07 14:00:00,0.041,0.19447817280433413
2017-08-07 14:15:00,0.9988888888888889,0.21390579275659385
2017-08-07 14:30:00,0.9988888888888889,0.23392236264112604
2017-08-07 14:45:00,0.9988888888888889,0.25419214321020295
2017-08-07 15:00:00,0.9988888888888889,0.26529675376688583
2017-08-07 15:15:00,0.9988888888888889,0.2759441143360556
2017-08-07 15:30:00,0.9988888888888889,0.2943341882397556
2017-08-07 15:45:00,0.9988888888888889,0.31084965348617555
2017-08-07 16:00:00,0.9988888888888889,0.34028049465970517
2017-08-07 16:15:00,0.9988888888888889,0.35537133360241735
2017-08-07 16:30:00,0.9988888888888889,0.3740219078409666
2017-08-07 16:45:00,0.9988888888888889,0.3809820375237001
2017-08-07 17:00:00,0.9988888888888889,0.38504623077918065
2017-08-07 17:15:00,0.9988888888888889,0.42263632192931544
2017-08-07 17:30:00,0.9988888888888889,0.4629097954158489
2017-08-07 17:45:00,0.33704061895551257,0.49438098257869567
2017-08-07 18:00:00,0.3417988394584139,0.5047499532268623
2017-08-07 18:15:00,0.3417988394584139,0.511256784119799
2017-08-07 18:30:00,0.3417988394584139,0.5139251733078819
2017-08-07 18:45:00,0.3417988394584139,0.5207502808112426
2017-08-07 19:00:00,0.3417988394584139,0.5234507288597376
2017-08-07 19:15:00,0.3417988394584139,0.5332303431962995
2017-08-07 19:30:00,0.3417988394584139,0.5406871845612593
2017-08-07 19:45:00,0.3417988394584139,0.5505401659692926
2017-08-07 20:00:00,0.3417988394584139,0.5491127000138988
2017-08-07 20:15:00,0.4536363636363636,0.5708262906973305
2017-08-07 20:30:00,0.3417988394584139,0.5620191331934009
2017-08-07 20:45:00,0.4536363636363636,0.573074635798532
2017-08-07 21:00:00,0.4536363636363636,0.5768962542625937
2017-08-07 21:15:00,0.9988888888888889,0.5799730654020978
2017-08-07 21:30:00,0.9988888888888889,0.5831655539626892
2017-08-07 21:45:00,0.9988888888888889,0.5807951943294732
2017-08-07 22:00:00,0.9988888888888889,0.5804647920496702
2017-08-07 22:15:00,0.9988888888888889,0.6015713848078971
2017-08-07 22:30:00,0.9988888888888889,0.620916264881846
2017-08-07 22:45:00,0.9988888888888889,0.6434043887368152
2017-08-07 23:00:00,0.9988888888888889,0.6620385968940783
2017-08-07 23:15:00,0.9988888888888889,0.6558685860094775
2017-08-07 23:30:00,0.9988888888888889,0.6465165870402413
2017-08-07 23:45:00,0.9988888888888889,0.6366662454292018
2017-08-08 00:00:00,0.9988888888888889,0.6236445006084056
2017-08-08 00:15:00,0.9988888888888889,0.6299749952440709
2017-08-08 00:30:00,0.9988888888888889,0.636821231919375
2017-08-08 00:45:00,0.9988888888888889,0.6425008032753432
2017-08-08 01:00:00,0.9988888888888889,0.6457768669054043
2017-08-08 01:15:00,0.9988888888888889,0.6305029381037655
2017-08-08 01:30:00,0.9988888888888889,0.6174729785073687
2017-08-08 01:45:00,0.9988888888888889,0.6053207242806605
2017-08-08 02:00:00,0.9988888888888889,0.5925361852697085
2017-08-08 02:15:00,0.9988888888888889,0.5923783622527568
2017-08-08 02:30:00,0.9988888888888889,0.5926370071237308
2017-08-08 02:45:00,0.9988888888888889,0.5927228988295629
2017-08-08 03:00:00,0.9988888888888889,0.5969188724144682
2017-08-08 03:15:00,0.9988888888888889,0.5916442439778569
2017-08-08 03:30:00,0.9988888888888889,0.5887895517026128
2017-08-08 03:45:00,0.9988888888888889,0.5852383006232647
2017-08-08 04:00:00,0.9988888888888889,0.5900319947677676
2017-08-08 04:15:00,0.9988888888888889,0.5872645517184788
2017-08-08 04:30:00,0.9988888888888889,0.5858513068294302
2017-08-08 04:45:00,0.9988888888888889,0.5847578640155056
2017-08-08 05:00:00,0.9988888888888889,0.5951754490373894
2017-08-08 05:15:00,0.9988888888888889,0.5715557050465416
2017-08-08 05:30:00,0.9988888888888889,0.5476825107842415
2017-08-08 05:45:00,0.9988888888888889,0.5262476061834231
2017-08-08 06:00:00,0.9988888888888889,0.5060737781843893
2017-08-08 06:15:00,0.9988888888888889,0.49243933950478797
2017-08-08 06:30:00,0.9988888888888889,0.4802744107208279
2017-08-08 06:45:00,0.9988888888888889,0.46464206341150693
2017-08-08 07:00:00,0.9988888888888889,0.4513583418765761
2017-08-08 07:15:00,0.9988888888888889,0.4368985839266469
2017-08-08 07:30:00,0.9988888888888889,0.4242060637359436
2017-08-08 07:45:00,0.9988888888888889,0.41111480609082096
2017-08-08 08:00:00,0.9988888888888889,0.39285839351068064
2017-08-08 08:15:00,0.9988888888888889,0.40167558869892817
2017-08-08 08:30:00,0.9988888888888889,0.4101708925606363
2017-08-08 08:45:00,0.9988888888888889,0.4175164911539112
2017-08-08 09:00:00,0.9988888888888889,0.42675075478449226
2017-08-08 09:15:00,0.9988888888888889,0.42285923695662014
2017-08-08 09:30:00,0.9988888888888889,0.4190540502851889
2017-08-08 09:45:00,0.9988888888888889,0.41437796135165644
2017-08-08 10:00:00,0.9988888888888889,0.4077278422109734
2017-08-08 10:15:00,0.9988888888888889,0.39681065477748295
2017-08-08 10:30:00,0.9988888888888889,0.38554543108276873
2017-08-08 10:45:00,0.9988888888888889,0.36964528613909936
2017-08-08 11:00:00,0.9988888888888889,0.34806668075221564
2017-08-08 11:15:00,0.9988888888888889,0.3325981806557895
2017-08-08 11:30:00,0.9988888888888889,0.32100263983642385
2017-08-08 11:45:00,0.9988888888888889,0.3190459333456955
2017-08-08 12:00:00,0.9988888888888889,0.3183727818634877
2017-08-08 12:15:00,0.9988888888888889,0.31696528085605385
2017-08-08 12:30:00,0.9988888888888889,0.31533546679581076
2017-08-08 12:45:00,0.9988888888888889,0.3159850229116964
2017-08-08 13:00:00,0.9988888888888889,0.31751856446340115
2017-08-08 13:15:00,0.9988888888888889,0.3277818606750859
2017-08-08 13:30:00,0.9988888888888889,0.3355768791970079
2017-08-08 13:45:00,0.9988888888888889,0.3357503325627126
2017-08-08 14:00:00,0.9988888888888889,0.3402172255877637
2017-08-08 14:15:00,0.9988888888888889,0.33317712940998456
2017-08-08 14:30:00,0.9988888888888889,0.3440831131207444
2017-08-08 14:45:00,0.9988888888888889,0.347002932320226
2017-08-08 15:00:00,0.9988888888888889,0.3448967666758042
2017-08-08 15:15:00,0.9988888888888889,0.3503848752989388
2017-08-08 15:30:00,0.9988888888888889,0.3564624018345289
2017-08-08 15:45:00,0.9988888888888889,0.3606270911814053
2017-08-08 16:00:00,0.9988888888888889,0.37522519409561667
2017-08-08 16:15:00,0.9988888888888889,0.40336753178777324
2017-08-08 16:30:00,0.9988888888888889,0.433054747789053
2017-08-08 16:45:00,0.9988888888888889,0.46049484806456464
2017-08-08 17:00:00,0.33704061895551257,0.48224390094718306
2017-08-08 17:15:00,0.3417988394584139,0.49293077107307653
2017-08-08 17:30:00,0.3497292069632495,0.5041696707558485
2017-08-08 17:45:00,0.35448742746615086,0.507852757625262
2017-08-08 18:00:00,0.35448742746615086,0.5150265948224073
2017-08-08 18:15:00,0.35448742746615086,0.5123715926304601
2017-08-08 18:30:00,0.35448742746615086,0.5194442688073305
2017-08-08 18:45:00,0.35448742746615086,0.525552616401275
2017-08-08 19:00:00,0.35448742746615086,0.533713102417271
2017-08-08 19:15:00,0.35448742746615086,0.5401323507087379
2017-08-08 19:30:00,0.35448742746615086,0.5428267170869084
2017-08-08 19:45:00,0.35448742746615086,0.5508201351305667
2017-08-08 20:00:00,0.35448742746615086,0.5502880183356443
2017-08-08 20:15:00,0.35448742746615086,0.5666993314672633
2017-08-08 20:30:00,0.35448742746615086,0.5735718631546469
2017-08-08 20:45:00,0.3513152804642166,0.5829666739748766
2017-08-08 21:00:00,0.34655705996131525,0.5838273457296781
2017-08-08 21:15:00,0.3449709864603482,0.5899527605061963
2017-08-08 21:30:00,0.343384912959381,0.5971393168288021
2017-08-08 21:45:00,0.3402127659574468,0.6057764182568572
2017-08-08 22:00:00,0.33704061895551257,0.6141303296327294
2017-08-08 22:15:00,0.33545454545454545,0.621207572692428
2017-08-08 22:30:00,0.33545454545454545,0.6297048587456124
2017-08-08 22:45:00,0.9988888888888889,0.6366820256572874
2017-08-08 23:00:00,0.9988888888888889,0.636247514945434
2017-08-08 23:15:00,0.9988888888888889,0.6316857463693012
2017-08-08 23:30:00,0.9988888888888889,0.6275511628958295
2017-08-08 23:45:00,0.9988888888888889,0.6234101185463616
2017-08-09 00:00:00,0.9988888888888889,0.6147724758559997
2017-08-09 00:15:00,0.9988888888888889,0.60643616739942
2017-08-09 00:30:00,0.9988888888888889,0.6192626406707782
2017-08-09 00:45:00,0.9988888888888889,0.6243052395895826
2017-08-09 01:00:00,0.9988888888888889,0.6296866937129847
2017-08-09 01:15:00,0.9988888888888889,0.6321005014048806
2017-08-09 01:30:00,0.9988888888888889,0.6222230103004003
2017-08-09 01:45:00,0.9988888888888889,0.6303659678632386
2017-08-09 02:00:00,0.9988888888888889,0.6153838310089712
2017-08-09 02:15:00,0.9988888888888889,0.6070116195775093
2017-08-09 02:30:00,0.9988888888888889,0.6079802342334014
2017-08-09 02:45:00,0.9988888888888889,0.609566513479775
2017-08-09 03:00:00,0.9988888888888889,0.6172456419043459
2017-08-09 03:15:00,0.9988888888888889,0.593286038850737
2017-08-09 03:30:00,0.9988888888888889,0.5850082013794144
2017-08-09 03:45:00,0.9988888888888889,0.5831414023949754
2017-08-09 04:00:00,0.9988888888888889,0.5741953867184177
2017-08-09 04:15:00,0.9988888888888889,0.5714425862596025
2017-08-09 04:30:00,0.9988888888888889,0.5838162143639133
2017-08-09 04:45:00,0.9988888888888889,0.6051525149560093
2017-08-09 05:00:00,0.9988888888888889,0.5984828319192435
2017-08-09 05:15:00,0.9988888888888889,0.5783133879064394
2017-08-09 05:30:00,0.9988888888888889,0.5631684473164146
2017-08-09 05:45:00,0.9988888888888889,0.5535955099523864
2017-08-09 06:00:00,0.9988888888888889,0.5389011386424838
2017-08-09 06:15:00,0.9988888888888889,0.5275075817246241
2017-08-09 06:30:00,0.9988888888888889,0.5178734121914099
2017-08-09 06:45:00,0.9988888888888889,0.5128826939509783
2017-08-09 07:00:00,0.9988888888888889,0.5015652783395066
2017-08-09 07:15:00,0.9988888888888889,0.47958589675930224
2017-08-09 07:30:00,0.9988888888888889,0.4539084484175353
2017-08-09 07:45:00,0.9988888888888889,0.4307434877747293
2017-08-09 08:00:00,0.9988888888888889,0.4043457227821789
2017-08-09 08:15:00,0.9988888888888889,0.3789537024725529
2017-08-09 08:30:00,0.9988888888888889,0.3548885835346153
2017-08-09 08:45:00,0.9988888888888889,0.3297185633558049
2017-08-09 09:00:00,0.9988888888888889,0.303622049649337
2017-08-09 09:15:00,0.9988888888888889,0.27677619421690847
2017-08-09 09:30:00,0.9988888888888889,0.25840718572157423
2017-08-09 09:45:00,0.9988888888888889,0.2316397307101195
2017-08-09 10:00:00,0.9988888888888889,0.2049635782308109
2017-08-09 10:15:00,0.9988888888888889,0.20608924667289663
2017-08-09 10:30:00,0.9988888888888889,0.20244920785917586
2017-08-09 10:45:00,0.9988888888888889,0.2010085957624454
2017-08-09 11:00:00,0.9988888888888889,0.18368183371591898
2017-08-09 11:15:00,0.041,0.18291804183817223
2017-08-09 11:30:00,0.041,0.18324701806698343
2017-08-09 11:45:00,0.041,0.18521871358756567
2017-08-09 12:00:00,0.041,0.18393727977874927
2017-08-09 12:15:00,0.041,0.18322723972009414
2017-08-09 12:30:00,0.041,0.18515240461287186
2017-08-09 12:45:00,0.041,0.18610168095016028
2017-08-09 13:00:00,0.041,0.19165618560904824
2017-08-09 13:15:00,0.041,0.1919208965374505
2017-08-09 13:30:00,0.041,0.19201866453445443
2017-08-09 13:45:00,0.9988888888888889,0.19147894568335166
2017-08-09 14:00:00,0.9988888888888889,0.1909592579296618
2017-08-09 14:15:00,0.041,0.18883515035997736
2017-08-09 14:30:00,0.041,0.18968739946347732
2017-08-09 14:45:00,0.041,0.18961473781849156
2017-08-09 15:00:00,0.9988888888888889,0.19381688795527577
2017-08-09 15:15:00,0.9988888888888889,0.22908715523272533
2017-08-09 15:30:00,0.9988888888888889,0.2603413018931769
2017-08-09 15:45:00,0.9988888888888889,0.29262015194634367
2017-08-09 16:00:00,0.9988888888888889,0.32398766409823504
2017-08-09 16:15:00,0.9988888888888889,0.3367949249174379
2017-08-09 16:30:00,0.9988888888888889,0.36484452806876305
2017-08-09 16:45:00,0.9988888888888889,0.38516971710019593
2017-08-09 17:00:00,0.9988888888888889,0.3986645963942653
2017-08-09 17:15:00,0.9988888888888889,0.4383742515902722
2017-08-09 17:30:00,0.9988888888888889,0.47502134703633314
2017-08-09 17:45:00,0.3386266924564797,0.48966048686591523
2017-08-09 18:00:00,0.3497292069632495,0.5015262657368568
2017-08-09 18:15:00,0.3513152804642166,0.5167708861533913
2017-08-09 18:30:00,0.3513152804642166,0.5202419495703846
2017-08-09 18:45:00,0.3513152804642166,0.5229676755831727
2017-08-09 19:00:00,0.3513152804642166,0.5312614880561732
2017-08-09 19:15:00,0.3513152804642166,0.5449265428962424
2017-08-09 19:30:00,0.3513152804642166,0.5501753959565373
2017-08-09 19:45:00,0.3513152804642166,0.557222732967503
2017-08-09 20:00:00,0.3513152804642166,0.5634294974746643
2017-08-09 20:15:00,0.3513152804642166,0.5607290857700431
2017-08-09 20:30:00,0.3513152804642166,0.5697658450793723
2017-08-09 20:45:00,0.3513152804642166,0.5826823977215593
2017-08-09 21:00:00,0.3513152804642166,0.5953243445842976
2017-08-09 21:15:00,0.3497292069632495,0.6047524595688596
2017-08-09 21:30:00,0.34655705996131525,0.6114293585113911
2017-08-09 21:45:00,0.3449709864603482,0.6182556320399757
2017-08-09 22:00:00,0.3417988394584139,0.6268707717576335
2017-08-09 22:15:00,0.3386266924564797,0.6308607007614793
2017-08-09 22:30:00,0.33545454545454545,0.6351752381492561
2017-08-09 22:45:00,0.9988888888888889,0.63460522666368
2017-08-09 23:00:00,0.9988888888888889,0.641107376820765
2017-08-09 23:15:00,0.9988888888888889,0.6452411902869927
2017-08-09 23:30:00,0.9988888888888889,0.6514972763016905
2017-08-09 23:45:00,0.9988888888888889,0.6612786709465264
2017-08-10 00:00:00,0.9988888888888889,0.6504275668189405
2017-08-10 00:15:00,0.9988888888888889,0.6559869476588012
2017-08-10 00:30:00,0.9988888888888889,0.656383275119327
2017-08-10 00:45:00,0.9988888888888889,0.6619343053149443
2017-08-10 01:00:00,0.9988888888888889,0.6739687366240349
2017-08-10 01:15:00,0.9988888888888889,0.6739779784270113
2017-08-10 01:30:00,0.9988888888888889,0.685959694707276
2017-08-10 01:45:00,0.9988888888888889,0.6943907733349115
2017-08-10 02:00:00,0.9988888888888889,0.6986120278347838
2017-08-10 02:15:00,0.9988888888888889,0.6986781015888958
2017-08-10 02:30:00,0.9988888888888889,0.6865335159958876
2017-08-10 02:45:00,0.9988888888888889,0.6962357153558824
2017-08-10 03:00:00,0.9988888888888889,0.6753810919808757
2017-08-10 03:15:00,0.9988888888888889,0.6868539225144172
2017-08-10 03:30:00,0.9988888888888889,0.6859144876655768
2017-08-10 03:45:00,0.9988888888888889,0.6600383658998655
2017-08-10 04:00:00,0.9988888888888889,0.6551313591759343
2017-08-10 04:15:00,0.9988888888888889,0.6585564102980866
2017-08-10 04:30:00,0.33545454545454545,0.6559504418403411
2017-08-10 04:45:00,0.3402127659574468,0.650343612151027
2017-08-10 05:00:00,0.3417988394584139,0.6245805079029363
2017-08-10 05:15:00,0.3417988394584139,0.6030860661466022
2017-08-10 05:30:00,0.3417988394584139,0.5856130969524218
2017-08-10 05:45:00,0.3417988394584139,0.5725039851680556
2017-08-10 06:00:00,0.3417988394584139,0.5592670558700618
2017-08-10 06:15:00,0.3417988394584139,0.5477368383690796
2017-08-10 06:30:00,0.3417988394584139,0.5378398713214354
2017-08-10 06:45:00,0.3417988394584139,0.5327376106462687
2017-08-10 07:00:00,0.4536363636363636,0.5384608730824784
2017-08-10 07:15:00,0.4536363636363636,0.5420894727319056
2017-08-10 07:30:00,0.3417988394584139,0.5167515708920953
2017-08-10 07:45:00,0.3417988394584139,0.513573687837611
2017-08-10 08:00:00,0.3417988394584139,0.5166261940392962
2017-08-10 08:15:00,0.3402127659574468,0.5070403319637559
2017-08-10 08:30:00,0.9988888888888889,0.4932000678647542
2017-08-10 08:45:00,0.9988888888888889,0.46335635340787795
2017-08-10 09:00:00,0.9988888888888889,0.4301138623421719
2017-08-10 09:15:00,0.9988888888888889,0.41439100864472367
2017-08-10 09:30:00,0.9988888888888889,0.4017374188763612
2017-08-10 09:45:00,0.9988888888888889,0.384771106811982
2017-08-10 10:00:00,0.9988888888888889,0.36809386291828
2017-08-10 10:15:00,0.9988888888888889,0.347054947615126
2017-08-10 10:30:00,0.9988888888888889,0.3254337516127157
2017-08-10 10:45:00,0.9988888888888889,0.3001998112956534
2017-08-10 11:00:00,0.9988888888888889,0.2712538906741671
2017-08-10 11:15:00,0.9988888888888889,0.2585724082655499
2017-08-10 11:30:00,0.9988888888888889,0.24338214085164014
2017-08-10 11:45:00,0.9988888888888889,0.23127986721321525
2017-08-10 12:00:00,0.9988888888888889,0.22060476113488214
2017-08-10 12:15:00,0.9988888888888889,0.20018992187532206
2017-08-10 12:30:00,0.9988888888888889,0.20035761777081487
2017-08-10 12:45:00,0.9988888888888889,0.20885272460395357
2017-08-10 13:00:00,0.9988888888888889,0.21015293905181343
2017-08-10 13:15:00,0.9988888888888889,0.20373662617862176
2017-08-10 13:30:00,0.9988888888888889,0.2102637552469912
2017-08-10 13:45:00,0.9988888888888889,0.21130898170262913
2017-08-10 14:00:00,0.9988888888888889,0.21118949070250675
2017-08-10 14:15:00,0.9988888888888889,0.21026554410538048
2017-08-10 14:30:00,0.9988888888888889,0.21136129888690877
2017-08-10 14:45:00,0.9988888888888889,0.19981926938656808
2017-08-10 15:00:00,0.9988888888888889,0.1974305648178922
2017-08-10 15:15:00,0.9988888888888889,0.20305660598031317
2017-08-10 15:30:00,0.9988888888888889,0.20686734048312463
2017-08-10 15:45:00,0.9988888888888889,0.2099015219139643
2017-08-10 16:00:00,0.9988888888888889,0.22723643482180794
2017-08-10 16:15:00,0.9988888888888889,0.2694579549557259
2017-08-10 16:30:00,0.9988888888888889,0.3185163700254793
2017-08-10 16:45:00,0.9988888888888889,0.36524266817625234
2017-08-10 17:00:00,0.9988888888888889,0.41932138626210724
2017-08-10 17:15:00,0.9988888888888889,0.4492036340385435
2017-08-10 17:30:00,0.9988888888888889,0.4758566873032353
2017-08-10 17:45:00,0.3386266924564797,0.48913102993092755
2017-08-10 18:00:00,0.343384912959381,0.4985563521138038
2017-08-10 18:15:00,0.3513152804642166,0.5127826679312993
2017-08-10 18:30:00,0.3513152804642166,0.5199866141360501
2017-08-10 18:45:00,0.3513152804642166,0.5213541843667654
2017-08-10 19:00:00,0.3513152804642166,0.5341555996895168
2017-08-10 19:15:00,0.3513152804642166,0.5450695877108008
2017-08-10 19:30:00,0.3513152804642166,0.5544499209557735
2017-08-10 19:45:00,0.3513152804642166,0.5536715482328363
2017-08-10 20:00:00,0.3513152804642166,0.5573992579721582
2017-08-10 20:15:00,0.3513152804642166,0.5677346293780619
2017-08-10 20:30:00,0.3513152804642166,0.5856069213726721
2017-08-10 20:45:00,0.3513152804642166,0.5964872482011605
2017-08-10 21:00:00,0.3513152804642166,0.6035773603104594
2017-08-10 21:15:00,0.3449709864603482,0.6063870105723669
2017-08-10 21:30:00,0.3417988394584139,0.6101288218623899
2017-08-10 21:45:00,0.3386266924564797,0.6102254735992171
2017-08-10 22:00:00,0.33545454545454545,0.6147167197231863
2017-08-10 22:15:00,0.9988888888888889,0.6207791532733837
2017-08-10 22:30:00,0.9988888888888889,0.6199238879873578
2017-08-10 22:45:00,0.9988888888888889,0.6220786138126625
2017-08-10 23:00:00,0.9988888888888889,0.6192962987657893
2017-08-10 23:15:00,0.9988888888888889,0.6054360803176028
2017-08-10 23:30:00,0.9988888888888889,0.5954348991285606
2017-08-10 23:45:00,0.9988888888888889,0.6040525236686012
2017-08-11 00:00:00,0.9988888888888889,0.5911889928704595
2017-08-11 00:15:00,0.9988888888888889,0.5971397855061565
2017-08-11 00:30:00,0.9988888888888889,0.5982464878551501
2017-08-11 00:45:00,0.9988888888888889,0.6056155177102819
2017-08-11 01:00:00,0.9988888888888889,0.6135683784748416
2017-08-11 01:15:00,0.9988888888888889,0.6133227294866217
2017-08-11 01:30:00,0.9988888888888889,0.613506359030423
2017-08-11 01:45:00,0.9988888888888889,0.6142227171412895
2017-08-11 02:00:00,0.9988888888888889,0.613489083654653
2017-08-11 02:15:00,0.9988888888888889,0.6122418283151777
2017-08-11 02:30:00,0.9988888888888889,0.6127489699616926
2017-08-11 02:45:00,0.9988888888888889,0.6119627400925518
2017-08-11 03:00:00,0.9988888888888889,0.6190500558564557
2017-08-11 03:15:00,0.9988888888888889,0.6237857051609278
2017-08-11 03:30:00,0.9988888888888889,0.6200148516899856
2017-08-11 03:45:00,0.9988888888888889,0.6158286393711416
2017-08-11 04:00:00,0.9988888888888889,0.6060727954225805
2017-08-11 04:15:00,0.9988888888888889,0.6198095904922201
2017-08-11 04:30:00,0.9988888888888889,0.6358568024388278
2017-08-11 04:45:00,0.9988888888888889,0.6384679910441544
2017-08-11 05:00:00,0.9988888888888889,0.6069278406087184
2017-08-11 05:15:00,0.9988888888888889,0.5889843974580135
2017-08-11 05:30:00,0.9988888888888889,0.5747056708343224
2017-08-11 05:45:00,0.9988888888888889,0.5644986346842835
2017-08-11 06:00:00,0.9988888888888889,0.5492563269230152
2017-08-11 06:15:00,0.9988888888888889,0.5391533538822433
2017-08-11 06:30:00,0.9988888888888889,0.5301926451853639
2017-08-11 06:45:00,0.9988888888888889,0.5222971865852674
2017-08-11 07:00:00,0.9988888888888889,0.5132259228383905
2017-08-11 07:15:00,0.9988888888888889,0.5080433697190084
2017-08-11 07:30:00,0.9988888888888889,0.4990689333290643
2017-08-11 07:45:00,0.9988888888888889,0.486218298411782
2017-08-11 08:00:00,0.9988888888888889,0.47001058738346346
2017-08-11 08:15:00,0.9988888888888889,0.4524447112416332
2017-08-11 08:30:00,0.9988888888888889,0.4357433922910534
2017-08-11 08:45:00,0.9988888888888889,0.419889984275779
2017-08-11 09:00:00,0.9988888888888889,0.4045374508200326
2017-08-11 09:15:00,0.9988888888888889,0.36836058386454573
2017-08-11 09:30:00,0.9988888888888889,0.3348919245471772
2017-08-11 09:45:00,0.9988888888888889,0.3011479324618334
2017-08-11 10:00:00,0.9988888888888889,0.2655616616994026
2017-08-11 10:15:00,0.9988888888888889,0.23834316587458484
2017-08-11 10:30:00,0.9988888888888889,0.21087692168667035
2017-08-11 10:45:00,0.9988888888888889,0.1869394915451417
2017-08-11 11:00:00,0.9988888888888889,0.18983242286032537
2017-08-11 11:15:00,0.9988888888888889,0.1922698315036501
2017-08-11 11:30:00,0.9988888888888889,0.19265006235240986
2017-08-11 11:45:00,0.9988888888888889,0.1933980278289405
2017-08-11 12:00:00,0.9988888888888889,0.1947759632511305
2017-08-11 12:15:00,0.9988888888888889,0.19327520378306606
2017-08-11 12:30:00,0.041,0.19247676219996593
2017-08-11 12:45:00,0.9988888888888889,0.1959682610091587
2017-08-11 13:00:00,0.9988888888888889,0.1957630036526053
2017-08-11 13:15:00,0.9988888888888889,0.19588227866870322
2017-08-11 13:30:00,0.9988888888888889,0.20299410904035528
2017-08-11 13:45:00,0.9988888888888889,0.22860848399097786
2017-08-11 14:00:00,0.9988888888888889,0.2617924080792621
2017-08-11 14:15:00,0.9988888888888889,0.2534779183702833
2017-08-11 14:30:00,0.9988888888888889,0.24479823590730102
2017-08-11 14:45:00,0.9988888888888889,0.2427656938368739
2017-08-11 15:00:00,0.9988888888888889,0.23340271090719483
2017-08-11 15:15:00,0.9988888888888889,0.26342453531507304
2017-08-11 15:30:00,0.9988888888888889,0.29865542342707024
2017-08-11 15:45:00,0.9988888888888889,0.3310955957388669
2017-08-11 16:00:00,0.9988888888888889,0.36940496787346616
2017-08-11 16:15:00,0.9988888888888889,0.3830572939373298
2017-08-11 16:30:00,0.9988888888888889,0.4013961972584396
2017-08-11 16:45:00,0.9988888888888889,0.40783183292494785
2017-08-11 17:00:00,0.9988888888888889,0.41961974800607593
2017-08-11 17:15:00,0.9988888888888889,0.4450886203886234
2017-08-11 17:30:00,0.9988888888888889,0.46813689885572907
2017-08-11 17:45:00,0.4536363636363636,0.49473493115670036
2017-08-11 18:00:00,0.4536363636363636,0.5075125771964869
2017-08-11 18:15:00,0.4536363636363636,0.5152263859512969
2017-08-11 18:30:00,0.9988888888888889,0.4994238708575001
2017-08-11 18:45:00,0.9988888888888889,0.49344779713804876
2017-08-11 19:00:00,0.4536363636363636,0.5722924080327464
2017-08-11 19:15:00,0.9988888888888889,0.519968016221156
2017-08-11 19:30:00,0.9988888888888889,0.5285121056182741
2017-08-11 19:45:00,0.9988888888888889,0.5368892567837164
2017-08-11 20:00:00,0.9988888888888889,0.5427416157682167
2017-08-11 20:15:00,0.9988888888888889,0.5552451703795162
2017-08-11 20:30:00,0.4536363636363636,0.5650300628727237
2017-08-11 20:45:00,0.9988888888888889,0.5470449688317564
2017-08-11 21:00:00,0.9988888888888889,0.5331676453212921
2017-08-11 21:15:00,0.9988888888888889,0.5346960105958569
2017-08-11 21:30:00,0.9988888888888889,0.5265685055213492
2017-08-11 21:45:00,0.9988888888888889,0.5260161623015156
2017-08-11 22:00:00,0.9988888888888889,0.5238802548692831
2017-08-11 22:15:00,0.9988888888888889,0.5134063523734435
2017-08-11 22:30:00,0.9988888888888889,0.498856167752168
2017-08-11 22:45:00,0.9988888888888889,0.48542599539670156
2017-08-11 23:00:00,0.9988888888888889,0.46526132477097704
2017-08-11 23:15:00,0.9988888888888889,0.4420165786222086
2017-08-11 23:30:00,0.9988888888888889,0.41354933143275197
2017-08-11 23:45:00,0.9988888888888889,0.3830924232035226
2017-08-12 00:00:00,0.9319776714513556,0.3550940517761107
2017-08-12 00:15:00,0.9319776714513556,0.34370141941090904
2017-08-12 00:30:00,0.9319776714513556,0.3319380200545288
2017-08-12 00:45:00,0.9319776714513556,0.32557073906883643
2017-08-12 01:00:00,0.9319776714513556,0.31700685835895964
2017-08-12 01:15:00,0.9319776714513556,0.2975518002630863
2017-08-12 01:30:00,0.9319776714513556,0.2772808405156476
2017-08-12 01:45:00,0.9319776714513556,0.2587055268906155
2017-08-12 02:00:00,0.9319776714513556,0.24072054445535646
2017-08-12 02:15:00,0.9319776714513556,0.24118023401208594
2017-08-12 02:30:00,0.9319776714513556,0.2374216463931462
2017-08-12 02:45:00,0.9319776714513556,0.23433449014063282
2017-08-12 03:00:00,0.9319776714513556,0.23514023945067655
2017-08-12 03:15:00,0.9319776714513556,0.23834193536958825
2017-08-12 03:30:00,0.9319776714513556,0.2410186317183173
2017-08-12 03:45:00,0.9319776714513556,0.24173128204275587
2017-08-12 04:00:00,0.9319776714513556,0.25020345257290266
2017-08-12 04:15:00,0.9319776714513556,0.23351553991472934
2017-08-12 04:30:00,0.9319776714513556,0.21960064784607228
2017-08-12 04:45:00,0.9319776714513556,0.20165737133744302
2017-08-12 05:00:00,0.9319776714513556,0.19365260561844033
2017-08-12 05:15:00,0.9319776714513556,0.18606700594124836
2017-08-12 05:30:00,0.041,0.17858617455459558
2017-08-12 05:45:00,0.041,0.17697238047003638
2017-08-12 06:00:00,0.041,0.17397904785639692
2017-08-12 06:15:00,0.041,0.17032022600161717
2017-08-12 06:30:00,0.041,0.16757429498562393
2017-08-12 06:45:00,0.041,0.16405954300529574
2017-08-12 07:00:00,0.041,0.1612447227722551
2017-08-12 07:15:00,0.041,0.1596034688033482
2017-08-12 07:30:00,0.041,0.15793991501351082
2017-08-12 07:45:00,0.041,0.15691036158157515
2017-08-12 08:00:00,0.041,0.15681132633922948
2017-08-12 08:15:00,0.041,0.1545605197873067
2017-08-12 08:30:00,0.041,0.1534560674066097
2017-08-12 08:45:00,0.041,0.151673672359095
2017-08-12 09:00:00,0.041,0.15114575616052411
2017-08-12 09:15:00,0.041,0.15029778551861497
2017-08-12 09:30:00,0.041,0.14926795813564075
2017-08-12 09:45:00,0.041,0.1496559179496404
2017-08-12 10:00:00,0.041,0.1544735998367801
2017-08-12 10:15:00,0.041,0.15325135292068348
2017-08-12 10:30:00,0.041,0.1468874745391613
2017-08-12 10:45:00,0.041,0.14591341289060775
2017-08-12 11:00:00,0.041,0.14559477227038725
2017-08-12 11:15:00,0.041,0.14636372357450494
2017-08-12 11:30:00,0.041,0.14671468622490833
2017-08-12 11:45:00,0.041,0.1471113541711146
2017-08-12 12:00:00,0.041,0.14789649256447068
2017-08-12 12:15:00,0.041,0.14873592474518565
2017-08-12 12:30:00,0.041,0.15076860910257894
2017-08-12 12:45:00,0.041,0.15960381423657766
2017-08-12 13:00:00,0.041,0.15351235855930714
2017-08-12 13:15:00,0.041,0.16002552874223014
2017-08-12 13:30:00,0.041,0.15935860876736274
2017-08-12 13:45:00,0.041,0.1523111131197436
2017-08-12 14:00:00,0.041,0.15116857489450278
2017-08-12 14:15:00,0.041,0.15194001093182413
2017-08-12 14:30:00,0.041,0.15140448780771396
2017-08-12 14:45:00,0.041,0.1513283314964693
2017-08-12 15:00:00,0.041,0.15131989618631128
2017-08-12 15:15:00,0.041,0.15125332964458682
2017-08-12 15:30:00,0.041,0.15254952814458528
2017-08-12 15:45:00,0.041,0.15182032805173906
2017-08-12 16:00:00,0.041,0.1515103928438037
2017-08-12 16:15:00,0.041,0.14923583931559192
2017-08-12 16:30:00,0.041,0.1475830240304577
2017-08-12 16:45:00,0.041,0.14653894452258107
2017-08-12 17:00:00,0.041,0.14509222417547316
2017-08-12 17:15:00,0.9319776714513556,0.1885059868575617
2017-08-12 17:30:00,0.9319776714513556,0.23149272134644505
2017-08-12 17:45:00,0.9319776714513556,0.29415333509839586
2017-08-12 18:00:00,0.9319776714513556,0.333345666662569
2017-08-12 18:15:00,0.9319776714513556,0.35363000030094155
2017-08-12 18:30:00,0.9319776714513556,0.3654864841979803
2017-08-12 18:45:00,0.9319776714513556,0.3524227324651371
2017-08-12 19:00:00,0.9319776714513556,0.36265927923039953
2017-08-12 19:15:00,0.9319776714513556,0.38031649316210936
2017-08-12 19:30:00,0.9319776714513556,0.3837143899059709
2017-08-12 19:45:00,0.9319776714513556,0.37092918397241714
2017-08-12 20:00:00,0.9319776714513556,0.3753507896118738
2017-08-12 20:15:00,0.9319776714513556,0.39001698080877384
2017-08-12 20:30:00,0.9319776714513556,0.3840340428213191
2017-08-12 20:45:00,0.9319776714513556,0.3935139925065339
2017-08-12 21:00:00,0.9319776714513556,0.40547002378272573
2017-08-12 21:15:00,0.9319776714513556,0.396458299798648
2017-08-12 21:30:00,0.9319776714513556,0.3797108414808002
2017-08-12 21:45:00,0.9319776714513556,0.3645641918153289
2017-08-12 22:00:00,0.9319776714513556,0.35308708623812346
2017-08-12 22:15:00,0.9319776714513556,0.3714824208179818
2017-08-12 22:30:00,0.9319776714513556,0.3779302018760794
2017-08-12 22:45:00,0.9319776714513556,0.3863837580317431
2017-08-12 23:00:00,0.9319776714513556,0.39275803871693116
2017-08-12 23:15:00,0.9319776714513556,0.38920682737460505
2017-08-12 23:30:00,0.9319776714513556,0.3803655515286093
2017-08-12 23:45:00,0.9319776714513556,0.38039108573235136
2017-08-13 00:00:00,0.9893301435406698,0.3700398682098478
2017-08-13 00:15:00,0.9893301435406698,0.3386660443813193
2017-08-13 00:30:00,0.9893301435406698,0.30971902244396393
2017-08-13 00:45:00,0.9893301435406698,0.2918038955386691
2017-08-13 01:00:00,0.9893301435406698,0.29553174685352995
2017-08-13 01:15:00,0.9893301435406698,0.29527930399973773
2017-08-13 01:30:00,0.9893301435406698,0.29868723652490753
2017-08-13 01:45:00,0.9893301435406698,0.29772567978525616
2017-08-13 02:00:00,0.9893301435406698,0.29724864461776207
2017-08-13 02:15:00,0.9893301435406698,0.2966545181369501
2017-08-13 02:30:00,0.9893301435406698,0.2976317391860141
2017-08-13 02:45:00,0.9893301435406698,0.2973688312447471
2017-08-13 03:00:00,0.9893301435406698,0.29543109862351374
2017-08-13 03:15:00,0.041,0.2956483152231573
2017-08-13 03:30:00,0.041,0.29602147582958627
2017-08-13 03:45:00,0.9893301435406698,0.2943012354343479
2017-08-13 04:00:00,0.9893301435406698,0.2888726656814554
2017-08-13 04:15:00,0.9893301435406698,0.2876517593897475
2017-08-13 04:30:00,0.9893301435406698,0.2866377273614861
2017-08-13 04:45:00,0.9893301435406698,0.2883163724484889
2017-08-13 05:00:00,0.041,0.2889265696175831
2017-08-13 05:15:00,0.041,0.28723057754857156
2017-08-13 05:30:00,0.041,0.28389533531162015
2017-08-13 05:45:00,0.041,0.28416179796141294
2017-08-13 06:00:00,0.041,0.2784191953192486
2017-08-13 06:15:00,0.041,0.27449264656184924
2017-08-13 06:30:00,0.041,0.26784912707381064
2017-08-13 06:45:00,0.041,0.2644410112269989
2017-08-13 07:00:00,0.041,0.26024106103237815
2017-08-13 07:15:00,0.041,0.25674018213211697
2017-08-13 07:30:00,0.041,0.2536718492935281
2017-08-13 07:45:00,0.041,0.25570468012633607
2017-08-13 08:00:00,0.041,0.25163725800945624
2017-08-13 08:15:00,0.041,0.24620763336345378
2017-08-13 08:30:00,0.041,0.24285118157299315
2017-08-13 08:45:00,0.041,0.24003978060101194
2017-08-13 09:00:00,0.041,0.2359051711248721
2017-08-13 09:15:00,0.041,0.23331402217683594
2017-08-13 09:30:00,0.041,0.23228275071338678
2017-08-13 09:45:00,0.041,0.2385907477955293
2017-08-13 10:00:00,0.041,0.23481667638268666
2017-08-13 10:15:00,0.041,0.23062332660123294
2017-08-13 10:30:00,0.041,0.222376383310978
2017-08-13 10:45:00,0.041,0.2212783630257099
2017-08-13 11:00:00,0.041,0.22280042149819343
2017-08-13 11:15:00,0.041,0.22438173538815098
2017-08-13 11:30:00,0.041,0.22694634372215133
2017-08-13 11:45:00,0.041,0.2293326584360039
2017-08-13 12:00:00,0.041,0.23056054774805315
2017-08-13 12:15:00,0.041,0.23162019794458513
2017-08-13 12:30:00,0.041,0.23338384533615797
2017-08-13 12:45:00,0.041,0.23209699950794602
2017-08-13 13:00:00,0.041,0.23254366327201414
2017-08-13 13:15:00,0.041,0.23173850833052384
2017-08-13 13:30:00,0.041,0.22852450657574208
2017-08-13 13:45:00,0.041,0.23138167947544694
2017-08-13 14:00:00,0.041,0.2354253835343478
2017-08-13 14:15:00,0.041,0.23640485654904178
2017-08-13 14:30:00,0.041,0.23580489549979788
2017-08-13 14:45:00,0.041,0.23654516687273575
2017-08-13 15:00:00,0.041,0.2347628361585244
2017-08-13 15:15:00,0.041,0.2374604661411151
2017-08-13 15:30:00,0.041,0.23365834233790927
2017-08-13 15:45:00,0.041,0.2329702459654562
2017-08-13 16:00:00,0.041,0.2283760919362458
2017-08-13 16:15:00,0.041,0.22598110091941231
2017-08-13 16:30:00,0.041,0.2241587450684492
2017-08-13 16:45:00,0.041,0.22099204389907368
2017-08-13 17:00:00,0.041,0.2202592342560481
2017-08-13 17:15:00,0.9893301435406698,0.26334314607020304
2017-08-13 17:30:00,0.9893301435406698,0.30734102829608806
2017-08-13 17:45:00,0.9893301435406698,0.3451467259596222
2017-08-13 18:00:00,0.9893301435406698,0.39943135908169064
2017-08-13 18:15:00,0.9893301435406698,0.44914316564180845
2017-08-13 18:30:00,0.9893301435406698,0.4842315430580249
2017-08-13 18:45:00,0.9893301435406698,0.5277899553806091
2017-08-13 19:00:00,0.9893301435406698,0.5686325067269873
2017-08-13 19:15:00,0.9893301435406698,0.5898857624862996
2017-08-13 19:30:00,0.9893301435406698,0.5892946640907654
2017-08-13 19:45:00,0.9893301435406698,0.5887215680934034
2017-08-13 20:00:00,0.9893301435406698,0.5941347481446316
2017-08-13 20:15:00,0.9893301435406698,0.5951587196884872
2017-08-13 20:30:00,0.9893301435406698,0.60345986144963
2017-08-13 20:45:00,0.9893301435406698,0.595305643429993
2017-08-13 21:00:00,0.9893301435406698,0.5852646377146378
2017-08-13 21:15:00,0.9893301435406698,0.5887124218803684
2017-08-13 21:30:00,0.9893301435406698,0.5873361670730924
2017-08-13 21:45:00,0.9893301435406698,0.5859370016604586
2017-08-13 22:00:00,0.9893301435406698,0.5835926977421638
2017-08-13 22:15:00,0.9893301435406698,0.570895190129404
2017-08-13 22:30:00,0.9893301435406698,0.5654058873171921
2017-08-13 22:45:00,0.9893301435406698,0.5629000113730784
2017-08-13 23:00:00,0.9893301435406698,0.5575376918603815
2017-08-13 23:15:00,0.9893301435406698,0.5466052395169565
2017-08-13 23:30:00,0.9893301435406698,0.5371065046094627
2017-08-13 23:45:00,0.9893301435406698,0.5253654942246981
2017-08-14 00:00:00,0.9988888888888889,0.5094710541794529
2017-08-14 00:15:00,0.9988888888888889,0.5032915442281309
2017-08-14 00:30:00,0.9988888888888889,0.49852237459015775
2017-08-14 00:45:00,0.9988888888888889,0.49291496402327833
2017-08-14 01:00:00,0.9988888888888889,0.4866097695925501
2017-08-14 01:15:00,0.9988888888888889,0.48714328807503043
2017-08-14 01:30:00,0.9988888888888889,0.48708139074339024
2017-08-14 01:45:00,0.9988888888888889,0.48625440710198553
2017-08-14 02:00:00,0.9988888888888889,0.4850705762868837
2017-08-14 02:15:00,0.9988888888888889,0.48572547274425953
2017-08-14 02:30:00,0.9988888888888889,0.4887219321125922
2017-08-14 02:45:00,0.9988888888888889,0.4889941056348879
2017-08-14 03:00:00,0.9988888888888889,0.49440802777746495
2017-08-14 03:15:00,0.9988888888888889,0.4944674687745544
2017-08-14 03:30:00,0.9988888888888889,0.49763311457838433
2017-08-14 03:45:00,0.9988888888888889,0.5031373285277756
2017-08-14 04:00:00,0.9988888888888889,0.515430264942592
2017-08-14 04:15:00,0.9988888888888889,0.5179300118627141
2017-08-14 04:30:00,0.9988888888888889,0.5207475353429125
2017-08-14 04:45:00,0.9988888888888889,0.5268906123544022
2017-08-14 05:00:00,0.9988888888888889,0.5434308187994804
2017-08-14 05:15:00,0.9988888888888889,0.5473697426623798
2017-08-14 05:30:00,0.9988888888888889,0.5503971655690075
2017-08-14 05:45:00,0.9988888888888889,0.5524538836524909
2017-08-14 06:00:00,0.9988888888888889,0.5586073461770454
2017-08-14 06:15:00,0.9988888888888889,0.5263429529085399
2017-08-14 06:30:00,0.9988888888888889,0.49583679310390943
2017-08-14 06:45:00,0.9988888888888889,0.4639026863943189
2017-08-14 07:00:00,0.9988888888888889,0.4361783195431801
2017-08-14 07:15:00,0.9988888888888889,0.4038495132980218
2017-08-14 07:30:00,0.9988888888888889,0.3895667758642477
2017-08-14 07:45:00,0.9988888888888889,0.3599303058374496
2017-08-14 08:00:00,0.9988888888888889,0.33256075231586235
2017-08-14 08:15:00,0.9988888888888889,0.3216562790539389
2017-08-14 08:30:00,0.9988888888888889,0.3042755723318032
2017-08-14 08:45:00,0.9988888888888889,0.2877019540087504
2017-08-14 09:00:00,0.9988888888888889,0.27051009987539637
2017-08-14 09:15:00,0.9988888888888889,0.25758835117067724
2017-08-14 09:30:00,0.9988888888888889,0.25416132160940225
2017-08-14 09:45:00,0.9988888888888889,0.2602041915138621
2017-08-14 10:00:00,0.9988888888888889,0.2530223734929116
2017-08-14 10:15:00,0.9988888888888889,0.24545149046263653
2017-08-14 10:30:00,0.9988888888888889,0.24839747032309598
2017-08-14 10:45:00,0.9988888888888889,0.25272180472344613
2017-08-14 11:00:00,0.9988888888888889,0.2548769925200667
2017-08-14 11:15:00,0.9988888888888889,0.2567890944159957
2017-08-14 11:30:00,0.9988888888888889,0.2567483903410731
2017-08-14 11:45:00,0.9988888888888889,0.25742793582944457
2017-08-14 12:00:00,0.9988888888888889,0.24486620231306103
2017-08-14 12:15:00,0.9988888888888889,0.24961963010096455
2017-08-14 12:30:00,0.9988888888888889,0.2591247498141236
2017-08-14 12:45:00,0.9988888888888889,0.2664178894577405
2017-08-14 13:00:00,0.9988888888888889,0.2814141641396673
2017-08-14 13:15:00,0.9988888888888889,0.29504930202557095
2017-08-14 13:30:00,0.9988888888888889,0.31322279320494467
2017-08-14 13:45:00,0.9988888888888889,0.3283551931721512
2017-08-14 14:00:00,0.9988888888888889,0.3421194567915767
2017-08-14 14:15:00,0.9988888888888889,0.3492318493400227
2017-08-14 14:30:00,0.9988888888888889,0.35974452454088196
2017-08-14 14:45:00,0.9988888888888889,0.3671412265000637
2017-08-14 15:00:00,0.9988888888888889,0.3776775818947857
2017-08-14 15:15:00,0.9988888888888889,0.3874051307003236
2017-08-14 15:30:00,0.9988888888888889,0.39035424167131366
2017-08-14 15:45:00,0.9988888888888889,0.403497496946055
2017-08-14 16:00:00,0.9988888888888889,0.4159541259997869
2017-08-14 16:15:00,0.9988888888888889,0.44711099445885855
2017-08-14 16:30:00,0.9988888888888889,0.47071288223747804
2017-08-14 16:45:00,0.9988888888888889,0.4965936822083576
2017-08-14 17:00:00,0.33704061895551257,0.510669769330005
2017-08-14 17:15:00,0.3449709864603482,0.5237129799526342
2017-08-14 17:30:00,0.356073500967118,0.5375588029269368
2017-08-14 17:45:00,0.356073500967118,0.537268681158805
2017-08-14 18:00:00,0.356073500967118,0.5441562210850406
2017-08-14 18:15:00,0.356073500967118,0.5481874203162616
2017-08-14 18:30:00,0.356073500967118,0.5453544559464889
2017-08-14 18:45:00,0.356073500967118,0.5460945360746722
2017-08-14 19:00:00,0.356073500967118,0.5635452681623383
2017-08-14 19:15:00,0.4536363636363636,0.586769318129768
2017-08-14 19:30:00,0.356073500967118,0.5851936232295705
2017-08-14 19:45:00,0.356073500967118,0.5902672603010425
2017-08-14 20:00:00,0.356073500967118,0.5959262464825344
2017-08-14 20:15:00,0.356073500967118,0.5986332466529873
2017-08-14 20:30:00,0.35290135396518374,0.6069974297147646
2017-08-14 20:45:00,0.3481431334622824,0.6079757167723491
2017-08-14 21:00:00,0.34655705996131525,0.6132588128869371
2017-08-14 21:15:00,0.3417988394584139,0.6155666559398731
2017-08-14 21:30:00,0.3386266924564797,0.6190044325912302
2017-08-14 21:45:00,0.33545454545454545,0.6216069373741535
2017-08-14 22:00:00,0.9988888888888889,0.6188825271707614
2017-08-14 22:15:00,0.9988888888888889,0.6137081792936739
2017-08-14 22:30:00,0.9988888888888889,0.6063937493904126
2017-08-14 22:45:00,0.9988888888888889,0.6001065663130489
2017-08-14 23:00:00,0.9988888888888889,0.5938400384919065
2017-08-14 23:15:00,0.9988888888888889,0.5983266731408559
2017-08-14 23:30:00,0.9988888888888889,0.6048121389673667
2017-08-14 23:45:00,0.9988888888888889,0.6095639970956462
2017-08-15 00:00:00,0.9988888888888889,0.6138345345934461
2017-08-15 00:15:00,0.9988888888888889,0.6066746715885346
2017-08-15 00:30:00,0.9988888888888889,0.5998063884486379
2017-08-15 00:45:00,0.9988888888888889,0.5907969298029235
2017-08-15 01:00:00,0.9988888888888889,0.5807688522044419
2017-08-15 01:15:00,0.9988888888888889,0.5747548307789763
2017-08-15 01:30:00,0.9988888888888889,0.5662274472734505
2017-08-15 01:45:00,0.9988888888888889,0.5613516785396779
2017-08-15 02:00:00,0.9988888888888889,0.5537815217404076
2017-08-15 02:15:00,0.9988888888888889,0.5399915373384855
2017-08-15 02:30:00,0.9988888888888889,0.5282681927043192
2017-08-15 02:45:00,0.9988888888888889,0.5167980463766318
2017-08-15 03:00:00,0.9988888888888889,0.5050280324524116
2017-08-15 03:15:00,0.9988888888888889,0.5148163335266503
2017-08-15 03:30:00,0.9988888888888889,0.5254954046044306
2017-08-15 03:45:00,0.9988888888888889,0.5363698819493704
2017-08-15 04:00:00,0.9988888888888889,0.5536651673631532
2017-08-15 04:15:00,0.9988888888888889,0.5624234180733625
2017-08-15 04:30:00,0.9988888888888889,0.572055786866729
2017-08-15 04:45:00,0.9988888888888889,0.5805288150724484
2017-08-15 05:00:00,0.9988888888888889,0.5992607242627223
2017-08-15 05:15:00,0.9988888888888889,0.5852197427005972
2017-08-15 05:30:00,0.9988888888888889,0.5699680630155554
2017-08-15 05:45:00,0.9988888888888889,0.553952995322469
2017-08-15 06:00:00,0.9988888888888889,0.5413664320338176
2017-08-15 06:15:00,0.9988888888888889,0.5061230388675699
2017-08-15 06:30:00,0.9988888888888889,0.4715152174807736
2017-08-15 06:45:00,0.9988888888888889,0.43531980026518813
2017-08-15 07:00:00,0.9988888888888889,0.3964805397068745
2017-08-15 07:15:00,0.9988888888888889,0.3533467190897462
2017-08-15 07:30:00,0.9988888888888889,0.31488367036178866
2017-08-15 07:45:00,0.9988888888888889,0.27341530387107665
2017-08-15 08:00:00,0.9988888888888889,0.23128975406363025
2017-08-15 08:15:00,0.041,0.19721267786000876
2017-08-15 08:30:00,0.041,0.19474721839948556
2017-08-15 08:45:00,0.041,0.19537250457428082
2017-08-15 09:00:00,0.041,0.19313282650730623
2017-08-15 09:15:00,0.041,0.1925309125674078
2017-08-15 09:30:00,0.041,0.19047467713248012
2017-08-15 09:45:00,0.041,0.18877564157746587
2017-08-15 10:00:00,0.041,0.18780947498961467
2017-08-15 10:15:00,0.041,0.1870559702186627
2017-08-15 10:30:00,0.041,0.18645968164543278
2017-08-15 10:45:00,0.041,0.18690603315425336
2017-08-15 11:00:00,0.041,0.1884431740120998
2017-08-15 11:15:00,0.041,0.1893042226400112
2017-08-15 11:30:00,0.041,0.1902633624877389
2017-08-15 11:45:00,0.041,0.19002020946404172
2017-08-15 12:00:00,0.041,0.19560741240763319
2017-08-15 12:15:00,0.041,0.19564181029818253
2017-08-15 12:30:00,0.041,0.195838155764916
2017-08-15 12:45:00,0.041,0.1965836029967509
2017-08-15 13:00:00,0.041,0.19620888204074052
2017-08-15 13:15:00,0.041,0.19111979174039218
2017-08-15 13:30:00,0.041,0.19121190974032148
2017-08-15 13:45:00,0.041,0.1923948807234346
2017-08-15 14:00:00,0.041,0.19279041942735795
2017-08-15 14:15:00,0.041,0.19306205746901067
2017-08-15 14:30:00,0.041,0.19310669565636976
2017-08-15 14:45:00,0.041,0.19591619235363114
2017-08-15 15:00:00,0.041,0.19592605955400474
2017-08-15 15:15:00,0.041,0.19521613580922115
2017-08-15 15:30:00,0.041,0.19688335961913545
2017-08-15 15:45:00,0.9988888888888889,0.20937765417175583
2017-08-15 16:00:00,0.9988888888888889,0.24028979231497236
2017-08-15 16:15:00,0.9988888888888889,0.287503894330612
2017-08-15 16:30:00,0.9988888888888889,0.331247170280286
2017-08-15 16:45:00,0.9988888888888889,0.36627059732356015
2017-08-15 17:00:00,0.9988888888888889,0.4022552646938694
2017-08-15 17:15:00,0.9988888888888889,0.4477320571290095
2017-08-15 17:30:00,0.33545454545454545,0.4907826714965655
2017-08-15 17:45:00,0.3417988394584139,0.508572681495387
2017-08-15 18:00:00,0.3481431334622824,0.526648457096665
2017-08-15 18:15:00,0.3481431334622824,0.5268916060059439
2017-08-15 18:30:00,0.3481431334622824,0.5278718190043363
2017-08-15 18:45:00,0.3481431334622824,0.5312705359853215
2017-08-15 19:00:00,0.3481431334622824,0.5338353844685194
2017-08-15 19:15:00,0.3481431334622824,0.5452672163193482
2017-08-15 19:30:00,0.3481431334622824,0.5505088862896208
2017-08-15 19:45:00,0.3481431334622824,0.5557580616063964
2017-08-15 20:00:00,0.3481431334622824,0.555608559378139
2017-08-15 20:15:00,0.3481431334622824,0.5629276455546773
2017-08-15 20:30:00,0.3481431334622824,0.5793736545001131
2017-08-15 20:45:00,0.3481431334622824,0.5883633075464886
2017-08-15 21:00:00,0.3481431334622824,0.598541047122758
2017-08-15 21:15:00,0.3481431334622824,0.612928785102327
2017-08-15 21:30:00,0.343384912959381,0.6164467285072838
2017-08-15 21:45:00,0.3402127659574468,0.6191087677894772
2017-08-15 22:00:00,0.33545454545454545,0.6235449380146829
2017-08-15 22:15:00,0.9988888888888889,0.6063873403518182
2017-08-15 22:30:00,0.9988888888888889,0.5892313442443103
2017-08-15 22:45:00,0.9988888888888889,0.5755621445958428
2017-08-15 23:00:00,0.9988888888888889,0.5571405284378612
2017-08-15 23:15:00,0.9988888888888889,0.5472575306582254
2017-08-15 23:30:00,0.9988888888888889,0.5347378019947778
2017-08-15 23:45:00,0.9988888888888889,0.5259159915249058
2017-08-16 00:00:00,0.9988888888888889,0.5134801527681825
2017-08-16 00:15:00,0.9988888888888889,0.5086142102425948
2017-08-16 00:30:00,0.9988888888888889,0.5035686535692441
2017-08-16 00:45:00,0.9988888888888889,0.4973949081958573
2017-08-16 01:00:00,0.9988888888888889,0.49004539744473885
2017-08-16 01:15:00,0.9988888888888889,0.4691166022374777
2017-08-16 01:30:00,0.9988888888888889,0.45107881202791394
2017-08-16 01:45:00,0.9988888888888889,0.4379667993295868
2017-08-16 02:00:00,0.9988888888888889,0.4445657035193501
2017-08-16 02:15:00,0.9988888888888889,0.4270879436879828
2017-08-16 02:30:00,0.9988888888888889,0.4227717577976704
2017-08-16 02:45:00,0.9988888888888889,0.42325544116640856
2017-08-16 03:00:00,0.9988888888888889,0.42634248546129455
2017-08-16 03:15:00,0.9988888888888889,0.4388974317475642
2017-08-16 03:30:00,0.9988888888888889,0.46257581241644985
2017-08-16 03:45:00,0.9988888888888889,0.4888001709229201
2017-08-16 04:00:00,0.9988888888888889,0.5225808366771535
2017-08-16 04:15:00,0.9988888888888889,0.507555042444279
2017-08-16 04:30:00,0.9988888888888889,0.496091922814494
2017-08-16 04:45:00,0.9988888888888889,0.486845053415853
2017-08-16 05:00:00,0.9988888888888889,0.48781111363002466
2017-08-16 05:15:00,0.9988888888888889,0.5081623551809181
2017-08-16 05:30:00,0.9988888888888889,0.5277117126454028
2017-08-16 05:45:00,0.9988888888888889,0.546044612484602
2017-08-16 06:00:00,0.9988888888888889,0.5382865035921531
2017-08-16 06:15:00,0.9988888888888889,0.5296815734489089
2017-08-16 06:30:00,0.9988888888888889,0.4970216134829301
2017-08-16 06:45:00,0.9988888888888889,0.4641602258444677
2017-08-16 07:00:00,0.9988888888888889,0.43192759990612883
2017-08-16 07:15:00,0.9988888888888889,0.3972651730852373
2017-08-16 07:30:00,0.9988888888888889,0.36058347782686984
2017-08-16 07:45:00,0.9988888888888889,0.3257856855327602
2017-08-16 08:00:00,0.9988888888888889,0.2877238316156684
2017-08-16 08:15:00,0.9988888888888889,0.2596160245925103
2017-08-16 08:30:00,0.9988888888888889,0.23236252844960134
2017-08-16 08:45:00,0.9988888888888889,0.202426176925908
2017-08-16 09:00:00,0.041,0.18777593404824114
2017-08-16 09:15:00,0.041,0.18702117748374583
2017-08-16 09:30:00,0.041,0.18557164206065882
2017-08-16 09:45:00,0.041,0.18504949450707317
2017-08-16 10:00:00,0.041,0.18306711029508774
2017-08-16 10:15:00,0.041,0.18205531426440982
2017-08-16 10:30:00,0.041,0.18200678305876006
2017-08-16 10:45:00,0.041,0.18227078955577808
2017-08-16 11:00:00,0.041,0.18370192151900716
2017-08-16 11:15:00,0.041,0.18396902495068174
2017-08-16 11:30:00,0.041,0.18434952962350643
2017-08-16 11:45:00,0.041,0.18421516417607522
2017-08-16 12:00:00,0.041,0.1843789008597422
2017-08-16 12:15:00,0.041,0.18447750352827263
2017-08-16 12:30:00,0.041,0.18580518097790782
2017-08-16 12:45:00,0.041,0.18747693721996106
2017-08-16 13:00:00,0.041,0.19389965582974578
2017-08-16 13:15:00,0.041,0.18885929932262768
2017-08-16 13:30:00,0.041,0.19251031438700933
2017-08-16 13:45:00,0.041,0.19261953356948178
2017-08-16 14:00:00,0.041,0.19308731507597407
2017-08-16 14:15:00,0.9988888888888889,0.19260225395872266
2017-08-16 14:30:00,0.041,0.1892956165556302
2017-08-16 14:45:00,0.041,0.1905486950625781
2017-08-16 15:00:00,0.9988888888888889,0.21164378903778386
2017-08-16 15:15:00,0.9988888888888889,0.23567587945606674
2017-08-16 15:30:00,0.9988888888888889,0.26035830536393917
2017-08-16 15:45:00,0.9988888888888889,0.288624340395895
2017-08-16 16:00:00,0.9988888888888889,0.3223205575878814
2017-08-16 16:15:00,0.9988888888888889,0.3390307443914452
2017-08-16 16:30:00,0.9988888888888889,0.35709174318747894
2017-08-16 16:45:00,0.9988888888888889,0.3698500642799139
2017-08-16 17:00:00,0.9988888888888889,0.3769541964227586
2017-08-16 17:15:00,0.9988888888888889,0.422401238138142
2017-08-16 17:30:00,0.9988888888888889,0.47139791097611794
2017-08-16 17:45:00,0.3402127659574468,0.49523361833642315
2017-08-16 18:00:00,0.3481431334622824,0.5113972497631867
2017-08-16 18:15:00,0.3481431334622824,0.513987590285673
2017-08-16 18:30:00,0.3481431334622824,0.5192497467198837
2017-08-16 18:45:00,0.3481431334622824,0.5248652225053796
2017-08-16 19:00:00,0.3481431334622824,0.5308914300513892
2017-08-16 19:15:00,0.3481431334622824,0.5403032054477664
2017-08-16 19:30:00,0.3481431334622824,0.5422340938490703
2017-08-16 19:45:00,0.3481431334622824,0.5410035799110061
2017-08-16 20:00:00,0.3481431334622824,0.5448362914031324
2017-08-16 20:15:00,0.3481431334622824,0.5509006381019583
2017-08-16 20:30:00,0.3481431334622824,0.5574945953102082
2017-08-16 20:45:00,0.3481431334622824,0.5686436614456013
2017-08-16 21:00:00,0.3481431334622824,0.5814909553178382
2017-08-16 21:15:00,0.3481431334622824,0.6014060728378603
2017-08-16 21:30:00,0.3481431334622824,0.6149348387338402
2017-08-16 21:45:00,0.3449709864603482,0.6222787200946971
2017-08-16 22:00:00,0.3417988394584139,0.6259810435804017
2017-08-16 22:15:00,0.3417988394584139,0.6302514288722498
2017-08-16 22:30:00,0.3402127659574468,0.6425274699096809
2017-08-16 22:45:00,0.3386266924564797,0.6521287743255147
2017-08-16 23:00:00,0.3386266924564797,0.6613942423589181
2017-08-16 23:15:00,0.3386266924564797,0.6642950261618366
2017-08-16 23:30:00,0.3386266924564797,0.6681815737271108
2017-08-16 23:45:00,0.3386266924564797,0.6653789883489126
2017-08-17 00:00:00,0.3402127659574468,0.6761006640115018
2017-08-17 00:15:00,0.3402127659574468,0.6790065881334695
2017-08-17 00:30:00,0.3402127659574468,0.6915536825528864
2017-08-17 00:45:00,0.3402127659574468,0.6986312539937746
2017-08-17 01:00:00,0.3402127659574468,0.7109993860997678
2017-08-17 01:15:00,0.3402127659574468,0.7135560764973693
2017-08-17 01:30:00,0.3402127659574468,0.7167021714093254
2017-08-17 01:45:00,0.3402127659574468,0.7200039738241968
2017-08-17 02:00:00,0.3402127659574468,0.7162613996011853
2017-08-17 02:15:00,0.3402127659574468,0.7162632866700114
2017-08-17 02:30:00,0.3402127659574468,0.714080385699531
2017-08-17 02:45:00,0.3402127659574468,0.7126985653949346
2017-08-17 03:00:00,0.3402127659574468,0.7054094711848277
2017-08-17 03:15:00,0.3402127659574468,0.6983962882226116
2017-08-17 03:30:00,0.3402127659574468,0.6895039190441494
2017-08-17 03:45:00,0.3402127659574468,0.6817894145232835
2017-08-17 04:00:00,0.3402127659574468,0.6568309527585928
2017-08-17 04:15:00,0.3402127659574468,0.6469904979452654
2017-08-17 04:30:00,0.343384912959381,0.6470688361663096
2017-08-17 04:45:00,0.343384912959381,0.6337363993153168
2017-08-17 05:00:00,0.343384912959381,0.6094318008909
2017-08-17 05:15:00,0.343384912959381,0.593194661784777
2017-08-17 05:30:00,0.343384912959381,0.575325065458023
2017-08-17 05:45:00,0.343384912959381,0.5658971177077394
2017-08-17 06:00:00,0.343384912959381,0.5503615519277725
2017-08-17 06:15:00,0.343384912959381,0.5386415371889492
2017-08-17 06:30:00,0.343384912959381,0.5263930840373123
2017-08-17 06:45:00,0.343384912959381,0.5226354479452627
2017-08-17 07:00:00,0.343384912959381,0.5157895792562194
2017-08-17 07:15:00,0.343384912959381,0.5149598552377749
2017-08-17 07:30:00,0.33704061895551257,0.5046749239633759
2017-08-17 07:45:00,0.9988888888888889,0.4822350554105806
2017-08-17 08:00:00,0.9988888888888889,0.4467016484020266
2017-08-17 08:15:00,0.9988888888888889,0.41910421703011425
2017-08-17 08:30:00,0.9988888888888889,0.39201640455419695
2017-08-17 08:45:00,0.9988888888888889,0.3626300832312439
2017-08-17 09:00:00,0.9988888888888889,0.33152939879789717
2017-08-17 09:15:00,0.9988888888888889,0.31068780790755607
2017-08-17 09:30:00,0.9988888888888889,0.2922659974882724
2017-08-17 09:45:00,0.9988888888888889,0.2679335055310041
2017-08-17 10:00:00,0.9988888888888889,0.24457877127144084
2017-08-17 10:15:00,0.9988888888888889,0.2195051914412426
2017-08-17 10:30:00,0.9988888888888889,0.19565528638021326
2017-08-17 10:45:00,0.041,0.1841722710152742
2017-08-17 11:00:00,0.9988888888888889,0.18610579279629383
2017-08-17 11:15:00,0.9988888888888889,0.18736412830989832
2017-08-17 11:30:00,0.041,0.18517816312899105
2017-08-17 11:45:00,0.041,0.1834732958195987
2017-08-17 12:00:00,0.041,0.18761195191466423
2017-08-17 12:15:00,0.9988888888888889,0.18729743906392568
2017-08-17 12:30:00,0.9988888888888889,0.18750167504598422
2017-08-17 12:45:00,0.9988888888888889,0.18735944534982235
2017-08-17 13:00:00,0.9988888888888889,0.18798450163566802
2017-08-17 13:15:00,0.041,0.18428875742227147
2017-08-17 13:30:00,0.041,0.1848844252330123
2017-08-17 13:45:00,0.041,0.1852785855585735
2017-08-17 14:00:00,0.041,0.184454659429535
2017-08-17 14:15:00,0.041,0.185068251764845
2017-08-17 14:30:00,0.041,0.1839206537081416
2017-08-17 14:45:00,0.041,0.18535640563765718
2017-08-17 15:00:00,0.041,0.18396081531280814
2017-08-17 15:15:00,0.041,0.1865144720010666
2017-08-17 15:30:00,0.041,0.18610760012858998
2017-08-17 15:45:00,0.9988888888888889,0.19733992396458308
2017-08-17 16:00:00,0.9988888888888889,0.23050604566803778
2017-08-17 16:15:00,0.9988888888888889,0.2418071384722542
2017-08-17 16:30:00,0.9988888888888889,0.2611137600183591
2017-08-17 16:45:00,0.9988888888888889,0.2736175586435902
2017-08-17 17:00:00,0.9988888888888889,0.2834154081739865
2017-08-17 17:15:00,0.9988888888888889,0.32919348849133073
2017-08-17 17:30:00,0.9988888888888889,0.38069060462923576
2017-08-17 17:45:00,0.9988888888888889,0.4269673972529406
2017-08-17 18:00:00,0.9988888888888889,0.4700546445524653
2017-08-17 18:15:00,0.3402127659574468,0.48694139148867577
2017-08-17 18:30:00,0.3481431334622824,0.5000226726473097
2017-08-17 18:45:00,0.3481431334622824,0.513773408081081
2017-08-17 19:00:00,0.3481431334622824,0.5209898959078199
2017-08-17 19:15:00,0.3481431334622824,0.522680252069337
2017-08-17 19:30:00,0.3481431334622824,0.5201119483065919
2017-08-17 19:45:00,0.3481431334622824,0.5240267815614829
2017-08-17 20:00:00,0.3481431334622824,0.5324129146533508
2017-08-17 20:15:00,0.3481431334622824,0.5417413675542732
2017-08-17 20:30:00,0.3481431334622824,0.5535195193377251
2017-08-17 20:45:00,0.3481431334622824,0.5690262700286469
2017-08-17 21:00:00,0.4536363636363636,0.5921333420893583
2017-08-17 21:15:00,0.4536363636363636,0.5973661274398442
2017-08-17 21:30:00,0.3449709864603482,0.6045583390695406
2017-08-17 21:45:00,0.4536363636363636,0.6058582959260039
2017-08-17 22:00:00,0.3402127659574468,0.6132458424074763
2017-08-17 22:15:00,0.33545454545454545,0.6192800135532633
2017-08-17 22:30:00,0.33545454545454545,0.6225365600641194
2017-08-17 22:45:00,0.33545454545454545,0.6214693680602715
2017-08-17 23:00:00,0.33545454545454545,0.6323572719353585
2017-08-17 23:15:00,0.33545454545454545,0.642197556463698
2017-08-17 23:30:00,0.33545454545454545,0.6504600351661727
2017-08-17 23:45:00,0.33545454545454545,0.6589797360936103
2017-08-18 00:00:00,0.343384912959381,0.6720295072590403
2017-08-18 00:15:00,0.343384912959381,0.6733245995850609
2017-08-18 00:30:00,0.343384912959381,0.6766629938728174
2017-08-18 00:45:00,0.343384912959381,0.6854248963515946
2017-08-18 01:00:00,0.343384912959381,0.6957726701177659
2017-08-18 01:15:00,0.343384912959381,0.6915452666556395
2017-08-18 01:30:00,0.343384912959381,0.6945838773312947
2017-08-18 01:45:00,0.343384912959381,0.6919425893039576
2017-08-18 02:00:00,0.343384912959381,0.693275805431831
2017-08-18 02:15:00,0.343384912959381,0.6896516546887161
2017-08-18 02:30:00,0.343384912959381,0.6894010975913708
2017-08-18 02:45:00,0.343384912959381,0.6939299590752581
2017-08-18 03:00:00,0.343384912959381,0.6909782163759202
2017-08-18 03:15:00,0.343384912959381,0.6846913789746334
2017-08-18 03:30:00,0.343384912959381,0.6783392305671676
2017-08-18 03:45:00,0.343384912959381,0.677744521414741
2017-08-18 04:00:00,0.343384912959381,0.6704700337708094
2017-08-18 04:15:00,0.343384912959381,0.6612901951020045
2017-08-18 04:30:00,0.343384912959381,0.6558658456242131
2017-08-18 04:45:00,0.343384912959381,0.644812719749911
2017-08-18 05:00:00,0.343384912959381,0.6045420094412672
2017-08-18 05:15:00,0.343384912959381,0.5874985560360597
2017-08-18 05:30:00,0.343384912959381,0.5691857100006724
2017-08-18 05:45:00,0.343384912959381,0.5535528649812296
2017-08-18 06:00:00,0.343384912959381,0.5397402607581505
2017-08-18 06:15:00,0.343384912959381,0.5300957179104984
2017-08-18 06:30:00,0.343384912959381,0.523208210304335
2017-08-18 06:45:00,0.343384912959381,0.5240650873063528
2017-08-18 07:00:00,0.343384912959381,0.5178244968522143
2017-08-18 07:15:00,0.33545454545454545,0.4981574048102713
2017-08-18 07:30:00,0.9988888888888889,0.4485925899702519
2017-08-18 07:45:00,0.9988888888888889,0.40009785246234886
2017-08-18 08:00:00,0.9988888888888889,0.3363261781389209
2017-08-18 08:15:00,0.9988888888888889,0.2873150286327607
2017-08-18 08:30:00,0.9988888888888889,0.24818337508483038
2017-08-18 08:45:00,0.9988888888888889,0.2050769121679502
2017-08-18 09:00:00,0.041,0.1894005844847949
2017-08-18 09:15:00,0.041,0.18693745365300596
2017-08-18 09:30:00,0.9988888888888889,0.18872642920541305
2017-08-18 09:45:00,0.9988888888888889,0.18929596696759107
2017-08-18 10:00:00,0.041,0.18880132107018355
2017-08-18 10:15:00,0.041,0.18649073681541323
2017-08-18 10:30:00,0.041,0.18347453847550038
2017-08-18 10:45:00,0.041,0.18357944999702971
2017-08-18 11:00:00,0.041,0.18429824141317064
2017-08-18 11:15:00,0.041,0.1858472438143817
2017-08-18 11:30:00,0.041,0.18683436641695633
2017-08-18 11:45:00,0.041,0.18755255259853507
2017-08-18 12:00:00,0.041,0.19259747762436918
2017-08-18 12:15:00,0.9988888888888889,0.1924776758594676
2017-08-18 12:30:00,0.041,0.18834592142755968
2017-08-18 12:45:00,0.041,0.19109424733583114
2017-08-18 13:00:00,0.041,0.1916624047388951
2017-08-18 13:15:00,0.041,0.19246121545827238
2017-08-18 13:30:00,0.041,0.19122162759384032
2017-08-18 13:45:00,0.041,0.19016547465748881
2017-08-18 14:00:00,0.041,0.18896255392694195
2017-08-18 14:15:00,0.041,0.19143090793448375
2017-08-18 14:30:00,0.9988888888888889,0.20609114417665753
2017-08-18 14:45:00,0.9988888888888889,0.23070970924486883
2017-08-18 15:00:00,0.9988888888888889,0.27319191242066676
2017-08-18 15:15:00,0.9988888888888889,0.3084456103804328
2017-08-18 15:30:00,0.9988888888888889,0.33638662109061845
2017-08-18 15:45:00,0.9988888888888889,0.3614927296096472
2017-08-18 16:00:00,0.9988888888888889,0.3910319765324255
2017-08-18 16:15:00,0.9988888888888889,0.4244931469177396
2017-08-18 16:30:00,0.9988888888888889,0.4543213533185686
2017-08-18 16:45:00,0.9988888888888889,0.48340722959086085
2017-08-18 17:00:00,0.33704061895551257,0.49855046203858744
2017-08-18 17:15:00,0.343384912959381,0.5073589658584445
2017-08-18 17:30:00,0.3497292069632495,0.5147433804710664
2017-08-18 17:45:00,0.3513152804642166,0.5249566343076196
2017-08-18 18:00:00,0.3608317214700193,0.5347762642681879
2017-08-18 18:15:00,0.3608317214700193,0.5482916867632895
2017-08-18 18:30:00,0.3608317214700193,0.5448996758331196
2017-08-18 18:45:00,0.3624177949709865,0.5511793356332045
2017-08-18 19:00:00,0.3624177949709865,0.5474359379747213
2017-08-18 19:15:00,0.3624177949709865,0.5622524434014224
2017-08-18 19:30:00,0.3624177949709865,0.5760010072744799
2017-08-18 19:45:00,0.3624177949709865,0.5798361294659192
2017-08-18 20:00:00,0.3624177949709865,0.5923725011598516
2017-08-18 20:15:00,0.3624177949709865,0.6058158500796842
2017-08-18 20:30:00,0.3624177949709865,0.6208682397348345
2017-08-18 20:45:00,0.3624177949709865,0.6280131347570639
2017-08-18 21:00:00,0.3624177949709865,0.6296337448598509
2017-08-18 21:15:00,0.3624177949709865,0.6335757189739458
2017-08-18 21:30:00,0.3624177949709865,0.6376199753113331
2017-08-18 21:45:00,0.3417988394584139,0.6390533933363229
2017-08-18 22:00:00,0.33545454545454545,0.6427363813215201
2017-08-18 22:15:00,0.9988888888888889,0.6474786207975528
2017-08-18 22:30:00,0.9988888888888889,0.6477528161758914
2017-08-18 22:45:00,0.9988888888888889,0.6479431168640976
2017-08-18 23:00:00,0.9988888888888889,0.642109443543641
2017-08-18 23:15:00,0.9988888888888889,0.6292054106659025
2017-08-18 23:30:00,0.9988888888888889,0.6187094558935038
2017-08-18 23:45:00,0.9988888888888889,0.608952518684455
2017-08-19 00:00:00,0.979771398192451,0.6013792524879717
2017-08-19 00:15:00,0.979771398192451,0.6002267643780926
2017-08-19 00:30:00,0.979771398192451,0.5959270888073
2017-08-19 00:45:00,0.979771398192451,0.5909008143824853
2017-08-19 01:00:00,0.979771398192451,0.5874615329063214
2017-08-19 01:15:00,0.979771398192451,0.5938910773143692
2017-08-19 01:30:00,0.979771398192451,0.5969804747505186
2017-08-19 01:45:00,0.979771398192451,0.5978603031129909
2017-08-19 02:00:00,0.979771398192451,0.6014543365534251
2017-08-19 02:15:00,0.979771398192451,0.6019831053887051
2017-08-19 02:30:00,0.979771398192451,0.5997351221528547
2017-08-19 02:45:00,0.979771398192451,0.6002403514734738
2017-08-19 03:00:00,0.979771398192451,0.6027209921917495
2017-08-19 03:15:00,0.979771398192451,0.586932234722735
2017-08-19 03:30:00,0.979771398192451,0.5733161175132657
2017-08-19 03:45:00,0.979771398192451,0.5572441257902057
2017-08-19 04:00:00,0.979771398192451,0.5466695531858565
2017-08-19 04:15:00,0.979771398192451,0.5418956183097996
2017-08-19 04:30:00,0.979771398192451,0.5347165018092972
2017-08-19 04:45:00,0.979771398192451,0.5275107757591133
2017-08-19 05:00:00,0.979771398192451,0.5208683027403241
2017-08-19 05:15:00,0.979771398192451,0.492326758253063
2017-08-19 05:30:00,0.979771398192451,0.46661113339151317
2017-08-19 05:45:00,0.979771398192451,0.44001756771010386
2017-08-19 06:00:00,0.979771398192451,0.4200428166709348
2017-08-19 06:15:00,0.979771398192451,0.390205140273944
2017-08-19 06:30:00,0.979771398192451,0.36305624963865457
2017-08-19 06:45:00,0.979771398192451,0.33945248461116
2017-08-19 07:00:00,0.979771398192451,0.3208682231314048
2017-08-19 07:15:00,0.979771398192451,0.2981609115199309
2017-08-19 07:30:00,0.979771398192451,0.2773133681355694
2017-08-19 07:45:00,0.979771398192451,0.2531230998127392
2017-08-19 08:00:00,0.979771398192451,0.21600706399627384
2017-08-19 08:15:00,0.041,0.20938991619189098
2017-08-19 08:30:00,0.041,0.20694366122939492
2017-08-19 08:45:00,0.041,0.20294302640785244
2017-08-19 09:00:00,0.041,0.20105679098444287
2017-08-19 09:15:00,0.041,0.20117621814233821
2017-08-19 09:30:00,0.041,0.19989139628450386
2017-08-19 09:45:00,0.041,0.19913920955748776
2017-08-19 10:00:00,0.041,0.19704664431958244
2017-08-19 10:15:00,0.041,0.195711244187057
2017-08-19 10:30:00,0.041,0.1947146540659753
2017-08-19 10:45:00,0.041,0.19391113196705578
2017-08-19 11:00:00,0.041,0.19369037470740388
2017-08-19 11:15:00,0.041,0.19541626037578733
2017-08-19 11:30:00,0.041,0.19576639829622913
2017-08-19 11:45:00,0.041,0.2038941349193603
2017-08-19 12:00:00,0.041,0.20670205429148614
2017-08-19 12:15:00,0.041,0.20647471704439352
2017-08-19 12:30:00,0.041,0.20850656483605914
2017-08-19 12:45:00,0.041,0.20312315181095517
2017-08-19 13:00:00,0.041,0.2134113435297904
2017-08-19 13:15:00,0.041,0.20594996376091337
2017-08-19 13:30:00,0.041,0.20701872772414262
2017-08-19 13:45:00,0.041,0.20790156362478066
2017-08-19 14:00:00,0.041,0.2095417131714056
2017-08-19 14:15:00,0.041,0.21027609494823682
2017-08-19 14:30:00,0.041,0.21123744010170667
2017-08-19 14:45:00,0.041,0.21030459415313285
2017-08-19 15:00:00,0.041,0.20998998583000147
2017-08-19 15:15:00,0.041,0.20772081501877618
2017-08-19 15:30:00,0.041,0.2072739453915992
2017-08-19 15:45:00,0.041,0.20687932515499277
2017-08-19 16:00:00,0.979771398192451,0.22345974934618656
2017-08-19 16:15:00,0.979771398192451,0.2756960190039818
2017-08-19 16:30:00,0.979771398192451,0.3160711544106967
2017-08-19 16:45:00,0.979771398192451,0.3660187874826413
2017-08-19 17:00:00,0.979771398192451,0.4108507394705701
2017-08-19 17:15:00,0.979771398192451,0.45047861293515007
2017-08-19 17:30:00,0.979771398192451,0.4848732718170427
2017-08-19 17:45:00,0.3386266924564797,0.5165978500991858
2017-08-19 18:00:00,0.3402127659574468,0.5155964542073428
2017-08-19 18:15:00,0.3402127659574468,0.5225430875875845
2017-08-19 18:30:00,0.3402127659574468,0.5280828368031683
2017-08-19 18:45:00,0.3402127659574468,0.5365172198703787
2017-08-19 19:00:00,0.3402127659574468,0.5490555707004546
2017-08-19 19:15:00,0.3402127659574468,0.5598775103558581
2017-08-19 19:30:00,0.3402127659574468,0.5689679267770898
2017-08-19 19:45:00,0.3402127659574468,0.5682894493710136
2017-08-19 20:00:00,0.3402127659574468,0.5735524001636757
2017-08-19 20:15:00,0.3402127659574468,0.5836194956445837
2017-08-19 20:30:00,0.3402127659574468,0.5932625082155226
2017-08-19 20:45:00,0.3402127659574468,0.5977025938585516
2017-08-19 21:00:00,0.3402127659574468,0.6025272295533134
2017-08-19 21:15:00,0.3402127659574468,0.6197005883375115
2017-08-19 21:30:00,0.3402127659574468,0.6307253022654242
2017-08-19 21:45:00,0.3402127659574468,0.6361836965606813
2017-08-19 22:00:00,0.3402127659574468,0.6433840259169298
2017-08-19 22:15:00,0.33704061895551257,0.6500923935085016
2017-08-19 22:30:00,0.33545454545454545,0.6511043256591889
2017-08-19 22:45:00,0.33545454545454545,0.6468037125441869
2017-08-19 23:00:00,0.979771398192451,0.6446193432361577
2017-08-19 23:15:00,0.979771398192451,0.6286215750271957
2017-08-19 23:30:00,0.979771398192451,0.6114629792344747
2017-08-19 23:45:00,0.979771398192451,0.5958500280137776
2017-08-20 00:00:00,0.979771398192451,0.5839908600453655
2017-08-20 00:15:00,0.979771398192451,0.5814956418349425
2017-08-20 00:30:00,0.979771398192451,0.5785060464014353
2017-08-20 00:45:00,0.979771398192451,0.5783089114213663
2017-08-20 01:00:00,0.979771398192451,0.5763934616215075
2017-08-20 01:15:00,0.979771398192451,0.5858715204853986
2017-08-20 01:30:00,0.979771398192451,0.597114265496402
2017-08-20 01:45:00,0.979771398192451,0.6075852039817758
2017-08-20 02:00:00,0.979771398192451,0.6214310130874775
2017-08-20 02:15:00,0.979771398192451,0.6232211431237401
2017-08-20 02:30:00,0.979771398192451,0.62430405952043
2017-08-20 02:45:00,0.979771398192451,0.6273270838745966
2017-08-20 03:00:00,0.979771398192451,0.6316980514048809
2017-08-20 03:15:00,0.979771398192451,0.6246802810349477
2017-08-20 03:30:00,0.979771398192451,0.6195714538390851
2017-08-20 03:45:00,0.979771398192451,0.6117555671197245
2017-08-20 04:00:00,0.979771398192451,0.6077944299524496
2017-08-20 04:15:00,0.979771398192451,0.5889558654116622
2017-08-20 04:30:00,0.979771398192451,0.5724653065849946
2017-08-20 04:45:00,0.979771398192451,0.5547261453812495
2017-08-20 05:00:00,0.979771398192451,0.5381044346238643
2017-08-20 05:15:00,0.979771398192451,0.5002981608465257
2017-08-20 05:30:00,0.979771398192451,0.4626688182274906
2017-08-20 05:45:00,0.979771398192451,0.4279842370022566
2017-08-20 06:00:00,0.979771398192451,0.40196700467923024
2017-08-20 06:15:00,0.979771398192451,0.35161917799399084
2017-08-20 06:30:00,0.979771398192451,0.3023988580324207
2017-08-20 06:45:00,0.979771398192451,0.2615398861484633
2017-08-20 07:00:00,0.041,0.2523898386999841
2017-08-20 07:15:00,0.041,0.25103148182313084
2017-08-20 07:30:00,0.041,0.24617297681321884
2017-08-20 07:45:00,0.041,0.2459398353498927
2017-08-20 08:00:00,0.041,0.24109273120504313
2017-08-20 08:15:00,0.041,0.23617828441988417
2017-08-20 08:30:00,0.041,0.2348558572383307
2017-08-20 08:45:00,0.041,0.23127554818607662
2017-08-20 09:00:00,0.041,0.23600517260826262
2017-08-20 09:15:00,0.041,0.23534018020037156
2017-08-20 09:30:00,0.041,0.2261141149458998
2017-08-20 09:45:00,0.041,0.2223878507900264
2017-08-20 10:00:00,0.041,0.21898260118709906
2017-08-20 10:15:00,0.041,0.21648523276350973
2017-08-20 10:30:00,0.041,0.21573399579058183
2017-08-20 10:45:00,0.041,0.22175747922277614
2017-08-20 11:00:00,0.041,0.2142853416657789
2017-08-20 11:15:00,0.041,0.22130078889904123
2017-08-20 11:30:00,0.041,0.2172140133753565
2017-08-20 11:45:00,0.041,0.220474207358875
2017-08-20 12:00:00,0.041,0.22424146263359698
2017-08-20 12:15:00,0.041,0.22529559571083896
2017-08-20 12:30:00,0.041,0.2270832786362689
2017-08-20 12:45:00,0.041,0.22716666287776613
2017-08-20 13:00:00,0.041,0.22837277017972815
2017-08-20 13:15:00,0.041,0.228185930010867
2017-08-20 13:30:00,0.041,0.23095434653290906
2017-08-20 13:45:00,0.041,0.22926967774959864
2017-08-20 14:00:00,0.041,0.2278912716237569
2017-08-20 14:15:00,0.041,0.23059708385567484
2017-08-20 14:30:00,0.041,0.24186529088209627
2017-08-20 14:45:00,0.041,0.231493409535987
2017-08-20 15:00:00,0.041,0.22827704905373764
2017-08-20 15:15:00,0.041,0.2246767622805664
2017-08-20 15:30:00,0.041,0.22503950556348815
2017-08-20 15:45:00,0.041,0.2214258672087248
2017-08-20 16:00:00,0.041,0.21703088538279847
2017-08-20 16:15:00,0.041,0.21558002901261047
2017-08-20 16:30:00,0.041,0.21389753076388657
2017-08-20 16:45:00,0.979771398192451,0.21343263787645292
2017-08-20 17:00:00,0.979771398192451,0.2656895059462252
2017-08-20 17:15:00,0.979771398192451,0.3437281297424388
2017-08-20 17:30:00,0.979771398192451,0.3994108238252743
2017-08-20 17:45:00,0.979771398192451,0.46587815755723067
2017-08-20 18:00:00,0.979771398192451,0.4982732412691572
2017-08-20 18:15:00,0.979771398192451,0.5210625627560533
2017-08-20 18:30:00,0.979771398192451,0.5080822150256797
2017-08-20 18:45:00,0.979771398192451,0.5061581671645197
2017-08-20 19:00:00,0.979771398192451,0.5164554457305444
2017-08-20 19:15:00,0.979771398192451,0.5277542182676189
2017-08-20 19:30:00,0.979771398192451,0.5387225726283873
2017-08-20 19:45:00,0.979771398192451,0.5475387314025524
2017-08-20 20:00:00,0.979771398192451,0.5475284424003972
2017-08-20 20:15:00,0.979771398192451,0.5557527414370141
2017-08-20 20:30:00,0.979771398192451,0.5671156209951116
2017-08-20 20:45:00,0.979771398192451,0.5767065315850805
2017-08-20 21:00:00,0.979771398192451,0.5835380488255885
2017-08-20 21:15:00,0.979771398192451,0.586283472672919
2017-08-20 21:30:00,0.979771398192451,0.5697725928558997
2017-08-20 21:45:00,0.979771398192451,0.5528249787536508
2017-08-20 22:00:00,0.979771398192451,0.5311343082553203
2017-08-20 22:15:00,0.979771398192451,0.5232782116845062
2017-08-20 22:30:00,0.979771398192451,0.518467002034038
2017-08-20 22:45:00,0.979771398192451,0.5070245728492085
2017-08-20 23:00:00,0.979771398192451,0.501617917742993
2017-08-20 23:15:00,0.979771398192451,0.47915167327087266
2017-08-20 23:30:00,0.979771398192451,0.4549184260849268
2017-08-20 23:45:00,0.979771398192451,0.42872958899753977
2017-08-21 00:00:00,0.9988888888888889,0.40055140590960414
2017-08-21 00:15:00,0.9988888888888889,0.41168591022737966
2017-08-21 00:30:00,0.9988888888888889,0.4242395188328201
2017-08-21 00:45:00,0.9988888888888889,0.42683431624878115
2017-08-21 01:00:00,0.9988888888888889,0.43386594085838387
2017-08-21 01:15:00,0.9988888888888889,0.4247079006199898
2017-08-21 01:30:00,0.9988888888888889,0.41596098210459553
2017-08-21 01:45:00,0.9988888888888889,0.40577535109092894
2017-08-21 02:00:00,0.9988888888888889,0.39728848001525513
2017-08-21 02:15:00,0.9988888888888889,0.3909489300655627
2017-08-21 02:30:00,0.9988888888888889,0.3838647679309944
2017-08-21 02:45:00,0.9988888888888889,0.37708295474255765
2017-08-21 03:00:00,0.9988888888888889,0.3749343846350686
2017-08-21 03:15:00,0.9988888888888889,0.3686933671686393
2017-08-21 03:30:00,0.9988888888888889,0.3701079477548444
2017-08-21 03:45:00,0.9988888888888889,0.36862478942428567
2017-08-21 04:00:00,0.9988888888888889,0.38420787459493566
2017-08-21 04:15:00,0.9988888888888889,0.4030157601806791
2017-08-21 04:30:00,0.9988888888888889,0.4288710086764208
2017-08-21 04:45:00,0.9988888888888889,0.45570687635780777
2017-08-21 05:00:00,0.9988888888888889,0.4928951352155751
2017-08-21 05:15:00,0.9988888888888889,0.49264337736257885
2017-08-21 05:30:00,0.9988888888888889,0.48787294413798693
2017-08-21 05:45:00,0.9988888888888889,0.4839615233843354
2017-08-21 06:00:00,0.9988888888888889,0.48066822209191923
2017-08-21 06:15:00,0.9988888888888889,0.477194780264578
2017-08-21 06:30:00,0.9988888888888889,0.470512818580275
2017-08-21 06:45:00,0.9988888888888889,0.4653663925607822
2017-08-21 07:00:00,0.9988888888888889,0.45957635986164136
2017-08-21 07:15:00,0.9988888888888889,0.43476931860384543
2017-08-21 07:30:00,0.9988888888888889,0.40909056219940354
2017-08-21 07:45:00,0.9988888888888889,0.38307405343954654
2017-08-21 08:00:00,0.9988888888888889,0.3550116721529594
2017-08-21 08:15:00,0.9988888888888889,0.34209009890240866
2017-08-21 08:30:00,0.9988888888888889,0.32816734359278743
2017-08-21 08:45:00,0.9988888888888889,0.31331004908573035
2017-08-21 09:00:00,0.9988888888888889,0.29709689907536213
2017-08-21 09:15:00,0.9988888888888889,0.2702372640127852
2017-08-21 09:30:00,0.9988888888888889,0.24805382676952586
2017-08-21 09:45:00,0.9988888888888889,0.2269404459177583
2017-08-21 10:00:00,0.9988888888888889,0.2027279173256279
2017-08-21 10:15:00,0.041,0.1820755260258366
2017-08-21 10:30:00,0.041,0.18097562130849973
2017-08-21 10:45:00,0.041,0.18130314984260984
2017-08-21 11:00:00,0.041,0.18313178434418748
2017-08-21 11:15:00,0.041,0.18392404224695175
2017-08-21 11:30:00,0.041,0.18991382248076422
2017-08-21 11:45:00,0.041,0.18530090514810357
2017-08-21 12:00:00,0.041,0.1861359428974414
2017-08-21 12:15:00,0.041,0.19124674488238816
2017-08-21 12:30:00,0.041,0.19152539326026227
2017-08-21 12:45:00,0.041,0.19205061174197183
2017-08-21 13:00:00,0.041,0.192677946878924
2017-08-21 13:15:00,0.041,0.18706592620647466
2017-08-21 13:30:00,0.041,0.18668075327078804
2017-08-21 13:45:00,0.041,0.18550111997894006
2017-08-21 14:00:00,0.041,0.18666744586562245
2017-08-21 14:15:00,0.041,0.18864980922698144
2017-08-21 14:30:00,0.041,0.19133122450409598
2017-08-21 14:45:00,0.041,0.19072896407518225
2017-08-21 15:00:00,0.9988888888888889,0.2152208947491784
2017-08-21 15:15:00,0.9988888888888889,0.2577261883502362
2017-08-21 15:30:00,0.9988888888888889,0.2949395662734753
2017-08-21 15:45:00,0.9988888888888889,0.3440251912248233
2017-08-21 16:00:00,0.9988888888888889,0.3873799169116349
2017-08-21 16:15:00,0.9988888888888889,0.4084064068713413
2017-08-21 16:30:00,0.9988888888888889,0.4152624099589616
2017-08-21 16:45:00,0.9988888888888889,0.428159591085354
2017-08-21 17:00:00,0.9988888888888889,0.43529096792759586
2017-08-21 17:15:00,0.9988888888888889,0.46859854310803717
2017-08-21 17:30:00,0.9988888888888889,0.49500540490853734
2017-08-21 17:45:00,0.3497292069632495,0.5066832177853644
2017-08-21 18:00:00,0.3497292069632495,0.5185652626068104
2017-08-21 18:15:00,0.3497292069632495,0.5207864497419296
2017-08-21 18:30:00,0.4536363636363636,0.5430683287798963
2017-08-21 18:45:00,0.3497292069632495,0.5369127750357439
2017-08-21 19:00:00,0.3497292069632495,0.53879755315039
2017-08-21 19:15:00,0.3497292069632495,0.5453023881191036
2017-08-21 19:30:00,0.3497292069632495,0.5487684525542071
2017-08-21 19:45:00,0.3497292069632495,0.5515909465592527
2017-08-21 20:00:00,0.3497292069632495,0.5579612816499259
2017-08-21 20:15:00,0.3497292069632495,0.5701439728118934
2017-08-21 20:30:00,0.3497292069632495,0.5791144364968327
2017-08-21 20:45:00,0.34655705996131525,0.5734996599997945
2017-08-21 21:00:00,0.34655705996131525,0.5501053028508829
2017-08-21 21:15:00,0.34655705996131525,0.5356216423800267
2017-08-21 21:30:00,0.9988888888888889,0.5243257968713665
2017-08-21 21:45:00,0.9988888888888889,0.5183512823264134
2017-08-21 22:00:00,0.9988888888888889,0.5254578996417862
2017-08-21 22:15:00,0.9988888888888889,0.5387306233917298
2017-08-21 22:30:00,0.9988888888888889,0.5422606826293138
2017-08-21 22:45:00,0.9988888888888889,0.5572145681281796
2017-08-21 23:00:00,0.9988888888888889,0.5637837027647921
2017-08-21 23:15:00,0.9988888888888889,0.5700590816314287
2017-08-21 23:30:00,0.9988888888888889,0.5822919035655288
2017-08-21 23:45:00,0.9988888888888889,0.5769442851481856
2017-08-22 00:00:00,0.9988888888888889,0.6167417210737388
2017-08-22 00:15:00,0.9988888888888889,0.6260384466342032
2017-08-22 00:30:00,0.9988888888888889,0.6232916471353999
2017-08-22 00:45:00,0.9988888888888889,0.6430677505619282
2017-08-22 01:00:00,0.9988888888888889,0.6503076139324221
2017-08-22 01:15:00,0.9988888888888889,0.6324017659021116
2017-08-22 01:30:00,0.9988888888888889,0.6359517411871448
2017-08-22 01:45:00,0.9988888888888889,0.645213670951494
2017-08-22 02:00:00,0.9988888888888889,0.6565668175537993
2017-08-22 02:15:00,0.9988888888888889,0.6367602134400134
2017-08-22 02:30:00,0.9988888888888889,0.642757745290623
2017-08-22 02:45:00,0.9988888888888889,0.6539737859422955
2017-08-22 03:00:00,0.9988888888888889,0.6502924259138533
2017-08-22 03:15:00,0.9988888888888889,0.6261620336733732
2017-08-22 03:30:00,0.9988888888888889,0.6299424984249234
2017-08-22 03:45:00,0.9988888888888889,0.6347549933510628
2017-08-22 04:00:00,0.9988888888888889,0.6293920443562115
2017-08-22 04:15:00,0.9988888888888889,0.6329615317885211
2017-08-22 04:30:00,0.9988888888888889,0.6412630266853029
2017-08-22 04:45:00,0.9988888888888889,0.6443926628621068
2017-08-22 05:00:00,0.9988888888888889,0.6101807166885143
2017-08-22 05:15:00,0.9988888888888889,0.5915514367601439
2017-08-22 05:30:00,0.9988888888888889,0.5758418777308878
2017-08-22 05:45:00,0.9988888888888889,0.5622864261028577
2017-08-22 06:00:00,0.9988888888888889,0.5467026043234269
2017-08-22 06:15:00,0.9988888888888889,0.5352668940621965
2017-08-22 06:30:00,0.9988888888888889,0.5296851774657424
2017-08-22 06:45:00,0.9988888888888889,0.5215169165858844
2017-08-22 07:00:00,0.9988888888888889,0.5123834762677202
2017-08-22 07:15:00,0.9988888888888889,0.4938701529460759
2017-08-22 07:30:00,0.9988888888888889,0.45045042786447453
2017-08-22 07:45:00,0.9988888888888889,0.4025889804321924
2017-08-22 08:00:00,0.9988888888888889,0.36049791497197803
2017-08-22 08:15:00,0.9988888888888889,0.3409783159012695
2017-08-22 08:30:00,0.9988888888888889,0.32152299172386456
2017-08-22 08:45:00,0.9988888888888889,0.3041390464053365
2017-08-22 09:00:00,0.9988888888888889,0.2910328376630695
2017-08-22 09:15:00,0.9988888888888889,0.27358601402718524
2017-08-22 09:30:00,0.9988888888888889,0.2573274881908835
2017-08-22 09:45:00,0.9988888888888889,0.24546550631708133
2017-08-22 10:00:00,0.9988888888888889,0.23196670645481343
2017-08-22 10:15:00,0.9988888888888889,0.21664283122318453
2017-08-22 10:30:00,0.9988888888888889,0.19539084637289617
2017-08-22 10:45:00,0.041,0.1867889935604527
2017-08-22 11:00:00,0.041,0.1863761270258617
2017-08-22 11:15:00,0.9988888888888889,0.18903023846687556
2017-08-22 11:30:00,0.9988888888888889,0.1888480315638758
2017-08-22 11:45:00,0.041,0.19096204756985494
2017-08-22 12:00:00,0.041,0.18970739894745886
2017-08-22 12:15:00,0.041,0.18589327243018763
2017-08-22 12:30:00,0.041,0.18836632221087676
2017-08-22 12:45:00,0.041,0.19114091559913035
2017-08-22 13:00:00,0.041,0.19079366403224302
2017-08-22 13:15:00,0.041,0.19326902843529634
2017-08-22 13:30:00,0.9988888888888889,0.19698329642044204
2017-08-22 13:45:00,0.9988888888888889,0.19702253463201486
2017-08-22 14:00:00,0.041,0.19312832084597156
2017-08-22 14:15:00,0.041,0.19288042576042314
2017-08-22 14:30:00,0.041,0.1935924437043723
2017-08-22 14:45:00,0.041,0.1936576721852374
2017-08-22 15:00:00,0.041,0.19404180505296353
2017-08-22 15:15:00,0.041,0.19534464330399065
2017-08-22 15:30:00,0.041,0.19476266920401825
2017-08-22 15:45:00,0.041,0.1937711898575697
2017-08-22 16:00:00,0.9988888888888889,0.21093712527337027
2017-08-22 16:15:00,0.9988888888888889,0.26992911946732784
2017-08-22 16:30:00,0.9988888888888889,0.3286155672847489
2017-08-22 16:45:00,0.9988888888888889,0.39021666591884235
2017-08-22 17:00:00,0.9988888888888889,0.44177895738915435
2017-08-22 17:15:00,0.9988888888888889,0.4847437742661459
2017-08-22 17:30:00,0.3402127659574468,0.5025820993975735
2017-08-22 17:45:00,0.34655705996131525,0.5183877722336062
2017-08-22 18:00:00,0.356073500967118,0.531819512924063
2017-08-22 18:15:00,0.356073500967118,0.5447533856827875
2017-08-22 18:30:00,0.356073500967118,0.5411787623220267
2017-08-22 18:45:00,0.356073500967118,0.5454636111641015
2017-08-22 19:00:00,0.356073500967118,0.5491034096517812
2017-08-22 19:15:00,0.356073500967118,0.5617363010037343
2017-08-22 19:30:00,0.356073500967118,0.5695514268044686
2017-08-22 19:45:00,0.356073500967118,0.560920385609369
2017-08-22 20:00:00,0.4536363636363636,0.5723472285069053
2017-08-22 20:15:00,0.356073500967118,0.5770812330888183
2017-08-22 20:30:00,0.356073500967118,0.5987912806045438
2017-08-22 20:45:00,0.356073500967118,0.6095776873716633
2017-08-22 21:00:00,0.356073500967118,0.6150257380722883
2017-08-22 21:15:00,0.35448742746615086,0.621252185715587
2017-08-22 21:30:00,0.35448742746615086,0.6252713475764795
2017-08-22 21:45:00,0.3402127659574468,0.6299319301421773
2017-08-22 22:00:00,0.33704061895551257,0.6358500352954045
2017-08-22 22:15:00,0.33704061895551257,0.6467573150184773
2017-08-22 22:30:00,0.33704061895551257,0.6582939340496381
2017-08-22 22:45:00,0.33704061895551257,0.6659941249383421
2017-08-22 23:00:00,0.33545454545454545,0.6776172978068825
2017-08-22 23:15:00,0.9988888888888889,0.6810915455636724
2017-08-22 23:30:00,0.9988888888888889,0.6800448728756037
2017-08-22 23:45:00,0.9988888888888889,0.678572525024821
2017-08-23 00:00:00,0.9988888888888889,0.6787393492298612
2017-08-23 00:15:00,0.9988888888888889,0.6667273394457893
2017-08-23 00:30:00,0.9988888888888889,0.6658855479678569
2017-08-23 00:45:00,0.9988888888888889,0.6876112565319752
2017-08-23 01:00:00,0.9988888888888889,0.7050837247365946
2017-08-23 01:15:00,0.9988888888888889,0.7145307976034988
2017-08-23 01:30:00,0.9988888888888889,0.7093972476765185
2017-08-23 01:45:00,0.9988888888888889,0.7100480861753312
2017-08-23 02:00:00,0.9988888888888889,0.7039451521392069
2017-08-23 02:15:00,0.9988888888888889,0.7124537407717663
2017-08-23 02:30:00,0.9988888888888889,0.7023106276167592
2017-08-23 02:45:00,0.9988888888888889,0.7099665341442958
2017-08-23 03:00:00,0.9988888888888889,0.7023965710114736
2017-08-23 03:15:00,0.9988888888888889,0.6992044776667571
2017-08-23 03:30:00,0.9988888888888889,0.6946026612120214
2017-08-23 03:45:00,0.9988888888888889,0.6819033300882161
2017-08-23 04:00:00,0.9988888888888889,0.6549674956898112
2017-08-23 04:15:00,0.9988888888888889,0.6452729120467128
2017-08-23 04:30:00,0.9988888888888889,0.6353300649751557
2017-08-23 04:45:00,0.33704061895551257,0.6265013638401283
2017-08-23 05:00:00,0.33704061895551257,0.6050626838892814
2017-08-23 05:15:00,0.33704061895551257,0.5858182731581879
2017-08-23 05:30:00,0.33704061895551257,0.572479157869945
2017-08-23 05:45:00,0.33704061895551257,0.5592721229141038
2017-08-23 06:00:00,0.33704061895551257,0.544523552783015
2017-08-23 06:15:00,0.33704061895551257,0.5341287544692588
2017-08-23 06:30:00,0.4536363636363636,0.5632533395981772
2017-08-23 06:45:00,0.33704061895551257,0.5180336083837963
2017-08-23 07:00:00,0.4536363636363636,0.5317854919771987
2017-08-23 07:15:00,0.4536363636363636,0.5165729913627449
2017-08-23 07:30:00,0.33704061895551257,0.4998746750118928
2017-08-23 07:45:00,0.9988888888888889,0.47612755112706856
2017-08-23 08:00:00,0.9988888888888889,0.4468508426103802
2017-08-23 08:15:00,0.9988888888888889,0.44422521787109986
2017-08-23 08:30:00,0.9988888888888889,0.4443783722210077
2017-08-23 08:45:00,0.9988888888888889,0.4411693487222457
2017-08-23 09:00:00,0.9988888888888889,0.43863358694875404
2017-08-23 09:15:00,0.9988888888888889,0.4067834004591672
2017-08-23 09:30:00,0.9988888888888889,0.3727813998355028
2017-08-23 09:45:00,0.9988888888888889,0.34379589277383
2017-08-23 10:00:00,0.9988888888888889,0.33773173437913456
2017-08-23 10:15:00,0.9988888888888889,0.3340170245058386
2017-08-23 10:30:00,0.9988888888888889,0.33298214172649215
2017-08-23 10:45:00,0.9988888888888889,0.33464175954284914
2017-08-23 11:00:00,0.9988888888888889,0.34052606183264233
2017-08-23 11:15:00,0.9988888888888889,0.3303802955217879
2017-08-23 11:30:00,0.9988888888888889,0.32833014758067275
2017-08-23 11:45:00,0.9988888888888889,0.33021455868058924
2017-08-23 12:00:00,0.9988888888888889,0.337501164989952
2017-08-23 12:15:00,0.9988888888888889,0.3422768433181408
2017-08-23 12:30:00,0.9988888888888889,0.33316912222477185
2017-08-23 12:45:00,0.9988888888888889,0.35096370735590526
2017-08-23 13:00:00,0.9988888888888889,0.37889285339214795
2017-08-23 13:15:00,0.9988888888888889,0.3972233237614815
2017-08-23 13:30:00,0.9988888888888889,0.4132587447828202
2017-08-23 13:45:00,0.9988888888888889,0.4233723671227878
2017-08-23 14:00:00,0.9988888888888889,0.4376849655478714
2017-08-23 14:15:00,0.9988888888888889,0.4064918615848843
2017-08-23 14:30:00,0.9988888888888889,0.37232127498558226
2017-08-23 14:45:00,0.9988888888888889,0.34367356477581895
2017-08-23 15:00:00,0.9988888888888889,0.3350834551899988
2017-08-23 15:15:00,0.9988888888888889,0.3413317626527579
2017-08-23 15:30:00,0.9988888888888889,0.3478040066808507
2017-08-23 15:45:00,0.9988888888888889,0.3639201385592955
2017-08-23 16:00:00,0.9988888888888889,0.3852790534040196
2017-08-23 16:15:00,0.9988888888888889,0.41524149384391934
2017-08-23 16:30:00,0.9988888888888889,0.4555718973856174
2017-08-23 16:45:00,0.9988888888888889,0.48955027751083896
2017-08-23 17:00:00,0.3386266924564797,0.502974752972499
2017-08-23 17:15:00,0.3417988394584139,0.5095232437068481
2017-08-23 17:30:00,0.3449709864603482,0.514445801803384
2017-08-23 17:45:00,0.3497292069632495,0.5174138013519296
2017-08-23 18:00:00,0.356073500967118,0.5248666724932487
2017-08-23 18:15:00,0.4536363636363636,0.5427691670888176
2017-08-23 18:30:00,0.356073500967118,0.5314022665280866
2017-08-23 18:45:00,0.356073500967118,0.5377498503888791
2017-08-23 19:00:00,0.356073500967118,0.5414185264464688
2017-08-23 19:15:00,0.356073500967118,0.5425167031349027
2017-08-23 19:30:00,0.4536363636363636,0.5560796768938743
2017-08-23 19:45:00,0.356073500967118,0.5449603123681709
2017-08-23 20:00:00,0.356073500967118,0.5450767104617927
2017-08-23 20:15:00,0.4536363636363636,0.5678914080969139
2017-08-23 20:30:00,0.356073500967118,0.5700183692249022
2017-08-23 20:45:00,0.356073500967118,0.5725077286194344
2017-08-23 21:00:00,0.35448742746615086,0.5748089892651008
2017-08-23 21:15:00,0.35290135396518374,0.5881398152737249
2017-08-23 21:30:00,0.35290135396518374,0.5999249734596288
2017-08-23 21:45:00,0.343384912959381,0.6109028257409402
2017-08-23 22:00:00,0.343384912959381,0.6180735493509868
2017-08-23 22:15:00,0.3417988394584139,0.6209305414545863
2017-08-23 22:30:00,0.3386266924564797,0.6239267098813605
2017-08-23 22:45:00,0.9988888888888889,0.6259976201205144
2017-08-23 23:00:00,0.9988888888888889,0.615074089792158
2017-08-23 23:15:00,0.9988888888888889,0.6027446726057204
2017-08-23 23:30:00,0.9988888888888889,0.5939108455704587
2017-08-23 23:45:00,0.9988888888888889,0.5861246933361784
2017-08-24 00:00:00,0.9988888888888889,0.5743870688748433
2017-08-24 00:15:00,0.9988888888888889,0.5682138698400744
2017-08-24 00:30:00,0.9988888888888889,0.5548267843633491
2017-08-24 00:45:00,0.9988888888888889,0.5456381006121196
2017-08-24 01:00:00,0.9988888888888889,0.5357474010536596
2017-08-24 01:15:00,0.9988888888888889,0.530457024741161
2017-08-24 01:30:00,0.9988888888888889,0.5286643457477594
2017-08-24 01:45:00,0.9988888888888889,0.5270715428159433
2017-08-24 02:00:00,0.9988888888888889,0.5243233090236792
2017-08-24 02:15:00,0.9988888888888889,0.5346960690624346
2017-08-24 02:30:00,0.9988888888888889,0.5461169783883081
2017-08-24 02:45:00,0.9988888888888889,0.555849938444589
2017-08-24 03:00:00,0.9988888888888889,0.5697344416644781
2017-08-24 03:15:00,0.9988888888888889,0.5636012575367044
2017-08-24 03:30:00,0.9988888888888889,0.5570677194390318
2017-08-24 03:45:00,0.9988888888888889,0.5515928887627838
2017-08-24 04:00:00,0.9988888888888889,0.5537258002878745
2017-08-24 04:15:00,0.9988888888888889,0.5529439738960491
2017-08-24 04:30:00,0.9988888888888889,0.5533739504285647
2017-08-24 04:45:00,0.9988888888888889,0.5569204580246683
2017-08-24 05:00:00,0.9988888888888889,0.5692961675445452
2017-08-24 05:15:00,0.9988888888888889,0.554964709554454
2017-08-24 05:30:00,0.9988888888888889,0.5378930111151249
2017-08-24 05:45:00,0.9988888888888889,0.5201186312666058
2017-08-24 06:00:00,0.9988888888888889,0.5080945085094336
2017-08-24 06:15:00,0.9988888888888889,0.48058730531225463
2017-08-24 06:30:00,0.9988888888888889,0.45492758283280216
2017-08-24 06:45:00,0.9988888888888889,0.43124955918524094
2017-08-24 07:00:00,0.9988888888888889,0.40510768190812274
2017-08-24 07:15:00,0.9988888888888889,0.3793634533592078
2017-08-24 07:30:00,0.9988888888888889,0.3545274553418808
2017-08-24 07:45:00,0.9988888888888889,0.32644690543614935
2017-08-24 08:00:00,0.9988888888888889,0.29541155817231785
2017-08-24 08:15:00,0.9988888888888889,0.27148257532133374
2017-08-24 08:30:00,0.9988888888888889,0.2469023913054201
2017-08-24 08:45:00,0.9988888888888889,0.22221187194416067
2017-08-24 09:00:00,0.9988888888888889,0.21629910181032866
2017-08-24 09:15:00,0.9988888888888889,0.21427057729811247
2017-08-24 09:30:00,0.9988888888888889,0.21296879483597497
2017-08-24 09:45:00,0.9988888888888889,0.2118965446689326
2017-08-24 10:00:00,0.9988888888888889,0.19942975554145892
2017-08-24 10:15:00,0.9988888888888889,0.19447498579047007
2017-08-24 10:30:00,0.9988888888888889,0.1942223531258816
2017-08-24 10:45:00,0.9988888888888889,0.19487252204124558
2017-08-24 11:00:00,0.9988888888888889,0.19713738413178875
2017-08-24 11:15:00,0.9988888888888889,0.19823850374874583
2017-08-24 11:30:00,0.9988888888888889,0.19881836870002484
2017-08-24 11:45:00,0.9988888888888889,0.19821679947112064
2017-08-24 12:00:00,0.9988888888888889,0.20028158793259504
2017-08-24 12:15:00,0.9988888888888889,0.2051682546352101
2017-08-24 12:30:00,0.9988888888888889,0.21152784062555602
2017-08-24 12:45:00,0.9988888888888889,0.21453974249907626
2017-08-24 13:00:00,0.9988888888888889,0.2146704458808064
2017-08-24 13:15:00,0.9988888888888889,0.2139521255921527
2017-08-24 13:30:00,0.9988888888888889,0.2144562085801279
2017-08-24 13:45:00,0.9988888888888889,0.2172751422052255
2017-08-24 14:00:00,0.9988888888888889,0.2269052482086737
2017-08-24 14:15:00,0.9988888888888889,0.2491163307262902
2017-08-24 14:30:00,0.9988888888888889,0.2807376689876516
2017-08-24 14:45:00,0.9988888888888889,0.3196979969274479
2017-08-24 15:00:00,0.9988888888888889,0.35366151448456123
2017-08-24 15:15:00,0.9988888888888889,0.3511831592788241
2017-08-24 15:30:00,0.9988888888888889,0.34325170580467707
2017-08-24 15:45:00,0.9988888888888889,0.337910933247435
2017-08-24 16:00:00,0.9988888888888889,0.33693510119070713
2017-08-24 16:15:00,0.9988888888888889,0.36446931436369323
2017-08-24 16:30:00,0.9988888888888889,0.39698471286898607
2017-08-24 16:45:00,0.9988888888888889,0.4264791500954576
2017-08-24 17:00:00,0.9988888888888889,0.4447291777012356
2017-08-24 17:15:00,0.9988888888888889,0.46444659045361264
2017-08-24 17:30:00,0.3386266924564797,0.4816703326088691
2017-08-24 17:45:00,0.3449709864603482,0.4905830754796996
2017-08-24 18:00:00,0.3449709864603482,0.4883058727233916
2017-08-24 18:15:00,0.3449709864603482,0.49709085554463095
2017-08-24 18:30:00,0.3449709864603482,0.5034755564933883
2017-08-24 18:45:00,0.3449709864603482,0.5034538904087861
2017-08-24 19:00:00,0.3449709864603482,0.5083383043042411
2017-08-24 19:15:00,0.3449709864603482,0.512864026999476
2017-08-24 19:30:00,0.4536363636363636,0.5293468670036062
2017-08-24 19:45:00,0.3449709864603482,0.5238479434252372
2017-08-24 20:00:00,0.3449709864603482,0.5329603448106387
2017-08-24 20:15:00,0.3449709864603482,0.5493936359955419
2017-08-24 20:30:00,0.3449709864603482,0.5592423276843861
2017-08-24 20:45:00,0.3402127659574468,0.5610759466114834
2017-08-24 21:00:00,0.33545454545454545,0.5610650279950549
2017-08-24 21:15:00,0.9988888888888889,0.5604092327375931
2017-08-24 21:30:00,0.9988888888888889,0.5589529197627792
2017-08-24 21:45:00,0.9988888888888889,0.5539281433352117
2017-08-24 22:00:00,0.9988888888888889,0.5490152980627517
2017-08-24 22:15:00,0.9988888888888889,0.551112019442707
2017-08-24 22:30:00,0.9988888888888889,0.550512527767026
2017-08-24 22:45:00,0.9988888888888889,0.5438778438048169
2017-08-24 23:00:00,0.9988888888888889,0.5401734055130734
2017-08-24 23:15:00,0.9988888888888889,0.5415998977613535
2017-08-24 23:30:00,0.9988888888888889,0.5488765306338605
2017-08-24 23:45:00,0.9988888888888889,0.552459396066954
2017-08-25 00:00:00,0.979771398192451,0.5580274223087055
2017-08-25 00:15:00,0.979771398192451,0.5733738749519178
2017-08-25 00:30:00,0.979771398192451,0.5882161521107423
2017-08-25 00:45:00,0.979771398192451,0.5890616799264168
2017-08-25 01:00:00,0.979771398192451,0.5985497633835355
2017-08-25 01:15:00,0.979771398192451,0.6002765959613323
2017-08-25 01:30:00,0.979771398192451,0.604111195664465
2017-08-25 01:45:00,0.979771398192451,0.6042890186340096
2017-08-25 02:00:00,0.979771398192451,0.6043924203382409
2017-08-25 02:15:00,0.979771398192451,0.6053414582460989
2017-08-25 02:30:00,0.979771398192451,0.6088789102344789
2017-08-25 02:45:00,0.979771398192451,0.6066759069209813
2017-08-25 03:00:00,0.979771398192451,0.6002518027337989
2017-08-25 03:15:00,0.979771398192451,0.5990393864867274
2017-08-25 03:30:00,0.979771398192451,0.590405648225079
2017-08-25 03:45:00,0.979771398192451,0.5860349458818561
2017-08-25 04:00:00,0.979771398192451,0.5750180129837869
2017-08-25 04:15:00,0.979771398192451,0.5790884708427064
2017-08-25 04:30:00,0.979771398192451,0.5802327623696115
2017-08-25 04:45:00,0.979771398192451,0.5706066616620469
2017-08-25 05:00:00,0.979771398192451,0.5428246334410726
2017-08-25 05:15:00,0.979771398192451,0.5286381195007638
2017-08-25 05:30:00,0.979771398192451,0.5166740685515793
2017-08-25 05:45:00,0.979771398192451,0.5054748995570191
2017-08-25 06:00:00,0.979771398192451,0.49321835027068595
2017-08-25 06:15:00,0.979771398192451,0.4854955978404241
2017-08-25 06:30:00,0.979771398192451,0.4618037191406656
2017-08-25 06:45:00,0.979771398192451,0.4280568424615261
2017-08-25 07:00:00,0.979771398192451,0.4014472177869348
2017-08-25 07:15:00,0.979771398192451,0.3569941243671868
2017-08-25 07:30:00,0.979771398192451,0.315005237266658
2017-08-25 07:45:00,0.979771398192451,0.27095746571219276
2017-08-25 08:00:00,0.979771398192451,0.22395003567625954
2017-08-25 08:15:00,0.979771398192451,0.2053354448341741
2017-08-25 08:30:00,0.979771398192451,0.18938533476575076
2017-08-25 08:45:00,0.979771398192451,0.17450608954095384
2017-08-25 09:00:00,0.979771398192451,0.1728519989717615
2017-08-25 09:15:00,0.979771398192451,0.17267566246940053
2017-08-25 09:30:00,0.979771398192451,0.17274690542341475
2017-08-25 09:45:00,0.979771398192451,0.1717177812514187
2017-08-25 10:00:00,0.979771398192451,0.17156500076605344
2017-08-25 10:15:00,0.979771398192451,0.17086510461987894
2017-08-25 10:30:00,0.979771398192451,0.17041939085558142
2017-08-25 10:45:00,0.979771398192451,0.17025950665309336
2017-08-25 11:00:00,0.979771398192451,0.17108245793863913
2017-08-25 11:15:00,0.979771398192451,0.17215279377315978
2017-08-25 11:30:00,0.979771398192451,0.17316424634399233
2017-08-25 11:45:00,0.041,0.1715453847123349
2017-08-25 12:00:00,0.041,0.16912767075490537
2017-08-25 12:15:00,0.041,0.16869186717855078
2017-08-25 12:30:00,0.041,0.16949491333748415
2017-08-25 12:45:00,0.041,0.16993676378612255
2017-08-25 13:00:00,0.979771398192451,0.18216683339499717
2017-08-25 13:15:00,0.979771398192451,0.21212979659629325
2017-08-25 13:30:00,0.979771398192451,0.2403173086297248
2017-08-25 13:45:00,0.979771398192451,0.26497297878241755
2017-08-25 14:00:00,0.979771398192451,0.3006544690181475
2017-08-25 14:15:00,0.979771398192451,0.2789550199658682
2017-08-25 14:30:00,0.979771398192451,0.2584991392908702
2017-08-25 14:45:00,0.979771398192451,0.2380616452003973
2017-08-25 15:00:00,0.979771398192451,0.23080304748313513
2017-08-25 15:15:00,0.979771398192451,0.2321258031571683
2017-08-25 15:30:00,0.979771398192451,0.23051254327665774
2017-08-25 15:45:00,0.979771398192451,0.2370043663386119
2017-08-25 16:00:00,0.979771398192451,0.241586885775437
2017-08-25 16:15:00,0.979771398192451,0.29352648694208655
2017-08-25 16:30:00,0.979771398192451,0.3508218307933216
2017-08-25 16:45:00,0.979771398192451,0.39457107552068094
2017-08-25 17:00:00,0.979771398192451,0.44663458577785936
2017-08-25 17:15:00,0.33545454545454545,0.45496978077655637
2017-08-25 17:30:00,0.3402127659574468,0.4625159779929343
2017-08-25 17:45:00,0.34655705996131525,0.46944206019032786
2017-08-25 18:00:00,0.3497292069632495,0.4753759840536987
2017-08-25 18:15:00,0.35448742746615086,0.4859667594103182
2017-08-25 18:30:00,0.35448742746615086,0.4844353785068136
2017-08-25 18:45:00,0.4536363636363636,0.512941429163733
2017-08-25 19:00:00,0.4536363636363636,0.5529383535522897
2017-08-25 19:15:00,0.35448742746615086,0.49689053950636214
2017-08-25 19:30:00,0.35448742746615086,0.5022111176504499
2017-08-25 19:45:00,0.35448742746615086,0.5144167774022105
2017-08-25 20:00:00,0.35448742746615086,0.5251348879469828
2017-08-25 20:15:00,0.35448742746615086,0.5390259315247149
2017-08-25 20:30:00,0.35448742746615086,0.5501304578174397
2017-08-25 20:45:00,0.35448742746615086,0.5510468622726866
2017-08-25 21:00:00,0.35448742746615086,0.5535307773793532
2017-08-25 21:15:00,0.33704061895551257,0.5514794539460419
2017-08-25 21:30:00,0.979771398192451,0.5540545103781914
2017-08-25 21:45:00,0.979771398192451,0.5460585770524147
2017-08-25 22:00:00,0.979771398192451,0.5367229964107072
2017-08-25 22:15:00,0.979771398192451,0.5067955492195064
2017-08-25 22:30:00,0.979771398192451,0.4779319460132261
2017-08-25 22:45:00,0.979771398192451,0.4544543420179576
2017-08-25 23:00:00,0.979771398192451,0.4236523059216375
2017-08-25 23:15:00,0.979771398192451,0.4437903940814916
2017-08-25 23:30:00,0.979771398192451,0.4621974011970635
2017-08-25 23:45:00,0.979771398192451,0.47951208548367946
2017-08-26 00:00:00,0.9702126528442319,0.4952601783186317
2017-08-26 00:15:00,0.9702126528442319,0.47890940621058736
2017-08-26 00:30:00,0.9702126528442319,0.4610376196590665
2017-08-26 00:45:00,0.9702126528442319,0.4431339655239781
2017-08-26 01:00:00,0.9702126528442319,0.42436996059725446
2017-08-26 01:15:00,0.9702126528442319,0.4224748929089755
2017-08-26 01:30:00,0.9702126528442319,0.4236831786045028
2017-08-26 01:45:00,0.9702126528442319,0.42489913239732957
2017-08-26 02:00:00,0.9702126528442319,0.42592134744577065
2017-08-26 02:15:00,0.9702126528442319,0.41678504311804626
2017-08-26 02:30:00,0.9702126528442319,0.4078932857186376
2017-08-26 02:45:00,0.9702126528442319,0.399735152373009
2017-08-26 03:00:00,0.9702126528442319,0.38703759189652176
2017-08-26 03:15:00,0.9702126528442319,0.3984158386844975
2017-08-26 03:30:00,0.9702126528442319,0.4114518333590029
2017-08-26 03:45:00,0.9702126528442319,0.42661547917743126
2017-08-26 04:00:00,0.9702126528442319,0.44059524320191296
2017-08-26 04:15:00,0.9702126528442319,0.42825094116698115
2017-08-26 04:30:00,0.9702126528442319,0.41716900064380075
2017-08-26 04:45:00,0.9702126528442319,0.40732499347231443
2017-08-26 05:00:00,0.9702126528442319,0.4029379310207958
2017-08-26 05:15:00,0.9702126528442319,0.4053073551040684
2017-08-26 05:30:00,0.9702126528442319,0.4045411350731553
2017-08-26 05:45:00,0.9702126528442319,0.4059639695896552
2017-08-26 06:00:00,0.9702126528442319,0.4125837167239198
2017-08-26 06:15:00,0.9702126528442319,0.3707521970929072
2017-08-26 06:30:00,0.9702126528442319,0.33265835568095053
2017-08-26 06:45:00,0.9702126528442319,0.2945716060606276
2017-08-26 07:00:00,0.9702126528442319,0.26521006735417035
2017-08-26 07:15:00,0.9702126528442319,0.23715728983587217
2017-08-26 07:30:00,0.9702126528442319,0.21392935517702147
2017-08-26 07:45:00,0.041,0.19895507402705742
2017-08-26 08:00:00,0.041,0.1964923871309663
2017-08-26 08:15:00,0.041,0.19368721300824338
2017-08-26 08:30:00,0.041,0.1903155207665149
2017-08-26 08:45:00,0.041,0.18779561260526492
2017-08-26 09:00:00,0.041,0.18713702402905952
2017-08-26 09:15:00,0.041,0.1935649447701065
2017-08-26 09:30:00,0.041,0.19331158627840822
2017-08-26 09:45:00,0.041,0.19334277071528233
2017-08-26 10:00:00,0.041,0.18784130873427593
2017-08-26 10:15:00,0.041,0.18614735607454855
2017-08-26 10:30:00,0.041,0.1847940118159835
2017-08-26 10:45:00,0.041,0.18527552040163173
2017-08-26 11:00:00,0.041,0.18595938146543176
2017-08-26 11:15:00,0.041,0.1868585097870902
2017-08-26 11:30:00,0.041,0.19489123050022963
2017-08-26 11:45:00,0.041,0.19042955110419058
2017-08-26 12:00:00,0.041,0.199810424543038
2017-08-26 12:15:00,0.041,0.19411886327419495
2017-08-26 12:30:00,0.041,0.19462952644784462
2017-08-26 12:45:00,0.041,0.1952386785339172
2017-08-26 13:00:00,0.041,0.1957865755798467
2017-08-26 13:15:00,0.041,0.19500527141491583
2017-08-26 13:30:00,0.041,0.19344077411560193
2017-08-26 13:45:00,0.041,0.1939916760865635
2017-08-26 14:00:00,0.041,0.19233333558036317
2017-08-26 14:15:00,0.041,0.19437596895320006
2017-08-26 14:30:00,0.041,0.19528010254884653
2017-08-26 14:45:00,0.041,0.19590297240870536
2017-08-26 15:00:00,0.041,0.19811816376876504
2017-08-26 15:15:00,0.041,0.19900247611869157
2017-08-26 15:30:00,0.9702126528442319,0.2002992219841564
2017-08-26 15:45:00,0.9702126528442319,0.2149251408461078
2017-08-26 16:00:00,0.9702126528442319,0.22900142653350145
2017-08-26 16:15:00,0.9702126528442319,0.2791066026501088
2017-08-26 16:30:00,0.9702126528442319,0.32391327880861526
2017-08-26 16:45:00,0.9702126528442319,0.3823657733844372
2017-08-26 17:00:00,0.9702126528442319,0.43314893000769417
2017-08-26 17:15:00,0.9702126528442319,0.4534574393264948
2017-08-26 17:30:00,0.9702126528442319,0.45796283619655576
2017-08-26 17:45:00,0.9702126528442319,0.46559112391820506
2017-08-26 18:00:00,0.9702126528442319,0.4649736739259197
2017-08-26 18:15:00,0.9702126528442319,0.46966247108813325
2017-08-26 18:30:00,0.9702126528442319,0.4689608339011508
2017-08-26 18:45:00,0.9702126528442319,0.4754903238254191
2017-08-26 19:00:00,0.9702126528442319,0.4841061790253207
2017-08-26 19:15:00,0.9702126528442319,0.492134164108232
2017-08-26 19:30:00,0.9702126528442319,0.4978655250224863
2017-08-26 19:45:00,0.9702126528442319,0.504221419650459
2017-08-26 20:00:00,0.9702126528442319,0.5104406488944291
2017-08-26 20:15:00,0.9702126528442319,0.5196480010180181
2017-08-26 20:30:00,0.9702126528442319,0.5226159488587451
2017-08-26 20:45:00,0.9702126528442319,0.52322042455988
2017-08-26 21:00:00,0.9702126528442319,0.5436119650850049
2017-08-26 21:15:00,0.9702126528442319,0.5326420878447002
2017-08-26 21:30:00,0.9702126528442319,0.5235414642444116
2017-08-26 21:45:00,0.9702126528442319,0.5097554440234815
2017-08-26 22:00:00,0.9702126528442319,0.49684115747154356
2017-08-26 22:15:00,0.9702126528442319,0.520036131806891
2017-08-26 22:30:00,0.9702126528442319,0.5276982716006406
2017-08-26 22:45:00,0.9702126528442319,0.5433272284038112
2017-08-26 23:00:00,0.9702126528442319,0.556642431611668
2017-08-26 23:15:00,0.9702126528442319,0.5376148450782601
2017-08-26 23:30:00,0.9702126528442319,0.51785300669877
2017-08-26 23:45:00,0.9702126528442319,0.49528003708588825
2017-08-27 00:00:00,0.9988888888888889,0.47198000922505984
2017-08-27 00:15:00,0.9988888888888889,0.47625489947659533
2017-08-27 00:30:00,0.9988888888888889,0.47809668912903747
2017-08-27 00:45:00,0.9988888888888889,0.48247413077081935
2017-08-27 01:00:00,0.9988888888888889,0.49054314367279905
2017-08-27 01:15:00,0.9988888888888889,0.48380068146616184
2017-08-27 01:30:00,0.9988888888888889,0.4779927614018376
2017-08-27 01:45:00,0.9988888888888889,0.4717646180968829
2017-08-27 02:00:00,0.9988888888888889,0.46528034961682535
2017-08-27 02:15:00,0.9988888888888889,0.46494272005054393
2017-08-27 02:30:00,0.9988888888888889,0.4643586029426433
2017-08-27 02:45:00,0.9988888888888889,0.46238911878341227
2017-08-27 03:00:00,0.9988888888888889,0.45864502927836354
2017-08-27 03:15:00,0.9988888888888889,0.45368911736025197
2017-08-27 03:30:00,0.9988888888888889,0.44991012995259955
2017-08-27 03:45:00,0.9988888888888889,0.4474409518570699
2017-08-27 04:00:00,0.9988888888888889,0.45001591555499826
2017-08-27 04:15:00,0.9988888888888889,0.4262612893439364
2017-08-27 04:30:00,0.9988888888888889,0.40689208809382005
2017-08-27 04:45:00,0.9988888888888889,0.3849014907040824
2017-08-27 05:00:00,0.9988888888888889,0.3659630881530673
2017-08-27 05:15:00,0.9988888888888889,0.3565967687109771
2017-08-27 05:30:00,0.9988888888888889,0.3556442495813767
2017-08-27 05:45:00,0.9988888888888889,0.35314396930321695
2017-08-27 06:00:00,0.9988888888888889,0.3511750590902746
2017-08-27 06:15:00,0.9988888888888889,0.3441998775124099
2017-08-27 06:30:00,0.9988888888888889,0.34959572703034875
2017-08-27 06:45:00,0.9988888888888889,0.3418257737429627
2017-08-27 07:00:00,0.9988888888888889,0.3409401370366683
2017-08-27 07:15:00,0.9988888888888889,0.2859861658118314
2017-08-27 07:30:00,0.041,0.26587385398686253
2017-08-27 07:45:00,0.041,0.26217140836089425
2017-08-27 08:00:00,0.041,0.2584583143684751
2017-08-27 08:15:00,0.041,0.2577767625735313
2017-08-27 08:30:00,0.041,0.2546884222797738
2017-08-27 08:45:00,0.041,0.25139820039723326
2017-08-27 09:00:00,0.041,0.24690271765057148
2017-08-27 09:15:00,0.041,0.24268721867899987
2017-08-27 09:30:00,0.041,0.238754177749802
2017-08-27 09:45:00,0.041,0.24332644333803885
2017-08-27 10:00:00,0.041,0.24070986920545315
2017-08-27 10:15:00,0.041,0.23801164329730912
2017-08-27 10:30:00,0.041,0.23575005488091294
2017-08-27 10:45:00,0.041,0.2289333079405253
2017-08-27 11:00:00,0.041,0.22773643724464554
2017-08-27 11:15:00,0.041,0.22866070360498153
2017-08-27 11:30:00,0.041,0.23153985126359738
2017-08-27 11:45:00,0.041,0.23577843031610823
2017-08-27 12:00:00,0.041,0.24148130096425938
2017-08-27 12:15:00,0.041,0.23741733200098933
2017-08-27 12:30:00,0.041,0.23841194436163993
2017-08-27 12:45:00,0.041,0.23657187576441574
2017-08-27 13:00:00,0.041,0.23594348696730974
2017-08-27 13:15:00,0.041,0.2367999626627083
2017-08-27 13:30:00,0.041,0.23628424214124605
2017-08-27 13:45:00,0.041,0.23831625949045737
2017-08-27 14:00:00,0.041,0.24144688914731946
2017-08-27 14:15:00,0.041,0.24637830468660238
2017-08-27 14:30:00,0.041,0.2476878273656461
2017-08-27 14:45:00,0.041,0.24505431413396594
2017-08-27 15:00:00,0.041,0.24287338782740248
2017-08-27 15:15:00,0.041,0.24340296862956814
2017-08-27 15:30:00,0.041,0.23979729340703904
2017-08-27 15:45:00,0.041,0.24107696484037064
2017-08-27 16:00:00,0.041,0.24024535171713268
2017-08-27 16:15:00,0.041,0.24041626441847339
2017-08-27 16:30:00,0.041,0.23895413926293488
2017-08-27 16:45:00,0.9988888888888889,0.2950553875125556
2017-08-27 17:00:00,0.9988888888888889,0.3955110586918659
2017-08-27 17:15:00,0.9988888888888889,0.41085323965161064
2017-08-27 17:30:00,0.9988888888888889,0.4146097730345546
2017-08-27 17:45:00,0.9988888888888889,0.4130647769479318
2017-08-27 18:00:00,0.9988888888888889,0.42161175228584213
2017-08-27 18:15:00,0.9988888888888889,0.4700293812454761
2017-08-27 18:30:00,0.9988888888888889,0.5030642926610901
2017-08-27 18:45:00,0.9988888888888889,0.531939305943259
2017-08-27 19:00:00,0.9988888888888889,0.5195699781025885
2017-08-27 19:15:00,0.9988888888888889,0.5196973738021277
2017-08-27 19:30:00,0.9988888888888889,0.520400287850313
2017-08-27 19:45:00,0.9988888888888889,0.5236616959575009
2017-08-27 20:00:00,0.9988888888888889,0.5409195794771136
2017-08-27 20:15:00,0.9988888888888889,0.5483499771944378
2017-08-27 20:30:00,0.9988888888888889,0.5404979552720806
2017-08-27 20:45:00,0.9988888888888889,0.5413095300011974
2017-08-27 21:00:00,0.9988888888888889,0.5423274050108818
2017-08-27 21:15:00,0.9988888888888889,0.5393000182208987
2017-08-27 21:30:00,0.9988888888888889,0.5326294582759361
2017-08-27 21:45:00,0.9988888888888889,0.5222204712133597
2017-08-27 22:00:00,0.9988888888888889,0.519756820996298
2017-08-27 22:15:00,0.9988888888888889,0.5237880409348858
2017-08-27 22:30:00,0.9988888888888889,0.529534530129725
2017-08-27 22:45:00,0.9988888888888889,0.5365644156592291
2017-08-27 23:00:00,0.9988888888888889,0.5418414551393245
2017-08-27 23:15:00,0.9988888888888889,0.518539971670849
2017-08-27 23:30:00,0.9988888888888889,0.4917159432822674
2017-08-27 23:45:00,0.9988888888888889,0.464742791017978
2017-08-28 00:00:00,0.9988888888888889,0.43073333695517585
2017-08-28 00:15:00,0.9988888888888889,0.4278626542357873
2017-08-28 00:30:00,0.9988888888888889,0.4160210528079987
2017-08-28 00:45:00,0.9988888888888889,0.4097720421045969
2017-08-28 01:00:00,0.9988888888888889,0.4026807226517451
2017-08-28 01:15:00,0.9988888888888889,0.41633379401110016
2017-08-28 01:30:00,0.9988888888888889,0.42921870102012105
2017-08-28 01:45:00,0.9988888888888889,0.44152439205970606
2017-08-28 02:00:00,0.9988888888888889,0.45719903128892264
2017-08-28 02:15:00,0.9988888888888889,0.44608201573172174
2017-08-28 02:30:00,0.9988888888888889,0.4348715593311435
2017-08-28 02:45:00,0.9988888888888889,0.424907684154936
2017-08-28 03:00:00,0.9988888888888889,0.41959409065766357
2017-08-28 03:15:00,0.9988888888888889,0.4258315099702485
2017-08-28 03:30:00,0.9988888888888889,0.43245730258386456
2017-08-28 03:45:00,0.9988888888888889,0.43787450420638535
2017-08-28 04:00:00,0.9988888888888889,0.4518535321388617
2017-08-28 04:15:00,0.9988888888888889,0.4644821846886105
2017-08-28 04:30:00,0.9988888888888889,0.4807127411530767
2017-08-28 04:45:00,0.9988888888888889,0.49718979873923747
2017-08-28 05:00:00,0.9988888888888889,0.5240774505117372
2017-08-28 05:15:00,0.9988888888888889,0.5267163827419036
2017-08-28 05:30:00,0.9988888888888889,0.5260667393549155
2017-08-28 05:45:00,0.9988888888888889,0.5231957207151648
2017-08-28 06:00:00,0.9988888888888889,0.5251592428828261
2017-08-28 06:15:00,0.9988888888888889,0.502788871307938
2017-08-28 06:30:00,0.9988888888888889,0.48059322224510537
2017-08-28 06:45:00,0.9988888888888889,0.45687540448649056
2017-08-28 07:00:00,0.9988888888888889,0.4320340271693531
2017-08-28 07:15:00,0.9988888888888889,0.40458006651132944
2017-08-28 07:30:00,0.9988888888888889,0.37770471006477613
2017-08-28 07:45:00,0.9988888888888889,0.34843892756534967
2017-08-28 08:00:00,0.9988888888888889,0.3103074026215533
2017-08-28 08:15:00,0.9988888888888889,0.28251056658110624
2017-08-28 08:30:00,0.9988888888888889,0.26685912820033125
2017-08-28 08:45:00,0.9988888888888889,0.2435761803484528
2017-08-28 09:00:00,0.9988888888888889,0.2194768044976766
2017-08-28 09:15:00,0.9988888888888889,0.21877996253112664
2017-08-28 09:30:00,0.9988888888888889,0.2227342116794732
2017-08-28 09:45:00,0.9988888888888889,0.22297165423345555
2017-08-28 10:00:00,0.9988888888888889,0.22605144958713724
2017-08-28 10:15:00,0.9988888888888889,0.19753180576853888
2017-08-28 10:30:00,0.041,0.17914789479066467
2017-08-28 10:45:00,0.041,0.17844906697727966
2017-08-28 11:00:00,0.041,0.17895633691794746
2017-08-28 11:15:00,0.041,0.18074318265497671
2017-08-28 11:30:00,0.041,0.18009508656923573
2017-08-28 11:45:00,0.041,0.18339760764264162
2017-08-28 12:00:00,0.041,0.18073957226699816
2017-08-28 12:15:00,0.9988888888888889,0.18405977206077218
2017-08-28 12:30:00,0.9988888888888889,0.18625487834353954
2017-08-28 12:45:00,0.9988888888888889,0.18698715808170788
2017-08-28 13:00:00,0.041,0.18815685666038431
2017-08-28 13:15:00,0.9988888888888889,0.18749456509582396
2017-08-28 13:30:00,0.9988888888888889,0.18542841044409353
2017-08-28 13:45:00,0.041,0.18488945848949237
2017-08-28 14:00:00,0.9988888888888889,0.21329603772956618
2017-08-28 14:15:00,0.9988888888888889,0.23987976647790513
2017-08-28 14:30:00,0.9988888888888889,0.26909017184223566
2017-08-28 14:45:00,0.9988888888888889,0.29824593678217914
2017-08-28 15:00:00,0.9988888888888889,0.3232816664201382
2017-08-28 15:15:00,0.9988888888888889,0.3208651634024778
2017-08-28 15:30:00,0.9988888888888889,0.31571163998496143
2017-08-28 15:45:00,0.9988888888888889,0.32102106640906697
2017-08-28 16:00:00,0.9988888888888889,0.3188606908010447
2017-08-28 16:15:00,0.9988888888888889,0.3618673328127415
2017-08-28 16:30:00,0.9988888888888889,0.40721084562479953
2017-08-28 16:45:00,0.9988888888888889,0.4438576486705801
2017-08-28 17:00:00,0.9988888888888889,0.47639249654264904
2017-08-28 17:15:00,0.4536363636363636,0.4987851167287654
2017-08-28 17:30:00,0.4536363636363636,0.5080422782117151
2017-08-28 17:45:00,0.4536363636363636,0.5173200413591669
2017-08-28 18:00:00,0.4536363636363636,0.5071793474172193
2017-08-28 18:15:00,0.9988888888888889,0.4835636321812572
2017-08-28 18:30:00,0.9988888888888889,0.4797490890618259
2017-08-28 18:45:00,0.9988888888888889,0.47502518729229504
2017-08-28 19:00:00,0.9988888888888889,0.48817807222553766
2017-08-28 19:15:00,0.9988888888888889,0.4878373044421275
2017-08-28 19:30:00,0.9988888888888889,0.4954894667887101
2017-08-28 19:45:00,0.9988888888888889,0.502340171744591
2017-08-28 20:00:00,0.9988888888888889,0.5040736069099758
2017-08-28 20:15:00,0.4536363636363636,0.5134923139463486
2017-08-28 20:30:00,0.9988888888888889,0.5060088077372561
2017-08-28 20:45:00,0.9988888888888889,0.49585505637401683
2017-08-28 21:00:00,0.9988888888888889,0.48675826633260505
2017-08-28 21:15:00,0.9988888888888889,0.47473740401150816
2017-08-28 21:30:00,0.9988888888888889,0.45760395666334647
2017-08-28 21:45:00,0.9988888888888889,0.44701299148613693
2017-08-28 22:00:00,0.9988888888888889,0.4214180685688126
2017-08-28 22:15:00,0.9988888888888889,0.4098647911261389
2017-08-28 22:30:00,0.9988888888888889,0.4104006748911556
2017-08-28 22:45:00,0.9988888888888889,0.42609106637929217
2017-08-28 23:00:00,0.9988888888888889,0.4296115249133009
2017-08-28 23:15:00,0.9988888888888889,0.42944771240867174
2017-08-28 23:30:00,0.9988888888888889,0.4206977865616774
2017-08-28 23:45:00,0.9988888888888889,0.42857031355957564
2017-08-29 00:00:00,0.9988888888888889,0.4343658784232138
2017-08-29 00:15:00,0.9988888888888889,0.42008410846215155
2017-08-29 00:30:00,0.9988888888888889,0.3869390713413668
2017-08-29 00:45:00,0.9988888888888889,0.3916294218186768
2017-08-29 01:00:00,0.9988888888888889,0.38308567588541026
2017-08-29 01:15:00,0.9988888888888889,0.39091603705179173
2017-08-29 01:30:00,0.9988888888888889,0.4031237622419657
2017-08-29 01:45:00,0.9988888888888889,0.4168757746425198
2017-08-29 02:00:00,0.9988888888888889,0.4254158648639728
2017-08-29 02:15:00,0.9988888888888889,0.426919216753808
2017-08-29 02:30:00,0.9988888888888889,0.42721133550236545
2017-08-29 02:45:00,0.9988888888888889,0.41785502214258263
2017-08-29 03:00:00,0.9988888888888889,0.4200249544928171
2017-08-29 03:15:00,0.9988888888888889,0.4257043331937192
2017-08-29 03:30:00,0.9988888888888889,0.4330533189058466
2017-08-29 03:45:00,0.9988888888888889,0.45279835844040395
2017-08-29 04:00:00,0.9988888888888889,0.4706638773875795
2017-08-29 04:15:00,0.9988888888888889,0.4596045607390692
2017-08-29 04:30:00,0.9988888888888889,0.44736262178018965
2017-08-29 04:45:00,0.9988888888888889,0.44223792468456746
2017-08-29 05:00:00,0.9988888888888889,0.4423526763716619
2017-08-29 05:15:00,0.9988888888888889,0.45417059272142446
2017-08-29 05:30:00,0.9988888888888889,0.44815343031162524
2017-08-29 05:45:00,0.9988888888888889,0.4582131400111926
2017-08-29 06:00:00,0.9988888888888889,0.46492400401117195
2017-08-29 06:15:00,0.9988888888888889,0.42796710518329
2017-08-29 06:30:00,0.9988888888888889,0.382989391831245
2017-08-29 06:45:00,0.9988888888888889,0.3479911303808539
2017-08-29 07:00:00,0.9988888888888889,0.3140601468752274
2017-08-29 07:15:00,0.9988888888888889,0.3037298546455095
2017-08-29 07:30:00,0.9988888888888889,0.2798735966767291
2017-08-29 07:45:00,0.9988888888888889,0.2530084946323875
2017-08-29 08:00:00,0.9988888888888889,0.23704394163163614
2017-08-29 08:15:00,0.9988888888888889,0.20196090312531975
2017-08-29 08:30:00,0.041,0.1811387547041719
2017-08-29 08:45:00,0.041,0.18218391912434614
2017-08-29 09:00:00,0.041,0.17760944178935845
2017-08-29 09:15:00,0.041,0.17602891569147072
2017-08-29 09:30:00,0.041,0.17614363606212177
2017-08-29 09:45:00,0.041,0.17618535139567884
2017-08-29 10:00:00,0.041,0.17522304704438485
2017-08-29 10:15:00,0.041,0.17263416813748456
2017-08-29 10:30:00,0.041,0.17202988669880453
2017-08-29 10:45:00,0.9988888888888889,0.17780166883174872
2017-08-29 11:00:00,0.041,0.17807257977930893
2017-08-29 11:15:00,0.041,0.1808707638666675
2017-08-29 11:30:00,0.041,0.1795712578339033
2017-08-29 11:45:00,0.041,0.18151897607254003
2017-08-29 12:00:00,0.041,0.17568050203943936
2017-08-29 12:15:00,0.041,0.1747077373071943
2017-08-29 12:30:00,0.041,0.17636284294895563
2017-08-29 12:45:00,0.041,0.17764529685266828
2017-08-29 13:00:00,0.041,0.17819178004331485
2017-08-29 13:15:00,0.041,0.18045165576745723
2017-08-29 13:30:00,0.041,0.17979651299811109
2017-08-29 13:45:00,0.041,0.18038485458793782
2017-08-29 14:00:00,0.041,0.1805502438626728
2017-08-29 14:15:00,0.041,0.1818990206463742
2017-08-29 14:30:00,0.041,0.18194840096858858
2017-08-29 14:45:00,0.041,0.18464863897910044
2017-08-29 15:00:00,0.041,0.1840599946763223
2017-08-29 15:15:00,0.9988888888888889,0.18917912487275265
2017-08-29 15:30:00,0.9988888888888889,0.21217093507824708
2017-08-29 15:45:00,0.9988888888888889,0.22682161393644468
2017-08-29 16:00:00,0.9988888888888889,0.2523345857373992
2017-08-29 16:15:00,0.9988888888888889,0.28453925111779316
2017-08-29 16:30:00,0.9988888888888889,0.3192214536071275
2017-08-29 16:45:00,0.9988888888888889,0.3426694186279817
2017-08-29 17:00:00,0.9988888888888889,0.38055052744125634
2017-08-29 17:15:00,0.9988888888888889,0.4265405355737877
2017-08-29 17:30:00,0.9988888888888889,0.46899191245764493
2017-08-29 17:45:00,0.3449709864603482,0.4874728712424969
2017-08-29 18:00:00,0.3449709864603482,0.48705149811207454
2017-08-29 18:15:00,0.3449709864603482,0.4924795391494171
2017-08-29 18:30:00,0.3449709864603482,0.48982996445367294
2017-08-29 18:45:00,0.3449709864603482,0.49404341695279275
2017-08-29 19:00:00,0.3449709864603482,0.4942410184636953
2017-08-29 19:15:00,0.3449709864603482,0.49239816037789147
2017-08-29 19:30:00,0.3449709864603482,0.49590098240012154
2017-08-29 19:45:00,0.3449709864603482,0.5160266915936097
2017-08-29 20:00:00,0.3449709864603482,0.5143643950324353
2017-08-29 20:15:00,0.3449709864603482,0.5198111748127898
2017-08-29 20:30:00,0.3449709864603482,0.5312455755194323
2017-08-29 20:45:00,0.3417988394584139,0.5370359018355235
2017-08-29 21:00:00,0.33704061895551257,0.5417406075542164
2017-08-29 21:15:00,0.9988888888888889,0.5383208056092804
2017-08-29 21:30:00,0.9988888888888889,0.5285581014131328
2017-08-29 21:45:00,0.9988888888888889,0.5175182010463462
2017-08-29 22:00:00,0.9988888888888889,0.5097751634120219
2017-08-29 22:15:00,0.9988888888888889,0.4903970554001223
2017-08-29 22:30:00,0.9988888888888889,0.48943498976925826
2017-08-29 22:45:00,0.9988888888888889,0.49336852971900846
2017-08-29 23:00:00,0.9988888888888889,0.49738683200120154
2017-08-29 23:15:00,0.9988888888888889,0.5025371838804937
2017-08-29 23:30:00,0.9988888888888889,0.5060664217602369
2017-08-29 23:45:00,0.9988888888888889,0.510912851441919
2017-08-30 00:00:00,0.9988888888888889,0.5190546380606402
2017-08-30 00:15:00,0.9988888888888889,0.5113305082228123
2017-08-30 00:30:00,0.9988888888888889,0.4997125017081549
2017-08-30 00:45:00,0.9988888888888889,0.4948118846260407
2017-08-30 01:00:00,0.9988888888888889,0.4973015306030045
2017-08-30 01:15:00,0.9988888888888889,0.4995778070452199
2017-08-30 01:30:00,0.9988888888888889,0.5000941953525972
2017-08-30 01:45:00,0.9988888888888889,0.4888595463218334
2017-08-30 02:00:00,0.9988888888888889,0.4971135671067288
2017-08-30 02:15:00,0.9988888888888889,0.5006372839159149
2017-08-30 02:30:00,0.9988888888888889,0.5011030586620436
2017-08-30 02:45:00,0.9988888888888889,0.5015768956535259
2017-08-30 03:00:00,0.9988888888888889,0.5010494250034031
2017-08-30 03:15:00,0.9988888888888889,0.5037587832220565
2017-08-30 03:30:00,0.9988888888888889,0.5147726680332534
2017-08-30 03:45:00,0.9988888888888889,0.5243428391092676
2017-08-30 04:00:00,0.9988888888888889,0.5391842367897594
2017-08-30 04:15:00,0.9988888888888889,0.5334898853566394
2017-08-30 04:30:00,0.9988888888888889,0.5283937975294215
2017-08-30 04:45:00,0.9988888888888889,0.5281214460026166
2017-08-30 05:00:00,0.9988888888888889,0.5357517098233873
2017-08-30 05:15:00,0.9988888888888889,0.5281992340829716
2017-08-30 05:30:00,0.9988888888888889,0.5154363238223679
2017-08-30 05:45:00,0.9988888888888889,0.5056769378888257
2017-08-30 06:00:00,0.9988888888888889,0.49237449822331153
2017-08-30 06:15:00,0.9988888888888889,0.4840930176812775
2017-08-30 06:30:00,0.9988888888888889,0.4784438579699635
2017-08-30 06:45:00,0.9988888888888889,0.4571617844050734
2017-08-30 07:00:00,0.9988888888888889,0.43540407280806326
2017-08-30 07:15:00,0.9988888888888889,0.4042961858726117
2017-08-30 07:30:00,0.9988888888888889,0.3702089554785861
2017-08-30 07:45:00,0.9988888888888889,0.3330649974941731
2017-08-30 08:00:00,0.9988888888888889,0.29250196777247034
2017-08-30 08:15:00,0.9988888888888889,0.2716360308910129
2017-08-30 08:30:00,0.9988888888888889,0.2564097531855537
2017-08-30 08:45:00,0.9988888888888889,0.24286339083176797
2017-08-30 09:00:00,0.9988888888888889,0.22106226318634767
2017-08-30 09:15:00,0.9988888888888889,0.2051549263961108
2017-08-30 09:30:00,0.9988888888888889,0.18680454033771823
2017-08-30 09:45:00,0.041,0.1740004376983205
2017-08-30 10:00:00,0.041,0.17281009388692842
2017-08-30 10:15:00,0.041,0.17323145266976628
2017-08-30 10:30:00,0.041,0.1738063562294696
2017-08-30 10:45:00,0.9988888888888889,0.1809922010452121
2017-08-30 11:00:00,0.041,0.1831955622659467
2017-08-30 11:15:00,0.9988888888888889,0.18097531528782898
2017-08-30 11:30:00,0.9988888888888889,0.1792373081325304
2017-08-30 11:45:00,0.9988888888888889,0.1814210525452852
2017-08-30 12:00:00,0.041,0.17647039704377251
2017-08-30 12:15:00,0.041,0.1752183214515382
2017-08-30 12:30:00,0.041,0.17609365614054504
2017-08-30 12:45:00,0.041,0.17696278417631311
2017-08-30 13:00:00,0.041,0.17834978049739908
2017-08-30 13:15:00,0.041,0.17785661165295674
2017-08-30 13:30:00,0.9988888888888889,0.1825685919476334
2017-08-30 13:45:00,0.041,0.17929953203567575
2017-08-30 14:00:00,0.041,0.18055464899864151
2017-08-30 14:15:00,0.041,0.18119832559241225
2017-08-30 14:30:00,0.041,0.1833876800548595
2017-08-30 14:45:00,0.041,0.18022838363661942
2017-08-30 15:00:00,0.041,0.18028944518395051
2017-08-30 15:15:00,0.041,0.18148466004886188
2017-08-30 15:30:00,0.9988888888888889,0.19713280861370538
2017-08-30 15:45:00,0.9988888888888889,0.227738857487046
2017-08-30 16:00:00,0.9988888888888889,0.26623397431090695
2017-08-30 16:15:00,0.9988888888888889,0.32138725846699384
2017-08-30 16:30:00,0.9988888888888889,0.379125385674628
2017-08-30 16:45:00,0.9988888888888889,0.43839215623682015
2017-08-30 17:00:00,0.3402127659574468,0.4719518282715293
2017-08-30 17:15:00,0.3449709864603482,0.4880403907480759
2017-08-30 17:30:00,0.3608317214700193,0.5027063780378811
2017-08-30 17:45:00,0.3608317214700193,0.5169278051213353
2017-08-30 18:00:00,0.3608317214700193,0.5205329577448049
2017-08-30 18:15:00,0.3608317214700193,0.5215095205168438
2017-08-30 18:30:00,0.3608317214700193,0.5183135393715483
2017-08-30 18:45:00,0.3608317214700193,0.521212758391062
2017-08-30 19:00:00,0.3608317214700193,0.5211712651754341
2017-08-30 19:15:00,0.3608317214700193,0.5303015911817314
2017-08-30 19:30:00,0.3608317214700193,0.535378316725645
2017-08-30 19:45:00,0.3608317214700193,0.5473931870441521
2017-08-30 20:00:00,0.3608317214700193,0.5595688331197652
2017-08-30 20:15:00,0.3608317214700193,0.56145897845808
2017-08-30 20:30:00,0.356073500967118,0.5628739398496385
2017-08-30 20:45:00,0.3497292069632495,0.5618907867707138
2017-08-30 21:00:00,0.34655705996131525,0.5562533150609574
2017-08-30 21:15:00,0.34655705996131525,0.5565064222426104
2017-08-30 21:30:00,0.3417988394584139,0.5618208636709816
2017-08-30 21:45:00,0.3386266924564797,0.5655881058342721
2017-08-30 22:00:00,0.9988888888888889,0.5703903176322407
2017-08-30 22:15:00,0.9988888888888889,0.5745107525506508
2017-08-30 22:30:00,0.9988888888888889,0.5793037369777547
2017-08-30 22:45:00,0.9988888888888889,0.5740334062161488
2017-08-30 23:00:00,0.9988888888888889,0.575872579138871
2017-08-30 23:15:00,0.9988888888888889,0.5654802637476305
2017-08-30 23:30:00,0.9988888888888889,0.5692474365473931
2017-08-30 23:45:00,0.9988888888888889,0.5598207566622659
2017-08-31 00:00:00,0.9988888888888889,0.5718798903480394
2017-08-31 00:15:00,0.9988888888888889,0.5720820502184885
2017-08-31 00:30:00,0.9988888888888889,0.5647165283918679
2017-08-31 00:45:00,0.9988888888888889,0.5870583779391625
2017-08-31 01:00:00,0.9988888888888889,0.6131230804203497
2017-08-31 01:15:00,0.9988888888888889,0.6157150073810026
2017-08-31 01:30:00,0.9988888888888889,0.6026681505088828
2017-08-31 01:45:00,0.9988888888888889,0.5769656209595282
2017-08-31 02:00:00,0.9988888888888889,0.5671689478076409
2017-08-31 02:15:00,0.9988888888888889,0.564444553376442
2017-08-31 02:30:00,0.9988888888888889,0.5664416039133054
2017-08-31 02:45:00,0.9988888888888889,0.5618863441852205
2017-08-31 03:00:00,0.9988888888888889,0.5584387081133572
2017-08-31 03:15:00,0.9988888888888889,0.5713431746962705
2017-08-31 03:30:00,0.9988888888888889,0.5713928696961385
2017-08-31 03:45:00,0.9988888888888889,0.5711368042289467
2017-08-31 04:00:00,0.9988888888888889,0.5639585030291582
2017-08-31 04:15:00,0.9988888888888889,0.5625932388882259
2017-08-31 04:30:00,0.9988888888888889,0.5642356335899602
2017-08-31 04:45:00,0.9988888888888889,0.5558915922319575
2017-08-31 05:00:00,0.9988888888888889,0.5277422486167991
2017-08-31 05:15:00,0.9988888888888889,0.511216971760527
2017-08-31 05:30:00,0.9988888888888889,0.5010259554162303
2017-08-31 05:45:00,0.9988888888888889,0.49048885858702124
2017-08-31 06:00:00,0.9988888888888889,0.47934370003336757
2017-08-31 06:15:00,0.9988888888888889,0.47439621363775974
2017-08-31 06:30:00,0.9988888888888889,0.46891350783666547
2017-08-31 06:45:00,0.9988888888888889,0.41888888315312145
2017-08-31 07:00:00,0.9988888888888889,0.39776911197716375
2017-08-31 07:15:00,0.9988888888888889,0.37360924198119555
2017-08-31 07:30:00,0.9988888888888889,0.32899366931055846
2017-08-31 07:45:00,0.9988888888888889,0.29356390704627594
2017-08-31 08:00:00,0.9988888888888889,0.2550721838693285
2017-08-31 08:15:00,0.9988888888888889,0.20433572392636323
2017-08-31 08:30:00,0.041,0.18609891038419582
2017-08-31 08:45:00,0.041,0.18267834841356945
2017-08-31 09:00:00,0.041,0.18062395964725272
2017-08-31 09:15:00,0.041,0.18055647293292426
2017-08-31 09:30:00,0.041,0.18439976271088807
2017-08-31 09:45:00,0.041,0.18004061546055516
2017-08-31 10:00:00,0.041,0.1784388444666887
2017-08-31 10:15:00,0.041,0.17738186076445284
2017-08-31 10:30:00,0.041,0.178929309313147
2017-08-31 10:45:00,0.041,0.18563389681928485
2017-08-31 11:00:00,0.041,0.1882891016065798
2017-08-31 11:15:00,0.041,0.1822395631150331
2017-08-31 11:30:00,0.041,0.18661649665122065
2017-08-31 11:45:00,0.041,0.18013842763612764
2017-08-31 12:00:00,0.041,0.17991670389046252
2017-08-31 12:15:00,0.041,0.1793004891806869
2017-08-31 12:30:00,0.041,0.18508270364649415
2017-08-31 12:45:00,0.041,0.18207030139355942
2017-08-31 13:00:00,0.041,0.1829881533671079
2017-08-31 13:15:00,0.041,0.1828213649525389
2017-08-31 13:30:00,0.041,0.18310096978604046
2017-08-31 13:45:00,0.041,0.18315254855538696
2017-08-31 14:00:00,0.041,0.18405739768138574
2017-08-31 14:15:00,0.041,0.18536806430443833
2017-08-31 14:30:00,0.041,0.18569438491721635
2017-08-31 14:45:00,0.041,0.1858136673315372
2017-08-31 15:00:00,0.041,0.18511788734402065
2017-08-31 15:15:00,0.041,0.18594352020486635
2017-08-31 15:30:00,0.9988888888888889,0.2112877182605134
2017-08-31 15:45:00,0.9988888888888889,0.2431475428381111
2017-08-31 16:00:00,0.9988888888888889,0.2718888369504724
2017-08-31 16:15:00,0.9988888888888889,0.29314835140021206
2017-08-31 16:30:00,0.9988888888888889,0.3249459808910174
2017-08-31 16:45:00,0.9988888888888889,0.3470465874085845
2017-08-31 17:00:00,0.9988888888888889,0.359695967143965
2017-08-31 17:15:00,0.9988888888888889,0.4119420068061048
2017-08-31 17:30:00,0.9988888888888889,0.46396157035784863
2017-08-31 17:45:00,0.4536363636363636,0.49676458082848146
2017-08-31 18:00:00,0.4536363636363636,0.5237410387057561
2017-08-31 18:15:00,0.4536363636363636,0.5264733300564819
2017-08-31 18:30:00,0.9988888888888889,0.4811429230604538
2017-08-31 18:45:00,0.9988888888888889,0.47814181141838097
2017-08-31 19:00:00,0.9988888888888889,0.48160244173610606
2017-08-31 19:15:00,0.9988888888888889,0.49118343339045817
2017-08-31 19:30:00,0.9988888888888889,0.49126019829655543
2017-08-31 19:45:00,0.4536363636363636,0.5423430920292275
2017-08-31 20:00:00,0.4536363636363636,0.5524304766035333
2017-08-31 20:15:00,0.4536363636363636,0.547021816252528
2017-08-31 20:30:00,0.4536363636363636,0.5422574835912592
2017-08-31 20:45:00,0.9988888888888889,0.5341320125742647
2017-08-31 21:00:00,0.9988888888888889,0.5096406500889009
2017-08-31 21:15:00,0.9988888888888889,0.5067291018135837
2017-08-31 21:30:00,0.9988888888888889,0.4836167397859333
2017-08-31 21:45:00,0.9988888888888889,0.479159165687553
2017-08-31 22:00:00,0.9988888888888889,0.468243404357932
2017-08-31 22:15:00,0.9988888888888889,0.4583818693609527
2017-08-31 22:30:00,0.9988888888888889,0.45670455606448973
2017-08-31 22:45:00,0.9988888888888889,0.4275274439865045
2017-08-31 23:00:00,0.9988888888888889,0.4212120432554937
2017-08-31 23:15:00,0.9988888888888889,0.4220657604732047
2017-08-31 23:30:00,0.9988888888888889,0.410832822515572
2017-08-31 23:45:00,0.9988888888888889,0.3942816322054666
2017-09-01 00:00:00,0.9988888888888889,0.378000342953486
2017-09-01 00:15:00,0.9988888888888889,0.36714885165073813
2017-09-01 00:30:00,0.9988888888888889,0.3501922253637429
2017-09-01 00:45:00,0.9988888888888889,0.33302650061318334
2017-09-01 01:00:00,0.9988888888888889,0.3140903523920307
2017-09-01 01:15:00,0.9988888888888889,0.3274623660136462
2017-09-01 01:30:00,0.9988888888888889,0.34001252110078073
2017-09-01 01:45:00,0.9988888888888889,0.35500634889327526
2017-09-01 02:00:00,0.9988888888888889,0.37093904834517616
2017-09-01 02:15:00,0.9988888888888889,0.3625415313131777
2017-09-01 02:30:00,0.9988888888888889,0.353204237345263
2017-09-01 02:45:00,0.9988888888888889,0.3447000738062575
2017-09-01 03:00:00,0.9988888888888889,0.34136002196634724
2017-09-01 03:15:00,0.9988888888888889,0.34828923833815023
2017-09-01 03:30:00,0.9988888888888889,0.35453902927500713
2017-09-01 03:45:00,0.9988888888888889,0.36317952058867353
2017-09-01 04:00:00,0.9988888888888889,0.3780693257352334
2017-09-01 04:15:00,0.9988888888888889,0.3965669562235866
2017-09-01 04:30:00,0.9988888888888889,0.4166822402409844
2017-09-01 04:45:00,0.9988888888888889,0.43899957910982956
2017-09-01 05:00:00,0.9988888888888889,0.47283585550352464
2017-09-01 05:15:00,0.9988888888888889,0.4655993646585843
2017-09-01 05:30:00,0.9988888888888889,0.45367883998007835
2017-09-01 05:45:00,0.9988888888888889,0.43973642878209257
2017-09-01 06:00:00,0.9988888888888889,0.4313146633441176
2017-09-01 06:15:00,0.9988888888888889,0.40404687884792595
2017-09-01 06:30:00,0.9988888888888889,0.37694084491996355
2017-09-01 06:45:00,0.9988888888888889,0.34776322439308466
2017-09-01 07:00:00,0.9988888888888889,0.3211605362373134
2017-09-01 07:15:00,0.9988888888888889,0.2696277126154097
2017-09-01 07:30:00,0.9988888888888889,0.22450260072945377
2017-09-01 07:45:00,0.041,0.18181697544892905
2017-09-01 08:00:00,0.041,0.18294247163278787
2017-09-01 08:15:00,0.041,0.18246704339301786
2017-09-01 08:30:00,0.041,0.182474558004236
2017-09-01 08:45:00,0.041,0.182901483855725
2017-09-01 09:00:00,0.041,0.18345599010191377
2017-09-01 09:15:00,0.041,0.1838521156816158
2017-09-01 09:30:00,0.041,0.19163134421507047
2017-09-01 09:45:00,0.041,0.1882945602416302
2017-09-01 10:00:00,0.041,0.18968865938242258
2017-09-01 10:15:00,0.041,0.18703445422909978
2017-09-01 10:30:00,0.041,0.18611123321239237
2017-09-01 10:45:00,0.041,0.18183538010287634
2017-09-01 11:00:00,0.041,0.18335445407439863
2017-09-01 11:15:00,0.041,0.1847647281545139
2017-09-01 11:30:00,0.041,0.18535337859452977
2017-09-01 11:45:00,0.041,0.18657395129741985
2017-09-01 12:00:00,0.041,0.1889012602966345
2017-09-01 12:15:00,0.041,0.18971811345608522
2017-09-01 12:30:00,0.041,0.19164739943282555
2017-09-01 12:45:00,0.041,0.19268968146251417
2017-09-01 13:00:00,0.041,0.19352065741483263
2017-09-01 13:15:00,0.041,0.19254090296501666
2017-09-01 13:30:00,0.041,0.19289623618617732
2017-09-01 13:45:00,0.041,0.19301684162251231
2017-09-01 14:00:00,0.041,0.1927718243564184
2017-09-01 14:15:00,0.041,0.19453846774145991
2017-09-01 14:30:00,0.041,0.1961371058419069
2017-09-01 14:45:00,0.041,0.19712913562090567
2017-09-01 15:00:00,0.041,0.1966624910561044
2017-09-01 15:15:00,0.041,0.19836196168191653
2017-09-01 15:30:00,0.041,0.1975204854557258
2017-09-01 15:45:00,0.041,0.1971139461212889
2017-09-01 16:00:00,0.041,0.19710522077353274
2017-09-01 16:15:00,0.9988888888888889,0.23228295883983516
2017-09-01 16:30:00,0.9988888888888889,0.2712562243950852
2017-09-01 16:45:00,0.9988888888888889,0.3164309088716949
2017-09-01 17:00:00,0.9988888888888889,0.3535147901397376
2017-09-01 17:15:00,0.9988888888888889,0.3933361910696128
2017-09-01 17:30:00,0.9988888888888889,0.44248725960013635
2017-09-01 17:45:00,0.9988888888888889,0.4870893277625831
2017-09-01 18:00:00,0.9988888888888889,0.4907177089019874
2017-09-01 18:15:00,0.9988888888888889,0.4960529684811126
2017-09-01 18:30:00,0.9988888888888889,0.498699366699145
2017-09-01 18:45:00,0.9988888888888889,0.5037728014090045
2017-09-01 19:00:00,0.9988888888888889,0.5051177940837912
2017-09-01 19:15:00,0.4536363636363636,0.5560999632085535
2017-09-01 19:30:00,0.4536363636363636,0.5670626643858796
2017-09-01 19:45:00,0.4536363636363636,0.5786812660345163
2017-09-01 20:00:00,0.4536363636363636,0.5574008213327724
2017-09-01 20:15:00,0.9988888888888889,0.529615384601343
2017-09-01 20:30:00,0.9988888888888889,0.5446533261542874
2017-09-01 20:45:00,0.4536363636363636,0.5774554638152475
2017-09-01 21:00:00,0.4536363636363636,0.5722363531814759
2017-09-01 21:15:00,0.9988888888888889,0.5792157279184119
2017-09-01 21:30:00,0.9988888888888889,0.5816863852625913
2017-09-01 21:45:00,0.9988888888888889,0.5982253048028634
2017-09-01 22:00:00,0.9988888888888889,0.6084891176975065
2017-09-01 22:15:00,0.9988888888888889,0.6012011894207526
2017-09-01 22:30:00,0.9988888888888889,0.5898231763356864
2017-09-01 22:45:00,0.9988888888888889,0.5701662792679588
2017-09-01 23:00:00,0.9988888888888889,0.5644187686589833
2017-09-01 23:15:00,0.9988888888888889,0.5626633214949545
2017-09-01 23:30:00,0.9988888888888889,0.5540790409843974
2017-09-01 23:45:00,0.9988888888888889,0.5523911655676641
2017-09-02 00:00:00,0.9988888888888889,0.5599972084563103
2017-09-02 00:15:00,0.9988888888888889,0.5686815140876893
2017-09-02 00:30:00,0.9988888888888889,0.5765726329320523
2017-09-02 00:45:00,0.9988888888888889,0.57897712333233
2017-09-02 01:00:00,0.9988888888888889,0.588184321117574
2017-09-02 01:15:00,0.9988888888888889,0.5827984195350955
2017-09-02 01:30:00,0.9988888888888889,0.5802667168153798
2017-09-02 01:45:00,0.9988888888888889,0.5793739654787617
2017-09-02 02:00:00,0.9988888888888889,0.5742181743474442
2017-09-02 02:15:00,0.9988888888888889,0.5827228171723298
2017-09-02 02:30:00,0.9988888888888889,0.5919460947498607
2017-09-02 02:45:00,0.9988888888888889,0.6006727771676608
2017-09-02 03:00:00,0.9988888888888889,0.6119913554628321
2017-09-02 03:15:00,0.9988888888888889,0.6068395194887445
2017-09-02 03:30:00,0.9988888888888889,0.6006944887672342
2017-09-02 03:45:00,0.9988888888888889,0.5966333623730367
2017-09-02 04:00:00,0.9988888888888889,0.5943564678542684
2017-09-02 04:15:00,0.9988888888888889,0.606660805308067
2017-09-02 04:30:00,0.9988888888888889,0.6189253605031189
2017-09-02 04:45:00,0.9988888888888889,0.6293207940050587
2017-09-02 05:00:00,0.9988888888888889,0.643927155491956
2017-09-02 05:15:00,0.9988888888888889,0.6377308478761547
2017-09-02 05:30:00,0.9988888888888889,0.6298671503165648
2017-09-02 05:45:00,0.9988888888888889,0.6219962938900041
2017-09-02 06:00:00,0.9988888888888889,0.6177284088664104
2017-09-02 06:15:00,0.9988888888888889,0.5769520480697575
2017-09-02 06:30:00,0.9988888888888889,0.5389583534707062
2017-09-02 06:45:00,0.9988888888888889,0.5039617816166395
2017-09-02 07:00:00,0.9988888888888889,0.46801637465236295
2017-09-02 07:15:00,0.9988888888888889,0.43034417284992826
2017-09-02 07:30:00,0.9988888888888889,0.3909894142896251
2017-09-02 07:45:00,0.9988888888888889,0.35056434602735764
2017-09-02 08:00:00,0.9988888888888889,0.31430873668642495
2017-09-02 08:15:00,0.9988888888888889,0.28378172488885045
2017-09-02 08:30:00,0.9988888888888889,0.24766326620339543
2017-09-02 08:45:00,0.9988888888888889,0.2260947027196192
2017-09-02 09:00:00,0.9988888888888889,0.22188519621060812
2017-09-02 09:15:00,0.9988888888888889,0.22193794431570577
2017-09-02 09:30:00,0.9988888888888889,0.22235297197768533
2017-09-02 09:45:00,0.9988888888888889,0.22280418865225515
2017-09-02 10:00:00,0.9988888888888889,0.22616235952725214
2017-09-02 10:15:00,0.9988888888888889,0.2212732304721395
2017-09-02 10:30:00,0.9988888888888889,0.21916407113950886
2017-09-02 10:45:00,0.9988888888888889,0.21978492139925773
2017-09-02 11:00:00,0.9988888888888889,0.2194606286078961
2017-09-02 11:15:00,0.9988888888888889,0.22183974470259984
2017-09-02 11:30:00,0.041,0.22549521611184947
2017-09-02 11:45:00,0.041,0.2273562095068307
2017-09-02 12:00:00,0.041,0.22880896267933112
2017-09-02 12:15:00,0.041,0.22947137822588612
2017-09-02 12:30:00,0.041,0.2314772593996446
2017-09-02 12:45:00,0.041,0.23316120610186233
2017-09-02 13:00:00,0.041,0.23563709139542072
2017-09-02 13:15:00,0.041,0.23562549052879067
2017-09-02 13:30:00,0.041,0.23581507700738819
2017-09-02 13:45:00,0.041,0.2354907649187237
2017-09-02 14:00:00,0.041,0.2365375925715312
2017-09-02 14:15:00,0.041,0.2355659813617326
2017-09-02 14:30:00,0.041,0.23843470507254894
2017-09-02 14:45:00,0.041,0.23560112310402945
2017-09-02 15:00:00,0.041,0.23406942494124816
2017-09-02 15:15:00,0.041,0.23744085664983947
2017-09-02 15:30:00,0.041,0.2366339282317459
2017-09-02 15:45:00,0.9988888888888889,0.25090638396309195
2017-09-02 16:00:00,0.9988888888888889,0.2759851460909647
2017-09-02 16:15:00,0.9988888888888889,0.3039839589100081
2017-09-02 16:30:00,0.9988888888888889,0.32051349841688886
2017-09-02 16:45:00,0.9988888888888889,0.3404991372364672
2017-09-02 17:00:00,0.9988888888888889,0.35992371239762605
2017-09-02 17:15:00,0.9988888888888889,0.41474398390772615
2017-09-02 17:30:00,0.9988888888888889,0.46636911765355926
2017-09-02 17:45:00,0.9988888888888889,0.5138002064425828
2017-09-02 18:00:00,0.9988888888888889,0.5493370729509597
2017-09-02 18:15:00,0.9988888888888889,0.5719439696782821
2017-09-02 18:30:00,0.9988888888888889,0.5620712218724137
2017-09-02 18:45:00,0.9988888888888889,0.5727550391873829
2017-09-02 19:00:00,0.9988888888888889,0.5846409256368624
2017-09-02 19:15:00,0.9988888888888889,0.5916951843461287
2017-09-02 19:30:00,0.9988888888888889,0.5974445712068509
2017-09-02 19:45:00,0.9988888888888889,0.600445235947386
2017-09-02 20:00:00,0.9988888888888889,0.6049195605216324
2017-09-02 20:15:00,0.9988888888888889,0.6107494551577881
2017-09-02 20:30:00,0.9988888888888889,0.6209475796935671
2017-09-02 20:45:00,0.9988888888888889,0.6331459071672081
2017-09-02 21:00:00,0.9988888888888889,0.6396922750804488
2017-09-02 21:15:00,0.9988888888888889,0.6548113376300252
2017-09-02 21:30:00,0.9988888888888889,0.6633222247334698
2017-09-02 21:45:00,0.9988888888888889,0.6667980063699946
2017-09-02 22:00:00,0.9988888888888889,0.6586934070742252
2017-09-02 22:15:00,0.9988888888888889,0.6608299147135059
2017-09-02 22:30:00,0.9988888888888889,0.663382140347994
2017-09-02 22:45:00,0.9988888888888889,0.6624640494297834
2017-09-02 23:00:00,0.9988888888888889,0.6579487896269175
2017-09-02 23:15:00,0.9988888888888889,0.640873043166774
2017-09-02 23:30:00,0.9988888888888889,0.6361885823105329
2017-09-02 23:45:00,0.9988888888888889,0.6286695146165358
2017-09-03 00:00:00,0.33704061895551257,0.6123211086063624
2017-09-03 00:15:00,0.33545454545454545,0.6146829931905926
2017-09-03 00:30:00,0.33545454545454545,0.6153217844428074
2017-09-03 00:45:00,0.9606539074960128,0.6178372839599519
2017-09-03 01:00:00,0.9606539074960128,0.6146158042983492
2017-09-03 01:15:00,0.9606539074960128,0.6044905294674561
2017-09-03 01:30:00,0.9606539074960128,0.5957751498168493
2017-09-03 01:45:00,0.9606539074960128,0.5869996599300057
2017-09-03 02:00:00,0.9606539074960128,0.5784435271366228
2017-09-03 02:15:00,0.9606539074960128,0.5890949271615705
2017-09-03 02:30:00,0.9606539074960128,0.602460404577191
2017-09-03 02:45:00,0.9606539074960128,0.6130680103865849
2017-09-03 03:00:00,0.9606539074960128,0.6251694361986229
2017-09-03 03:15:00,0.9606539074960128,0.6162924603928697
2017-09-03 03:30:00,0.9606539074960128,0.610558947855897
2017-09-03 03:45:00,0.9606539074960128,0.601539573422318
2017-09-03 04:00:00,0.9606539074960128,0.5965059714230215
2017-09-03 04:15:00,0.9606539074960128,0.6017689141458381
2017-09-03 04:30:00,0.9606539074960128,0.6105344626582062
2017-09-03 04:45:00,0.9606539074960128,0.6205133825973155
2017-09-03 05:00:00,0.9606539074960128,0.6292164904265624
2017-09-03 05:15:00,0.9606539074960128,0.5897525919216154
2017-09-03 05:30:00,0.9606539074960128,0.5508729812834292
2017-09-03 05:45:00,0.9606539074960128,0.5151820276631761
2017-09-03 06:00:00,0.9606539074960128,0.458466656724624
2017-09-03 06:15:00,0.9606539074960128,0.4479880366120142
2017-09-03 06:30:00,0.9606539074960128,0.43599681512011706
2017-09-03 06:45:00,0.9606539074960128,0.4160401011698205
2017-09-03 07:00:00,0.9606539074960128,0.3991750710911711
2017-09-03 07:15:00,0.9606539074960128,0.3437451300901783
2017-09-03 07:30:00,0.9606539074960128,0.2917648929173717
2017-09-03 07:45:00,0.9606539074960128,0.251065944892844
2017-09-03 08:00:00,0.9606539074960128,0.23164150312572657
2017-09-03 08:15:00,0.9606539074960128,0.22041066328461742
2017-09-03 08:30:00,0.9606539074960128,0.20600306180366768
2017-09-03 08:45:00,0.041,0.20668073344426216
2017-09-03 09:00:00,0.041,0.20774984201512525
2017-09-03 09:15:00,0.041,0.20235957948657327
2017-09-03 09:30:00,0.041,0.19993496083359158
2017-09-03 09:45:00,0.041,0.19893410491197427
2017-09-03 10:00:00,0.041,0.19524579675648457
2017-09-03 10:15:00,0.041,0.1915538578825895
2017-09-03 10:30:00,0.041,0.18834308945520742
2017-09-03 10:45:00,0.9606539074960128,0.19183823223142746
2017-09-03 11:00:00,0.041,0.18933371845974145
2017-09-03 11:15:00,0.041,0.19763528672021302
2017-09-03 11:30:00,0.041,0.19226538829677264
2017-09-03 11:45:00,0.041,0.1933169870195248
2017-09-03 12:00:00,0.041,0.19270313895768276
2017-09-03 12:15:00,0.041,0.19541958803275583
2017-09-03 12:30:00,0.041,0.20004672804121912
2017-09-03 12:45:00,0.041,0.2076057383473159
2017-09-03 13:00:00,0.041,0.21262437680472188
2017-09-03 13:15:00,0.041,0.20787550369998353
2017-09-03 13:30:00,0.041,0.21414699872076537
2017-09-03 13:45:00,0.041,0.20797388969685462
2017-09-03 14:00:00,0.041,0.20705031683310207
2017-09-03 14:15:00,0.041,0.20984715797161962
2017-09-03 14:30:00,0.041,0.20937549388438695
2017-09-03 14:45:00,0.041,0.20414859077081723
2017-09-03 15:00:00,0.041,0.20403953850011836
2017-09-03 15:15:00,0.041,0.20529480499306169
2017-09-03 15:30:00,0.041,0.20246597227390714
2017-09-03 15:45:00,0.041,0.20043752526527905
2017-09-03 16:00:00,0.041,0.19848598297684963
2017-09-03 16:15:00,0.9606539074960128,0.2422099366482647
2017-09-03 16:30:00,0.9606539074960128,0.29868543277905285
2017-09-03 16:45:00,0.9606539074960128,0.359037590966194
2017-09-03 17:00:00,0.9606539074960128,0.4238720833846221
2017-09-03 17:15:00,0.9606539074960128,0.4503917484380553
2017-09-03 17:30:00,0.9606539074960128,0.46505799899078115
2017-09-03 17:45:00,0.9606539074960128,0.47536589820776876
2017-09-03 18:00:00,0.9606539074960128,0.46996768034974495
2017-09-03 18:15:00,0.9606539074960128,0.4746175931554779
2017-09-03 18:30:00,0.9606539074960128,0.4629301695785708
2017-09-03 18:45:00,0.9606539074960128,0.47700558414697136
2017-09-03 19:00:00,0.9606539074960128,0.47404049606116166
2017-09-03 19:15:00,0.9606539074960128,0.47194138281238646
2017-09-03 19:30:00,0.9606539074960128,0.47579449257693796
2017-09-03 19:45:00,0.9606539074960128,0.4765730030674937
2017-09-03 20:00:00,0.9606539074960128,0.4820659273993956
2017-09-03 20:15:00,0.9606539074960128,0.49619418874249727
2017-09-03 20:30:00,0.9606539074960128,0.48440977940706076
2017-09-03 20:45:00,0.9606539074960128,0.47674374262962244
2017-09-03 21:00:00,0.9606539074960128,0.47267827258289274
2017-09-03 21:15:00,0.9606539074960128,0.48172168714765123
2017-09-03 21:30:00,0.9606539074960128,0.48092519078529555
2017-09-03 21:45:00,0.9606539074960128,0.4714469750987385
2017-09-03 22:00:00,0.9606539074960128,0.4679839528479094
2017-09-03 22:15:00,0.9606539074960128,0.43796106499199183
2017-09-03 22:30:00,0.9606539074960128,0.41399004929824845
2017-09-03 22:45:00,0.9606539074960128,0.38668696562356736
2017-09-03 23:00:00,0.9606539074960128,0.355604995869274
2017-09-03 23:15:00,0.9606539074960128,0.33893496921765576
2017-09-03 23:30:00,0.9606539074960128,0.322442862398318
2017-09-03 23:45:00,0.9606539074960128,0.3079474037706173
2017-09-04 00:00:00,0.9988888888888889,0.29078995782974726
2017-09-04 00:15:00,0.9988888888888889,0.2663870993835148
2017-09-04 00:30:00,0.9988888888888889,0.2679332813924895
2017-09-04 00:45:00,0.9988888888888889,0.2702625831366286
2017-09-04 01:00:00,0.9988888888888889,0.2731512573226303
2017-09-04 01:15:00,0.9988888888888889,0.27218377568987256
2017-09-04 01:30:00,0.9988888888888889,0.27266911280651696
2017-09-04 01:45:00,0.9988888888888889,0.27453353269875347
2017-09-04 02:00:00,0.9988888888888889,0.2730146112970078
2017-09-04 02:15:00,0.9988888888888889,0.27135136069288224
2017-09-04 02:30:00,0.9988888888888889,0.2698308282081619
2017-09-04 02:45:00,0.9988888888888889,0.2698509502955038
2017-09-04 03:00:00,0.9988888888888889,0.2653084143316484
2017-09-04 03:15:00,0.9988888888888889,0.26153458549994646
2017-09-04 03:30:00,0.9988888888888889,0.2577678361349641
2017-09-04 03:45:00,0.9988888888888889,0.2547135321610187
2017-09-04 04:00:00,0.9988888888888889,0.24409390156855965
2017-09-04 04:15:00,0.9988888888888889,0.23771629975832662
2017-09-04 04:30:00,0.9988888888888889,0.23136599220754972
2017-09-04 04:45:00,0.9988888888888889,0.23197629981416848
2017-09-04 05:00:00,0.9988888888888889,0.255566247816639
2017-09-04 05:15:00,0.9988888888888889,0.28698341302283664
2017-09-04 05:30:00,0.9988888888888889,0.30677972452323604
2017-09-04 05:45:00,0.9988888888888889,0.29477153693523245
2017-09-04 06:00:00,0.9988888888888889,0.28556350698088634
2017-09-04 06:15:00,0.9988888888888889,0.279954428597252
2017-09-04 06:30:00,0.9988888888888889,0.2864406933074131
2017-09-04 06:45:00,0.9988888888888889,0.2866009132599281
2017-09-04 07:00:00,0.9988888888888889,0.2881873260459028
2017-09-04 07:15:00,0.9988888888888889,0.29257266585058733
2017-09-04 07:30:00,0.9988888888888889,0.2820613504632281
2017-09-04 07:45:00,0.9988888888888889,0.2648330506538557
2017-09-04 08:00:00,0.9988888888888889,0.23719948526704712
2017-09-04 08:15:00,0.9988888888888889,0.20456180704481258
2017-09-04 08:30:00,0.041,0.1837799559503074
2017-09-04 08:45:00,0.041,0.18358217991488407
2017-09-04 09:00:00,0.041,0.18286700682863802
2017-09-04 09:15:00,0.041,0.18228166840137372
2017-09-04 09:30:00,0.041,0.1809761676102529
2017-09-04 09:45:00,0.041,0.1798773842517203
2017-09-04 10:00:00,0.041,0.1844732713527463
2017-09-04 10:15:00,0.041,0.18493283950545378
2017-09-04 10:30:00,0.041,0.1834177705294283
2017-09-04 10:45:00,0.041,0.1757717061773645
2017-09-04 11:00:00,0.041,0.17625832528380359
2017-09-04 11:15:00,0.041,0.18193396318087143
2017-09-04 11:30:00,0.041,0.17742500051643484
2017-09-04 11:45:00,0.041,0.1770308227381771
2017-09-04 12:00:00,0.041,0.18360153240899266
2017-09-04 12:15:00,0.041,0.1790341930716394
2017-09-04 12:30:00,0.041,0.1802022720771451
2017-09-04 12:45:00,0.041,0.18309291809759828
2017-09-04 13:00:00,0.041,0.18408201018719744
2017-09-04 13:15:00,0.041,0.18383628340555505
2017-09-04 13:30:00,0.041,0.1845310378217448
2017-09-04 13:45:00,0.041,0.18479860664494185
2017-09-04 14:00:00,0.9988888888888889,0.19622314462836463
2017-09-04 14:15:00,0.9988888888888889,0.20672777511069917
2017-09-04 14:30:00,0.9988888888888889,0.20321434935650412
2017-09-04 14:45:00,0.9988888888888889,0.20527059548820217
2017-09-04 15:00:00,0.9988888888888889,0.20413641860730783
2017-09-04 15:15:00,0.9988888888888889,0.21803921393986875
2017-09-04 15:30:00,0.9988888888888889,0.22932706338418232
2017-09-04 15:45:00,0.9988888888888889,0.2499494392396637
2017-09-04 16:00:00,0.9988888888888889,0.24825926528611886
2017-09-04 16:15:00,0.9988888888888889,0.2875466103190707
2017-09-04 16:30:00,0.9988888888888889,0.3168548881445617
2017-09-04 16:45:00,0.9988888888888889,0.3446161426906598
2017-09-04 17:00:00,0.9988888888888889,0.37346799899413347
2017-09-04 17:15:00,0.9988888888888889,0.4009290292887573
2017-09-04 17:30:00,0.9988888888888889,0.4304732850202427
2017-09-04 17:45:00,0.9988888888888889,0.4676784839083354
2017-09-04 18:00:00,0.9988888888888889,0.47636012015240364
2017-09-04 18:15:00,0.9988888888888889,0.4720044678610999
2017-09-04 18:30:00,0.9988888888888889,0.4725526294260019
2017-09-04 18:45:00,0.9988888888888889,0.4688194014643285
2017-09-04 19:00:00,0.9988888888888889,0.466764157935744
2017-09-04 19:15:00,0.9988888888888889,0.46501782928472335
2017-09-04 19:30:00,0.9988888888888889,0.47199808504537977
2017-09-04 19:45:00,0.9988888888888889,0.4521751356481507
2017-09-04 20:00:00,0.9988888888888889,0.41953606982064295
2017-09-04 20:15:00,0.9988888888888889,0.3998805149161819
2017-09-04 20:30:00,0.9988888888888889,0.3845645220269391
2017-09-04 20:45:00,0.9988888888888889,0.35745230623578844
2017-09-04 21:00:00,0.9988888888888889,0.34240272395582394
2017-09-04 21:15:00,0.9988888888888889,0.35666309276237373
2017-09-04 21:30:00,0.9988888888888889,0.34453631779797167
2017-09-04 21:45:00,0.9988888888888889,0.33415773432062235
2017-09-04 22:00:00,0.9988888888888889,0.34130376760946235
2017-09-04 22:15:00,0.9988888888888889,0.3386484595183368
2017-09-04 22:30:00,0.9988888888888889,0.3379997515535775
2017-09-04 22:45:00,0.9988888888888889,0.34472530979639365
2017-09-04 23:00:00,0.9988888888888889,0.3559793844857733
2017-09-04 23:15:00,0.9988888888888889,0.3618384627458525
2017-09-04 23:30:00,0.9988888888888889,0.35747781377062704
2017-09-04 23:45:00,0.9988888888888889,0.36371757250101355
2017-09-05 00:00:00,0.9988888888888889,0.45004110839507533
2017-09-05 00:15:00,0.9988888888888889,0.44837767308619214
2017-09-05 00:30:00,0.9988888888888889,0.45213972406826547
2017-09-05 00:45:00,0.9988888888888889,0.45785315565326096
2017-09-05 01:00:00,0.9988888888888889,0.4488662618032448
2017-09-05 01:15:00,0.9988888888888889,0.4371945182177242
2017-09-05 01:30:00,0.9988888888888889,0.43878489726474934
2017-09-05 01:45:00,0.9988888888888889,0.43712119613354805
2017-09-05 02:00:00,0.9988888888888889,0.43857083575144784
2017-09-05 02:15:00,0.9988888888888889,0.43858397304219415
2017-09-05 02:30:00,0.9988888888888889,0.436818537504046
2017-09-05 02:45:00,0.9988888888888889,0.4357986620777938
2017-09-05 03:00:00,0.9988888888888889,0.43162625312791475
2017-09-05 03:15:00,0.9988888888888889,0.4280007487637593
2017-09-05 03:30:00,0.9988888888888889,0.43414140119992345
2017-09-05 03:45:00,0.9988888888888889,0.4592217262733468
2017-09-05 04:00:00,0.9988888888888889,0.4964671721618127
2017-09-05 04:15:00,0.9988888888888889,0.5101982337404433
2017-09-05 04:30:00,0.9988888888888889,0.5257552762113361
2017-09-05 04:45:00,0.9988888888888889,0.5412587672930124
2017-09-05 05:00:00,0.4536363636363636,0.5547254472299321
2017-09-05 05:15:00,0.4536363636363636,0.5503031772542675
2017-09-05 05:30:00,0.33704061895551257,0.5161135756250748
2017-09-05 05:45:00,0.33704061895551257,0.5034694806028445
2017-09-05 06:00:00,0.33704061895551257,0.49083561560679223
2017-09-05 06:15:00,0.33704061895551257,0.48452991880133484
2017-09-05 06:30:00,0.33704061895551257,0.4804290852786739
2017-09-05 06:45:00,0.33704061895551257,0.47677709900002974
2017-09-05 07:00:00,0.33704061895551257,0.4707055743053871
2017-09-05 07:15:00,0.33704061895551257,0.468117660490115
2017-09-05 07:30:00,0.33704061895551257,0.45949426599407645
2017-09-05 07:45:00,0.33704061895551257,0.4244137001386667
2017-09-05 08:00:00,0.9988888888888889,0.40577609690176075
2017-09-05 08:15:00,0.9988888888888889,0.3831122213226941
2017-09-05 08:30:00,0.9988888888888889,0.3549991108189393
2017-09-05 08:45:00,0.9988888888888889,0.32492826634428557
2017-09-05 09:00:00,0.9988888888888889,0.29741753459933495
2017-09-05 09:15:00,0.9988888888888889,0.2692696453340291
2017-09-05 09:30:00,0.9988888888888889,0.23411932454889053
2017-09-05 09:45:00,0.9988888888888889,0.21527365065519616
2017-09-05 10:00:00,0.9988888888888889,0.21249744058398645
2017-09-05 10:15:00,0.9988888888888889,0.2098495859879386
2017-09-05 10:30:00,0.9988888888888889,0.2090623982121858
2017-09-05 10:45:00,0.9988888888888889,0.20603986458946486
2017-09-05 11:00:00,0.9988888888888889,0.20712561800159632
2017-09-05 11:15:00,0.9988888888888889,0.20851605431507905
2017-09-05 11:30:00,0.9988888888888889,0.20827859458222484
2017-09-05 11:45:00,0.9988888888888889,0.20739913032816168
2017-09-05 12:00:00,0.9988888888888889,0.2070288126472943
2017-09-05 12:15:00,0.9988888888888889,0.21119802467935345
2017-09-05 12:30:00,0.9988888888888889,0.21178184437967115
2017-09-05 12:45:00,0.9988888888888889,0.2124395521141109
2017-09-05 13:00:00,0.9988888888888889,0.21066727966636348
2017-09-05 13:15:00,0.9988888888888889,0.20999778597897145
2017-09-05 13:30:00,0.9988888888888889,0.21270093252713848
2017-09-05 13:45:00,0.9988888888888889,0.21379148677124596
2017-09-05 14:00:00,0.9988888888888889,0.21289050345137037
2017-09-05 14:15:00,0.9988888888888889,0.20088806621842223
2017-09-05 14:30:00,0.9988888888888889,0.2047568074552525
2017-09-05 14:45:00,0.9988888888888889,0.2150829191744473
2017-09-05 15:00:00,0.9988888888888889,0.2240975718900748
2017-09-05 15:15:00,0.9988888888888889,0.23667809498462478
2017-09-05 15:30:00,0.9988888888888889,0.27407725896510676
2017-09-05 15:45:00,0.9988888888888889,0.31276587249095505
2017-09-05 16:00:00,0.9988888888888889,0.3599748534212888
2017-09-05 16:15:00,0.9988888888888889,0.3991986263580627
2017-09-05 16:30:00,0.9988888888888889,0.4336196837975254
2017-09-05 16:45:00,0.33545454545454545,0.4680291411078193
2017-09-05 17:00:00,0.343384912959381,0.4808608247514386
2017-09-05 17:15:00,0.3513152804642166,0.49207407711647366
2017-09-05 17:30:00,0.3640038684719536,0.5024476637917803
2017-09-05 17:45:00,0.3640038684719536,0.5155431005133181
2017-09-05 18:00:00,0.36558994197292066,0.5079901557698586
2017-09-05 18:15:00,0.36558994197292066,0.5057678394160716
2017-09-05 18:30:00,0.36558994197292066,0.5091482292888448
2017-09-05 18:45:00,0.36558994197292066,0.5078189513633022
2017-09-05 19:00:00,0.36558994197292066,0.5168994360523729
2017-09-05 19:15:00,0.36558994197292066,0.5122478819175431
2017-09-05 19:30:00,0.36558994197292066,0.5126198566990343
2017-09-05 19:45:00,0.36558994197292066,0.5347998965866516
2017-09-05 20:00:00,0.36558994197292066,0.5542299693370686
2017-09-05 20:15:00,0.36558994197292066,0.5542004070937908
2017-09-05 20:30:00,0.36558994197292066,0.5569395585856238
2017-09-05 20:45:00,0.36558994197292066,0.5598457434743728
2017-09-05 21:00:00,0.35290135396518374,0.5612405680342978
2017-09-05 21:15:00,0.35290135396518374,0.5632939505653918
2017-09-05 21:30:00,0.3481431334622824,0.5692282844870298
2017-09-05 21:45:00,0.343384912959381,0.5795995601491518
2017-09-05 22:00:00,0.33545454545454545,0.5946348927433045
2017-09-05 22:15:00,0.9988888888888889,0.5980911164892524
2017-09-05 22:30:00,0.9988888888888889,0.5883435009035913
2017-09-05 22:45:00,0.9988888888888889,0.594886015803968
2017-09-05 23:00:00,0.9988888888888889,0.588151978022472
2017-09-05 23:15:00,0.9988888888888889,0.5945773450203202
2017-09-05 23:30:00,0.9988888888888889,0.5920681851446754
2017-09-05 23:45:00,0.9988888888888889,0.5988515586104195
2017-09-06 00:00:00,0.9988888888888889,0.6311708415000603
2017-09-06 00:15:00,0.9988888888888889,0.635111091496633
2017-09-06 00:30:00,0.9988888888888889,0.6305846383904651
2017-09-06 00:45:00,0.9988888888888889,0.6428532679592487
2017-09-06 01:00:00,0.9988888888888889,0.6555244279867048
2017-09-06 01:15:00,0.9988888888888889,0.6531582395680384
2017-09-06 01:30:00,0.9988888888888889,0.6397115186886778
2017-09-06 01:45:00,0.9988888888888889,0.6353255297323059
2017-09-06 02:00:00,0.9988888888888889,0.6291597420841059
2017-09-06 02:15:00,0.9988888888888889,0.6312741471886449
2017-09-06 02:30:00,0.9988888888888889,0.6321338082324499
2017-09-06 02:45:00,0.9988888888888889,0.6257333822673109
2017-09-06 03:00:00,0.9988888888888889,0.6265393649835357
2017-09-06 03:15:00,0.9988888888888889,0.6243547107069607
2017-09-06 03:30:00,0.9988888888888889,0.6276963013651934
2017-09-06 03:45:00,0.33704061895551257,0.6318073733379825
2017-09-06 04:00:00,0.343384912959381,0.6262952879364232
2017-09-06 04:15:00,0.3497292069632495,0.622614867964814
2017-09-06 04:30:00,0.4536363636363636,0.6190384229956382
2017-09-06 04:45:00,0.3497292069632495,0.5918843328650147
2017-09-06 05:00:00,0.3497292069632495,0.5553838994324454
2017-09-06 05:15:00,0.3497292069632495,0.5352113021858997
2017-09-06 05:30:00,0.3497292069632495,0.5247737065329698
2017-09-06 05:45:00,0.3497292069632495,0.5169805805291035
2017-09-06 06:00:00,0.4536363636363636,0.5256345560507609
2017-09-06 06:15:00,0.4536363636363636,0.537081925384478
2017-09-06 06:30:00,0.4536363636363636,0.5163351831654304
2017-09-06 06:45:00,0.4536363636363636,0.4974427497288686
2017-09-06 07:00:00,0.3497292069632495,0.4830361413690712
2017-09-06 07:15:00,0.3497292069632495,0.46194342599710475
2017-09-06 07:30:00,0.3481431334622824,0.4300138268663589
2017-09-06 07:45:00,0.9988888888888889,0.3823655514420339
2017-09-06 08:00:00,0.9988888888888889,0.3311759323955185
2017-09-06 08:15:00,0.9988888888888889,0.31897126853035335
2017-09-06 08:30:00,0.9988888888888889,0.29031765270616267
2017-09-06 08:45:00,0.9988888888888889,0.2761353730580642
2017-09-06 09:00:00,0.9988888888888889,0.262803203336056
2017-09-06 09:15:00,0.9988888888888889,0.249665288458013
2017-09-06 09:30:00,0.9988888888888889,0.2534877196588221
2017-09-06 09:45:00,0.9988888888888889,0.24289843454170118
2017-09-06 10:00:00,0.9988888888888889,0.23392269420811657
2017-09-06 10:15:00,0.9988888888888889,0.23506197997605524
2017-09-06 10:30:00,0.9988888888888889,0.2361972749076528
2017-09-06 10:45:00,0.9988888888888889,0.2339937589422843
2017-09-06 11:00:00,0.9988888888888889,0.22961884296658974
2017-09-06 11:15:00,0.9988888888888889,0.23046930893449502
2017-09-06 11:30:00,0.9988888888888889,0.2265193232417167
2017-09-06 11:45:00,0.9988888888888889,0.2328621380900498
2017-09-06 12:00:00,0.9988888888888889,0.22723527826643788
2017-09-06 12:15:00,0.9988888888888889,0.23366343123276487
2017-09-06 12:30:00,0.9988888888888889,0.23666041069318733
2017-09-06 12:45:00,0.9988888888888889,0.23835425229310195
2017-09-06 13:00:00,0.9988888888888889,0.2415400449038175
2017-09-06 13:15:00,0.9988888888888889,0.24299465046038024
2017-09-06 13:30:00,0.9988888888888889,0.24397802605118088
2017-09-06 13:45:00,0.9988888888888889,0.2356255519811539
2017-09-06 14:00:00,0.9988888888888889,0.22984615226614186
2017-09-06 14:15:00,0.9988888888888889,0.2317854482677514
2017-09-06 14:30:00,0.9988888888888889,0.24424326167885402
2017-09-06 14:45:00,0.9988888888888889,0.2670056259569618
2017-09-06 15:00:00,0.9988888888888889,0.29831882730726283
2017-09-06 15:15:00,0.9988888888888889,0.3219818153093588
2017-09-06 15:30:00,0.9988888888888889,0.3484464992125962
2017-09-06 15:45:00,0.9988888888888889,0.3766799126369929
2017-09-06 16:00:00,0.9988888888888889,0.40875255190932025
2017-09-06 16:15:00,0.9988888888888889,0.4416717059857524
2017-09-06 16:30:00,0.33704061895551257,0.47435474136026784
2017-09-06 16:45:00,0.4536363636363636,0.4874105991823631
2017-09-06 17:00:00,0.4536363636363636,0.5019484601849941
2017-09-06 17:15:00,0.4536363636363636,0.5200154552578088
2017-09-06 17:30:00,0.3687620889748549,0.535474721015976
2017-09-06 17:45:00,0.4536363636363636,0.5575353778455714
2017-09-06 18:00:00,0.3687620889748549,0.5290557402813444
2017-09-06 18:15:00,0.3687620889748549,0.5318674330459853
2017-09-06 18:30:00,0.3687620889748549,0.5344261792679069
2017-09-06 18:45:00,0.3687620889748549,0.545223306816559
2017-09-06 19:00:00,0.3687620889748549,0.5422431042523906
2017-09-06 19:15:00,0.3687620889748549,0.5475315763905994
2017-09-06 19:30:00,0.3687620889748549,0.5532940795956512
2017-09-06 19:45:00,0.3687620889748549,0.5595593989846281
2017-09-06 20:00:00,0.3687620889748549,0.5667887085958304
2017-09-06 20:15:00,0.3687620889748549,0.5716473729506589
2017-09-06 20:30:00,0.3624177949709865,0.5700612762161795
2017-09-06 20:45:00,0.4536363636363636,0.5760498593391378
2017-09-06 21:00:00,0.3513152804642166,0.5725450690541847
2017-09-06 21:15:00,0.34655705996131525,0.573824000474371
2017-09-06 21:30:00,0.3402127659574468,0.5766376289498407
2017-09-06 21:45:00,0.33545454545454545,0.5794257602363148
2017-09-06 22:00:00,0.9988888888888889,0.5714883220822512
2017-09-06 22:15:00,0.9988888888888889,0.5495840508039188
2017-09-06 22:30:00,0.9988888888888889,0.5415842499241956
2017-09-06 22:45:00,0.9988888888888889,0.5282863966934923
2017-09-06 23:00:00,0.9988888888888889,0.5223859695575612
2017-09-06 23:15:00,0.9988888888888889,0.5272610195562519
2017-09-06 23:30:00,0.9988888888888889,0.5332152753682159
2017-09-06 23:45:00,0.9988888888888889,0.5460396808141388
2017-09-07 00:00:00,0.9988888888888889,0.551324507831795
2017-09-07 00:15:00,0.9988888888888889,0.5590256027052958
2017-09-07 00:30:00,0.9988888888888889,0.5622247001869227
2017-09-07 00:45:00,0.9988888888888889,0.5680405637054209
2017-09-07 01:00:00,0.9988888888888889,0.5719516055017743
2017-09-07 01:15:00,0.9988888888888889,0.5743201776944601
2017-09-07 01:30:00,0.9988888888888889,0.5770314422872435
2017-09-07 01:45:00,0.9988888888888889,0.5736069382246065
2017-09-07 02:00:00,0.9988888888888889,0.5738923286939014
2017-09-07 02:15:00,0.9988888888888889,0.5801638418378582
2017-09-07 02:30:00,0.9988888888888889,0.5868906452660247
2017-09-07 02:45:00,0.9988888888888889,0.5984040528153397
2017-09-07 03:00:00,0.9988888888888889,0.6136863393604166
2017-09-07 03:15:00,0.9988888888888889,0.6060623660826812
2017-09-07 03:30:00,0.9988888888888889,0.6002660526386819
2017-09-07 03:45:00,0.9988888888888889,0.594434464404493
2017-09-07 04:00:00,0.9988888888888889,0.5935005372686867
2017-09-07 04:15:00,0.9988888888888889,0.5813098542703125
2017-09-07 04:30:00,0.9988888888888889,0.573800282119326
2017-09-07 04:45:00,0.9988888888888889,0.5644076831545599
2017-09-07 05:00:00,0.9988888888888889,0.5345883773409652
2017-09-07 05:15:00,0.9988888888888889,0.5151676739043618
2017-09-07 05:30:00,0.9988888888888889,0.5059204302753272
2017-09-07 05:45:00,0.9988888888888889,0.4994229837237225
2017-09-07 06:00:00,0.9988888888888889,0.4877266452239539
2017-09-07 06:15:00,0.9988888888888889,0.4820451688863012
2017-09-07 06:30:00,0.9988888888888889,0.47265001228484366
2017-09-07 06:45:00,0.9988888888888889,0.47300159528009916
2017-09-07 07:00:00,0.9988888888888889,0.466261865257412
2017-09-07 07:15:00,0.9988888888888889,0.42414696091962323
2017-09-07 07:30:00,0.9988888888888889,0.39146136854534413
2017-09-07 07:45:00,0.9988888888888889,0.3566498205609752
2017-09-07 08:00:00,0.9988888888888889,0.3201871250818601
2017-09-07 08:15:00,0.9988888888888889,0.2663044809768006
2017-09-07 08:30:00,0.9988888888888889,0.2276183384069857
2017-09-07 08:45:00,0.9988888888888889,0.2042508718875321
2017-09-07 09:00:00,0.041,0.18190610100395876
2017-09-07 09:15:00,0.041,0.18164019482644858
2017-09-07 09:30:00,0.041,0.18082968727645143
2017-09-07 09:45:00,0.041,0.18040502139049683
2017-09-07 10:00:00,0.041,0.18474930419851956
2017-09-07 10:15:00,0.041,0.1791761783645816
2017-09-07 10:30:00,0.041,0.180538905185805
2017-09-07 10:45:00,0.041,0.18591905007772197
2017-09-07 11:00:00,0.041,0.1819145516623601
2017-09-07 11:15:00,0.041,0.18158632004886224
2017-09-07 11:30:00,0.041,0.17998717710061984
2017-09-07 11:45:00,0.041,0.18570745927752036
2017-09-07 12:00:00,0.041,0.18674457423850244
2017-09-07 12:15:00,0.041,0.18652321818469425
2017-09-07 12:30:00,0.041,0.18289446354911937
2017-09-07 12:45:00,0.041,0.1854252526567106
2017-09-07 13:00:00,0.041,0.18606320233521595
2017-09-07 13:15:00,0.041,0.18503719828176304
2017-09-07 13:30:00,0.041,0.18674944489750642
2017-09-07 13:45:00,0.041,0.18826611140178168
2017-09-07 14:00:00,0.041,0.18737631115713654
2017-09-07 14:15:00,0.041,0.18789022173720707
2017-09-07 14:30:00,0.9988888888888889,0.1917215541725787
2017-09-07 14:45:00,0.9988888888888889,0.21791928485209455
2017-09-07 15:00:00,0.9988888888888889,0.23731355209125307
2017-09-07 15:15:00,0.9988888888888889,0.2597436530602558
2017-09-07 15:30:00,0.9988888888888889,0.2883532435469488
2017-09-07 15:45:00,0.9988888888888889,0.323541648005453
2017-09-07 16:00:00,0.9988888888888889,0.3577518572523963
2017-09-07 16:15:00,0.9988888888888889,0.38382769540823203
2017-09-07 16:30:00,0.9988888888888889,0.40200656012469915
2017-09-07 16:45:00,0.9988888888888889,0.4223936633184038
2017-09-07 17:00:00,0.9988888888888889,0.44210371777009483
2017-09-07 17:15:00,0.9988888888888889,0.4663335085431129
2017-09-07 17:30:00,0.4536363636363636,0.4832667572182211
2017-09-07 17:45:00,0.4536363636363636,0.49428946523020023
2017-09-07 18:00:00,0.4536363636363636,0.5053515441192761
2017-09-07 18:15:00,0.4536363636363636,0.5138439212601156
2017-09-07 18:30:00,0.4536363636363636,0.5222506950323724
2017-09-07 18:45:00,0.4536363636363636,0.5130065501039441
2017-09-07 19:00:00,0.9988888888888889,0.4750940449959082
2017-09-07 19:15:00,0.4536363636363636,0.5454259035363259
2017-09-07 19:30:00,0.9988888888888889,0.4862904697119404
2017-09-07 19:45:00,0.9988888888888889,0.503540082953224
2017-09-07 20:00:00,0.9988888888888889,0.5053219716726641
2017-09-07 20:15:00,0.4536363636363636,0.5667167144311099
2017-09-07 20:30:00,0.4536363636363636,0.5668016978097539
2017-09-07 20:45:00,0.4536363636363636,0.5666913189490727
2017-09-07 21:00:00,0.4536363636363636,0.5655749263974641
2017-09-07 21:15:00,0.9988888888888889,0.5425319461750527
2017-09-07 21:30:00,0.9988888888888889,0.5052045868553082
2017-09-07 21:45:00,0.9988888888888889,0.48240180093698204
2017-09-07 22:00:00,0.9988888888888889,0.4463931562239741
2017-09-07 22:15:00,0.9988888888888889,0.4581573619316809
2017-09-07 22:30:00,0.9988888888888889,0.4647737741009138
2017-09-07 22:45:00,0.9988888888888889,0.47879414304928003
2017-09-07 23:00:00,0.9988888888888889,0.48285998958661297
2017-09-07 23:15:00,0.9988888888888889,0.4804264200582532
2017-09-07 23:30:00,0.9988888888888889,0.4918350155385158
2017-09-07 23:45:00,0.9988888888888889,0.493614230084033
2017-09-08 00:00:00,0.979771398192451,0.49766847958625493
2017-09-08 00:15:00,0.979771398192451,0.49245390083318646
2017-09-08 00:30:00,0.979771398192451,0.49024246835723984
2017-09-08 00:45:00,0.979771398192451,0.4796317422133413
2017-09-08 01:00:00,0.979771398192451,0.4958182190737484
2017-09-08 01:15:00,0.979771398192451,0.5036587938375586
2017-09-08 01:30:00,0.979771398192451,0.49884630571619903
2017-09-08 01:45:00,0.979771398192451,0.5038768891648245
2017-09-08 02:00:00,0.979771398192451,0.4813470241406477
2017-09-08 02:15:00,0.979771398192451,0.4877304248534637
2017-09-08 02:30:00,0.979771398192451,0.49563002529667416
2017-09-08 02:45:00,0.979771398192451,0.47873593550695237
2017-09-08 03:00:00,0.979771398192451,0.4833091779675036
2017-09-08 03:15:00,0.979771398192451,0.483528185603844
2017-09-08 03:30:00,0.979771398192451,0.47938024530685425
2017-09-08 03:45:00,0.979771398192451,0.4688824182717937
2017-09-08 04:00:00,0.979771398192451,0.4614364231168004
2017-09-08 04:15:00,0.979771398192451,0.4627255906865787
2017-09-08 04:30:00,0.979771398192451,0.46730102240244054
2017-09-08 04:45:00,0.979771398192451,0.47648868687936763
2017-09-08 05:00:00,0.979771398192451,0.48399727441800594
2017-09-08 05:15:00,0.979771398192451,0.46249526426611387
2017-09-08 05:30:00,0.979771398192451,0.4514833541634032
2017-09-08 05:45:00,0.979771398192451,0.44275050352550505
2017-09-08 06:00:00,0.979771398192451,0.43414475789350404
2017-09-08 06:15:00,0.979771398192451,0.4257555783400059
2017-09-08 06:30:00,0.979771398192451,0.4244537542311489
2017-09-08 06:45:00,0.979771398192451,0.4214490479242815
2017-09-08 07:00:00,0.979771398192451,0.40493510016954876
2017-09-08 07:15:00,0.979771398192451,0.3746630622002811
2017-09-08 07:30:00,0.979771398192451,0.33983168792865737
2017-09-08 07:45:00,0.979771398192451,0.28835940371265506
2017-09-08 08:00:00,0.979771398192451,0.25840274627233606
2017-09-08 08:15:00,0.979771398192451,0.23197636441436614
2017-09-08 08:30:00,0.979771398192451,0.20340313202425947
2017-09-08 08:45:00,0.979771398192451,0.17675618627635645
2017-09-08 09:00:00,0.041,0.16138163703713324
2017-09-08 09:15:00,0.041,0.1612745015164538
2017-09-08 09:30:00,0.041,0.1595229316742152
2017-09-08 09:45:00,0.041,0.15973953993713136
2017-09-08 10:00:00,0.041,0.15809619384662543
2017-09-08 10:15:00,0.041,0.15682135117684365
2017-09-08 10:30:00,0.041,0.1561902034875547
2017-09-08 10:45:00,0.041,0.16159075626330743
2017-09-08 11:00:00,0.041,0.16271594537128173
2017-09-08 11:15:00,0.041,0.16275335726975973
2017-09-08 11:30:00,0.041,0.15858917652656046
2017-09-08 11:45:00,0.041,0.15921554214025552
2017-09-08 12:00:00,0.041,0.16084703673565406
2017-09-08 12:15:00,0.041,0.16121743572515174
2017-09-08 12:30:00,0.041,0.16824060459013973
2017-09-08 12:45:00,0.041,0.16460698957028788
2017-09-08 13:00:00,0.041,0.16931588949602666
2017-09-08 13:15:00,0.041,0.16366079727463306
2017-09-08 13:30:00,0.041,0.16464813236197
2017-09-08 13:45:00,0.041,0.16548060429408318
2017-09-08 14:00:00,0.041,0.164962019586451
2017-09-08 14:15:00,0.041,0.1676204302467139
2017-09-08 14:30:00,0.041,0.1691565230751618
2017-09-08 14:45:00,0.041,0.1696838910193483
2017-09-08 15:00:00,0.041,0.16884361614838148
2017-09-08 15:15:00,0.041,0.16818900587684268
2017-09-08 15:30:00,0.041,0.16989100039823113
2017-09-08 15:45:00,0.979771398192451,0.18034938444023615
2017-09-08 16:00:00,0.979771398192451,0.21714585512608897
2017-09-08 16:15:00,0.979771398192451,0.2669171227066036
2017-09-08 16:30:00,0.979771398192451,0.31132098836779665
2017-09-08 16:45:00,0.979771398192451,0.3587306120108459
2017-09-08 17:00:00,0.979771398192451,0.4023336063546169
2017-09-08 17:15:00,0.33704061895551257,0.4227496583779068
2017-09-08 17:30:00,0.3449709864603482,0.4370279178715643
2017-09-08 17:45:00,0.3481431334622824,0.44248083779035646
2017-09-08 18:00:00,0.3481431334622824,0.4453456228189919
2017-09-08 18:15:00,0.3481431334622824,0.4440391368692095
2017-09-08 18:30:00,0.3481431334622824,0.44805825137283534
2017-09-08 18:45:00,0.3481431334622824,0.44490325915231355
2017-09-08 19:00:00,0.3481431334622824,0.4455573491253861
2017-09-08 19:15:00,0.3481431334622824,0.4534469573616661
2017-09-08 19:30:00,0.3481431334622824,0.4620390164588486
2017-09-08 19:45:00,0.3481431334622824,0.47179371459438557
2017-09-08 20:00:00,0.3481431334622824,0.48501798805023305
2017-09-08 20:15:00,0.3481431334622824,0.4952905034706621
2017-09-08 20:30:00,0.3481431334622824,0.5023671388234411
2017-09-08 20:45:00,0.3417988394584139,0.5094932466760492
2017-09-08 21:00:00,0.3417988394584139,0.5138278298198015
2017-09-08 21:15:00,0.3386266924564797,0.5180123169752604
2017-09-08 21:30:00,0.33545454545454545,0.5171152649071602
2017-09-08 21:45:00,0.979771398192451,0.5165609250497292
2017-09-08 22:00:00,0.979771398192451,0.5063089196015604
2017-09-08 22:15:00,0.979771398192451,0.4859680940217053
2017-09-08 22:30:00,0.979771398192451,0.46529063322840525
2017-09-08 22:45:00,0.979771398192451,0.436208227567291
2017-09-08 23:00:00,0.979771398192451,0.4058388271510901
2017-09-08 23:15:00,0.979771398192451,0.41376179247502815
2017-09-08 23:30:00,0.979771398192451,0.4153766224912722
2017-09-08 23:45:00,0.979771398192451,0.4057214497476978
2017-09-09 00:00:00,0.9702126528442319,0.4093435580268481
2017-09-09 00:15:00,0.9702126528442319,0.38920070509946436
2017-09-09 00:30:00,0.9702126528442319,0.369198299731498
2017-09-09 00:45:00,0.9702126528442319,0.35166269446764586
2017-09-09 01:00:00,0.9702126528442319,0.3325795098985542
2017-09-09 01:15:00,0.9702126528442319,0.3242196026781074
2017-09-09 01:30:00,0.9702126528442319,0.3161086128216688
2017-09-09 01:45:00,0.9702126528442319,0.3061021913144026
2017-09-09 02:00:00,0.9702126528442319,0.2975787559565635
2017-09-09 02:15:00,0.9702126528442319,0.28637533582658053
2017-09-09 02:30:00,0.9702126528442319,0.27301487951715236
2017-09-09 02:45:00,0.9702126528442319,0.26218275182621603
2017-09-09 03:00:00,0.9702126528442319,0.24947963159093098
2017-09-09 03:15:00,0.9702126528442319,0.2507224749771492
2017-09-09 03:30:00,0.9702126528442319,0.25992187433769226
2017-09-09 03:45:00,0.9702126528442319,0.2604002857256536
2017-09-09 04:00:00,0.9702126528442319,0.2679507486210962
2017-09-09 04:15:00,0.9702126528442319,0.2550331617810563
2017-09-09 04:30:00,0.9702126528442319,0.2412842056272142
2017-09-09 04:45:00,0.9702126528442319,0.23274131619787305
2017-09-09 05:00:00,0.9702126528442319,0.22710834769481264
2017-09-09 05:15:00,0.9702126528442319,0.2144263850109085
2017-09-09 05:30:00,0.9702126528442319,0.20567645033727006
2017-09-09 05:45:00,0.041,0.19849433776760497
2017-09-09 06:00:00,0.041,0.1960714755123518
2017-09-09 06:15:00,0.041,0.19490428013801986
2017-09-09 06:30:00,0.041,0.19141430644144472
2017-09-09 06:45:00,0.041,0.18955051385426613
2017-09-09 07:00:00,0.041,0.19144093271626358
2017-09-09 07:15:00,0.041,0.18593630673524159
2017-09-09 07:30:00,0.041,0.1826587014884102
2017-09-09 07:45:00,0.041,0.18117234334514576
2017-09-09 08:00:00,0.041,0.18169709106798101
2017-09-09 08:15:00,0.041,0.18121731568878258
2017-09-09 08:30:00,0.041,0.18031074915636308
2017-09-09 08:45:00,0.041,0.1790497337738047
2017-09-09 09:00:00,0.041,0.17735422177818086
2017-09-09 09:15:00,0.041,0.17658150468343062
2017-09-09 09:30:00,0.041,0.17827083617642922
2017-09-09 09:45:00,0.041,0.17469770769331322
2017-09-09 10:00:00,0.041,0.17375621464639904
2017-09-09 10:15:00,0.041,0.17394123255809127
2017-09-09 10:30:00,0.041,0.17489949252795597
2017-09-09 10:45:00,0.041,0.18247254965635867
2017-09-09 11:00:00,0.041,0.18302856700488512
2017-09-09 11:15:00,0.041,0.17694998466367298
2017-09-09 11:30:00,0.041,0.1801943167824637
2017-09-09 11:45:00,0.041,0.18179362332839333
2017-09-09 12:00:00,0.041,0.18346876842466092
2017-09-09 12:15:00,0.041,0.1832901609541801
2017-09-09 12:30:00,0.041,0.1832289769469863
2017-09-09 12:45:00,0.041,0.1914372966489453
2017-09-09 13:00:00,0.041,0.19392588299529237
2017-09-09 13:15:00,0.041,0.18600977752966846
2017-09-09 13:30:00,0.041,0.19261761854513337
2017-09-09 13:45:00,0.041,0.18548236073445898
2017-09-09 14:00:00,0.041,0.1844021708965691
2017-09-09 14:15:00,0.041,0.18516310769331337
2017-09-09 14:30:00,0.041,0.1868017119619253
2017-09-09 14:45:00,0.041,0.18676021680013624
2017-09-09 15:00:00,0.041,0.186076504425365
2017-09-09 15:15:00,0.041,0.1886210053599689
2017-09-09 15:30:00,0.041,0.18835508157091257
2017-09-09 15:45:00,0.041,0.18707518965541944
2017-09-09 16:00:00,0.041,0.18360318307343407
2017-09-09 16:15:00,0.041,0.18271866379514545
2017-09-09 16:30:00,0.9702126528442319,0.21179059232680558
2017-09-09 16:45:00,0.9702126528442319,0.274834359578211
2017-09-09 17:00:00,0.9702126528442319,0.3448336781914784
2017-09-09 17:15:00,0.9702126528442319,0.39385466501252425
2017-09-09 17:30:00,0.9702126528442319,0.4369177567664553
2017-09-09 17:45:00,0.9702126528442319,0.44773187014986054
2017-09-09 18:00:00,0.9702126528442319,0.45000586276376653
2017-09-09 18:15:00,0.9702126528442319,0.44556107168250414
2017-09-09 18:30:00,0.9702126528442319,0.44898102620044555
2017-09-09 18:45:00,0.9702126528442319,0.45718454349046544
2017-09-09 19:00:00,0.9702126528442319,0.4673693029707825
2017-09-09 19:15:00,0.9702126528442319,0.4742761650300264
2017-09-09 19:30:00,0.9702126528442319,0.4868710795396787
2017-09-09 19:45:00,0.9702126528442319,0.5057493059405439
2017-09-09 20:00:00,0.9702126528442319,0.5090622086811425
2017-09-09 20:15:00,0.9702126528442319,0.508569281570694
2017-09-09 20:30:00,0.9702126528442319,0.5058366683531416
2017-09-09 20:45:00,0.9702126528442319,0.5063381993006033
2017-09-09 21:00:00,0.9702126528442319,0.5064308960812164
2017-09-09 21:15:00,0.9702126528442319,0.5153916611050645
2017-09-09 21:30:00,0.9702126528442319,0.5291047047803595
2017-09-09 21:45:00,0.9702126528442319,0.5359276890441579
2017-09-09 22:00:00,0.9702126528442319,0.5381612730196007
2017-09-09 22:15:00,0.9702126528442319,0.5284028698740733
2017-09-09 22:30:00,0.9702126528442319,0.5105504412115227
2017-09-09 22:45:00,0.9702126528442319,0.5042404119183681
2017-09-09 23:00:00,0.9702126528442319,0.49227464768533336
2017-09-09 23:15:00,0.9702126528442319,0.4829175080271391
2017-09-09 23:30:00,0.9702126528442319,0.47753666171090114
2017-09-09 23:45:00,0.9702126528442319,0.47307644274045335
2017-09-10 00:00:00,0.9988888888888889,0.4709679562695818
2017-09-10 00:15:00,0.9988888888888889,0.4788300463175237
2017-09-10 00:30:00,0.9988888888888889,0.4799356167594756
2017-09-10 00:45:00,0.9988888888888889,0.48770899264753076
2017-09-10 01:00:00,0.9988888888888889,0.4990056465202911
2017-09-10 01:15:00,0.9988888888888889,0.5058567755370583
2017-09-10 01:30:00,0.9988888888888889,0.5086067379205496
2017-09-10 01:45:00,0.9988888888888889,0.5116911417821776
2017-09-10 02:00:00,0.9988888888888889,0.5142590597039898
2017-09-10 02:15:00,0.9988888888888889,0.514923753554534
2017-09-10 02:30:00,0.9988888888888889,0.5158992368373836
2017-09-10 02:45:00,0.9988888888888889,0.5211303435912736
2017-09-10 03:00:00,0.9988888888888889,0.5266620444695327
2017-09-10 03:15:00,0.9988888888888889,0.5174559087529828
2017-09-10 03:30:00,0.9988888888888889,0.5067283666196635
2017-09-10 03:45:00,0.9988888888888889,0.4969947369479425
2017-09-10 04:00:00,0.9988888888888889,0.48760652070322263
2017-09-10 04:15:00,0.9988888888888889,0.5209178265539672
2017-09-10 04:30:00,0.9988888888888889,0.556447929303396
2017-09-10 04:45:00,0.9988888888888889,0.5892233623900702
2017-09-10 05:00:00,0.9988888888888889,0.6247447315963035
2017-09-10 05:15:00,0.9988888888888889,0.5940809131773978
2017-09-10 05:30:00,0.9988888888888889,0.5598363768222114
2017-09-10 05:45:00,0.9988888888888889,0.5269916272291331
2017-09-10 06:00:00,0.9988888888888889,0.5004156183960946
2017-09-10 06:15:00,0.9988888888888889,0.4582582630655114
2017-09-10 06:30:00,0.9988888888888889,0.41500607080114177
2017-09-10 06:45:00,0.9988888888888889,0.37409994833564064
2017-09-10 07:00:00,0.9988888888888889,0.3359009980393716
2017-09-10 07:15:00,0.9988888888888889,0.2845323205546475
2017-09-10 07:30:00,0.041,0.2502741036710116
2017-09-10 07:45:00,0.041,0.24762816126114207
2017-09-10 08:00:00,0.041,0.24548146711628235
2017-09-10 08:15:00,0.041,0.2435752436629107
2017-09-10 08:30:00,0.041,0.24099056428210833
2017-09-10 08:45:00,0.041,0.2402913018904161
2017-09-10 09:00:00,0.041,0.238694018505989
2017-09-10 09:15:00,0.041,0.23684826970458112
2017-09-10 09:30:00,0.041,0.2364731100508382
2017-09-10 09:45:00,0.041,0.23479085241601044
2017-09-10 10:00:00,0.041,0.23233739410226723
2017-09-10 10:15:00,0.041,0.2314757490003429
2017-09-10 10:30:00,0.041,0.2296619410136787
2017-09-10 10:45:00,0.041,0.22921765097034924
2017-09-10 11:00:00,0.041,0.23136721101570096
2017-09-10 11:15:00,0.041,0.2346580972089651
2017-09-10 11:30:00,0.041,0.24301842206395538
2017-09-10 11:45:00,0.041,0.24449827695524737
2017-09-10 12:00:00,0.041,0.2448211384816809
2017-09-10 12:15:00,0.041,0.2369149735411544
2017-09-10 12:30:00,0.041,0.23897809101379894
2017-09-10 12:45:00,0.041,0.23997635414785531
2017-09-10 13:00:00,0.041,0.24119817961405607
2017-09-10 13:15:00,0.041,0.2510189972078752
2017-09-10 13:30:00,0.041,0.25354795276452013
2017-09-10 13:45:00,0.041,0.24838460190763378
2017-09-10 14:00:00,0.041,0.24952718719508188
2017-09-10 14:15:00,0.041,0.25130470901893115
2017-09-10 14:30:00,0.041,0.24925448680599052
2017-09-10 14:45:00,0.041,0.24900313495892162
2017-09-10 15:00:00,0.041,0.24733939095040625
2017-09-10 15:15:00,0.041,0.24772518960957307
2017-09-10 15:30:00,0.041,0.2466222990114571
2017-09-10 15:45:00,0.041,0.24365599881246566
2017-09-10 16:00:00,0.041,0.23961142973585806
2017-09-10 16:15:00,0.9988888888888889,0.29307226836701944
2017-09-10 16:30:00,0.9988888888888889,0.3614990664526166
2017-09-10 16:45:00,0.9988888888888889,0.42753293012147775
2017-09-10 17:00:00,0.9988888888888889,0.5065233874959113
2017-09-10 17:15:00,0.9988888888888889,0.5479577711981847
2017-09-10 17:30:00,0.3386266924564797,0.5811689111736487
2017-09-10 17:45:00,0.3386266924564797,0.5892726314257992
2017-09-10 18:00:00,0.3386266924564797,0.592899500822838
2017-09-10 18:15:00,0.3386266924564797,0.5796036876683125
2017-09-10 18:30:00,0.3386266924564797,0.5802250744023215
2017-09-10 18:45:00,0.3386266924564797,0.5780841082413092
2017-09-10 19:00:00,0.3386266924564797,0.5776557104715158
2017-09-10 19:15:00,0.3386266924564797,0.574247293250616
2017-09-10 19:30:00,0.3386266924564797,0.5844888197190445
2017-09-10 19:45:00,0.3386266924564797,0.5967936409571493
2017-09-10 20:00:00,0.3386266924564797,0.6045375684624257
2017-09-10 20:15:00,0.3386266924564797,0.6140607390841452
2017-09-10 20:30:00,0.33545454545454545,0.6111582569692329
2017-09-10 20:45:00,0.9988888888888889,0.6016182473158472
2017-09-10 21:00:00,0.9988888888888889,0.5930702141307018
2017-09-10 21:15:00,0.9988888888888889,0.5885282362394463
2017-09-10 21:30:00,0.9988888888888889,0.5824506428245173
2017-09-10 21:45:00,0.9988888888888889,0.5747569223861668
2017-09-10 22:00:00,0.9988888888888889,0.5656181328467432
2017-09-10 22:15:00,0.9988888888888889,0.5504008840695485
2017-09-10 22:30:00,0.9988888888888889,0.5398886803752218
2017-09-10 22:45:00,0.9988888888888889,0.5295895009514846
2017-09-10 23:00:00,0.9988888888888889,0.536238463346575
2017-09-10 23:15:00,0.9988888888888889,0.5475305479690349
2017-09-10 23:30:00,0.9988888888888889,0.5492106833148502
2017-09-10 23:45:00,0.9988888888888889,0.5540054450840521
2017-09-11 00:00:00,0.9988888888888889,0.5573290606102363
2017-09-11 00:15:00,0.9988888888888889,0.56054231613355
2017-09-11 00:30:00,0.9988888888888889,0.5689489475382532
2017-09-11 00:45:00,0.9988888888888889,0.5791791960395074
2017-09-11 01:00:00,0.9988888888888889,0.5918876053606664
2017-09-11 01:15:00,0.9988888888888889,0.5973250194353903
2017-09-11 01:30:00,0.9988888888888889,0.5898398760606323
2017-09-11 01:45:00,0.9988888888888889,0.588429114698079
2017-09-11 02:00:00,0.9988888888888889,0.5908852535449456
2017-09-11 02:15:00,0.9988888888888889,0.5690136972495601
2017-09-11 02:30:00,0.9988888888888889,0.5815870757024193
2017-09-11 02:45:00,0.9988888888888889,0.590579982443342
2017-09-11 03:00:00,0.9988888888888889,0.6044763264293663
2017-09-11 03:15:00,0.9988888888888889,0.593586925534679
2017-09-11 03:30:00,0.9988888888888889,0.5844136065399737
2017-09-11 03:45:00,0.9988888888888889,0.577031972622775
2017-09-11 04:00:00,0.9988888888888889,0.576536082415308
2017-09-11 04:15:00,0.9988888888888889,0.5957613147669423
2017-09-11 04:30:00,0.3417988394584139,0.6055011257356946
2017-09-11 04:45:00,0.4536363636363636,0.6044577639246344
2017-09-11 05:00:00,0.3497292069632495,0.566522872609766
2017-09-11 05:15:00,0.3497292069632495,0.5458903386058699
2017-09-11 05:30:00,0.3497292069632495,0.5263435435211311
2017-09-11 05:45:00,0.3497292069632495,0.5147981087933099
2017-09-11 06:00:00,0.4536363636363636,0.5148491227349328
2017-09-11 06:15:00,0.4536363636363636,0.5386403562193187
2017-09-11 06:30:00,0.3497292069632495,0.48815678244916727
2017-09-11 06:45:00,0.3497292069632495,0.48770964861505
2017-09-11 07:00:00,0.4536363636363636,0.48975460465289977
2017-09-11 07:15:00,0.3497292069632495,0.4724397203895808
2017-09-11 07:30:00,0.3497292069632495,0.45656623075636055
2017-09-11 07:45:00,0.3497292069632495,0.42933143465996404
2017-09-11 08:00:00,0.34655705996131525,0.39343476667047245
2017-09-11 08:15:00,0.9988888888888889,0.37135387347216653
2017-09-11 08:30:00,0.9988888888888889,0.3451156824305203
2017-09-11 08:45:00,0.9988888888888889,0.318117818698414
2017-09-11 09:00:00,0.9988888888888889,0.2911214351263039
2017-09-11 09:15:00,0.9988888888888889,0.2789624024457988
2017-09-11 09:30:00,0.9988888888888889,0.26261974103444774
2017-09-11 09:45:00,0.9988888888888889,0.24881734437644742
2017-09-11 10:00:00,0.9988888888888889,0.2509738130501014
2017-09-11 10:15:00,0.9988888888888889,0.24951403678114337
2017-09-11 10:30:00,0.9988888888888889,0.24796933228527612
2017-09-11 10:45:00,0.9988888888888889,0.245439513574059
2017-09-11 11:00:00,0.9988888888888889,0.24640844443991308
2017-09-11 11:15:00,0.9988888888888889,0.24750992286457438
2017-09-11 11:30:00,0.9988888888888889,0.2429051521233995
2017-09-11 11:45:00,0.9988888888888889,0.24883841616613922
2017-09-11 12:00:00,0.9988888888888889,0.24195895537760304
2017-09-11 12:15:00,0.9988888888888889,0.24711701953369955
2017-09-11 12:30:00,0.9988888888888889,0.2528935637814545
2017-09-11 12:45:00,0.9988888888888889,0.25487213905515393
2017-09-11 13:00:00,0.9988888888888889,0.2544874547717925
2017-09-11 13:15:00,0.9988888888888889,0.25515097886616994
2017-09-11 13:30:00,0.9988888888888889,0.2567231334577472
2017-09-11 13:45:00,0.9988888888888889,0.25862958307743533
2017-09-11 14:00:00,0.9988888888888889,0.2562948014362346
2017-09-11 14:15:00,0.9988888888888889,0.2578958164267257
2017-09-11 14:30:00,0.9988888888888889,0.2604900018318462
2017-09-11 14:45:00,0.9988888888888889,0.2643830784528315
2017-09-11 15:00:00,0.9988888888888889,0.26023681866834986
2017-09-11 15:15:00,0.9988888888888889,0.2615663661007712
2017-09-11 15:30:00,0.9988888888888889,0.26106457535601574
2017-09-11 15:45:00,0.9988888888888889,0.27029105872401965
2017-09-11 16:00:00,0.9988888888888889,0.29549127177436624
2017-09-11 16:15:00,0.9988888888888889,0.33861480398073324
2017-09-11 16:30:00,0.9988888888888889,0.3757469350778473
2017-09-11 16:45:00,0.9988888888888889,0.4156201832530114
2017-09-11 17:00:00,0.9988888888888889,0.4518195947044242
2017-09-11 17:15:00,0.3402127659574468,0.46828330756032815
2017-09-11 17:30:00,0.3481431334622824,0.4826154007927092
2017-09-11 17:45:00,0.3513152804642166,0.4753328172269727
2017-09-11 18:00:00,0.35290135396518374,0.4804213495081053
2017-09-11 18:15:00,0.35290135396518374,0.48232377223680617
2017-09-11 18:30:00,0.35290135396518374,0.48505559402549014
2017-09-11 18:45:00,0.35290135396518374,0.48512292118987244
2017-09-11 19:00:00,0.35290135396518374,0.48757280531223657
2017-09-11 19:15:00,0.4536363636363636,0.5164090420895261
2017-09-11 19:30:00,0.35290135396518374,0.5150484472451418
2017-09-11 19:45:00,0.4536363636363636,0.5293147047176073
2017-09-11 20:00:00,0.35290135396518374,0.530056745416886
2017-09-11 20:15:00,0.35290135396518374,0.5387107880026029
2017-09-11 20:30:00,0.35290135396518374,0.5480643641993524
2017-09-11 20:45:00,0.35290135396518374,0.557315784603768
2017-09-11 21:00:00,0.3513152804642166,0.5649526491553427
2017-09-11 21:15:00,0.3449709864603482,0.5670869613150558
2017-09-11 21:30:00,0.3402127659574468,0.5674384301885254
2017-09-11 21:45:00,0.33704061895551257,0.5666230916849596
2017-09-11 22:00:00,0.9988888888888889,0.5578885325950992
2017-09-11 22:15:00,0.9988888888888889,0.5655201861955966
2017-09-11 22:30:00,0.9988888888888889,0.5740339588695035
2017-09-11 22:45:00,0.9988888888888889,0.5883148154873715
2017-09-11 23:00:00,0.9988888888888889,0.5964383036454509
2017-09-11 23:15:00,0.9988888888888889,0.5792431744991899
2017-09-11 23:30:00,0.9988888888888889,0.5671875961134023
2017-09-11 23:45:00,0.9988888888888889,0.5711130411102853
2017-09-12 00:00:00,0.9988888888888889,0.5817538607319588
2017-09-12 00:15:00,0.9988888888888889,0.5967853708056382
2017-09-12 00:30:00,0.9988888888888889,0.6066556639840165
2017-09-12 00:45:00,0.9988888888888889,0.6128117424905317
2017-09-12 01:00:00,0.9988888888888889,0.6185803607396183
2017-09-12 01:15:00,0.9988888888888889,0.6113505656581021
2017-09-12 01:30:00,0.9988888888888889,0.60521016676004
2017-09-12 01:45:00,0.9988888888888889,0.6066881436361536
2017-09-12 02:00:00,0.9988888888888889,0.6038753314578579
2017-09-12 02:15:00,0.9988888888888889,0.6023081684689013
2017-09-12 02:30:00,0.9988888888888889,0.6035518772424986
2017-09-12 02:45:00,0.9988888888888889,0.6098582736438554
2017-09-12 03:00:00,0.9988888888888889,0.5953266168973067
2017-09-12 03:15:00,0.9988888888888889,0.5956143136222914
2017-09-12 03:30:00,0.9988888888888889,0.6033098653082914
2017-09-12 03:45:00,0.9988888888888889,0.608723658976082
2017-09-12 04:00:00,0.9988888888888889,0.6046602802091738
2017-09-12 04:15:00,0.33545454545454545,0.5936182503439437
2017-09-12 04:30:00,0.3386266924564797,0.5857975068110303
2017-09-12 04:45:00,0.3402127659574468,0.5743029703804483
2017-09-12 05:00:00,0.34655705996131525,0.5557716516205148
2017-09-12 05:15:00,0.34655705996131525,0.5341507575188303
2017-09-12 05:30:00,0.34655705996131525,0.5184627248524053
2017-09-12 05:45:00,0.34655705996131525,0.5085108269182217
2017-09-12 06:00:00,0.34655705996131525,0.49815840605453643
2017-09-12 06:15:00,0.34655705996131525,0.4898410289297889
2017-09-12 06:30:00,0.34655705996131525,0.486755575349374
2017-09-12 06:45:00,0.34655705996131525,0.4793819052204883
2017-09-12 07:00:00,0.34655705996131525,0.47303250623655596
2017-09-12 07:15:00,0.34655705996131525,0.4757243935086647
2017-09-12 07:30:00,0.34655705996131525,0.46698971206515244
2017-09-12 07:45:00,0.34655705996131525,0.4469958107771298
2017-09-12 08:00:00,0.9988888888888889,0.42572464809237637
2017-09-12 08:15:00,0.9988888888888889,0.3955222156074283
2017-09-12 08:30:00,0.9988888888888889,0.3665762045508545
2017-09-12 08:45:00,0.9988888888888889,0.3304859549227156
2017-09-12 09:00:00,0.9988888888888889,0.28940266170976403
2017-09-12 09:15:00,0.9988888888888889,0.2741557754218667
2017-09-12 09:30:00,0.9988888888888889,0.26317195170439756
2017-09-12 09:45:00,0.9988888888888889,0.2511363039349409
2017-09-12 10:00:00,0.9988888888888889,0.2387543716430247
2017-09-12 10:15:00,0.9988888888888889,0.24680581929652629
2017-09-12 10:30:00,0.9988888888888889,0.25392201322438374
2017-09-12 10:45:00,0.9988888888888889,0.25440143129676607
2017-09-12 11:00:00,0.9988888888888889,0.25019912623453233
2017-09-12 11:15:00,0.9988888888888889,0.23249147734962775
2017-09-12 11:30:00,0.9988888888888889,0.2199912458752619
2017-09-12 11:45:00,0.9988888888888889,0.21918210794149312
2017-09-12 12:00:00,0.9988888888888889,0.2203249457148493
2017-09-12 12:15:00,0.9988888888888889,0.22027428866278542
2017-09-12 12:30:00,0.9988888888888889,0.22577983069384727
2017-09-12 12:45:00,0.9988888888888889,0.23830363723269424
2017-09-12 13:00:00,0.9988888888888889,0.2450233946223777
2017-09-12 13:15:00,0.9988888888888889,0.24337847765530285
2017-09-12 13:30:00,0.9988888888888889,0.2411515418562873
2017-09-12 13:45:00,0.9988888888888889,0.23215101835384755
2017-09-12 14:00:00,0.9988888888888889,0.22858042324265157
2017-09-12 14:15:00,0.9988888888888889,0.2315285908373062
2017-09-12 14:30:00,0.9988888888888889,0.2402000959748349
2017-09-12 14:45:00,0.9988888888888889,0.25756830851415957
2017-09-12 15:00:00,0.9988888888888889,0.28442489970890483
2017-09-12 15:15:00,0.9988888888888889,0.3109900285357241
2017-09-12 15:30:00,0.9988888888888889,0.34850461872065736
2017-09-12 15:45:00,0.9988888888888889,0.37722077516129954
2017-09-12 16:00:00,0.9988888888888889,0.40616575602150734
2017-09-12 16:15:00,0.9988888888888889,0.44647432083469
2017-09-12 16:30:00,0.33704061895551257,0.48003403063298133
2017-09-12 16:45:00,0.3497292069632495,0.48965247429232145
2017-09-12 17:00:00,0.35924564796905223,0.5051269470757863
2017-09-12 17:15:00,0.35924564796905223,0.5120916532283114
2017-09-12 17:30:00,0.36558994197292066,0.5160168252618316
2017-09-12 17:45:00,0.36558994197292066,0.517777239383989
2017-09-12 18:00:00,0.36558994197292066,0.5156719628243231
2017-09-12 18:15:00,0.36558994197292066,0.5207453625877592
2017-09-12 18:30:00,0.36558994197292066,0.5237529185372231
2017-09-12 18:45:00,0.36558994197292066,0.5189357495563421
2017-09-12 19:00:00,0.36558994197292066,0.5126928899326634
2017-09-12 19:15:00,0.36558994197292066,0.5230140431685371
2017-09-12 19:30:00,0.36558994197292066,0.5338204153497587
2017-09-12 19:45:00,0.36558994197292066,0.5507639515009626
2017-09-12 20:00:00,0.36558994197292066,0.5504317631135951
2017-09-12 20:15:00,0.36558994197292066,0.5571008064542279
2017-09-12 20:30:00,0.3513152804642166,0.5602268622344839
2017-09-12 20:45:00,0.34655705996131525,0.5659722278268743
2017-09-12 21:00:00,0.3449709864603482,0.5670553398778932
2017-09-12 21:15:00,0.3417988394584139,0.5717695268767952
2017-09-12 21:30:00,0.3402127659574468,0.5786181488888065
2017-09-12 21:45:00,0.33545454545454545,0.5870260433116385
2017-09-12 22:00:00,0.9988888888888889,0.588015826484377
2017-09-12 22:15:00,0.9988888888888889,0.5786978620840505
2017-09-12 22:30:00,0.9988888888888889,0.5695624251975798
2017-09-12 22:45:00,0.9988888888888889,0.5565701914769288
2017-09-12 23:00:00,0.9988888888888889,0.5492011147308871
2017-09-12 23:15:00,0.9988888888888889,0.5307962024526697
2017-09-12 23:30:00,0.9988888888888889,0.517931512713495
2017-09-12 23:45:00,0.9988888888888889,0.5003920332222483
2017-09-13 00:00:00,0.9988888888888889,0.4836902463867464
2017-09-13 00:15:00,0.9988888888888889,0.488336223310439
2017-09-13 00:30:00,0.9988888888888889,0.48922455325792435
2017-09-13 00:45:00,0.9988888888888889,0.4981241612620061
2017-09-13 01:00:00,0.9988888888888889,0.487693817528401
2017-09-13 01:15:00,0.9988888888888889,0.4965682760154995
2017-09-13 01:30:00,0.9988888888888889,0.5045518403056676
2017-09-13 01:45:00,0.9988888888888889,0.5035229184037426
2017-09-13 02:00:00,0.9988888888888889,0.5107858022819746
2017-09-13 02:15:00,0.9988888888888889,0.5014677004085614
2017-09-13 02:30:00,0.9988888888888889,0.4945295946331465
2017-09-13 02:45:00,0.9988888888888889,0.4914344492790501
2017-09-13 03:00:00,0.9988888888888889,0.48646704970683297
2017-09-13 03:15:00,0.9988888888888889,0.479040187156408
2017-09-13 03:30:00,0.9988888888888889,0.4681212709716744
2017-09-13 03:45:00,0.9988888888888889,0.4682159698723093
2017-09-13 04:00:00,0.9988888888888889,0.47616700191138134
2017-09-13 04:15:00,0.9988888888888889,0.4732270324093708
2017-09-13 04:30:00,0.9988888888888889,0.4731480603385958
2017-09-13 04:45:00,0.9988888888888889,0.4751705146091379
2017-09-13 05:00:00,0.9988888888888889,0.4866093585675272
2017-09-13 05:15:00,0.9988888888888889,0.4875702145222334
2017-09-13 05:30:00,0.9988888888888889,0.4848501895891453
2017-09-13 05:45:00,0.9988888888888889,0.4746917414691638
2017-09-13 06:00:00,0.9988888888888889,0.4602886972412739
2017-09-13 06:15:00,0.9988888888888889,0.4519285301304331
2017-09-13 06:30:00,0.9988888888888889,0.4400390171689426
2017-09-13 06:45:00,0.9988888888888889,0.4213523462095034
2017-09-13 07:00:00,0.9988888888888889,0.40591776093893506
2017-09-13 07:15:00,0.9988888888888889,0.3753842072432994
2017-09-13 07:30:00,0.9988888888888889,0.3418485935137222
2017-09-13 07:45:00,0.9988888888888889,0.30945428648935924
2017-09-13 08:00:00,0.9988888888888889,0.2690278432558036
2017-09-13 08:15:00,0.9988888888888889,0.24525217957691808
2017-09-13 08:30:00,0.9988888888888889,0.22747936540691616
2017-09-13 08:45:00,0.9988888888888889,0.2139571277758605
2017-09-13 09:00:00,0.9988888888888889,0.1954866604417088
2017-09-13 09:15:00,0.9988888888888889,0.17976423557495724
2017-09-13 09:30:00,0.041,0.17002899401889932
2017-09-13 09:45:00,0.041,0.16962731668806313
2017-09-13 10:00:00,0.041,0.16838751400519963
2017-09-13 10:15:00,0.9988888888888889,0.17023462152147217
2017-09-13 10:30:00,0.9988888888888889,0.16839418308586926
2017-09-13 10:45:00,0.9988888888888889,0.1679312803587935
2017-09-13 11:00:00,0.9988888888888889,0.1699050925710575
2017-09-13 11:15:00,0.041,0.16889966638090317
2017-09-13 11:30:00,0.041,0.16873656297389533
2017-09-13 11:45:00,0.041,0.16969467013845502
2017-09-13 12:00:00,0.041,0.1761516199490997
2017-09-13 12:15:00,0.9988888888888889,0.176116737729077
2017-09-13 12:30:00,0.9988888888888889,0.17471645017478885
2017-09-13 12:45:00,0.9988888888888889,0.1737482257532396
2017-09-13 13:00:00,0.041,0.1709705479048169
2017-09-13 13:15:00,0.041,0.17341047488054068
2017-09-13 13:30:00,0.9988888888888889,0.19180362480021143
2017-09-13 13:45:00,0.9988888888888889,0.213175475148818
2017-09-13 14:00:00,0.9988888888888889,0.22426330632528174
2017-09-13 14:15:00,0.9988888888888889,0.23949428753451074
2017-09-13 14:30:00,0.9988888888888889,0.24115011229956454
2017-09-13 14:45:00,0.9988888888888889,0.25375935619328716
2017-09-13 15:00:00,0.9988888888888889,0.2697081087219604
2017-09-13 15:15:00,0.9988888888888889,0.28663424212107114
2017-09-13 15:30:00,0.9988888888888889,0.31103748179925583
2017-09-13 15:45:00,0.9988888888888889,0.340320044288103
2017-09-13 16:00:00,0.9988888888888889,0.3704328187704393
2017-09-13 16:15:00,0.9988888888888889,0.393093540119892
2017-09-13 16:30:00,0.9988888888888889,0.4163402737060999
2017-09-13 16:45:00,0.9988888888888889,0.4399500261878505
2017-09-13 17:00:00,0.356073500967118,0.4504225217636515
2017-09-13 17:15:00,0.356073500967118,0.4631976765027337
2017-09-13 17:30:00,0.356073500967118,0.47647278612027816
2017-09-13 17:45:00,0.356073500967118,0.47444376329517235
2017-09-13 18:00:00,0.356073500967118,0.47201790969658236
2017-09-13 18:15:00,0.356073500967118,0.4677053895454163
2017-09-13 18:30:00,0.356073500967118,0.474518271542314
2017-09-13 18:45:00,0.356073500967118,0.47144064362839494
2017-09-13 19:00:00,0.356073500967118,0.46791947583191057
2017-09-13 19:15:00,0.356073500967118,0.47458180742798384
2017-09-13 19:30:00,0.356073500967118,0.4889851624868016
2017-09-13 19:45:00,0.356073500967118,0.4992190515358276
2017-09-13 20:00:00,0.35290135396518374,0.5008721673588067
2017-09-13 20:15:00,0.35290135396518374,0.49962481832362937
2017-09-13 20:30:00,0.3513152804642166,0.4985262005520283
2017-09-13 20:45:00,0.33545454545454545,0.4987659689869015
2017-09-13 21:00:00,0.9988888888888889,0.4832163996895959
2017-09-13 21:15:00,0.9988888888888889,0.4752727859308762
2017-09-13 21:30:00,0.9988888888888889,0.46590082205780997
2017-09-13 21:45:00,0.9988888888888889,0.4512412794041609
2017-09-13 22:00:00,0.9988888888888889,0.43832380176962304
2017-09-13 22:15:00,0.9988888888888889,0.433116115421532
2017-09-13 22:30:00,0.9988888888888889,0.432673597961727
2017-09-13 22:45:00,0.9988888888888889,0.4365084479416475
2017-09-13 23:00:00,0.9988888888888889,0.440603876049565
2017-09-13 23:15:00,0.9988888888888889,0.4497035098751759
2017-09-13 23:30:00,0.9988888888888889,0.4424242590024779
2017-09-13 23:45:00,0.9988888888888889,0.4546180231395868
2017-09-14 00:00:00,0.9988888888888889,0.445861394400961
2017-09-14 00:15:00,0.9988888888888889,0.4483130725091004
2017-09-14 00:30:00,0.9988888888888889,0.45874804854065504
2017-09-14 00:45:00,0.9988888888888889,0.47040226328281115
2017-09-14 01:00:00,0.9988888888888889,0.4786975042773806
2017-09-14 01:15:00,0.9988888888888889,0.47167889337772034
2017-09-14 01:30:00,0.9988888888888889,0.46069713971906645
2017-09-14 01:45:00,0.9988888888888889,0.4672612652666214
2017-09-14 02:00:00,0.9988888888888889,0.4745110764237766
2017-09-14 02:15:00,0.9988888888888889,0.48066852119932285
2017-09-14 02:30:00,0.9988888888888889,0.4836192904561479
2017-09-14 02:45:00,0.9988888888888889,0.48037718149140823
2017-09-14 03:00:00,0.9988888888888889,0.4769862038014311
2017-09-14 03:15:00,0.9988888888888889,0.4734612942691735
2017-09-14 03:30:00,0.9988888888888889,0.46618641301106023
2017-09-14 03:45:00,0.9988888888888889,0.4654953534300196
2017-09-14 04:00:00,0.9988888888888889,0.4682835068225269
2017-09-14 04:15:00,0.9988888888888889,0.47579095703161867
2017-09-14 04:30:00,0.9988888888888889,0.48719140428299396
2017-09-14 04:45:00,0.9988888888888889,0.5017570567295041
2017-09-14 05:00:00,0.9988888888888889,0.5229763181363193
2017-09-14 05:15:00,0.9988888888888889,0.5114313595208669
2017-09-14 05:30:00,0.9988888888888889,0.4968170690089146
2017-09-14 05:45:00,0.9988888888888889,0.48574520914166164
2017-09-14 06:00:00,0.9988888888888889,0.4782486068256896
2017-09-14 06:15:00,0.9988888888888889,0.4725480949746837
2017-09-14 06:30:00,0.9988888888888889,0.47009712236407886
2017-09-14 06:45:00,0.9988888888888889,0.46724314051165405
2017-09-14 07:00:00,0.9988888888888889,0.4606592154070519
2017-09-14 07:15:00,0.9988888888888889,0.43431344939391436
2017-09-14 07:30:00,0.9988888888888889,0.39665105049111565
2017-09-14 07:45:00,0.9988888888888889,0.360778076039949
2017-09-14 08:00:00,0.9988888888888889,0.31939162693517226
2017-09-14 08:15:00,0.9988888888888889,0.2989355862410878
2017-09-14 08:30:00,0.9988888888888889,0.275830355710037
2017-09-14 08:45:00,0.9988888888888889,0.24880596407169164
2017-09-14 09:00:00,0.9988888888888889,0.2425779255395791
2017-09-14 09:15:00,0.9988888888888889,0.24134764204726175
2017-09-14 09:30:00,0.9988888888888889,0.24025367679322307
2017-09-14 09:45:00,0.9988888888888889,0.2402777593582139
2017-09-14 10:00:00,0.9988888888888889,0.2413054481918175
2017-09-14 10:15:00,0.9988888888888889,0.24646379304598626
2017-09-14 10:30:00,0.9988888888888889,0.24433910034035436
2017-09-14 10:45:00,0.9988888888888889,0.23670895785904456
2017-09-14 11:00:00,0.9988888888888889,0.22843849302042363
2017-09-14 11:15:00,0.9988888888888889,0.22731713788315186
2017-09-14 11:30:00,0.9988888888888889,0.22531241882932126
2017-09-14 11:45:00,0.9988888888888889,0.2248275346719019
2017-09-14 12:00:00,0.9988888888888889,0.2259232942173229
2017-09-14 12:15:00,0.9988888888888889,0.22985318096083168
2017-09-14 12:30:00,0.9988888888888889,0.2369583585007689
2017-09-14 12:45:00,0.9988888888888889,0.24880541010177318
2017-09-14 13:00:00,0.9988888888888889,0.2526666024798638
2017-09-14 13:15:00,0.9988888888888889,0.24466864903629162
2017-09-14 13:30:00,0.9988888888888889,0.23805989669383515
2017-09-14 13:45:00,0.9988888888888889,0.23621353394949568
2017-09-14 14:00:00,0.9988888888888889,0.23353874313326323
2017-09-14 14:15:00,0.9988888888888889,0.23349819025956212
2017-09-14 14:30:00,0.9988888888888889,0.23102845753540027
2017-09-14 14:45:00,0.9988888888888889,0.23233458979916496
2017-09-14 15:00:00,0.9988888888888889,0.2407587327704251
2017-09-14 15:15:00,0.9988888888888889,0.2642677939402426
2017-09-14 15:30:00,0.9988888888888889,0.2990926090454824
2017-09-14 15:45:00,0.9988888888888889,0.32821519630521123
2017-09-14 16:00:00,0.9988888888888889,0.35490661602342904
2017-09-14 16:15:00,0.9988888888888889,0.38224002701049997
2017-09-14 16:30:00,0.9988888888888889,0.419735232776358
2017-09-14 16:45:00,0.33545454545454545,0.4561780035915904
2017-09-14 17:00:00,0.3449709864603482,0.4670034578693036
2017-09-14 17:15:00,0.3576595744680851,0.4780122691623537
2017-09-14 17:30:00,0.4536363636363636,0.48981080871086957
2017-09-14 17:45:00,0.3576595744680851,0.4865814946128171
2017-09-14 18:00:00,0.3576595744680851,0.4857860651335079
2017-09-14 18:15:00,0.3576595744680851,0.4812279264077643
2017-09-14 18:30:00,0.3576595744680851,0.4798593621038465
2017-09-14 18:45:00,0.4536363636363636,0.5014041477074354
2017-09-14 19:00:00,0.3576595744680851,0.4839128325944237
2017-09-14 19:15:00,0.3576595744680851,0.4830774643770664
2017-09-14 19:30:00,0.3576595744680851,0.49454545384374277
2017-09-14 19:45:00,0.3576595744680851,0.508803931423536
2017-09-14 20:00:00,0.3576595744680851,0.51774083949595
2017-09-14 20:15:00,0.356073500967118,0.5210493945808229
2017-09-14 20:30:00,0.35448742746615086,0.5245848863956506
2017-09-14 20:45:00,0.3449709864603482,0.5264057812464555
2017-09-14 21:00:00,0.343384912959381,0.5263674252926536
2017-09-14 21:15:00,0.33704061895551257,0.5239546755429584
2017-09-14 21:30:00,0.9988888888888889,0.5121268559068946
2017-09-14 21:45:00,0.9988888888888889,0.48563840268073677
2017-09-14 22:00:00,0.9988888888888889,0.45877311178790936
2017-09-14 22:15:00,0.9988888888888889,0.4491979957914558
2017-09-14 22:30:00,0.9988888888888889,0.4463773101538575
2017-09-14 22:45:00,0.9988888888888889,0.4443935261562541
2017-09-14 23:00:00,0.9988888888888889,0.4335425398216681
2017-09-14 23:15:00,0.9988888888888889,0.414272255228805
2017-09-14 23:30:00,0.9988888888888889,0.3965553368725071
2017-09-14 23:45:00,0.9988888888888889,0.38136400583563473
2017-09-15 00:00:00,0.979771398192451,0.3680332429271015
2017-09-15 00:15:00,0.979771398192451,0.35693503352725325
2017-09-15 00:30:00,0.979771398192451,0.33398567837249676
2017-09-15 00:45:00,0.979771398192451,0.33459271726312095
2017-09-15 01:00:00,0.979771398192451,0.3201233165239113
2017-09-15 01:15:00,0.979771398192451,0.3313502525560834
2017-09-15 01:30:00,0.979771398192451,0.32791109267747576
2017-09-15 01:45:00,0.979771398192451,0.3356279257260909
2017-09-15 02:00:00,0.979771398192451,0.3371359609385372
2017-09-15 02:15:00,0.979771398192451,0.33618166418674356
2017-09-15 02:30:00,0.979771398192451,0.3351414947220387
2017-09-15 02:45:00,0.979771398192451,0.3347111126151988
2017-09-15 03:00:00,0.979771398192451,0.3289188204237132
2017-09-15 03:15:00,0.979771398192451,0.32602165034644265
2017-09-15 03:30:00,0.979771398192451,0.3283678389177307
2017-09-15 03:45:00,0.979771398192451,0.3432072264272896
2017-09-15 04:00:00,0.979771398192451,0.369398843829441
2017-09-15 04:15:00,0.979771398192451,0.38162785376452507
2017-09-15 04:30:00,0.979771398192451,0.3938685644032737
2017-09-15 04:45:00,0.979771398192451,0.40904548137270863
2017-09-15 05:00:00,0.979771398192451,0.4319196208719245
2017-09-15 05:15:00,0.979771398192451,0.4539700947985733
2017-09-15 05:30:00,0.979771398192451,0.4564497461301415
2017-09-15 05:45:00,0.979771398192451,0.4455855077516247
2017-09-15 06:00:00,0.979771398192451,0.4329042859846167
2017-09-15 06:15:00,0.979771398192451,0.4257174971829361
2017-09-15 06:30:00,0.979771398192451,0.4248180277576464
2017-09-15 06:45:00,0.979771398192451,0.43066762696635325
2017-09-15 07:00:00,0.979771398192451,0.41247863506647003
2017-09-15 07:15:00,0.979771398192451,0.40321669980374525
2017-09-15 07:30:00,0.979771398192451,0.37922628594986685
2017-09-15 07:45:00,0.979771398192451,0.35604499269305856
2017-09-15 08:00:00,0.979771398192451,0.3418499523042381
2017-09-15 08:15:00,0.979771398192451,0.31956059789726654
2017-09-15 08:30:00,0.979771398192451,0.30212745497241456
2017-09-15 08:45:00,0.979771398192451,0.2811981080949911
2017-09-15 09:00:00,0.979771398192451,0.2414295476861562
2017-09-15 09:15:00,0.979771398192451,0.22709863796416377
2017-09-15 09:30:00,0.979771398192451,0.21557274192067533
2017-09-15 09:45:00,0.979771398192451,0.18297793652138158
2017-09-15 10:00:00,0.979771398192451,0.16278496129086908
2017-09-15 10:15:00,0.979771398192451,0.16183146923251832
2017-09-15 10:30:00,0.979771398192451,0.16175804000784003
2017-09-15 10:45:00,0.979771398192451,0.1579655559496535
2017-09-15 11:00:00,0.979771398192451,0.1602160616294639
2017-09-15 11:15:00,0.979771398192451,0.16080599694369524
2017-09-15 11:30:00,0.979771398192451,0.15891735859628905
2017-09-15 11:45:00,0.979771398192451,0.1587658655002434
2017-09-15 12:00:00,0.979771398192451,0.16134018286922439
2017-09-15 12:15:00,0.979771398192451,0.16103177415246026
2017-09-15 12:30:00,0.979771398192451,0.16421052889124724
2017-09-15 12:45:00,0.979771398192451,0.16927048277460296
2017-09-15 13:00:00,0.041,0.1715324701550894
2017-09-15 13:15:00,0.979771398192451,0.17410988813906672
2017-09-15 13:30:00,0.979771398192451,0.17411825469544878
2017-09-15 13:45:00,0.041,0.1732031083888547
2017-09-15 14:00:00,0.979771398192451,0.1732709680225556
2017-09-15 14:15:00,0.979771398192451,0.17977090976325946
2017-09-15 14:30:00,0.979771398192451,0.22215204349119333
2017-09-15 14:45:00,0.979771398192451,0.2594259728998384
2017-09-15 15:00:00,0.979771398192451,0.2868311175921298
2017-09-15 15:15:00,0.979771398192451,0.30539141852509455
2017-09-15 15:30:00,0.979771398192451,0.32913228337145134
2017-09-15 15:45:00,0.979771398192451,0.3585905046460925
2017-09-15 16:00:00,0.979771398192451,0.3832554694345818
2017-09-15 16:15:00,0.979771398192451,0.42305330235723326
2017-09-15 16:30:00,0.33704061895551257,0.4445369963441048
2017-09-15 16:45:00,0.3576595744680851,0.4559839728280474
2017-09-15 17:00:00,0.3576595744680851,0.4663657978212197
2017-09-15 17:15:00,0.3576595744680851,0.47805077985338973
2017-09-15 17:30:00,0.3576595744680851,0.4771547638743833
2017-09-15 17:45:00,0.3576595744680851,0.4784907197226926
2017-09-15 18:00:00,0.3576595744680851,0.4829333250900269
2017-09-15 18:15:00,0.3576595744680851,0.48060195860750954
2017-09-15 18:30:00,0.4536363636363636,0.4792453431917544
2017-09-15 18:45:00,0.3576595744680851,0.4643952569454971
2017-09-15 19:00:00,0.3576595744680851,0.4621908819822454
2017-09-15 19:15:00,0.3576595744680851,0.4696271152144308
2017-09-15 19:30:00,0.3576595744680851,0.48509172626225044
2017-09-15 19:45:00,0.356073500967118,0.48909956570180835
2017-09-15 20:00:00,0.35448742746615086,0.49068553190922753
2017-09-15 20:15:00,0.343384912959381,0.4942621940542358
2017-09-15 20:30:00,0.3417988394584139,0.4973858668468176
2017-09-15 20:45:00,0.3402127659574468,0.5001811850203194
2017-09-15 21:00:00,0.3386266924564797,0.5033487018164514
2017-09-15 21:15:00,0.979771398192451,0.5015032913263718
2017-09-15 21:30:00,0.979771398192451,0.487428267616557
2017-09-15 21:45:00,0.979771398192451,0.4617812712519139
2017-09-15 22:00:00,0.979771398192451,0.44625467719735684
2017-09-15 22:15:00,0.979771398192451,0.4262591403277207
2017-09-15 22:30:00,0.979771398192451,0.4087817473249732
2017-09-15 22:45:00,0.979771398192451,0.3934026115953318
2017-09-15 23:00:00,0.979771398192451,0.3821088582176405
2017-09-15 23:15:00,0.979771398192451,0.392871502837459
2017-09-15 23:30:00,0.979771398192451,0.3969954407981776
2017-09-15 23:45:00,0.979771398192451,0.4008885887308427
2017-09-16 00:00:00,0.9415364167995748,0.40702650482798164
2017-09-16 00:15:00,0.9415364167995748,0.40701803733035197
2017-09-16 00:30:00,0.9415364167995748,0.4056692162015364
2017-09-16 00:45:00,0.9415364167995748,0.4054129991363909
2017-09-16 01:00:00,0.9415364167995748,0.406897267342252
2017-09-16 01:15:00,0.9415364167995748,0.3798099056270403
2017-09-16 01:30:00,0.9415364167995748,0.3584559219737587
2017-09-16 01:45:00,0.9415364167995748,0.3382504072338683
2017-09-16 02:00:00,0.9415364167995748,0.319221945843606
2017-09-16 02:15:00,0.9415364167995748,0.3146431168029764
2017-09-16 02:30:00,0.9415364167995748,0.3117870687428087
2017-09-16 02:45:00,0.9415364167995748,0.31051454189959254
2017-09-16 03:00:00,0.9415364167995748,0.3114070149863001
2017-09-16 03:15:00,0.9415364167995748,0.3228704904114707
2017-09-16 03:30:00,0.9415364167995748,0.33537426830582
2017-09-16 03:45:00,0.9415364167995748,0.34663035212628346
2017-09-16 04:00:00,0.9415364167995748,0.3655048654144913
2017-09-16 04:15:00,0.9415364167995748,0.3519207092758123
2017-09-16 04:30:00,0.9415364167995748,0.3469082706707844
2017-09-16 04:45:00,0.9415364167995748,0.3430169778457961
2017-09-16 05:00:00,0.9415364167995748,0.34431347538961665
2017-09-16 05:15:00,0.9415364167995748,0.3331748770752415
2017-09-16 05:30:00,0.9415364167995748,0.3243657295864124
2017-09-16 05:45:00,0.9415364167995748,0.3086655686907772
2017-09-16 06:00:00,0.9415364167995748,0.3024569778407055
2017-09-16 06:15:00,0.9415364167995748,0.2838615787499586
2017-09-16 06:30:00,0.9415364167995748,0.27221536032495236
2017-09-16 06:45:00,0.9415364167995748,0.2593120765003801
2017-09-16 07:00:00,0.9415364167995748,0.24149784116140388
2017-09-16 07:15:00,0.9415364167995748,0.22290724966338762
2017-09-16 07:30:00,0.9415364167995748,0.20306852906296172
2017-09-16 07:45:00,0.9415364167995748,0.18419883733921574
2017-09-16 08:00:00,0.9415364167995748,0.16222475736631364
2017-09-16 08:15:00,0.041,0.1502278342464169
2017-09-16 08:30:00,0.041,0.14895635568505858
2017-09-16 08:45:00,0.041,0.14858757593184613
2017-09-16 09:00:00,0.041,0.14978955714224984
2017-09-16 09:15:00,0.041,0.14750651666944542
2017-09-16 09:30:00,0.041,0.14849876335043188
2017-09-16 09:45:00,0.041,0.14881528589668325
2017-09-16 10:00:00,0.041,0.1451613849717878
2017-09-16 10:15:00,0.041,0.14554494179847474
2017-09-16 10:30:00,0.041,0.14560646729675286
2017-09-16 10:45:00,0.041,0.1468400402921319
2017-09-16 11:00:00,0.041,0.14806532258937136
2017-09-16 11:15:00,0.041,0.15252726626535
2017-09-16 11:30:00,0.041,0.15966539293430188
2017-09-16 11:45:00,0.041,0.15400290245959522
2017-09-16 12:00:00,0.041,0.16129065966588368
2017-09-16 12:15:00,0.041,0.16024921064680808
2017-09-16 12:30:00,0.041,0.15949520733568795
2017-09-16 12:45:00,0.041,0.16084140362606766
2017-09-16 13:00:00,0.041,0.1547151643474374
2017-09-16 13:15:00,0.041,0.1580698464705331
2017-09-16 13:30:00,0.041,0.15929088512431733
2017-09-16 13:45:00,0.041,0.15967964003631743
2017-09-16 14:00:00,0.041,0.158966008072344
2017-09-16 14:15:00,0.041,0.157058863187096
2017-09-16 14:30:00,0.041,0.15718356316031812
2017-09-16 14:45:00,0.041,0.1574296779467971
2017-09-16 15:00:00,0.041,0.15750116035067785
2017-09-16 15:15:00,0.041,0.15673672332421146
2017-09-16 15:30:00,0.041,0.15707371907820508
2017-09-16 15:45:00,0.041,0.1567093807015799
2017-09-16 16:00:00,0.041,0.15443106613917934
2017-09-16 16:15:00,0.041,0.155132853201109
2017-09-16 16:30:00,0.041,0.15461913593894405
2017-09-16 16:45:00,0.9415364167995748,0.18879703004692303
2017-09-16 17:00:00,0.9415364167995748,0.25568776178345676
2017-09-16 17:15:00,0.9415364167995748,0.2913821474022601
2017-09-16 17:30:00,0.9415364167995748,0.3162307077437638
2017-09-16 17:45:00,0.9415364167995748,0.33095805373306925
2017-09-16 18:00:00,0.9415364167995748,0.3392567631720954
2017-09-16 18:15:00,0.9415364167995748,0.33188927321416245
2017-09-16 18:30:00,0.9415364167995748,0.31282523277883917
2017-09-16 18:45:00,0.9415364167995748,0.308460496601795
2017-09-16 19:00:00,0.9415364167995748,0.3086116611929191
2017-09-16 19:15:00,0.9415364167995748,0.32219873240174557
2017-09-16 19:30:00,0.9415364167995748,0.34553377735753965
2017-09-16 19:45:00,0.9415364167995748,0.3283287968018898
2017-09-16 20:00:00,0.9415364167995748,0.3152773082715591
2017-09-16 20:15:00,0.9415364167995748,0.3324239331968014
2017-09-16 20:30:00,0.9415364167995748,0.3466719671271728
2017-09-16 20:45:00,0.9415364167995748,0.3592616105637134
2017-09-16 21:00:00,0.9415364167995748,0.3680931023229641
2017-09-16 21:15:00,0.9415364167995748,0.3529182411634019
2017-09-16 21:30:00,0.9415364167995748,0.3403857681537366
2017-09-16 21:45:00,0.9415364167995748,0.32893280115219037
2017-09-16 22:00:00,0.9415364167995748,0.3291114000637317
2017-09-16 22:15:00,0.9415364167995748,0.3204736495638507
2017-09-16 22:30:00,0.9415364167995748,0.31312043260823186
2017-09-16 22:45:00,0.9415364167995748,0.31396744353278644
2017-09-16 23:00:00,0.9415364167995748,0.2941058020506096
2017-09-16 23:15:00,0.9415364167995748,0.26188570656124904
2017-09-16 23:30:00,0.9415364167995748,0.22837056227347968
2017-09-16 23:45:00,0.9415364167995748,0.20156116361493037
2017-09-17 00:00:00,0.9988888888888889,0.26056454622393116
2017-09-17 00:15:00,0.011,0.26113751103565097
2017-09-17 00:30:00,0.9988888888888889,0.2662232975057296
2017-09-17 00:45:00,0.011,0.2659313600867857
2017-09-17 01:00:00,0.9988888888888889,0.269922807574613
2017-09-17 01:15:00,0.9988888888888889,0.27284509886519626
2017-09-17 01:30:00,0.011,0.2710657427129927
2017-09-17 01:45:00,0.011,0.2693448892128375
2017-09-17 02:00:00,0.011,0.270406129380544
2017-09-17 02:15:00,0.011,0.2718678980735813
2017-09-17 02:30:00,0.9988888888888889,0.2714981799880433
2017-09-17 02:45:00,0.011,0.26799081552396636
2017-09-17 03:00:00,0.011,0.26818856963431714
2017-09-17 03:15:00,0.011,0.2683843122504296
2017-09-17 03:30:00,0.011,0.26857373734188855
2017-09-17 03:45:00,0.011,0.2679742451978033
2017-09-17 04:00:00,0.011,0.26549583769028645
2017-09-17 04:15:00,0.011,0.26415260321181566
2017-09-17 04:30:00,0.011,0.2631021927568447
2017-09-17 04:45:00,0.011,0.26383154446216756
2017-09-17 05:00:00,0.011,0.2615446719268097
2017-09-17 05:15:00,0.011,0.2608259729844437
2017-09-17 05:30:00,0.041,0.25908101545089707
2017-09-17 05:45:00,0.041,0.26011580989399047
2017-09-17 06:00:00,0.9988888888888889,0.25889677135178785
2017-09-17 06:15:00,0.041,0.254657168444402
2017-09-17 06:30:00,0.041,0.25173355147178256
2017-09-17 06:45:00,0.041,0.24759608388361784
2017-09-17 07:00:00,0.041,0.24057756519867615
2017-09-17 07:15:00,0.041,0.23649561330291038
2017-09-17 07:30:00,0.041,0.23771326481736244
2017-09-17 07:45:00,0.041,0.23378626801646177
2017-09-17 08:00:00,0.041,0.23406349391090167
2017-09-17 08:15:00,0.041,0.23147470525240854
2017-09-17 08:30:00,0.041,0.22662322840726165
2017-09-17 08:45:00,0.041,0.2247479573360968
2017-09-17 09:00:00,0.041,0.2232621542109004
2017-09-17 09:15:00,0.041,0.22183196307292308
2017-09-17 09:30:00,0.041,0.2255536272404709
2017-09-17 09:45:00,0.041,0.2248157173198145
2017-09-17 10:00:00,0.041,0.21922416446572401
2017-09-17 10:15:00,0.041,0.21776063130161838
2017-09-17 10:30:00,0.041,0.21767921167976162
2017-09-17 10:45:00,0.041,0.21799842012463386
2017-09-17 11:00:00,0.041,0.21912093154824655
2017-09-17 11:15:00,0.041,0.22034444224552338
2017-09-17 11:30:00,0.041,0.2232447575185274
2017-09-17 11:45:00,0.041,0.22332598606934984
2017-09-17 12:00:00,0.041,0.22338958320356087
2017-09-17 12:15:00,0.041,0.2248283661308442
2017-09-17 12:30:00,0.041,0.22510935648739358
2017-09-17 12:45:00,0.041,0.22585420307217427
2017-09-17 13:00:00,0.041,0.22698421217847378
2017-09-17 13:15:00,0.041,0.22878777842462572
2017-09-17 13:30:00,0.041,0.23188105709910242
2017-09-17 13:45:00,0.041,0.23338007213518477
2017-09-17 14:00:00,0.041,0.23356400019884965
2017-09-17 14:15:00,0.041,0.23485852508729918
2017-09-17 14:30:00,0.041,0.2380319050468485
2017-09-17 14:45:00,0.041,0.23839690312806253
2017-09-17 15:00:00,0.041,0.23898976762084753
2017-09-17 15:15:00,0.041,0.2398835187237215
2017-09-17 15:30:00,0.041,0.2391044194226207
2017-09-17 15:45:00,0.041,0.23541267563577323
2017-09-17 16:00:00,0.041,0.2300444397299835
2017-09-17 16:15:00,0.9988888888888889,0.2813594657481071
2017-09-17 16:30:00,0.9988888888888889,0.3582167352584207
2017-09-17 16:45:00,0.9988888888888889,0.4256771602437934
2017-09-17 17:00:00,0.9988888888888889,0.49730633144761766
2017-09-17 17:15:00,0.9988888888888889,0.5228921492017982
2017-09-17 17:30:00,0.9988888888888889,0.5427514776331873
2017-09-17 17:45:00,0.9988888888888889,0.566335541796304
2017-09-17 18:00:00,0.33704061895551257,0.5714215724335163
2017-09-17 18:15:00,0.33704061895551257,0.558714387655591
2017-09-17 18:30:00,0.33704061895551257,0.551681551230909
2017-09-17 18:45:00,0.33704061895551257,0.5437742272521484
2017-09-17 19:00:00,0.33704061895551257,0.5419310239847255
2017-09-17 19:15:00,0.33704061895551257,0.5497207335578913
2017-09-17 19:30:00,0.33704061895551257,0.5612597139696319
2017-09-17 19:45:00,0.33704061895551257,0.5821323242360962
2017-09-17 20:00:00,0.33704061895551257,0.5864235235300079
2017-09-17 20:15:00,0.33704061895551257,0.5897421302623973
2017-09-17 20:30:00,0.33704061895551257,0.6030673408116634
2017-09-17 20:45:00,0.33704061895551257,0.5892786092178026
2017-09-17 21:00:00,0.33704061895551257,0.5901664222348229
2017-09-17 21:15:00,0.33704061895551257,0.5922045217460815
2017-09-17 21:30:00,0.33704061895551257,0.6113709842317547
2017-09-17 21:45:00,0.33704061895551257,0.6144462652133116
2017-09-17 22:00:00,0.33704061895551257,0.6178155649280462
2017-09-17 22:15:00,0.9988888888888889,0.6191309149058167
2017-09-17 22:30:00,0.9988888888888889,0.6121236168340749
2017-09-17 22:45:00,0.9988888888888889,0.606120371037275
2017-09-17 23:00:00,0.9988888888888889,0.6120016485604792
2017-09-17 23:15:00,0.9988888888888889,0.6161675807560935
2017-09-17 23:30:00,0.9988888888888889,0.6254166281526746
2017-09-17 23:45:00,0.9988888888888889,0.637024637812059
2017-09-18 00:00:00,0.9988888888888889,0.6497060067033781
2017-09-18 00:15:00,0.9988888888888889,0.6431531082249853
2017-09-18 00:30:00,0.9988888888888889,0.6535194576447715
2017-09-18 00:45:00,0.9988888888888889,0.6682018340354609
2017-09-18 01:00:00,0.9988888888888889,0.6801484698624218
2017-09-18 01:15:00,0.9988888888888889,0.6619419521938805
2017-09-18 01:30:00,0.9988888888888889,0.6545042532782954
2017-09-18 01:45:00,0.9988888888888889,0.6519441401699665
2017-09-18 02:00:00,0.9988888888888889,0.6551703328155003
2017-09-18 02:15:00,0.9988888888888889,0.6622331565623389
2017-09-18 02:30:00,0.9988888888888889,0.658035387090416
2017-09-18 02:45:00,0.9988888888888889,0.6517963018136914
2017-09-18 03:00:00,0.9988888888888889,0.6284168275919053
2017-09-18 03:15:00,0.9988888888888889,0.6191831629085741
2017-09-18 03:30:00,0.9988888888888889,0.6229965748276677
2017-09-18 03:45:00,0.9988888888888889,0.6246108977701055
2017-09-18 04:00:00,0.9988888888888889,0.6132418350853579
2017-09-18 04:15:00,0.9988888888888889,0.6067879882779316
2017-09-18 04:30:00,0.3481431334622824,0.6110814839924589
2017-09-18 04:45:00,0.4536363636363636,0.6057896300117775
2017-09-18 05:00:00,0.35448742746615086,0.5765261814257876
2017-09-18 05:15:00,0.4536363636363636,0.5892750006404462
2017-09-18 05:30:00,0.35448742746615086,0.5329481829450231
2017-09-18 05:45:00,0.35448742746615086,0.522519806288493
2017-09-18 06:00:00,0.35448742746615086,0.5118185587993807
2017-09-18 06:15:00,0.35448742746615086,0.5053122520493237
2017-09-18 06:30:00,0.35448742746615086,0.5002045339411793
2017-09-18 06:45:00,0.35448742746615086,0.4991017226949381
2017-09-18 07:00:00,0.4536363636363636,0.5082647545301203
2017-09-18 07:15:00,0.35448742746615086,0.4885275123692331
2017-09-18 07:30:00,0.35448742746615086,0.46933683629050404
2017-09-18 07:45:00,0.35448742746615086,0.44689275137436507
2017-09-18 08:00:00,0.9988888888888889,0.40573523845598314
2017-09-18 08:15:00,0.9988888888888889,0.37390295087326786
2017-09-18 08:30:00,0.9988888888888889,0.3440842569071107
2017-09-18 08:45:00,0.9988888888888889,0.3198383222951694
2017-09-18 09:00:00,0.9988888888888889,0.2890657486629557
2017-09-18 09:15:00,0.9988888888888889,0.25988629514576045
2017-09-18 09:30:00,0.9988888888888889,0.2438008302300146
2017-09-18 09:45:00,0.9988888888888889,0.24171707429613748
2017-09-18 10:00:00,0.9988888888888889,0.2406375803527712
2017-09-18 10:15:00,0.9988888888888889,0.23463451068135563
2017-09-18 10:30:00,0.9988888888888889,0.23348834867797444
2017-09-18 10:45:00,0.9988888888888889,0.23406327234983437
2017-09-18 11:00:00,0.9988888888888889,0.23701035583601449
2017-09-18 11:15:00,0.9988888888888889,0.23692600375297887
2017-09-18 11:30:00,0.9988888888888889,0.2377335946949652
2017-09-18 11:45:00,0.9988888888888889,0.2388405320598155
2017-09-18 12:00:00,0.9988888888888889,0.24066950809584248
2017-09-18 12:15:00,0.9988888888888889,0.2406389725239214
2017-09-18 12:30:00,0.9988888888888889,0.24277062810285194
2017-09-18 12:45:00,0.9988888888888889,0.24594595892985754
2017-09-18 13:00:00,0.9988888888888889,0.24631475656309218
2017-09-18 13:15:00,0.9988888888888889,0.24525661122129458
2017-09-18 13:30:00,0.9988888888888889,0.23480123248785953
2017-09-18 13:45:00,0.9988888888888889,0.23246615314991398
2017-09-18 14:00:00,0.9988888888888889,0.2307458184109455
2017-09-18 14:15:00,0.9988888888888889,0.23604573581320118
2017-09-18 14:30:00,0.9988888888888889,0.24584065113136094
2017-09-18 14:45:00,0.9988888888888889,0.26287751438692736
2017-09-18 15:00:00,0.9988888888888889,0.281633222156179
2017-09-18 15:15:00,0.9988888888888889,0.320226624344335
2017-09-18 15:30:00,0.9988888888888889,0.35645509159766586
2017-09-18 15:45:00,0.9988888888888889,0.3859894816194526
2017-09-18 16:00:00,0.9988888888888889,0.4339305604719549
2017-09-18 16:15:00,0.9988888888888889,0.4628220714836483
2017-09-18 16:30:00,0.3386266924564797,0.4911335279926507
2017-09-18 16:45:00,0.3513152804642166,0.5015073956262905
2017-09-18 17:00:00,0.3576595744680851,0.5161844175695598
2017-09-18 17:15:00,0.4536363636363636,0.5194390619597951
2017-09-18 17:30:00,0.4536363636363636,0.5247012315128157
2017-09-18 17:45:00,0.4536363636363636,0.5261986384529378
2017-09-18 18:00:00,0.3624177949709865,0.5111573590858528
2017-09-18 18:15:00,0.3624177949709865,0.5081934744405635
2017-09-18 18:30:00,0.3624177949709865,0.5066237141576732
2017-09-18 18:45:00,0.3624177949709865,0.5019114122322967
2017-09-18 19:00:00,0.3624177949709865,0.5154650553082503
2017-09-18 19:15:00,0.3624177949709865,0.5137981469098564
2017-09-18 19:30:00,0.3624177949709865,0.5232323042109941
2017-09-18 19:45:00,0.3624177949709865,0.5344433017538989
2017-09-18 20:00:00,0.3624177949709865,0.5436574669844623
2017-09-18 20:15:00,0.3624177949709865,0.5488226017526527
2017-09-18 20:30:00,0.4536363636363636,0.5530100370299977
2017-09-18 20:45:00,0.35448742746615086,0.5570226956605456
2017-09-18 21:00:00,0.3481431334622824,0.569056445315764
2017-09-18 21:15:00,0.3481431334622824,0.5621912996273591
2017-09-18 21:30:00,0.3417988394584139,0.5630599782961524
2017-09-18 21:45:00,0.33704061895551257,0.5629328921004834
2017-09-18 22:00:00,0.9988888888888889,0.5530620898594892
2017-09-18 22:15:00,0.9988888888888889,0.5274374749490204
2017-09-18 22:30:00,0.9988888888888889,0.5164104198763472
2017-09-18 22:45:00,0.9988888888888889,0.5151707582973987
2017-09-18 23:00:00,0.9988888888888889,0.5129931495546959
2017-09-18 23:15:00,0.9988888888888889,0.5192772881037009
2017-09-18 23:30:00,0.9988888888888889,0.5246704581588894
2017-09-18 23:45:00,0.9988888888888889,0.5138621943276722
2017-09-19 00:00:00,0.9988888888888889,0.5537690219375541
2017-09-19 00:15:00,0.9988888888888889,0.552975136671434
2017-09-19 00:30:00,0.9988888888888889,0.5598102357444634
2017-09-19 00:45:00,0.9988888888888889,0.5622854193466711
2017-09-19 01:00:00,0.9988888888888889,0.5610104858331443
2017-09-19 01:15:00,0.9988888888888889,0.5502637172241022
2017-09-19 01:30:00,0.9988888888888889,0.5483324802640416
2017-09-19 01:45:00,0.9988888888888889,0.5488437086394747
2017-09-19 02:00:00,0.9988888888888889,0.5463151772628453
2017-09-19 02:15:00,0.9988888888888889,0.5409942276384162
2017-09-19 02:30:00,0.9988888888888889,0.5395905496738136
2017-09-19 02:45:00,0.9988888888888889,0.5399340297362691
2017-09-19 03:00:00,0.9988888888888889,0.5368394744670568
2017-09-19 03:15:00,0.9988888888888889,0.5332635150918071
2017-09-19 03:30:00,0.9988888888888889,0.5279047374535633
2017-09-19 03:45:00,0.9988888888888889,0.5264759365074303
2017-09-19 04:00:00,0.9988888888888889,0.5226701735934541
2017-09-19 04:15:00,0.9988888888888889,0.5300802949941491
2017-09-19 04:30:00,0.9988888888888889,0.5379634737137653
2017-09-19 04:45:00,0.9988888888888889,0.545855911114891
2017-09-19 05:00:00,0.9988888888888889,0.5253588679919527
2017-09-19 05:15:00,0.33704061895551257,0.5088967312892535
2017-09-19 05:30:00,0.33704061895551257,0.49275413070575014
2017-09-19 05:45:00,0.33704061895551257,0.4863937171247249
2017-09-19 06:00:00,0.33704061895551257,0.4755655907194754
2017-09-19 06:15:00,0.33704061895551257,0.47236557890235686
2017-09-19 06:30:00,0.33704061895551257,0.4745697864163401
2017-09-19 06:45:00,0.33704061895551257,0.4718615960985235
2017-09-19 07:00:00,0.4536363636363636,0.473904712405776
2017-09-19 07:15:00,0.4536363636363636,0.4703084674533083
2017-09-19 07:30:00,0.33704061895551257,0.4561615661707064
2017-09-19 07:45:00,0.33704061895551257,0.42823971666765476
2017-09-19 08:00:00,0.33704061895551257,0.39424733302962467
2017-09-19 08:15:00,0.9988888888888889,0.35864960103082105
2017-09-19 08:30:00,0.9988888888888889,0.321325172933979
2017-09-19 08:45:00,0.9988888888888889,0.28031279347930327
2017-09-19 09:00:00,0.9988888888888889,0.23953647358043978
2017-09-19 09:15:00,0.9988888888888889,0.20853666844475666
2017-09-19 09:30:00,0.9988888888888889,0.20539118590791414
2017-09-19 09:45:00,0.9988888888888889,0.19307643926342963
2017-09-19 10:00:00,0.041,0.17924810110716485
2017-09-19 10:15:00,0.9988888888888889,0.17906002411477548
2017-09-19 10:30:00,0.9988888888888889,0.1798994448476141
2017-09-19 10:45:00,0.9988888888888889,0.1814172232224055
2017-09-19 11:00:00,0.9988888888888889,0.18312025999009526
2017-09-19 11:15:00,0.9988888888888889,0.18495938397177344
2017-09-19 11:30:00,0.9988888888888889,0.18635238683890934
2017-09-19 11:45:00,0.9988888888888889,0.18611301097173796
2017-09-19 12:00:00,0.9988888888888889,0.18543654692829148
2017-09-19 12:15:00,0.9988888888888889,0.18564120587299832
2017-09-19 12:30:00,0.9988888888888889,0.18453306475581732
2017-09-19 12:45:00,0.9988888888888889,0.183877641117716
2017-09-19 13:00:00,0.9988888888888889,0.18144854901218674
2017-09-19 13:15:00,0.9988888888888889,0.18622793818523825
2017-09-19 13:30:00,0.9988888888888889,0.2035895088267861
2017-09-19 13:45:00,0.9988888888888889,0.21959005426523823
2017-09-19 14:00:00,0.9988888888888889,0.24550720802290255
2017-09-19 14:15:00,0.9988888888888889,0.27562873959613193
2017-09-19 14:30:00,0.9988888888888889,0.2972045627149406
2017-09-19 14:45:00,0.9988888888888889,0.3183251505197593
2017-09-19 15:00:00,0.9988888888888889,0.3443634321971442
2017-09-19 15:15:00,0.9988888888888889,0.37660856760986267
2017-09-19 15:30:00,0.9988888888888889,0.4023919991333893
2017-09-19 15:45:00,0.9988888888888889,0.4360819224222946
2017-09-19 16:00:00,0.9988888888888889,0.48049677565468957
2017-09-19 16:15:00,0.33704061895551257,0.483214888577048
2017-09-19 16:30:00,0.3402127659574468,0.486563351782217
2017-09-19 16:45:00,0.34655705996131525,0.48898902574541614
2017-09-19 17:00:00,0.34655705996131525,0.49250391571352065
2017-09-19 17:15:00,0.34655705996131525,0.4858051649320271
2017-09-19 17:30:00,0.34655705996131525,0.4759753017307091
2017-09-19 17:45:00,0.34655705996131525,0.48136936671143743
2017-09-19 18:00:00,0.34655705996131525,0.47810287489303394
2017-09-19 18:15:00,0.34655705996131525,0.47725301654748
2017-09-19 18:30:00,0.34655705996131525,0.47427685382910506
2017-09-19 18:45:00,0.34655705996131525,0.4715771217896136
2017-09-19 19:00:00,0.34655705996131525,0.471740121639024
2017-09-19 19:15:00,0.34655705996131525,0.47894062314913527
2017-09-19 19:30:00,0.34655705996131525,0.49106307310297176
2017-09-19 19:45:00,0.3449709864603482,0.5109675957737381
2017-09-19 20:00:00,0.3417988394584139,0.511880753049837
2017-09-19 20:15:00,0.3386266924564797,0.512405746155231
2017-09-19 20:30:00,0.9988888888888889,0.5134120460382385
2017-09-19 20:45:00,0.9988888888888889,0.5010807897297415
2017-09-19 21:00:00,0.9988888888888889,0.49573524885656717
2017-09-19 21:15:00,0.9988888888888889,0.49210520867834157
2017-09-19 21:30:00,0.9988888888888889,0.49032940052096524
2017-09-19 21:45:00,0.9988888888888889,0.4875969264886471
2017-09-19 22:00:00,0.9988888888888889,0.47343054404265156
2017-09-19 22:15:00,0.9988888888888889,0.4552797880094657
2017-09-19 22:30:00,0.9988888888888889,0.45768681371505043
2017-09-19 22:45:00,0.9988888888888889,0.46242795638068174
2017-09-19 23:00:00,0.9988888888888889,0.467473549361224
2017-09-19 23:15:00,0.9988888888888889,0.47766603223231824
2017-09-19 23:30:00,0.9988888888888889,0.46996818533640694
2017-09-19 23:45:00,0.9988888888888889,0.48092093126072333
2017-09-20 00:00:00,0.9988888888888889,0.5142085789049615
2017-09-20 00:15:00,0.9988888888888889,0.519645245447174
2017-09-20 00:30:00,0.9988888888888889,0.5092862283836952
2017-09-20 00:45:00,0.9988888888888889,0.5144077504737727
2017-09-20 01:00:00,0.9988888888888889,0.5186925270309579
2017-09-20 01:15:00,0.9988888888888889,0.5309506563265085
2017-09-20 01:30:00,0.9988888888888889,0.5203965432463377
2017-09-20 01:45:00,0.9988888888888889,0.5175211212177839
2017-09-20 02:00:00,0.9988888888888889,0.5157272109640387
2017-09-20 02:15:00,0.9988888888888889,0.5152216187153028
2017-09-20 02:30:00,0.9988888888888889,0.507038744740926
2017-09-20 02:45:00,0.9988888888888889,0.507001929744448
2017-09-20 03:00:00,0.9988888888888889,0.49953794893135295
2017-09-20 03:15:00,0.9988888888888889,0.4962327119829787
2017-09-20 03:30:00,0.9988888888888889,0.4964429854490248
2017-09-20 03:45:00,0.9988888888888889,0.5041593629112948
2017-09-20 04:00:00,0.9988888888888889,0.5159251599909873
2017-09-20 04:15:00,0.9988888888888889,0.5293922666639042
2017-09-20 04:30:00,0.9988888888888889,0.5451538400560724
2017-09-20 04:45:00,0.4536363636363636,0.56152694372058
2017-09-20 05:00:00,0.4536363636363636,0.560772319413863
2017-09-20 05:15:00,0.9988888888888889,0.5045420930089348
2017-09-20 05:30:00,0.4536363636363636,0.531658356000764
2017-09-20 05:45:00,0.4536363636363636,0.5463963127736237
2017-09-20 06:00:00,0.4536363636363636,0.5428769792682466
2017-09-20 06:15:00,0.4536363636363636,0.5326064963947222
2017-09-20 06:30:00,0.9988888888888889,0.4704530949128271
2017-09-20 06:45:00,0.9988888888888889,0.47013929926635967
2017-09-20 07:00:00,0.9988888888888889,0.45585416944058094
2017-09-20 07:15:00,0.9988888888888889,0.4502283110362232
2017-09-20 07:30:00,0.4536363636363636,0.4803901045708476
2017-09-20 07:45:00,0.4536363636363636,0.46918394654401036
2017-09-20 08:00:00,0.4536363636363636,0.45749804486993495
2017-09-20 08:15:00,0.9988888888888889,0.4417764604192102
2017-09-20 08:30:00,0.9988888888888889,0.41780317126429484
2017-09-20 08:45:00,0.9988888888888889,0.3874188224936742
2017-09-20 09:00:00,0.9988888888888889,0.35833703924398425
2017-09-20 09:15:00,0.9988888888888889,0.3530847559679887
2017-09-20 09:30:00,0.9988888888888889,0.34707104000720324
2017-09-20 09:45:00,0.9988888888888889,0.3532329608577145
2017-09-20 10:00:00,0.9988888888888889,0.35105929705656985
2017-09-20 10:15:00,0.9988888888888889,0.3346865724136891
2017-09-20 10:30:00,0.9988888888888889,0.31779646736008366
2017-09-20 10:45:00,0.9988888888888889,0.2971219620052705
2017-09-20 11:00:00,0.9988888888888889,0.2766940096682345
2017-09-20 11:15:00,0.9988888888888889,0.27745928900330535
2017-09-20 11:30:00,0.9988888888888889,0.2747188846811106
2017-09-20 11:45:00,0.9988888888888889,0.27935160700186995
2017-09-20 12:00:00,0.9988888888888889,0.27162019996323455
2017-09-20 12:15:00,0.9988888888888889,0.27203532039100375
2017-09-20 12:30:00,0.9988888888888889,0.27153795912948275
2017-09-20 12:45:00,0.9988888888888889,0.273592301802688
2017-09-20 13:00:00,0.9988888888888889,0.2727802290416761
2017-09-20 13:15:00,0.9988888888888889,0.28033181418509956
2017-09-20 13:30:00,0.9988888888888889,0.2846467026724545
2017-09-20 13:45:00,0.9988888888888889,0.29064425384928416
2017-09-20 14:00:00,0.9988888888888889,0.29825898933454825
2017-09-20 14:15:00,0.9988888888888889,0.29651510807940956
2017-09-20 14:30:00,0.9988888888888889,0.2845100623247771
2017-09-20 14:45:00,0.9988888888888889,0.2934307630735062
2017-09-20 15:00:00,0.9988888888888889,0.30943214862433777
2017-09-20 15:15:00,0.9988888888888889,0.29698886117083695
2017-09-20 15:30:00,0.9988888888888889,0.29941217984993396
2017-09-20 15:45:00,0.9988888888888889,0.29479847859838276
2017-09-20 16:00:00,0.9988888888888889,0.30556041081747737
2017-09-20 16:15:00,0.9988888888888889,0.3280452774530366
2017-09-20 16:30:00,0.9988888888888889,0.3653699117992763
2017-09-20 16:45:00,0.9988888888888889,0.40102967463196726
2017-09-20 17:00:00,0.9988888888888889,0.4352410732317524
2017-09-20 17:15:00,0.4536363636363636,0.4587948516053659
2017-09-20 17:30:00,0.9988888888888889,0.45219361643696154
2017-09-20 17:45:00,0.9988888888888889,0.4573896031440718
2017-09-20 18:00:00,0.9988888888888889,0.4529916722589981
2017-09-20 18:15:00,0.9988888888888889,0.4463804882951049
2017-09-20 18:30:00,0.9988888888888889,0.44797346038018315
2017-09-20 18:45:00,0.9988888888888889,0.43889499028026857
2017-09-20 19:00:00,0.4536363636363636,0.46082257650232167
2017-09-20 19:15:00,0.4536363636363636,0.49208669278925643
2017-09-20 19:30:00,0.4536363636363636,0.4915704982271364
2017-09-20 19:45:00,0.4536363636363636,0.4908062480061564
2017-09-20 20:00:00,0.4536363636363636,0.4899266765667359
2017-09-20 20:15:00,0.9988888888888889,0.4800993497927629
2017-09-20 20:30:00,0.9988888888888889,0.469104302743404
2017-09-20 20:45:00,0.9988888888888889,0.4687414358292811
2017-09-20 21:00:00,0.9988888888888889,0.4646700589486728
2017-09-20 21:15:00,0.9988888888888889,0.46392618207436515
2017-09-20 21:30:00,0.9988888888888889,0.45986603128820114
2017-09-20 21:45:00,0.9988888888888889,0.4315348824365529
2017-09-20 22:00:00,0.9988888888888889,0.4449457179922679
2017-09-20 22:15:00,0.9988888888888889,0.4518197094833604
2017-09-20 22:30:00,0.9988888888888889,0.45524720413510344
2017-09-20 22:45:00,0.9988888888888889,0.4591878140528482
2017-09-20 23:00:00,0.9988888888888889,0.4531547552440542
2017-09-20 23:15:00,0.9988888888888889,0.4438048596384761
2017-09-20 23:30:00,0.9988888888888889,0.4508347685242436
2017-09-20 23:45:00,0.9988888888888889,0.45614897590247866
2017-09-21 00:00:00,0.979771398192451,0.4919268459980138
2017-09-21 00:15:00,0.979771398192451,0.49119935412181853
2017-09-21 00:30:00,0.979771398192451,0.4955237633310289
2017-09-21 00:45:00,0.979771398192451,0.49910440993652605
2017-09-21 01:00:00,0.979771398192451,0.5053444492994165
2017-09-21 01:15:00,0.979771398192451,0.5056133324221969
2017-09-21 01:30:00,0.979771398192451,0.5065100817592908
2017-09-21 01:45:00,0.979771398192451,0.5040086988306016
2017-09-21 02:00:00,0.979771398192451,0.5033209058199516
2017-09-21 02:15:00,0.979771398192451,0.5100965259794763
2017-09-21 02:30:00,0.979771398192451,0.49857474856843337
2017-09-21 02:45:00,0.979771398192451,0.4941348127074637
2017-09-21 03:00:00,0.979771398192451,0.4894074645439445
2017-09-21 03:15:00,0.979771398192451,0.48734657956776906
2017-09-21 03:30:00,0.979771398192451,0.4823661590573296
2017-09-21 03:45:00,0.979771398192451,0.4759007932626079
2017-09-21 04:00:00,0.979771398192451,0.468137021689458
2017-09-21 04:15:00,0.979771398192451,0.4796212542183007
2017-09-21 04:30:00,0.3402127659574468,0.4938799310186596
2017-09-21 04:45:00,0.3402127659574468,0.4983594777109871
2017-09-21 05:00:00,0.3417988394584139,0.4757075810251937
2017-09-21 05:15:00,0.3417988394584139,0.45514176550239765
2017-09-21 05:30:00,0.3417988394584139,0.4519788513194273
2017-09-21 05:45:00,0.3417988394584139,0.44477365641664707
2017-09-21 06:00:00,0.3417988394584139,0.43108292756056465
2017-09-21 06:15:00,0.3417988394584139,0.4252775466440013
2017-09-21 06:30:00,0.3417988394584139,0.4196803658267403
2017-09-21 06:45:00,0.3417988394584139,0.4151397814330615
2017-09-21 07:00:00,0.3417988394584139,0.4142442945435346
2017-09-21 07:15:00,0.3417988394584139,0.40952348107679376
2017-09-21 07:30:00,0.3417988394584139,0.4048452594851946
2017-09-21 07:45:00,0.3417988394584139,0.38510500257374264
2017-09-21 08:00:00,0.979771398192451,0.3558432479682831
2017-09-21 08:15:00,0.979771398192451,0.3250162063383897
2017-09-21 08:30:00,0.979771398192451,0.3030966154142961
2017-09-21 08:45:00,0.979771398192451,0.2515913653175136
2017-09-21 09:00:00,0.979771398192451,0.23561691130700924
2017-09-21 09:15:00,0.979771398192451,0.2333538392012318
2017-09-21 09:30:00,0.979771398192451,0.23817738373643285
2017-09-21 09:45:00,0.979771398192451,0.22869977472765918
2017-09-21 10:00:00,0.979771398192451,0.21558191817785072
2017-09-21 10:15:00,0.979771398192451,0.2036366866934474
2017-09-21 10:30:00,0.979771398192451,0.19408755042279321
2017-09-21 10:45:00,0.979771398192451,0.17676091645325562
2017-09-21 11:00:00,0.979771398192451,0.16306983908631292
2017-09-21 11:15:00,0.041,0.1594067593113093
2017-09-21 11:30:00,0.041,0.1597800000865031
2017-09-21 11:45:00,0.979771398192451,0.16270292594233904
2017-09-21 12:00:00,0.979771398192451,0.16837030319743673
2017-09-21 12:15:00,0.979771398192451,0.1658322935059421
2017-09-21 12:30:00,0.979771398192451,0.16622338814679566
2017-09-21 12:45:00,0.979771398192451,0.16640255093942355
2017-09-21 13:00:00,0.979771398192451,0.16762760584712666
2017-09-21 13:15:00,0.979771398192451,0.16730341238000063
2017-09-21 13:30:00,0.041,0.16569661087368107
2017-09-21 13:45:00,0.041,0.16497980503508594
2017-09-21 14:00:00,0.041,0.16404485644745878
2017-09-21 14:15:00,0.041,0.16400710702063742
2017-09-21 14:30:00,0.041,0.1662069450268164
2017-09-21 14:45:00,0.041,0.1666171258627929
2017-09-21 15:00:00,0.041,0.16724932407041526
2017-09-21 15:15:00,0.041,0.16804102003041418
2017-09-21 15:30:00,0.041,0.16976115401679873
2017-09-21 15:45:00,0.041,0.17037592674324026
2017-09-21 16:00:00,0.979771398192451,0.19679943363594635
2017-09-21 16:15:00,0.979771398192451,0.23723892988841278
2017-09-21 16:30:00,0.979771398192451,0.2914738062560509
2017-09-21 16:45:00,0.979771398192451,0.3337345325843534
2017-09-21 17:00:00,0.979771398192451,0.3852656388886138
2017-09-21 17:15:00,0.979771398192451,0.39922261036872814
2017-09-21 17:30:00,0.979771398192451,0.4027515802337537
2017-09-21 17:45:00,0.979771398192451,0.4110507057216401
2017-09-21 18:00:00,0.979771398192451,0.4191005623147617
2017-09-21 18:15:00,0.979771398192451,0.4033934496835171
2017-09-21 18:30:00,0.979771398192451,0.40153732157522964
2017-09-21 18:45:00,0.979771398192451,0.3886760861906135
2017-09-21 19:00:00,0.979771398192451,0.40086970111649356
2017-09-21 19:15:00,0.979771398192451,0.4114837612052541
2017-09-21 19:30:00,0.979771398192451,0.4083371137004956
2017-09-21 19:45:00,0.979771398192451,0.4146324857286576
2017-09-21 20:00:00,0.979771398192451,0.38873198419673255
2017-09-21 20:15:00,0.979771398192451,0.37381843399857273
2017-09-21 20:30:00,0.979771398192451,0.3598455264646498
2017-09-21 20:45:00,0.979771398192451,0.3436835103782345
2017-09-21 21:00:00,0.979771398192451,0.3139543345666863
2017-09-21 21:15:00,0.979771398192451,0.3092884652911528
2017-09-21 21:30:00,0.979771398192451,0.2899826389122827
2017-09-21 21:45:00,0.979771398192451,0.276204755187576
2017-09-21 22:00:00,0.979771398192451,0.2628220524935754
2017-09-21 22:15:00,0.979771398192451,0.26935385332789663
2017-09-21 22:30:00,0.979771398192451,0.27577475209720037
2017-09-21 22:45:00,0.979771398192451,0.2728564746416789
2017-09-21 23:00:00,0.979771398192451,0.2823412463804379
2017-09-21 23:15:00,0.979771398192451,0.2832407006962686
2017-09-21 23:30:00,0.979771398192451,0.2901494181900744
2017-09-21 23:45:00,0.979771398192451,0.2792053331318005
2017-09-22 00:00:00,0.9702126528442319,0.2956058338579197
2017-09-22 00:15:00,0.9702126528442319,0.30399762259586
2017-09-22 00:30:00,0.9702126528442319,0.30316566219648255
2017-09-22 00:45:00,0.9702126528442319,0.3053805951374611
2017-09-22 01:00:00,0.9702126528442319,0.29876165192913234
2017-09-22 01:15:00,0.9702126528442319,0.26878064668389673
2017-09-22 01:30:00,0.9702126528442319,0.2530174032643227
2017-09-22 01:45:00,0.9702126528442319,0.23866300419046066
2017-09-22 02:00:00,0.9702126528442319,0.2218331937109148
2017-09-22 02:15:00,0.9702126528442319,0.2265833502162419
2017-09-22 02:30:00,0.9702126528442319,0.23523649698180168
2017-09-22 02:45:00,0.9702126528442319,0.2427289129174739
2017-09-22 03:00:00,0.9702126528442319,0.25952372426448356
2017-09-22 03:15:00,0.9702126528442319,0.2466763191745581
2017-09-22 03:30:00,0.9702126528442319,0.23890023523138437
2017-09-22 03:45:00,0.9702126528442319,0.23378478039917985
2017-09-22 04:00:00,0.9702126528442319,0.239435042650536
2017-09-22 04:15:00,0.9702126528442319,0.26452937409291755
2017-09-22 04:30:00,0.9702126528442319,0.28753502601055325
2017-09-22 04:45:00,0.9702126528442319,0.31761122088295424
2017-09-22 05:00:00,0.9702126528442319,0.36209098812723706
2017-09-22 05:15:00,0.9702126528442319,0.3680769679995655
2017-09-22 05:30:00,0.9702126528442319,0.3645925519407616
2017-09-22 05:45:00,0.9702126528442319,0.35887604324457906
2017-09-22 06:00:00,0.9702126528442319,0.3527096842005083
2017-09-22 06:15:00,0.9702126528442319,0.3289629241276809
2017-09-22 06:30:00,0.9702126528442319,0.30422211554615175
2017-09-22 06:45:00,0.9702126528442319,0.2791594791582424
2017-09-22 07:00:00,0.9702126528442319,0.25820231426022217
2017-09-22 07:15:00,0.9702126528442319,0.22470590352724698
2017-09-22 07:30:00,0.9702126528442319,0.19211675197987801
2017-09-22 07:45:00,0.9702126528442319,0.15418080739152745
2017-09-22 08:00:00,0.041,0.1474822299366368
2017-09-22 08:15:00,0.041,0.14815188307723012
2017-09-22 08:30:00,0.041,0.14789183470240813
2017-09-22 08:45:00,0.041,0.14703812825892423
2017-09-22 09:00:00,0.041,0.1475812789769131
2017-09-22 09:15:00,0.041,0.14757956068591221
2017-09-22 09:30:00,0.041,0.1520384999346423
2017-09-22 09:45:00,0.041,0.1542927875254382
2017-09-22 10:00:00,0.041,0.1549559775655133
2017-09-22 10:15:00,0.041,0.15310303475236012
2017-09-22 10:30:00,0.041,0.14794861050662064
2017-09-22 10:45:00,0.041,0.15074235911160092
2017-09-22 11:00:00,0.041,0.15157538436387785
2017-09-22 11:15:00,0.041,0.15105121826532342
2017-09-22 11:30:00,0.041,0.15132636907118988
2017-09-22 11:45:00,0.041,0.1522978289973544
2017-09-22 12:00:00,0.041,0.15168859403195334
2017-09-22 12:15:00,0.041,0.15278216882046178
2017-09-22 12:30:00,0.041,0.15291937910175463
2017-09-22 12:45:00,0.041,0.15436681711609263
2017-09-22 13:00:00,0.041,0.16216780155039423
2017-09-22 13:15:00,0.041,0.1576434933392464
2017-09-22 13:30:00,0.041,0.1588865508787623
2017-09-22 13:45:00,0.041,0.15968999469834477
2017-09-22 14:00:00,0.041,0.15778496439190134
2017-09-22 14:15:00,0.041,0.1568290192029444
2017-09-22 14:30:00,0.041,0.158571260842063
2017-09-22 14:45:00,0.041,0.15957357688931353
2017-09-22 15:00:00,0.041,0.16022784597408668
2017-09-22 15:15:00,0.041,0.16000250046236428
2017-09-22 15:30:00,0.041,0.16337496766479054
2017-09-22 15:45:00,0.041,0.16478631501512014
2017-09-22 16:00:00,0.041,0.16246637218764437
2017-09-22 16:15:00,0.9702126528442319,0.21090255842472552
2017-09-22 16:30:00,0.9702126528442319,0.2703182340067705
2017-09-22 16:45:00,0.9702126528442319,0.32367542348433137
2017-09-22 17:00:00,0.9702126528442319,0.3630000506543406
2017-09-22 17:15:00,0.9702126528442319,0.38548168533011234
2017-09-22 17:30:00,0.33545454545454545,0.3964235249935354
2017-09-22 17:45:00,0.33545454545454545,0.3949423186259577
2017-09-22 18:00:00,0.33545454545454545,0.3821677563818937
2017-09-22 18:15:00,0.33545454545454545,0.3873359671647528
2017-09-22 18:30:00,0.33545454545454545,0.3866388502487588
2017-09-22 18:45:00,0.33545454545454545,0.3893520189823889
2017-09-22 19:00:00,0.33545454545454545,0.39408937931807375
2017-09-22 19:15:00,0.33545454545454545,0.4009586886243995
2017-09-22 19:30:00,0.33545454545454545,0.40391041788181176
2017-09-22 19:45:00,0.33545454545454545,0.404786803222256
2017-09-22 20:00:00,0.33545454545454545,0.4124906303890238
2017-09-22 20:15:00,0.33545454545454545,0.4141236206579965
2017-09-22 20:30:00,0.9702126528442319,0.40917308090081006
2017-09-22 20:45:00,0.9702126528442319,0.40832911514495707
2017-09-22 21:00:00,0.9702126528442319,0.41655748493564104
2017-09-22 21:15:00,0.9702126528442319,0.40514520407848653
2017-09-22 21:30:00,0.9702126528442319,0.3966391597557872
2017-09-22 21:45:00,0.9702126528442319,0.3935553008304915
2017-09-22 22:00:00,0.9702126528442319,0.3818383494584937
2017-09-22 22:15:00,0.9702126528442319,0.3964279432298534
2017-09-22 22:30:00,0.9702126528442319,0.3772646914180125
2017-09-22 22:45:00,0.9702126528442319,0.36705526748631717
2017-09-22 23:00:00,0.9702126528442319,0.36996656168667236
2017-09-22 23:15:00,0.9702126528442319,0.3613896305553931
2017-09-22 23:30:00,0.9702126528442319,0.3528215120525674
2017-09-22 23:45:00,0.9702126528442319,0.3488212654335875
2017-09-23 00:00:00,0.9702126528442319,0.3489731049833309
2017-09-23 00:15:00,0.9702126528442319,0.3514691575146597
2017-09-23 00:30:00,0.9702126528442319,0.3433646594397022
2017-09-23 00:45:00,0.9702126528442319,0.36490012523678694
2017-09-23 01:00:00,0.9702126528442319,0.38806885184922696
2017-09-23 01:15:00,0.9702126528442319,0.38727832589237515
2017-09-23 01:30:00,0.9702126528442319,0.3772772395743972
2017-09-23 01:45:00,0.9702126528442319,0.37809010457648456
2017-09-23 02:00:00,0.9702126528442319,0.37210043417317007
2017-09-23 02:15:00,0.9702126528442319,0.371762368011154
2017-09-23 02:30:00,0.9702126528442319,0.3754492306880449
2017-09-23 02:45:00,0.9702126528442319,0.36372269907720395
2017-09-23 03:00:00,0.9702126528442319,0.3683531706287157
2017-09-23 03:15:00,0.9702126528442319,0.3597198911985569
2017-09-23 03:30:00,0.9702126528442319,0.35254768361581257
2017-09-23 03:45:00,0.9702126528442319,0.36595622465430455
2017-09-23 04:00:00,0.9702126528442319,0.36677743515100414
2017-09-23 04:15:00,0.9702126528442319,0.36863430405800224
2017-09-23 04:30:00,0.9702126528442319,0.36701424535007576
2017-09-23 04:45:00,0.9702126528442319,0.36757854447261074
2017-09-23 05:00:00,0.9702126528442319,0.38171569908707054
2017-09-23 05:15:00,0.9702126528442319,0.3781707153958564
2017-09-23 05:30:00,0.9702126528442319,0.3737439037121666
2017-09-23 05:45:00,0.9702126528442319,0.36762693285061077
2017-09-23 06:00:00,0.9702126528442319,0.3626196220744467
2017-09-23 06:15:00,0.9702126528442319,0.34296206560125847
2017-09-23 06:30:00,0.9702126528442319,0.32821951209792755
2017-09-23 06:45:00,0.9702126528442319,0.31125858341424795
2017-09-23 07:00:00,0.9702126528442319,0.2953034960831491
2017-09-23 07:15:00,0.9702126528442319,0.27651811576726765
2017-09-23 07:30:00,0.9702126528442319,0.25419724397041954
2017-09-23 07:45:00,0.9702126528442319,0.22903046358284104
2017-09-23 08:00:00,0.9702126528442319,0.20558109557059112
2017-09-23 08:15:00,0.041,0.17401692778793398
2017-09-23 08:30:00,0.041,0.1739780446844776
2017-09-23 08:45:00,0.041,0.17257040906376203
2017-09-23 09:00:00,0.041,0.1704188113377479
2017-09-23 09:15:00,0.041,0.17018953714884036
2017-09-23 09:30:00,0.041,0.17052670141195897
2017-09-23 09:45:00,0.041,0.17047983306906064
2017-09-23 10:00:00,0.041,0.17251598731752357
2017-09-23 10:15:00,0.041,0.16988736080407618
2017-09-23 10:30:00,0.041,0.1765800591431102
2017-09-23 10:45:00,0.041,0.17127813205910367
2017-09-23 11:00:00,0.041,0.17682530167191932
2017-09-23 11:15:00,0.041,0.17757609374934144
2017-09-23 11:30:00,0.041,0.17876837546098331
2017-09-23 11:45:00,0.041,0.18070093091102787
2017-09-23 12:00:00,0.041,0.17944748689155907
2017-09-23 12:15:00,0.041,0.18194800636930367
2017-09-23 12:30:00,0.041,0.18235348150296757
2017-09-23 12:45:00,0.041,0.1844292965475044
2017-09-23 13:00:00,0.041,0.18624634710062515
2017-09-23 13:15:00,0.041,0.1863878134472713
2017-09-23 13:30:00,0.041,0.18581176873921262
2017-09-23 13:45:00,0.041,0.18624446686896257
2017-09-23 14:00:00,0.041,0.1865691418170548
2017-09-23 14:15:00,0.041,0.18710559455912265
2017-09-23 14:30:00,0.041,0.18773511126456996
2017-09-23 14:45:00,0.041,0.18731867631029786
2017-09-23 15:00:00,0.041,0.18604055506507827
2017-09-23 15:15:00,0.041,0.1859129337129391
2017-09-23 15:30:00,0.041,0.18541625662223807
2017-09-23 15:45:00,0.041,0.18383719485000868
2017-09-23 16:00:00,0.041,0.18171733565543213
2017-09-23 16:15:00,0.041,0.18287767659878154
2017-09-23 16:30:00,0.9702126528442319,0.24202933912149166
2017-09-23 16:45:00,0.9702126528442319,0.3004575273182312
2017-09-23 17:00:00,0.9702126528442319,0.3538373110932207
2017-09-23 17:15:00,0.9702126528442319,0.37968940726403716
2017-09-23 17:30:00,0.9702126528442319,0.408861177872014
2017-09-23 17:45:00,0.9702126528442319,0.43860150796706565
2017-09-23 18:00:00,0.9702126528442319,0.429240886233845
2017-09-23 18:15:00,0.9702126528442319,0.437103914950168
2017-09-23 18:30:00,0.9702126528442319,0.43836962573614047
2017-09-23 18:45:00,0.9702126528442319,0.4382118096888973
2017-09-23 19:00:00,0.9702126528442319,0.43068775888249144
2017-09-23 19:15:00,0.9702126528442319,0.4389168293260604
2017-09-23 19:30:00,0.9702126528442319,0.4601143083521356
2017-09-23 19:45:00,0.9702126528442319,0.46860160938178064
2017-09-23 20:00:00,0.9702126528442319,0.4776457303188324
2017-09-23 20:15:00,0.9702126528442319,0.4797603162148727
2017-09-23 20:30:00,0.9702126528442319,0.45115457288616173
2017-09-23 20:45:00,0.9702126528442319,0.44354404630891825
2017-09-23 21:00:00,0.9702126528442319,0.4252164099485471
2017-09-23 21:15:00,0.9702126528442319,0.4267484219049485
2017-09-23 21:30:00,0.9702126528442319,0.43283725618919766
2017-09-23 21:45:00,0.9702126528442319,0.4426428111572067
2017-09-23 22:00:00,0.9702126528442319,0.4514305398426893
2017-09-23 22:15:00,0.9702126528442319,0.4709151225917504
2017-09-23 22:30:00,0.9702126528442319,0.4816793386041818
2017-09-23 22:45:00,0.9702126528442319,0.4813077369246271
2017-09-23 23:00:00,0.9702126528442319,0.48521086571629735
2017-09-23 23:15:00,0.9702126528442319,0.47206346896480145
2017-09-23 23:30:00,0.9702126528442319,0.45437380995606946
2017-09-23 23:45:00,0.9702126528442319,0.4408807280643525
2017-09-24 00:00:00,0.9988888888888889,0.44144994764562695
2017-09-24 00:15:00,0.9988888888888889,0.4404083730792735
2017-09-24 00:30:00,0.9988888888888889,0.43730492153117
2017-09-24 00:45:00,0.9988888888888889,0.43364035226926967
2017-09-24 01:00:00,0.9988888888888889,0.4280460027065854
2017-09-24 01:15:00,0.9988888888888889,0.4407593950746404
2017-09-24 01:30:00,0.9988888888888889,0.44897793682848397
2017-09-24 01:45:00,0.9988888888888889,0.4609742037374858
2017-09-24 02:00:00,0.9988888888888889,0.47033396209482836
2017-09-24 02:15:00,0.9988888888888889,0.47196283240227377
2017-09-24 02:30:00,0.9988888888888889,0.47453860317113566
2017-09-24 02:45:00,0.9988888888888889,0.47828868665414614
2017-09-24 03:00:00,0.9988888888888889,0.4838861341934636
2017-09-24 03:15:00,0.9988888888888889,0.4906828717341061
2017-09-24 03:30:00,0.9988888888888889,0.498107628760358
2017-09-24 03:45:00,0.9988888888888889,0.5076222159174473
2017-09-24 04:00:00,0.9988888888888889,0.5180340927130945
2017-09-24 04:15:00,0.9988888888888889,0.4985555921572254
2017-09-24 04:30:00,0.9988888888888889,0.479118820922277
2017-09-24 04:45:00,0.9988888888888889,0.4590643189675445
2017-09-24 05:00:00,0.9988888888888889,0.4460163801179066
2017-09-24 05:15:00,0.9988888888888889,0.45565838986519
2017-09-24 05:30:00,0.9988888888888889,0.464767912335489
2017-09-24 05:45:00,0.9988888888888889,0.4726195465867147
2017-09-24 06:00:00,0.9988888888888889,0.48387164165353747
2017-09-24 06:15:00,0.9988888888888889,0.4498379849380091
2017-09-24 06:30:00,0.9988888888888889,0.41919705457661255
2017-09-24 06:45:00,0.9988888888888889,0.38927581300955494
2017-09-24 07:00:00,0.9988888888888889,0.36628849162525423
2017-09-24 07:15:00,0.9988888888888889,0.32848778207135965
2017-09-24 07:30:00,0.9988888888888889,0.25898844400573134
2017-09-24 07:45:00,0.9988888888888889,0.2363733351566808
2017-09-24 08:00:00,0.041,0.23302824647672907
2017-09-24 08:15:00,0.041,0.2306859243218308
2017-09-24 08:30:00,0.041,0.22687312658326736
2017-09-24 08:45:00,0.041,0.2250529180995392
2017-09-24 09:00:00,0.041,0.22187714719187904
2017-09-24 09:15:00,0.041,0.2190753256961262
2017-09-24 09:30:00,0.041,0.21802587680375085
2017-09-24 09:45:00,0.041,0.21597985523205776
2017-09-24 10:00:00,0.041,0.2153347068169469
2017-09-24 10:15:00,0.041,0.21439116142416578
2017-09-24 10:30:00,0.041,0.2130878510323154
2017-09-24 10:45:00,0.041,0.21350319047265084
2017-09-24 11:00:00,0.041,0.2147242730287471
2017-09-24 11:15:00,0.041,0.2164963140006038
2017-09-24 11:30:00,0.041,0.21734709650101083
2017-09-24 11:45:00,0.041,0.21869380260595755
2017-09-24 12:00:00,0.041,0.2297553125763613
2017-09-24 12:15:00,0.041,0.23206164017277062
2017-09-24 12:30:00,0.041,0.23502003199373775
2017-09-24 12:45:00,0.041,0.2372184757700443
2017-09-24 13:00:00,0.041,0.23785292899391117
2017-09-24 13:15:00,0.041,0.23308279266300597
2017-09-24 13:30:00,0.041,0.23179715189020395
2017-09-24 13:45:00,0.041,0.23502394454400502
2017-09-24 14:00:00,0.041,0.23062177309262463
2017-09-24 14:15:00,0.041,0.23257901202088166
2017-09-24 14:30:00,0.041,0.23229849687261087
2017-09-24 14:45:00,0.041,0.23243395518321253
2017-09-24 15:00:00,0.041,0.22954005406929917
2017-09-24 15:15:00,0.041,0.22629810204641046
2017-09-24 15:30:00,0.041,0.22711447037424978
2017-09-24 15:45:00,0.041,0.22573430578682796
2017-09-24 16:00:00,0.041,0.2202799244368663
2017-09-24 16:15:00,0.9988888888888889,0.2640021857541007
2017-09-24 16:30:00,0.9988888888888889,0.32834098352743574
2017-09-24 16:45:00,0.9988888888888889,0.38396135226877076
2017-09-24 17:00:00,0.9988888888888889,0.42504511711716936
2017-09-24 17:15:00,0.9988888888888889,0.44705088253231423
2017-09-24 17:30:00,0.9988888888888889,0.47188489682645346
2017-09-24 17:45:00,0.9988888888888889,0.4892881286738236
2017-09-24 18:00:00,0.9988888888888889,0.4929042995445513
2017-09-24 18:15:00,0.9988888888888889,0.49533972040239205
2017-09-24 18:30:00,0.9988888888888889,0.49371430653795184
2017-09-24 18:45:00,0.9988888888888889,0.5075275884210757
2017-09-24 19:00:00,0.9988888888888889,0.5057212874337758
2017-09-24 19:15:00,0.9988888888888889,0.49293268634464416
2017-09-24 19:30:00,0.9988888888888889,0.4983575497423204
2017-09-24 19:45:00,0.9988888888888889,0.49039977639468074
2017-09-24 20:00:00,0.9988888888888889,0.488549929471961
2017-09-24 20:15:00,0.9988888888888889,0.47925674011809966
2017-09-24 20:30:00,0.9988888888888889,0.47292486050826704
2017-09-24 20:45:00,0.9988888888888889,0.4682515744366585
2017-09-24 21:00:00,0.9988888888888889,0.4681539952510154
2017-09-24 21:15:00,0.9988888888888889,0.45463836632558474
2017-09-24 21:30:00,0.9988888888888889,0.4465649212246932
2017-09-24 21:45:00,0.9988888888888889,0.45029248402286937
2017-09-24 22:00:00,0.9988888888888889,0.44781240593337845
2017-09-24 22:15:00,0.9988888888888889,0.4373037871929605
2017-09-24 22:30:00,0.9988888888888889,0.40954646645944315
2017-09-24 22:45:00,0.9988888888888889,0.41066255069157676
2017-09-24 23:00:00,0.9988888888888889,0.39940700389652434
2017-09-24 23:15:00,0.9988888888888889,0.40728442834538475
2017-09-24 23:30:00,0.9988888888888889,0.3920830432581001
2017-09-24 23:45:00,0.9988888888888889,0.3934031940532465
2017-09-25 00:00:00,0.9988888888888889,0.4770120237738704
2017-09-25 00:15:00,0.9988888888888889,0.47151297574556716
2017-09-25 00:30:00,0.9988888888888889,0.47469071060299695
2017-09-25 00:45:00,0.9988888888888889,0.46168105578345314
2017-09-25 01:00:00,0.9988888888888889,0.46153177526704925
2017-09-25 01:15:00,0.9988888888888889,0.4624740279101254
2017-09-25 01:30:00,0.9988888888888889,0.4644656890617435
2017-09-25 01:45:00,0.9988888888888889,0.4642082414479253
2017-09-25 02:00:00,0.9988888888888889,0.4680214265441628
2017-09-25 02:15:00,0.9988888888888889,0.4706920849561547
2017-09-25 02:30:00,0.9988888888888889,0.47692070904129175
2017-09-25 02:45:00,0.9988888888888889,0.47730576082475973
2017-09-25 03:00:00,0.9988888888888889,0.467933613698465
2017-09-25 03:15:00,0.9988888888888889,0.4631435640284006
2017-09-25 03:30:00,0.9988888888888889,0.4719318346687784
2017-09-25 03:45:00,0.9988888888888889,0.48514034269984013
2017-09-25 04:00:00,0.9988888888888889,0.5086234351250929
2017-09-25 04:15:00,0.9988888888888889,0.5049272216953283
2017-09-25 04:30:00,0.9988888888888889,0.504688311497726
2017-09-25 04:45:00,0.9988888888888889,0.5050284312368941
2017-09-25 05:00:00,0.9988888888888889,0.5150601007527885
2017-09-25 05:15:00,0.9988888888888889,0.5113930825368815
2017-09-25 05:30:00,0.9988888888888889,0.5039822743092054
2017-09-25 05:45:00,0.9988888888888889,0.4856855512086975
2017-09-25 06:00:00,0.9988888888888889,0.47805376076795614
2017-09-25 06:15:00,0.9988888888888889,0.4717028321106279
2017-09-25 06:30:00,0.9988888888888889,0.46757224694068505
2017-09-25 06:45:00,0.9988888888888889,0.46396894759595275
2017-09-25 07:00:00,0.9988888888888889,0.45161984515378883
2017-09-25 07:15:00,0.9988888888888889,0.4125005077894962
2017-09-25 07:30:00,0.9988888888888889,0.3782272291929107
2017-09-25 07:45:00,0.9988888888888889,0.3535632589436607
2017-09-25 08:00:00,0.9988888888888889,0.3196750519756691
2017-09-25 08:15:00,0.9988888888888889,0.30659832523789393
2017-09-25 08:30:00,0.9988888888888889,0.29810037666872463
2017-09-25 08:45:00,0.9988888888888889,0.2858485223313086
2017-09-25 09:00:00,0.9988888888888889,0.25357561723654914
2017-09-25 09:15:00,0.9988888888888889,0.26075241964600626
2017-09-25 09:30:00,0.9988888888888889,0.24485721628456703
2017-09-25 09:45:00,0.9988888888888889,0.23485792131362332
2017-09-25 10:00:00,0.9988888888888889,0.23019815116024206
2017-09-25 10:15:00,0.9988888888888889,0.19952715633182258
2017-09-25 10:30:00,0.9988888888888889,0.1771250448569771
2017-09-25 10:45:00,0.041,0.17134167848970042
2017-09-25 11:00:00,0.9988888888888889,0.17542402580613498
2017-09-25 11:15:00,0.9988888888888889,0.1751749389844802
2017-09-25 11:30:00,0.9988888888888889,0.17486740573423973
2017-09-25 11:45:00,0.9988888888888889,0.17565674919306415
2017-09-25 12:00:00,0.9988888888888889,0.17601981379244974
2017-09-25 12:15:00,0.9988888888888889,0.17746994160826954
2017-09-25 12:30:00,0.9988888888888889,0.17697932919826403
2017-09-25 12:45:00,0.9988888888888889,0.176976033468764
2017-09-25 13:00:00,0.041,0.17358755433389375
2017-09-25 13:15:00,0.041,0.17380316598660805
2017-09-25 13:30:00,0.041,0.17525481735436904
2017-09-25 13:45:00,0.9988888888888889,0.17916133984693475
2017-09-25 14:00:00,0.9988888888888889,0.17887338985201512
2017-09-25 14:15:00,0.041,0.18002727025275922
2017-09-25 14:30:00,0.041,0.1791179526765034
2017-09-25 14:45:00,0.9988888888888889,0.18169556329293224
2017-09-25 15:00:00,0.9988888888888889,0.18456789122401465
2017-09-25 15:15:00,0.9988888888888889,0.22263839046966805
2017-09-25 15:30:00,0.9988888888888889,0.2563362962958423
2017-09-25 15:45:00,0.9988888888888889,0.2853125738274402
2017-09-25 16:00:00,0.9988888888888889,0.3179066870470277
2017-09-25 16:15:00,0.9988888888888889,0.3469023671910986
2017-09-25 16:30:00,0.9988888888888889,0.382465980388026
2017-09-25 16:45:00,0.9988888888888889,0.41497967711890354
2017-09-25 17:00:00,0.9988888888888889,0.43172416061278374
2017-09-25 17:15:00,0.9988888888888889,0.45028228916525925
2017-09-25 17:30:00,0.33545454545454545,0.465188086654626
2017-09-25 17:45:00,0.3386266924564797,0.4709285402037215
2017-09-25 18:00:00,0.3417988394584139,0.4593071653222652
2017-09-25 18:15:00,0.3417988394584139,0.4533780092898999
2017-09-25 18:30:00,0.3417988394584139,0.4485580245938899
2017-09-25 18:45:00,0.3417988394584139,0.4539779659814638
2017-09-25 19:00:00,0.3417988394584139,0.46823516256118736
2017-09-25 19:15:00,0.3417988394584139,0.4795457004410313
2017-09-25 19:30:00,0.3417988394584139,0.48759588223193934
2017-09-25 19:45:00,0.3417988394584139,0.49961631175129023
2017-09-25 20:00:00,0.3417988394584139,0.49648363796041683
2017-09-25 20:15:00,0.3417988394584139,0.5045706956464769
2017-09-25 20:30:00,0.3417988394584139,0.512183374991327
2017-09-25 20:45:00,0.3417988394584139,0.5217079508914032
2017-09-25 21:00:00,0.3417988394584139,0.5286539818890521
2017-09-25 21:15:00,0.3386266924564797,0.5329328242920743
2017-09-25 21:30:00,0.33545454545454545,0.5382387722866159
2017-09-25 21:45:00,0.9988888888888889,0.5352996061060584
2017-09-25 22:00:00,0.9988888888888889,0.5266161578570746
2017-09-25 22:15:00,0.9988888888888889,0.5102405371789148
2017-09-25 22:30:00,0.9988888888888889,0.5250218062259268
2017-09-25 22:45:00,0.9988888888888889,0.538748099771905
2017-09-25 23:00:00,0.9988888888888889,0.5308273594346556
2017-09-25 23:15:00,0.9988888888888889,0.5372915301599178
2017-09-25 23:30:00,0.9988888888888889,0.5418148325279554
2017-09-25 23:45:00,0.9988888888888889,0.5425329016756284
2017-09-26 00:00:00,0.9988888888888889,0.5603158416149188
2017-09-26 00:15:00,0.9988888888888889,0.5699441356720015
2017-09-26 00:30:00,0.9988888888888889,0.5700176559044896
2017-09-26 00:45:00,0.9988888888888889,0.5739526056311952
2017-09-26 01:00:00,0.9988888888888889,0.5840227600518101
2017-09-26 01:15:00,0.9988888888888889,0.5860318046070327
2017-09-26 01:30:00,0.9988888888888889,0.5869472995760214
2017-09-26 01:45:00,0.9988888888888889,0.5839347365622591
2017-09-26 02:00:00,0.9988888888888889,0.5641000531471236
2017-09-26 02:15:00,0.9988888888888889,0.563375312477139
2017-09-26 02:30:00,0.9988888888888889,0.5699785072101377
2017-09-26 02:45:00,0.9988888888888889,0.5751043828087391
2017-09-26 03:00:00,0.9988888888888889,0.569291365711246
2017-09-26 03:15:00,0.9988888888888889,0.561080965788021
2017-09-26 03:30:00,0.9988888888888889,0.5433046008909149
2017-09-26 03:45:00,0.9988888888888889,0.5463775466581547
2017-09-26 04:00:00,0.9988888888888889,0.5529946258533667
2017-09-26 04:15:00,0.9988888888888889,0.5674735109926674
2017-09-26 04:30:00,0.33545454545454545,0.5800774081733978
2017-09-26 04:45:00,0.3402127659574468,0.5756349082548978
2017-09-26 05:00:00,0.3497292069632495,0.5671089569347656
2017-09-26 05:15:00,0.3497292069632495,0.5439711552667319
2017-09-26 05:30:00,0.3497292069632495,0.5269230830345869
2017-09-26 05:45:00,0.3497292069632495,0.5161702433807501
2017-09-26 06:00:00,0.3497292069632495,0.5082450546253596
2017-09-26 06:15:00,0.3497292069632495,0.5022995599632739
2017-09-26 06:30:00,0.3497292069632495,0.509524930205803
2017-09-26 06:45:00,0.3497292069632495,0.5041995758795293
2017-09-26 07:00:00,0.3497292069632495,0.48956870801657193
2017-09-26 07:15:00,0.4536363636363636,0.49378765882496073
2017-09-26 07:30:00,0.3497292069632495,0.48806469853158574
2017-09-26 07:45:00,0.3497292069632495,0.48313367165340604
2017-09-26 08:00:00,0.343384912959381,0.47014564653522095
2017-09-26 08:15:00,0.3386266924564797,0.46788093143282333
2017-09-26 08:30:00,0.3386266924564797,0.4672911038108157
2017-09-26 08:45:00,0.3386266924564797,0.4679265736882828
2017-09-26 09:00:00,0.33704061895551257,0.4681331282768693
2017-09-26 09:15:00,0.33545454545454545,0.4589656185128857
2017-09-26 09:30:00,0.9988888888888889,0.4454386678958433
2017-09-26 09:45:00,0.9988888888888889,0.4122068094295755
2017-09-26 10:00:00,0.9988888888888889,0.39002710220409287
2017-09-26 10:15:00,0.9988888888888889,0.37679384886172657
2017-09-26 10:30:00,0.9988888888888889,0.36625749033741484
2017-09-26 10:45:00,0.9988888888888889,0.36352895371024857
2017-09-26 11:00:00,0.9988888888888889,0.34986614360893076
2017-09-26 11:15:00,0.9988888888888889,0.3467212630481393
2017-09-26 11:30:00,0.9988888888888889,0.3471450077353897
2017-09-26 11:45:00,0.9988888888888889,0.3484045757664781
2017-09-26 12:00:00,0.9988888888888889,0.35083820689495665
2017-09-26 12:15:00,0.9988888888888889,0.3479557574197739
2017-09-26 12:30:00,0.9988888888888889,0.3548408071636881
2017-09-26 12:45:00,0.9988888888888889,0.3621836450537798
2017-09-26 13:00:00,0.9988888888888889,0.36869053502363863
2017-09-26 13:15:00,0.9988888888888889,0.36912358016909885
2017-09-26 13:30:00,0.9988888888888889,0.3605560277585055
2017-09-26 13:45:00,0.9988888888888889,0.3586899187274439
2017-09-26 14:00:00,0.9988888888888889,0.3569262501296713
2017-09-26 14:15:00,0.9988888888888889,0.36736402720840067
2017-09-26 14:30:00,0.9988888888888889,0.38073159791312267
2017-09-26 14:45:00,0.9988888888888889,0.3995516337650014
2017-09-26 15:00:00,0.9988888888888889,0.4223789427962619
2017-09-26 15:15:00,0.9988888888888889,0.44161951600095467
2017-09-26 15:30:00,0.9988888888888889,0.4658383959040486
2017-09-26 15:45:00,0.33704061895551257,0.47760242932659563
2017-09-26 16:00:00,0.343384912959381,0.4845689096455758
2017-09-26 16:15:00,0.34655705996131525,0.49097730063549644
2017-09-26 16:30:00,0.35290135396518374,0.4962384513688747
2017-09-26 16:45:00,0.3576595744680851,0.5001302807599297
2017-09-26 17:00:00,0.4536363636363636,0.5073043846355577
2017-09-26 17:15:00,0.36717601547388784,0.5125039977049853
2017-09-26 17:30:00,0.36717601547388784,0.5181306372539551
2017-09-26 17:45:00,0.36717601547388784,0.5120757924298958
2017-09-26 18:00:00,0.36717601547388784,0.5050837243472786
2017-09-26 18:15:00,0.36717601547388784,0.5020163853069548
2017-09-26 18:30:00,0.36717601547388784,0.5038239480357212
2017-09-26 18:45:00,0.36717601547388784,0.499803403491526
2017-09-26 19:00:00,0.36717601547388784,0.5069753369018993
2017-09-26 19:15:00,0.4536363636363636,0.518172314231858
2017-09-26 19:30:00,0.36717601547388784,0.5342262529302788
2017-09-26 19:45:00,0.4536363636363636,0.5455646504389386
2017-09-26 20:00:00,0.4536363636363636,0.5470649816575539
2017-09-26 20:15:00,0.4536363636363636,0.5513272233195745
2017-09-26 20:30:00,0.4536363636363636,0.5589294875427782
2017-09-26 20:45:00,0.356073500967118,0.5616327677502714
2017-09-26 21:00:00,0.35290135396518374,0.5656106141487273
2017-09-26 21:15:00,0.35290135396518374,0.5682022183149515
2017-09-26 21:30:00,0.3497292069632495,0.574971525496928
2017-09-26 21:45:00,0.3497292069632495,0.5769326421477645
2017-09-26 22:00:00,0.3481431334622824,0.5844448558984711
2017-09-26 22:15:00,0.3481431334622824,0.588433814337407
2017-09-26 22:30:00,0.3481431334622824,0.5928117080184534
2017-09-26 22:45:00,0.3481431334622824,0.6142121635084516
2017-09-26 23:00:00,0.3481431334622824,0.6051793585550765
2017-09-26 23:15:00,0.3481431334622824,0.6110231211145966
2017-09-26 23:30:00,0.3481431334622824,0.6353809811276107
2017-09-26 23:45:00,0.3481431334622824,0.6440477256929712
2017-09-27 00:00:00,0.35448742746615086,0.6367559949048057
2017-09-27 00:15:00,0.35448742746615086,0.6367355449170929
2017-09-27 00:30:00,0.35448742746615086,0.6424773235100293
2017-09-27 00:45:00,0.35448742746615086,0.6443093242622969
2017-09-27 01:00:00,0.35448742746615086,0.6474292790462306
2017-09-27 01:15:00,0.35448742746615086,0.6489512981179861
2017-09-27 01:30:00,0.35448742746615086,0.6490253989099257
2017-09-27 01:45:00,0.35448742746615086,0.6440843130427008
2017-09-27 02:00:00,0.35448742746615086,0.6408117762087594
2017-09-27 02:15:00,0.35448742746615086,0.6376844363820131
2017-09-27 02:30:00,0.35448742746615086,0.6346599238381723
2017-09-27 02:45:00,0.35448742746615086,0.6320161991869757
2017-09-27 03:00:00,0.35448742746615086,0.6246593105344778
2017-09-27 03:15:00,0.35448742746615086,0.6201895005862057
2017-09-27 03:30:00,0.35448742746615086,0.614944818732071
2017-09-27 03:45:00,0.35448742746615086,0.6081585386166778
2017-09-27 04:00:00,0.35448742746615086,0.5949604084490754
2017-09-27 04:15:00,0.35448742746615086,0.5831627688049833
2017-09-27 04:30:00,0.35448742746615086,0.5786811868610992
2017-09-27 04:45:00,0.36558994197292066,0.5732701076911122
2017-09-27 05:00:00,0.36717601547388784,0.5624877129072333
2017-09-27 05:15:00,0.3687620889748549,0.5589363346098213
2017-09-27 05:30:00,0.3687620889748549,0.5512916727228439
2017-09-27 05:45:00,0.3687620889748549,0.5418895442516831
2017-09-27 06:00:00,0.3687620889748549,0.5343146908830188
2017-09-27 06:15:00,0.3687620889748549,0.5294793859516825
2017-09-27 06:30:00,0.3687620889748549,0.5270235913362599
2017-09-27 06:45:00,0.3687620889748549,0.5260798882660565
2017-09-27 07:00:00,0.3687620889748549,0.5194374693074866
2017-09-27 07:15:00,0.3687620889748549,0.5140485532711737
2017-09-27 07:30:00,0.3687620889748549,0.5069207244833835
2017-09-27 07:45:00,0.3687620889748549,0.4986121199943039
2017-09-27 08:00:00,0.3687620889748549,0.4896045149130066
2017-09-27 08:15:00,0.3640038684719536,0.4826068101227643
2017-09-27 08:30:00,0.3640038684719536,0.4764308504383481
2017-09-27 08:45:00,0.3624177949709865,0.46939283640874946
2017-09-27 09:00:00,0.3624177949709865,0.4627547043640193
2017-09-27 09:15:00,0.3624177949709865,0.46523185589761845
2017-09-27 09:30:00,0.3624177949709865,0.4811760018448772
2017-09-27 09:45:00,0.3624177949709865,0.4665294453283875
2017-09-27 10:00:00,0.3624177949709865,0.4653042939549097
2017-09-27 10:15:00,0.3624177949709865,0.4601899631147539
2017-09-27 10:30:00,0.3624177949709865,0.456653614712633
2017-09-27 10:45:00,0.3624177949709865,0.4601372115735842
2017-09-27 11:00:00,0.3624177949709865,0.45643787233188493
2017-09-27 11:15:00,0.3624177949709865,0.4595624944271796
2017-09-27 11:30:00,0.3624177949709865,0.46464711559325056
2017-09-27 11:45:00,0.3624177949709865,0.4605217352110111
2017-09-27 12:00:00,0.3624177949709865,0.4685514013680251
2017-09-27 12:15:00,0.3624177949709865,0.47127236686384955
2017-09-27 12:30:00,0.3624177949709865,0.47275894512844224
2017-09-27 12:45:00,0.3624177949709865,0.4780222843670157
2017-09-27 13:00:00,0.3624177949709865,0.473093618778907
2017-09-27 13:15:00,0.3624177949709865,0.47291183855916513
2017-09-27 13:30:00,0.3624177949709865,0.4757635679340477
2017-09-27 13:45:00,0.3624177949709865,0.4779152208333621
2017-09-27 14:00:00,0.3624177949709865,0.4860255846644361
2017-09-27 14:15:00,0.3624177949709865,0.48843030516596764
2017-09-27 14:30:00,0.3624177949709865,0.4861358051164054
2017-09-27 14:45:00,0.3624177949709865,0.4901306957630784
2017-09-27 15:00:00,0.3624177949709865,0.49415134348422435
2017-09-27 15:15:00,0.3624177949709865,0.4969039801261915
2017-09-27 15:30:00,0.3624177949709865,0.4998616747097325
2017-09-27 15:45:00,0.3624177949709865,0.5018482208472573
2017-09-27 16:00:00,0.3624177949709865,0.5054142062145689
2017-09-27 16:15:00,0.3624177949709865,0.5100432200758058
2017-09-27 16:30:00,0.3640038684719536,0.5124088791516052
2017-09-27 16:45:00,0.37193423597678915,0.5133791040267834
2017-09-27 17:00:00,0.37193423597678915,0.5202996221648125
2017-09-27 17:15:00,0.37352030947775633,0.5217897012589439
2017-09-27 17:30:00,0.37352030947775633,0.5238949801288137
2017-09-27 17:45:00,0.37352030947775633,0.5125750560339369
2017-09-27 18:00:00,0.37352030947775633,0.5025037694804724
2017-09-27 18:15:00,0.37352030947775633,0.5008390999429256
2017-09-27 18:30:00,0.37352030947775633,0.4928780870456753
2017-09-27 18:45:00,0.37352030947775633,0.49885411217729186
2017-09-27 19:00:00,0.37352030947775633,0.5090456548287414
2017-09-27 19:15:00,0.37352030947775633,0.5180339782985992
2017-09-27 19:30:00,0.37352030947775633,0.5385454224303593
2017-09-27 19:45:00,0.37352030947775633,0.5456386744026448
2017-09-27 20:00:00,0.37352030947775633,0.5478932759071167
2017-09-27 20:15:00,0.3624177949709865,0.5489051653193634
2017-09-27 20:30:00,0.3624177949709865,0.5482940423987788
2017-09-27 20:45:00,0.3576595744680851,0.5522954231584303
2017-09-27 21:00:00,0.35448742746615086,0.5574911032038217
2017-09-27 21:15:00,0.35448742746615086,0.5558047509666876
2017-09-27 21:30:00,0.3497292069632495,0.5621113512771072
2017-09-27 21:45:00,0.3481431334622824,0.5632254198030534
2017-09-27 22:00:00,0.3417988394584139,0.5719632743076336
2017-09-27 22:15:00,0.3402127659574468,0.5799488703771561
2017-09-27 22:30:00,0.3402127659574468,0.5821565437223821
2017-09-27 22:45:00,0.3386266924564797,0.5881976452124741
2017-09-27 23:00:00,0.33704061895551257,0.595717370793992
2017-09-27 23:15:00,0.9988888888888889,0.59154535843814
2017-09-27 23:30:00,0.9988888888888889,0.5800027166870725
2017-09-27 23:45:00,0.9988888888888889,0.5642519618689686
2017-09-28 00:00:00,0.9988888888888889,0.5501575784707748
2017-09-28 00:15:00,0.9988888888888889,0.5498398441078571
2017-09-28 00:30:00,0.9988888888888889,0.5557455874937153
2017-09-28 00:45:00,0.9988888888888889,0.5609271800950101
2017-09-28 01:00:00,0.9988888888888889,0.575193859083958
2017-09-28 01:15:00,0.9988888888888889,0.578522655344938
2017-09-28 01:30:00,0.9988888888888889,0.5848954939767426
2017-09-28 01:45:00,0.9988888888888889,0.592134663789885
2017-09-28 02:00:00,0.9988888888888889,0.5911647205896837
2017-09-28 02:15:00,0.9988888888888889,0.593202748434621
2017-09-28 02:30:00,0.9988888888888889,0.5881113141810609
2017-09-28 02:45:00,0.9988888888888889,0.5864260948239791
2017-09-28 03:00:00,0.9988888888888889,0.5804406078277602
2017-09-28 03:15:00,0.9988888888888889,0.5783863297725751
2017-09-28 03:30:00,0.9988888888888889,0.5728917899417325
2017-09-28 03:45:00,0.9988888888888889,0.5696258817270167
2017-09-28 04:00:00,0.9988888888888889,0.5386919951170172
2017-09-28 04:15:00,0.9988888888888889,0.5394218116291826
2017-09-28 04:30:00,0.9988888888888889,0.5491428888681396
2017-09-28 04:45:00,0.9988888888888889,0.5506582324278456
2017-09-28 05:00:00,0.3417988394584139,0.5435936505728491
2017-09-28 05:15:00,0.343384912959381,0.5312368839097548
2017-09-28 05:30:00,0.343384912959381,0.5122008431071768
2017-09-28 05:45:00,0.343384912959381,0.49954154379251214
2017-09-28 06:00:00,0.343384912959381,0.48824131758427286
2017-09-28 06:15:00,0.343384912959381,0.4854689939324363
2017-09-28 06:30:00,0.343384912959381,0.48355662500730007
2017-09-28 06:45:00,0.343384912959381,0.4783066476153475
2017-09-28 07:00:00,0.343384912959381,0.4743261126482846
2017-09-28 07:15:00,0.343384912959381,0.47146027834243276
2017-09-28 07:30:00,0.343384912959381,0.4727622216269593
2017-09-28 07:45:00,0.343384912959381,0.4714788176647445
2017-09-28 08:00:00,0.343384912959381,0.4661632620700379
2017-09-28 08:15:00,0.343384912959381,0.4657963378465882
2017-09-28 08:30:00,0.343384912959381,0.4629871776183878
2017-09-28 08:45:00,0.343384912959381,0.46080553865957025
2017-09-28 09:00:00,0.343384912959381,0.45940521686924735
2017-09-28 09:15:00,0.343384912959381,0.456659018522052
2017-09-28 09:30:00,0.343384912959381,0.455429276509455
2017-09-28 09:45:00,0.343384912959381,0.45517159705893157
2017-09-28 10:00:00,0.343384912959381,0.4561352660625413
2017-09-28 10:15:00,0.343384912959381,0.4651663801736383
2017-09-28 10:30:00,0.343384912959381,0.4651103365192461
2017-09-28 10:45:00,0.343384912959381,0.4624982763640078
2017-09-28 11:00:00,0.343384912959381,0.4622562128344261
2017-09-28 11:15:00,0.343384912959381,0.45339882147769145
2017-09-28 11:30:00,0.343384912959381,0.45672047755115036
2017-09-28 11:45:00,0.343384912959381,0.45790334764834867
2017-09-28 12:00:00,0.343384912959381,0.46502803291295436
2017-09-28 12:15:00,0.343384912959381,0.46822640782261843
2017-09-28 12:30:00,0.343384912959381,0.47114901975853984
2017-09-28 12:45:00,0.343384912959381,0.47197653094326447
2017-09-28 13:00:00,0.343384912959381,0.47793291224213497
2017-09-28 13:15:00,0.343384912959381,0.4723020426914356
2017-09-28 13:30:00,0.343384912959381,0.47281894654043155
2017-09-28 13:45:00,0.343384912959381,0.4713111209120967
2017-09-28 14:00:00,0.343384912959381,0.46914095121265825
2017-09-28 14:15:00,0.343384912959381,0.4705376184582554
2017-09-28 14:30:00,0.343384912959381,0.4725668663921202
2017-09-28 14:45:00,0.343384912959381,0.47700188442060765
2017-09-28 15:00:00,0.343384912959381,0.4871770770003945
2017-09-28 15:15:00,0.343384912959381,0.4922307540543727
2017-09-28 15:30:00,0.343384912959381,0.4839745730905583
2017-09-28 15:45:00,0.343384912959381,0.4871598290503077
2017-09-28 16:00:00,0.34655705996131525,0.4920014719334966
2017-09-28 16:15:00,0.4536363636363636,0.5012314298578039
2017-09-28 16:30:00,0.3608317214700193,0.5108556779320239
2017-09-28 16:45:00,0.3687620889748549,0.5188115287978461
2017-09-28 17:00:00,0.37352030947775633,0.5310695174780049
2017-09-28 17:15:00,0.37510638297872334,0.5347825737250149
2017-09-28 17:30:00,0.37510638297872334,0.5350330138114694
2017-09-28 17:45:00,0.3766924564796905,0.5316719941373383
2017-09-28 18:00:00,0.3766924564796905,0.5230663689022363
2017-09-28 18:15:00,0.3766924564796905,0.4994716054078784
2017-09-28 18:30:00,0.3766924564796905,0.49562040056497664
2017-09-28 18:45:00,0.3766924564796905,0.505573889008355
2017-09-28 19:00:00,0.4536363636363636,0.5350404495900264
2017-09-28 19:15:00,0.3766924564796905,0.5232477954862738
2017-09-28 19:30:00,0.3766924564796905,0.5295432506623571
2017-09-28 19:45:00,0.3766924564796905,0.5392313267570031
2017-09-28 20:00:00,0.3766924564796905,0.5624603655096351
2017-09-28 20:15:00,0.3766924564796905,0.5667869687445418
2017-09-28 20:30:00,0.3766924564796905,0.5703188891096282
2017-09-28 20:45:00,0.36717601547388784,0.5745648371034137
2017-09-28 21:00:00,0.4536363636363636,0.571415146384101
2017-09-28 21:15:00,0.3640038684719536,0.5781507517980847
2017-09-28 21:30:00,0.4536363636363636,0.58673618053068
2017-09-28 21:45:00,0.356073500967118,0.5940825611306271
2017-09-28 22:00:00,0.35290135396518374,0.602397290355683
2017-09-28 22:15:00,0.3513152804642166,0.603103646253862
2017-09-28 22:30:00,0.3513152804642166,0.6010019911350338
2017-09-28 22:45:00,0.3449709864603482,0.6169059333891278
2017-09-28 23:00:00,0.3449709864603482,0.6103430740105122
2017-09-28 23:15:00,0.3449709864603482,0.6057248731440052
2017-09-28 23:30:00,0.3449709864603482,0.6055747049011703
2017-09-28 23:45:00,0.3449709864603482,0.602471602549644
2017-09-29 00:00:00,0.3481431334622824,0.609049967957242
2017-09-29 00:15:00,0.3481431334622824,0.612361479606553
2017-09-29 00:30:00,0.3481431334622824,0.6211263283660362
2017-09-29 00:45:00,0.3481431334622824,0.6261340194311783
2017-09-29 01:00:00,0.3481431334622824,0.6354154221541115
2017-09-29 01:15:00,0.3481431334622824,0.637780788828595
2017-09-29 01:30:00,0.3481431334622824,0.6365713056768703
2017-09-29 01:45:00,0.3481431334622824,0.6351665003988058
2017-09-29 02:00:00,0.3481431334622824,0.6344288435300848
2017-09-29 02:15:00,0.3481431334622824,0.633524883350234
2017-09-29 02:30:00,0.3481431334622824,0.6306837992017723
2017-09-29 02:45:00,0.3481431334622824,0.6319321681248077
2017-09-29 03:00:00,0.3481431334622824,0.6289015652403418
2017-09-29 03:15:00,0.3481431334622824,0.6259584199085527
2017-09-29 03:30:00,0.3481431334622824,0.6199204255234674
2017-09-29 03:45:00,0.3481431334622824,0.6141341564348682
2017-09-29 04:00:00,0.3497292069632495,0.6001164627443292
2017-09-29 04:15:00,0.3497292069632495,0.5924529930674286
2017-09-29 04:30:00,0.3497292069632495,0.5871043409089878
2017-09-29 04:45:00,0.3497292069632495,0.5808937624552144
2017-09-29 05:00:00,0.3497292069632495,0.5551439353194266
2017-09-29 05:15:00,0.3497292069632495,0.5353145969156285
2017-09-29 05:30:00,0.3497292069632495,0.5207866877610194
2017-09-29 05:45:00,0.3497292069632495,0.5096465215460007
2017-09-29 06:00:00,0.3497292069632495,0.4969579778224229
2017-09-29 06:15:00,0.3497292069632495,0.4963161235428625
2017-09-29 06:30:00,0.3497292069632495,0.4936261678367428
2017-09-29 06:45:00,0.3497292069632495,0.4861343730260752
2017-09-29 07:00:00,0.3481431334622824,0.48042345982285384
2017-09-29 07:15:00,0.3481431334622824,0.4794011355806912
2017-09-29 07:30:00,0.3449709864603482,0.4712773892737626
2017-09-29 07:45:00,0.3402127659574468,0.46318724387777577
2017-09-29 08:00:00,0.9988888888888889,0.45354011571388364
2017-09-29 08:15:00,0.9988888888888889,0.4236343816033097
2017-09-29 08:30:00,0.9988888888888889,0.3919499758247474
2017-09-29 08:45:00,0.9988888888888889,0.36836215249045107
2017-09-29 09:00:00,0.9988888888888889,0.3686732449669835
2017-09-29 09:15:00,0.9988888888888889,0.35951544397502605
2017-09-29 09:30:00,0.9988888888888889,0.3477041685966284
2017-09-29 09:45:00,0.9988888888888889,0.34617519496373583
2017-09-29 10:00:00,0.9988888888888889,0.34579913262180806
2017-09-29 10:15:00,0.9988888888888889,0.3462883872487537
2017-09-29 10:30:00,0.9988888888888889,0.3475080811495415
2017-09-29 10:45:00,0.9988888888888889,0.34852441328340955
2017-09-29 11:00:00,0.9988888888888889,0.35145283823955165
2017-09-29 11:15:00,0.9988888888888889,0.3578718489911387
2017-09-29 11:30:00,0.9988888888888889,0.3601640894100933
2017-09-29 11:45:00,0.9988888888888889,0.36178163633721827
2017-09-29 12:00:00,0.9988888888888889,0.36216739460010144
2017-09-29 12:15:00,0.9988888888888889,0.3526649362167134
2017-09-29 12:30:00,0.9988888888888889,0.3587898601464431
2017-09-29 12:45:00,0.9988888888888889,0.36607205423435163
2017-09-29 13:00:00,0.9988888888888889,0.3789313981951633
2017-09-29 13:15:00,0.9988888888888889,0.3794109545351958
2017-09-29 13:30:00,0.9988888888888889,0.3661922347367296
2017-09-29 13:45:00,0.9988888888888889,0.3632444798059271
2017-09-29 14:00:00,0.9988888888888889,0.3654062546565962
2017-09-29 14:15:00,0.9988888888888889,0.3744684085903869
2017-09-29 14:30:00,0.9988888888888889,0.38825831458610793
2017-09-29 14:45:00,0.9988888888888889,0.40088613228176423
2017-09-29 15:00:00,0.9988888888888889,0.41483582833747523
2017-09-29 15:15:00,0.9988888888888889,0.42681379629303606
2017-09-29 15:30:00,0.9988888888888889,0.44834822794198864
2017-09-29 15:45:00,0.9988888888888889,0.4706490589115951
2017-09-29 16:00:00,0.9988888888888889,0.49259422108114864
2017-09-29 16:15:00,0.3417988394584139,0.4988597764031324
2017-09-29 16:30:00,0.3497292069632495,0.5051104789482895
2017-09-29 16:45:00,0.35448742746615086,0.5131677322279488
2017-09-29 17:00:00,0.36558994197292066,0.519652572590439
2017-09-29 17:15:00,0.36558994197292066,0.5239750221941758
2017-09-29 17:30:00,0.36558994197292066,0.524200266780189
2017-09-29 17:45:00,0.36558994197292066,0.5141629091387617
2017-09-29 18:00:00,0.36558994197292066,0.5035948858136993
2017-09-29 18:15:00,0.36558994197292066,0.4972411304981741
2017-09-29 18:30:00,0.36558994197292066,0.4897480981687313
2017-09-29 18:45:00,0.36558994197292066,0.49371428219293
2017-09-29 19:00:00,0.36558994197292066,0.5068416732709119
2017-09-29 19:15:00,0.36558994197292066,0.5259936229851694
2017-09-29 19:30:00,0.36558994197292066,0.5264443569336897
2017-09-29 19:45:00,0.36558994197292066,0.5408903682018475
2017-09-29 20:00:00,0.3640038684719536,0.5454328562872207
2017-09-29 20:15:00,0.3624177949709865,0.5428250697529633
2017-09-29 20:30:00,0.3624177949709865,0.5442789268846104
2017-09-29 20:45:00,0.3481431334622824,0.5435825059787136
2017-09-29 21:00:00,0.343384912959381,0.5448020391918059
2017-09-29 21:15:00,0.3386266924564797,0.5527558689523605
2017-09-29 21:30:00,0.9988888888888889,0.5555706929526754
2017-09-29 21:45:00,0.9988888888888889,0.5566469287005222
2017-09-29 22:00:00,0.9988888888888889,0.5560694310466837
2017-09-29 22:15:00,0.9988888888888889,0.537303495245468
2017-09-29 22:30:00,0.9988888888888889,0.5303874228760925
2017-09-29 22:45:00,0.9988888888888889,0.5335254862879917
2017-09-29 23:00:00,0.9988888888888889,0.5214900824523075
2017-09-29 23:15:00,0.9988888888888889,0.4861304195366747
2017-09-29 23:30:00,0.9988888888888889,0.4628923559445051
2017-09-29 23:45:00,0.9988888888888889,0.4411462150108377
2017-09-30 00:00:00,0.9988888888888889,0.43356806987153906
2017-09-30 00:15:00,0.9988888888888889,0.43314646916178995
2017-09-30 00:30:00,0.9988888888888889,0.42692369886403586
2017-09-30 00:45:00,0.9988888888888889,0.4195223552661711
2017-09-30 01:00:00,0.9988888888888889,0.4141387005381342
2017-09-30 01:15:00,0.9988888888888889,0.42534164933544455
2017-09-30 01:30:00,0.9988888888888889,0.4348155862195041
2017-09-30 01:45:00,0.9988888888888889,0.45070468417938064
2017-09-30 02:00:00,0.9988888888888889,0.463105022631521
2017-09-30 02:15:00,0.9988888888888889,0.46344880214138867
2017-09-30 02:30:00,0.9988888888888889,0.4624254865448899
2017-09-30 02:45:00,0.9988888888888889,0.4623677937547692
2017-09-30 03:00:00,0.9988888888888889,0.463721257466787
2017-09-30 03:15:00,0.9988888888888889,0.4509429682975408
2017-09-30 03:30:00,0.9988888888888889,0.4430016887604384
2017-09-30 03:45:00,0.9988888888888889,0.43508294593279584
2017-09-30 04:00:00,0.9988888888888889,0.4298602281458312
2017-09-30 04:15:00,0.9988888888888889,0.4464004550321756
2017-09-30 04:30:00,0.9988888888888889,0.46663327686358314
2017-09-30 04:45:00,0.9988888888888889,0.48676223288096543
2017-09-30 05:00:00,0.9988888888888889,0.5146340406047201
2017-09-30 05:15:00,0.9988888888888889,0.5387038849682677
2017-09-30 05:30:00,0.9988888888888889,0.5658101645470992
2017-09-30 05:45:00,0.9988888888888889,0.5896293321453597
2017-09-30 06:00:00,0.9988888888888889,0.6072058811343439
2017-09-30 06:15:00,0.9988888888888889,0.5749620841953785
2017-09-30 06:30:00,0.9988888888888889,0.5379112034695456
2017-09-30 06:45:00,0.9988888888888889,0.5051434076108603
2017-09-30 07:00:00,0.9988888888888889,0.4714032956314032
2017-09-30 07:15:00,0.9988888888888889,0.44561901798736514
2017-09-30 07:30:00,0.9988888888888889,0.420126913730073
2017-09-30 07:45:00,0.9988888888888889,0.39057238608654926
2017-09-30 08:00:00,0.9988888888888889,0.36040986201855263
2017-09-30 08:15:00,0.9988888888888889,0.33700706972431604
2017-09-30 08:30:00,0.9988888888888889,0.2909119305170894
2017-09-30 08:45:00,0.9988888888888889,0.27040677305081035
2017-09-30 09:00:00,0.9988888888888889,0.236257706832048
2017-09-30 09:15:00,0.9988888888888889,0.23113497774925354
2017-09-30 09:30:00,0.9988888888888889,0.22754316262091762
2017-09-30 09:45:00,0.9988888888888889,0.21305014061143662
2017-09-30 10:00:00,0.041,0.20999046327246015
2017-09-30 10:15:00,0.9988888888888889,0.20548493521516617
2017-09-30 10:30:00,0.041,0.2078540959142692
2017-09-30 10:45:00,0.041,0.2091548602436871
2017-09-30 11:00:00,0.041,0.20685706445625543
2017-09-30 11:15:00,0.041,0.2054886521576137
2017-09-30 11:30:00,0.041,0.2054797087308001
2017-09-30 11:45:00,0.041,0.20701698178243047
2017-09-30 12:00:00,0.041,0.20903993845822275
2017-09-30 12:15:00,0.041,0.21337191244912582
2017-09-30 12:30:00,0.041,0.2135013618664639
2017-09-30 12:45:00,0.041,0.22185608942735083
2017-09-30 13:00:00,0.041,0.22358648723854568
2017-09-30 13:15:00,0.041,0.22462709221712793
2017-09-30 13:30:00,0.041,0.22429717016562706
2017-09-30 13:45:00,0.9988888888888889,0.21968438910342517
2017-09-30 14:00:00,0.041,0.21791343091421936
2017-09-30 14:15:00,0.041,0.22038028073186292
2017-09-30 14:30:00,0.041,0.21554108808039935
2017-09-30 14:45:00,0.041,0.21371116522000821
2017-09-30 15:00:00,0.041,0.2152311413026092
2017-09-30 15:15:00,0.041,0.21419330544344425
2017-09-30 15:30:00,0.041,0.21355398297816952
2017-09-30 15:45:00,0.9988888888888889,0.2136525690230895
2017-09-30 16:00:00,0.9988888888888889,0.2277097037940647
2017-09-30 16:15:00,0.9988888888888889,0.2672832636700428
2017-09-30 16:30:00,0.9988888888888889,0.3018989111028247
2017-09-30 16:45:00,0.9988888888888889,0.35847884663010476
2017-09-30 17:00:00,0.9988888888888889,0.4078202046237868
2017-09-30 17:15:00,0.9988888888888889,0.43963013158037306
2017-09-30 17:30:00,0.9988888888888889,0.4514885406370481
2017-09-30 17:45:00,0.9988888888888889,0.4606451831604494
2017-09-30 18:00:00,0.9988888888888889,0.4477687170962312
2017-09-30 18:15:00,0.9988888888888889,0.451919958587862
2017-09-30 18:30:00,0.9988888888888889,0.4527210156929631
2017-09-30 18:45:00,0.9988888888888889,0.44928254970806364
2017-09-30 19:00:00,0.9988888888888889,0.4579693922898888
2017-09-30 19:15:00,0.9988888888888889,0.4629211476328704
2017-09-30 19:30:00,0.9988888888888889,0.47143645499266296
2017-09-30 19:45:00,0.9988888888888889,0.47382165224591327
2017-09-30 20:00:00,0.9988888888888889,0.4818838969691912
2017-09-30 20:15:00,0.9988888888888889,0.4797604559805934
2017-09-30 20:30:00,0.9988888888888889,0.49274276921543214
2017-09-30 20:45:00,0.9988888888888889,0.5094840102101253
2017-09-30 21:00:00,0.9988888888888889,0.5150861122851614
2017-09-30 21:15:00,0.9988888888888889,0.5200667592771863
2017-09-30 21:30:00,0.9988888888888889,0.5233372013756294
2017-09-30 21:45:00,0.9988888888888889,0.5238129914140925
2017-09-30 22:00:00,0.9988888888888889,0.5237280719789384
2017-09-30 22:15:00,0.9988888888888889,0.49983934003466873
2017-09-30 22:30:00,0.9988888888888889,0.4746025704763545
2017-09-30 22:45:00,0.9988888888888889,0.45943404460797016
2017-09-30 23:00:00,0.9988888888888889,0.4378484622590772
2017-09-30 23:15:00,0.9988888888888889,0.4323116636861443
2017-09-30 23:30:00,0.9988888888888889,0.45538066896983154
2017-09-30 23:45:00,0.9988888888888889,0.4820568659191708
2017-10-01 00:00:00,0.9988888888888889,0.4988014867737117
2017-10-01 00:15:00,0.9988888888888889,0.5152802578553349
2017-10-01 00:30:00,0.9988888888888889,0.532641498993436
2017-10-01 00:45:00,0.9988888888888889,0.5496595215421877
2017-10-01 01:00:00,0.9988888888888889,0.5686790123423937
2017-10-01 01:15:00,0.9988888888888889,0.5522363568277663
2017-10-01 01:30:00,0.9988888888888889,0.5355831956026675
2017-10-01 01:45:00,0.9988888888888889,0.5196769787237404
2017-10-01 02:00:00,0.9988888888888889,0.5014562180322051
2017-10-01 02:15:00,0.9988888888888889,0.49797904912381746
2017-10-01 02:30:00,0.9988888888888889,0.494043568005155
2017-10-01 02:45:00,0.9988888888888889,0.49199773398917906
2017-10-01 03:00:00,0.9988888888888889,0.48391028887230003
2017-10-01 03:15:00,0.9988888888888889,0.49926927167922625
2017-10-01 03:30:00,0.9988888888888889,0.5192258037414881
2017-10-01 03:45:00,0.9988888888888889,0.5362713146560769
2017-10-01 04:00:00,0.9988888888888889,0.5525239344376118
2017-10-01 04:15:00,0.9988888888888889,0.5555874084323676
2017-10-01 04:30:00,0.9988888888888889,0.5573245572359286
2017-10-01 04:45:00,0.9988888888888889,0.5586440921411434
2017-10-01 05:00:00,0.9988888888888889,0.5627424602699836
2017-10-01 05:15:00,0.9988888888888889,0.5737103612340232
2017-10-01 05:30:00,0.9988888888888889,0.586922655992607
2017-10-01 05:45:00,0.9988888888888889,0.5987958299176815
2017-10-01 06:00:00,0.9988888888888889,0.6120611989772738
2017-10-01 06:15:00,0.9988888888888889,0.5579401753095298
2017-10-01 06:30:00,0.9988888888888889,0.5106436571533982
2017-10-01 06:45:00,0.9988888888888889,0.46929998831721587
2017-10-01 07:00:00,0.9988888888888889,0.4335348323190804
2017-10-01 07:15:00,0.9988888888888889,0.4150807315329501
2017-10-01 07:30:00,0.9988888888888889,0.386068550856663
2017-10-01 07:45:00,0.9988888888888889,0.3626550436566095
2017-10-01 08:00:00,0.9988888888888889,0.3213876087224529
2017-10-01 08:15:00,0.9988888888888889,0.2728377674172053
2017-10-01 08:30:00,0.041,0.23421754502771283
2017-10-01 08:45:00,0.041,0.23089774842686717
2017-10-01 09:00:00,0.041,0.2334221083249721
2017-10-01 09:15:00,0.041,0.2304830576823554
2017-10-01 09:30:00,0.041,0.2269943107601053
2017-10-01 09:45:00,0.041,0.22547915516843264
2017-10-01 10:00:00,0.041,0.22881970605519794
2017-10-01 10:15:00,0.041,0.23353101440373764
2017-10-01 10:30:00,0.041,0.2302090637675578
2017-10-01 10:45:00,0.041,0.23061618261486194
2017-10-01 11:00:00,0.041,0.2388868272988373
2017-10-01 11:15:00,0.041,0.22844527542350354
2017-10-01 11:30:00,0.041,0.22832201417548015
2017-10-01 11:45:00,0.041,0.23804976957591015
2017-10-01 12:00:00,0.041,0.2427791479523801
2017-10-01 12:15:00,0.041,0.24610212950684543
2017-10-01 12:30:00,0.041,0.24054245248659853
2017-10-01 12:45:00,0.041,0.2512722956379869
2017-10-01 13:00:00,0.041,0.2432612637341939
2017-10-01 13:15:00,0.041,0.24222601497058405
2017-10-01 13:30:00,0.041,0.24285572419977555
2017-10-01 13:45:00,0.041,0.24449881490487194
2017-10-01 14:00:00,0.041,0.24369527890427803
2017-10-01 14:15:00,0.041,0.24472284711464234
2017-10-01 14:30:00,0.041,0.2457721603006204
2017-10-01 14:45:00,0.041,0.2437648208661335
2017-10-01 15:00:00,0.9988888888888889,0.2457378749875836
2017-10-01 15:15:00,0.9988888888888889,0.29787307818409275
2017-10-01 15:30:00,0.9988888888888889,0.35750271516035953
2017-10-01 15:45:00,0.9988888888888889,0.40508843567435976
2017-10-01 16:00:00,0.9988888888888889,0.46404330005673927
2017-10-01 16:15:00,0.9988888888888889,0.5112629260429509
2017-10-01 16:30:00,0.9988888888888889,0.5585424121925426
2017-10-01 16:45:00,0.3386266924564797,0.5911251260483062
2017-10-01 17:00:00,0.343384912959381,0.610039984001254
2017-10-01 17:15:00,0.343384912959381,0.616557813322047
2017-10-01 17:30:00,0.3513152804642166,0.6114009692228776
2017-10-01 17:45:00,0.35448742746615086,0.607937311114894
2017-10-01 18:00:00,0.3608317214700193,0.5988927675002504
2017-10-01 18:15:00,0.3608317214700193,0.5822668447682231
2017-10-01 18:30:00,0.3608317214700193,0.582905651030963
2017-10-01 18:45:00,0.3608317214700193,0.5828172247341122
2017-10-01 19:00:00,0.3608317214700193,0.5892582651849135
2017-10-01 19:15:00,0.3608317214700193,0.6076338949131352
2017-10-01 19:30:00,0.3608317214700193,0.6234044052294049
2017-10-01 19:45:00,0.3608317214700193,0.6267219404375269
2017-10-01 20:00:00,0.3608317214700193,0.6220967382814423
2017-10-01 20:15:00,0.3608317214700193,0.6240729480232432
2017-10-01 20:30:00,0.3608317214700193,0.6291694916512051
2017-10-01 20:45:00,0.3608317214700193,0.6307742796991052
2017-10-01 21:00:00,0.3608317214700193,0.6355768977479199
2017-10-01 21:15:00,0.3608317214700193,0.6398377404840826
2017-10-01 21:30:00,0.3608317214700193,0.6381713393130065
2017-10-01 21:45:00,0.3608317214700193,0.6452792082060166
2017-10-01 22:00:00,0.3608317214700193,0.6466648725440215
2017-10-01 22:15:00,0.3608317214700193,0.6620583666489133
2017-10-01 22:30:00,0.3608317214700193,0.6636494235070263
2017-10-01 22:45:00,0.3608317214700193,0.6764885530602047
2017-10-01 23:00:00,0.3608317214700193,0.6749218581088842
2017-10-01 23:15:00,0.3608317214700193,0.6952539417011392
2017-10-01 23:30:00,0.3608317214700193,0.6980616232493078
2017-10-01 23:45:00,0.3608317214700193,0.7106069629862617
2017-10-02 00:00:00,0.37352030947775633,0.6904194335915457
2017-10-02 00:15:00,0.37352030947775633,0.687961126371417
2017-10-02 00:30:00,0.37352030947775633,0.6952834602017773
2017-10-02 00:45:00,0.37352030947775633,0.7026387007785401
2017-10-02 01:00:00,0.37352030947775633,0.7048219468251848
2017-10-02 01:15:00,0.37352030947775633,0.7063547299915927
2017-10-02 01:30:00,0.37352030947775633,0.7065815881835442
2017-10-02 01:45:00,0.37352030947775633,0.7076124759383882
2017-10-02 02:00:00,0.37352030947775633,0.7139557478137263
2017-10-02 02:15:00,0.37352030947775633,0.7157158635327889
2017-10-02 02:30:00,0.37352030947775633,0.7072689636738247
2017-10-02 02:45:00,0.37352030947775633,0.7038273123837419
2017-10-02 03:00:00,0.37352030947775633,0.7013316900049898
2017-10-02 03:15:00,0.37352030947775633,0.6999346480448143
2017-10-02 03:30:00,0.37352030947775633,0.6937429628071038
2017-10-02 03:45:00,0.37352030947775633,0.6875097438141976
2017-10-02 04:00:00,0.37510638297872334,0.6790978092184339
2017-10-02 04:15:00,0.37510638297872334,0.6721168182871698
2017-10-02 04:30:00,0.37510638297872334,0.666304289626178
2017-10-02 04:45:00,0.37510638297872334,0.6571068038719964
2017-10-02 05:00:00,0.37510638297872334,0.6477054913883236
2017-10-02 05:15:00,0.37510638297872334,0.636417775160512
2017-10-02 05:30:00,0.37510638297872334,0.6260155424331635
2017-10-02 05:45:00,0.37510638297872334,0.6141020782080098
2017-10-02 06:00:00,0.37510638297872334,0.6006028614344233
2017-10-02 06:15:00,0.37510638297872334,0.5964306415771347
2017-10-02 06:30:00,0.37510638297872334,0.5884321693547536
2017-10-02 06:45:00,0.37510638297872334,0.5816226917122294
2017-10-02 07:00:00,0.37352030947775633,0.5708406012821348
2017-10-02 07:15:00,0.37352030947775633,0.5626383469788455
2017-10-02 07:30:00,0.37034816247582203,0.5526664391708941
2017-10-02 07:45:00,0.36717601547388784,0.5381660438241921
2017-10-02 08:00:00,0.3608317214700193,0.5286008650578847
2017-10-02 08:15:00,0.356073500967118,0.5217978957496511
2017-10-02 08:30:00,0.35290135396518374,0.5178631376201414
2017-10-02 08:45:00,0.35290135396518374,0.5091539548000454
2017-10-02 09:00:00,0.35290135396518374,0.5009352817389189
2017-10-02 09:15:00,0.35290135396518374,0.4994572164158787
2017-10-02 09:30:00,0.35290135396518374,0.49763238887057454
2017-10-02 09:45:00,0.35290135396518374,0.4961582987493202
2017-10-02 10:00:00,0.35290135396518374,0.49428395169856604
2017-10-02 10:15:00,0.35290135396518374,0.4922763731786704
2017-10-02 10:30:00,0.35290135396518374,0.4907681294439227
2017-10-02 10:45:00,0.35290135396518374,0.4904649564527546
2017-10-02 11:00:00,0.35290135396518374,0.49075923894952345
2017-10-02 11:15:00,0.35290135396518374,0.4917221314503387
2017-10-02 11:30:00,0.35290135396518374,0.4989932618015536
2017-10-02 11:45:00,0.35290135396518374,0.49902041596404195
2017-10-02 12:00:00,0.35290135396518374,0.504627483459942
2017-10-02 12:15:00,0.35290135396518374,0.5040773860103746
2017-10-02 12:30:00,0.35290135396518374,0.5051469231904304
2017-10-02 12:45:00,0.35290135396518374,0.5083037819794972
2017-10-02 13:00:00,0.35290135396518374,0.509730041520836
2017-10-02 13:15:00,0.35290135396518374,0.507019717962447
2017-10-02 13:30:00,0.35290135396518374,0.5108979567682482
2017-10-02 13:45:00,0.35290135396518374,0.5190312940653651
2017-10-02 14:00:00,0.35290135396518374,0.5157386016335531
2017-10-02 14:15:00,0.35290135396518374,0.5197864422315371
2017-10-02 14:30:00,0.35290135396518374,0.5223483447480198
2017-10-02 14:45:00,0.35290135396518374,0.5314578481794772
2017-10-02 15:00:00,0.35290135396518374,0.5295686058570237
2017-10-02 15:15:00,0.35290135396518374,0.5283992109125326
2017-10-02 15:30:00,0.35290135396518374,0.5362645617001871
2017-10-02 15:45:00,0.35448742746615086,0.5439873288401459
2017-10-02 16:00:00,0.3576595744680851,0.5520549652185528
2017-10-02 16:15:00,0.36558994197292066,0.556950673565054
2017-10-02 16:30:00,0.36558994197292066,0.5579966332060528
2017-10-02 16:45:00,0.36558994197292066,0.559955983274478
2017-10-02 17:00:00,0.36558994197292066,0.5527950991662733
2017-10-02 17:15:00,0.36558994197292066,0.5392881795497999
2017-10-02 17:30:00,0.36558994197292066,0.5386810152445748
2017-10-02 17:45:00,0.36558994197292066,0.5298515862440909
2017-10-02 18:00:00,0.36558994197292066,0.5178888485426195
2017-10-02 18:15:00,0.36558994197292066,0.5106065255470362
2017-10-02 18:30:00,0.36558994197292066,0.5133225397412919
2017-10-02 18:45:00,0.36558994197292066,0.516571707091808
2017-10-02 19:00:00,0.36558994197292066,0.5300259383224014
2017-10-02 19:15:00,0.3640038684719536,0.5443873230332102
2017-10-02 19:30:00,0.3608317214700193,0.5467398348576487
2017-10-02 19:45:00,0.3576595744680851,0.5485399551388903
2017-10-02 20:00:00,0.356073500967118,0.5472756389075857
2017-10-02 20:15:00,0.3513152804642166,0.5501673388914543
2017-10-02 20:30:00,0.3497292069632495,0.5484342830429321
2017-10-02 20:45:00,0.3449709864603482,0.5498794462896108
2017-10-02 21:00:00,0.3449709864603482,0.5475508405756961
2017-10-02 21:15:00,0.3402127659574468,0.55647614771548
2017-10-02 21:30:00,0.33704061895551257,0.5641626370875085
2017-10-02 21:45:00,0.9988888888888889,0.5699581518857113
2017-10-02 22:00:00,0.9988888888888889,0.5768448833478705
2017-10-02 22:15:00,0.9988888888888889,0.5682609259638882
2017-10-02 22:30:00,0.9988888888888889,0.5770813884820476
2017-10-02 22:45:00,0.9988888888888889,0.5806073438793532
2017-10-02 23:00:00,0.9988888888888889,0.5854099285070529
2017-10-02 23:15:00,0.9988888888888889,0.5915895979869824
2017-10-02 23:30:00,0.9988888888888889,0.5908893122757297
2017-10-02 23:45:00,0.9988888888888889,0.5850598956122263
2017-10-03 00:00:00,0.9988888888888889,0.5969640249858602
2017-10-03 00:15:00,0.9988888888888889,0.6006721759413609
2017-10-03 00:30:00,0.9988888888888889,0.6016333600614182
2017-10-03 00:45:00,0.9988888888888889,0.607247550858064
2017-10-03 01:00:00,0.9988888888888889,0.6074512871734596
2017-10-03 01:15:00,0.9988888888888889,0.607983735018909
2017-10-03 01:30:00,0.9988888888888889,0.6103348796129473
2017-10-03 01:45:00,0.9988888888888889,0.6123708518676219
2017-10-03 02:00:00,0.9988888888888889,0.6140943074898646
2017-10-03 02:15:00,0.9988888888888889,0.6073276301741187
2017-10-03 02:30:00,0.9988888888888889,0.6020460022221342
2017-10-03 02:45:00,0.9988888888888889,0.5971948342536493
2017-10-03 03:00:00,0.9988888888888889,0.5910332506512213
2017-10-03 03:15:00,0.9988888888888889,0.5958966246341051
2017-10-03 03:30:00,0.9988888888888889,0.6022828707535367
2017-10-03 03:45:00,0.9988888888888889,0.6079117915954622
2017-10-03 04:00:00,0.9988888888888889,0.6139908531272251
2017-10-03 04:15:00,0.9988888888888889,0.5996037874812286
2017-10-03 04:30:00,0.9988888888888889,0.5865222736735743
2017-10-03 04:45:00,0.9988888888888889,0.571540972380471
2017-10-03 05:00:00,0.9988888888888889,0.5610314369349804
2017-10-03 05:15:00,0.9988888888888889,0.5615748524308966
2017-10-03 05:30:00,0.9988888888888889,0.5628887736582655
2017-10-03 05:45:00,0.9988888888888889,0.5620928337326083
2017-10-03 06:00:00,0.9988888888888889,0.5615657340854714
2017-10-03 06:15:00,0.9988888888888889,0.5181341126092688
2017-10-03 06:30:00,0.9988888888888889,0.48594356440528214
2017-10-03 06:45:00,0.9988888888888889,0.47250037600880485
2017-10-03 07:00:00,0.9988888888888889,0.4525623666832588
2017-10-03 07:15:00,0.9988888888888889,0.43789149349927087
2017-10-03 07:30:00,0.9988888888888889,0.4017848301033472
2017-10-03 07:45:00,0.9988888888888889,0.39225940538957166
2017-10-03 08:00:00,0.9988888888888889,0.38788073523236816
2017-10-03 08:15:00,0.9988888888888889,0.3511523682129366
2017-10-03 08:30:00,0.9988888888888889,0.3250897672761683
2017-10-03 08:45:00,0.9988888888888889,0.3013471683508833
2017-10-03 09:00:00,0.9988888888888889,0.2662127358727271
2017-10-03 09:15:00,0.9988888888888889,0.2515195623049021
2017-10-03 09:30:00,0.9988888888888889,0.23538902501125594
2017-10-03 09:45:00,0.9988888888888889,0.2518115431835812
2017-10-03 10:00:00,0.9988888888888889,0.24091485454471226
2017-10-03 10:15:00,0.9988888888888889,0.21699363421286536
2017-10-03 10:30:00,0.041,0.21097623378792546
2017-10-03 10:45:00,0.041,0.21133554598600457
2017-10-03 11:00:00,0.041,0.2097910713876477
2017-10-03 11:15:00,0.041,0.21105813101125012
2017-10-03 11:30:00,0.9988888888888889,0.21526907668556472
2017-10-03 11:45:00,0.9988888888888889,0.21672981752162657
2017-10-03 12:00:00,0.9988888888888889,0.22325540121071766
2017-10-03 12:15:00,0.9988888888888889,0.22672292751197623
2017-10-03 12:30:00,0.9988888888888889,0.2307126617470978
2017-10-03 12:45:00,0.9988888888888889,0.22853645390580926
2017-10-03 13:00:00,0.041,0.22463901844209377
2017-10-03 13:15:00,0.041,0.2220859805363443
2017-10-03 13:30:00,0.041,0.22277965761401736
2017-10-03 13:45:00,0.041,0.22384289099945964
2017-10-03 14:00:00,0.041,0.22816553516190022
2017-10-03 14:15:00,0.041,0.22984075925227665
2017-10-03 14:30:00,0.041,0.2288929540254047
2017-10-03 14:45:00,0.9988888888888889,0.25605363560480665
2017-10-03 15:00:00,0.9988888888888889,0.2838723160365564
2017-10-03 15:15:00,0.9988888888888889,0.3185484698971466
2017-10-03 15:30:00,0.9988888888888889,0.3681183594617871
2017-10-03 15:45:00,0.9988888888888889,0.4158801799378288
2017-10-03 16:00:00,0.9988888888888889,0.47131033977595893
2017-10-03 16:15:00,0.9988888888888889,0.5040005364245629
2017-10-03 16:30:00,0.9988888888888889,0.5315460276293045
2017-10-03 16:45:00,0.33545454545454545,0.5527799366667988
2017-10-03 17:00:00,0.343384912959381,0.555366725198044
2017-10-03 17:15:00,0.343384912959381,0.5527456449789628
2017-10-03 17:30:00,0.343384912959381,0.5492072748360626
2017-10-03 17:45:00,0.343384912959381,0.5431633515958334
2017-10-03 18:00:00,0.343384912959381,0.5195446474316945
2017-10-03 18:15:00,0.343384912959381,0.5042075886931239
2017-10-03 18:30:00,0.343384912959381,0.5059836561370752
2017-10-03 18:45:00,0.343384912959381,0.5090956343518168
2017-10-03 19:00:00,0.343384912959381,0.5164907430421778
2017-10-03 19:15:00,0.343384912959381,0.5356204152678359
2017-10-03 19:30:00,0.343384912959381,0.5503817903166951
2017-10-03 19:45:00,0.343384912959381,0.5527303762319129
2017-10-03 20:00:00,0.343384912959381,0.5530481596596425
2017-10-03 20:15:00,0.343384912959381,0.5620963609939664
2017-10-03 20:30:00,0.343384912959381,0.5712733959653069
2017-10-03 20:45:00,0.343384912959381,0.5734142158718062
2017-10-03 21:00:00,0.343384912959381,0.5734015564442899
2017-10-03 21:15:00,0.343384912959381,0.5819711150491134
2017-10-03 21:30:00,0.3386266924564797,0.5893388649854522
2017-10-03 21:45:00,0.33545454545454545,0.5909482868834753
2017-10-03 22:00:00,0.9988888888888889,0.5868981504827723
2017-10-03 22:15:00,0.9988888888888889,0.5923508537922874
2017-10-03 22:30:00,0.9988888888888889,0.596842758014362
2017-10-03 22:45:00,0.9988888888888889,0.5982428838436036
2017-10-03 23:00:00,0.9988888888888889,0.6033678829131522
2017-10-03 23:15:00,0.9988888888888889,0.605343173715274
2017-10-03 23:30:00,0.9988888888888889,0.620117502923141
2017-10-03 23:45:00,0.9988888888888889,0.6044198136723291
2017-10-04 00:00:00,0.9988888888888889,0.6085933135895424
2017-10-04 00:15:00,0.9988888888888889,0.6029452499472928
2017-10-04 00:30:00,0.9988888888888889,0.6206953742648395
2017-10-04 00:45:00,0.9988888888888889,0.616006200557491
2017-10-04 01:00:00,0.9988888888888889,0.6148177968966717
2017-10-04 01:15:00,0.9988888888888889,0.6010372002978928
2017-10-04 01:30:00,0.9988888888888889,0.5944650040777951
2017-10-04 01:45:00,0.9988888888888889,0.5914743072564532
2017-10-04 02:00:00,0.9988888888888889,0.5939329396135065
2017-10-04 02:15:00,0.9988888888888889,0.6034446554252837
2017-10-04 02:30:00,0.9988888888888889,0.6225763460393509
2017-10-04 02:45:00,0.9988888888888889,0.6259058030371747
2017-10-04 03:00:00,0.9988888888888889,0.6167405127341128
2017-10-04 03:15:00,0.9988888888888889,0.6116890327092466
2017-10-04 03:30:00,0.9988888888888889,0.5869933040244029
2017-10-04 03:45:00,0.9988888888888889,0.5755642693161036
2017-10-04 04:00:00,0.9988888888888889,0.5693685345393756
2017-10-04 04:15:00,0.9988888888888889,0.5744135172734777
2017-10-04 04:30:00,0.33545454545454545,0.5755687128258911
2017-10-04 04:45:00,0.3417988394584139,0.5703622998349389
2017-10-04 05:00:00,0.3513152804642166,0.5589935246900869
2017-10-04 05:15:00,0.356073500967118,0.5379809327985484
2017-10-04 05:30:00,0.356073500967118,0.5223182054013323
2017-10-04 05:45:00,0.356073500967118,0.5117983913220855
2017-10-04 06:00:00,0.356073500967118,0.5010243231804818
2017-10-04 06:15:00,0.4536363636363636,0.512303915548201
2017-10-04 06:30:00,0.356073500967118,0.4912278807435437
2017-10-04 06:45:00,0.356073500967118,0.4856695729420458
2017-10-04 07:00:00,0.356073500967118,0.48498344905602314
2017-10-04 07:15:00,0.356073500967118,0.4811408012021618
2017-10-04 07:30:00,0.356073500967118,0.4795591534304718
2017-10-04 07:45:00,0.356073500967118,0.47180254783123476
2017-10-04 08:00:00,0.356073500967118,0.4660567960639242
2017-10-04 08:15:00,0.35448742746615086,0.4456654110539049
2017-10-04 08:30:00,0.35290135396518374,0.4167027751816651
2017-10-04 08:45:00,0.9988888888888889,0.3813366394700373
2017-10-04 09:00:00,0.9988888888888889,0.34008387296237186
2017-10-04 09:15:00,0.9988888888888889,0.3146745432622948
2017-10-04 09:30:00,0.9988888888888889,0.28387698518768756
2017-10-04 09:45:00,0.9988888888888889,0.2575894478889789
2017-10-04 10:00:00,0.9988888888888889,0.22080579251570126
2017-10-04 10:15:00,0.9988888888888889,0.21292880035326084
2017-10-04 10:30:00,0.9988888888888889,0.2126223070270747
2017-10-04 10:45:00,0.9988888888888889,0.1998259270257204
2017-10-04 11:00:00,0.9988888888888889,0.19980620002095947
2017-10-04 11:15:00,0.9988888888888889,0.19963310210932791
2017-10-04 11:30:00,0.9988888888888889,0.19908221031943335
2017-10-04 11:45:00,0.9988888888888889,0.2003092030370432
2017-10-04 12:00:00,0.9988888888888889,0.2004453762346816
2017-10-04 12:15:00,0.9988888888888889,0.2001164303196663
2017-10-04 12:30:00,0.9988888888888889,0.20235049723105422
2017-10-04 12:45:00,0.9988888888888889,0.2053418331046814
2017-10-04 13:00:00,0.9988888888888889,0.2093981282678582
2017-10-04 13:15:00,0.9988888888888889,0.21222435264506515
2017-10-04 13:30:00,0.9988888888888889,0.226741928490289
2017-10-04 13:45:00,0.9988888888888889,0.23976890915114968
2017-10-04 14:00:00,0.9988888888888889,0.2621329993641873
2017-10-04 14:15:00,0.9988888888888889,0.2778005719128448
2017-10-04 14:30:00,0.9988888888888889,0.2951230135917872
2017-10-04 14:45:00,0.9988888888888889,0.31686549961339794
2017-10-04 15:00:00,0.9988888888888889,0.34393347513001765
2017-10-04 15:15:00,0.9988888888888889,0.36118307481867307
2017-10-04 15:30:00,0.9988888888888889,0.37405767915519456
2017-10-04 15:45:00,0.9988888888888889,0.40108618748325897
2017-10-04 16:00:00,0.9988888888888889,0.4223092325101617
2017-10-04 16:15:00,0.9988888888888889,0.4530099773893498
2017-10-04 16:30:00,0.3386266924564797,0.4671502572571469
2017-10-04 16:45:00,0.34655705996131525,0.47702870083328097
2017-10-04 17:00:00,0.35290135396518374,0.4871051339467165
2017-10-04 17:15:00,0.35924564796905223,0.4900808469457329
2017-10-04 17:30:00,0.3640038684719536,0.49423256609977306
2017-10-04 17:45:00,0.3640038684719536,0.49069609750544807
2017-10-04 18:00:00,0.3640038684719536,0.4742700825740716
2017-10-04 18:15:00,0.3640038684719536,0.47278620337887
2017-10-04 18:30:00,0.3640038684719536,0.4760998619167726
2017-10-04 18:45:00,0.3640038684719536,0.4822152239604574
2017-10-04 19:00:00,0.3640038684719536,0.4807428246298526
2017-10-04 19:15:00,0.3640038684719536,0.49639421763602865
2017-10-04 19:30:00,0.3640038684719536,0.5024400971327313
2017-10-04 19:45:00,0.3640038684719536,0.5048786987745564
2017-10-04 20:00:00,0.3640038684719536,0.5173363001195915
2017-10-04 20:15:00,0.3640038684719536,0.526594484234862
2017-10-04 20:30:00,0.356073500967118,0.5278646130236421
2017-10-04 20:45:00,0.3513152804642166,0.5297722791132392
2017-10-04 21:00:00,0.3449709864603482,0.53374724685294
2017-10-04 21:15:00,0.343384912959381,0.5418434449658652
2017-10-04 21:30:00,0.343384912959381,0.5426504619746915
2017-10-04 21:45:00,0.343384912959381,0.546756810952123
2017-10-04 22:00:00,0.3402127659574468,0.5528997018754616
2017-10-04 22:15:00,0.33545454545454545,0.5518661264899901
2017-10-04 22:30:00,0.9988888888888889,0.54076108858535
2017-10-04 22:45:00,0.9988888888888889,0.5225120708765294
2017-10-04 23:00:00,0.9988888888888889,0.5167165330765998
2017-10-04 23:15:00,0.9988888888888889,0.5274305006837205
2017-10-04 23:30:00,0.9988888888888889,0.537041589359995
2017-10-04 23:45:00,0.9988888888888889,0.542059925717245
2017-10-05 00:00:00,0.9988888888888889,0.5463692603766709
2017-10-05 00:15:00,0.9988888888888889,0.5524492083319432
2017-10-05 00:30:00,0.9988888888888889,0.5631534741616935
2017-10-05 00:45:00,0.9988888888888889,0.5662023282542074
2017-10-05 01:00:00,0.9988888888888889,0.5685640664774357
2017-10-05 01:15:00,0.9988888888888889,0.5678691697262296
2017-10-05 01:30:00,0.9988888888888889,0.5648333172919647
2017-10-05 01:45:00,0.9988888888888889,0.5688092530617329
2017-10-05 02:00:00,0.9988888888888889,0.5651249255959272
2017-10-05 02:15:00,0.9988888888888889,0.563898109796688
2017-10-05 02:30:00,0.9988888888888889,0.5658018816871281
2017-10-05 02:45:00,0.9988888888888889,0.5600426783822486
2017-10-05 03:00:00,0.9988888888888889,0.5574933232402605
2017-10-05 03:15:00,0.9988888888888889,0.5540363416360579
2017-10-05 03:30:00,0.9988888888888889,0.5621155934505857
2017-10-05 03:45:00,0.9988888888888889,0.5796147135555464
2017-10-05 04:00:00,0.9988888888888889,0.5819170002473474
2017-10-05 04:15:00,0.33704061895551257,0.5773835047132424
2017-10-05 04:30:00,0.3417988394584139,0.5736202371443255
2017-10-05 04:45:00,0.35290135396518374,0.567398493438067
2017-10-05 05:00:00,0.35290135396518374,0.5569522984485816
2017-10-05 05:15:00,0.35290135396518374,0.5332796735498335
2017-10-05 05:30:00,0.35290135396518374,0.5150224629427829
2017-10-05 05:45:00,0.35290135396518374,0.5005661940276523
2017-10-05 06:00:00,0.35290135396518374,0.48829054075119865
2017-10-05 06:15:00,0.35290135396518374,0.48196446836692897
2017-10-05 06:30:00,0.35290135396518374,0.4783877377941629
2017-10-05 06:45:00,0.35290135396518374,0.4734734257489268
2017-10-05 07:00:00,0.35290135396518374,0.4697962320866059
2017-10-05 07:15:00,0.4536363636363636,0.47862266807164633
2017-10-05 07:30:00,0.4536363636363636,0.47437102409621823
2017-10-05 07:45:00,0.3513152804642166,0.46307539148771854
2017-10-05 08:00:00,0.3449709864603482,0.45424240335517285
2017-10-05 08:15:00,0.3417988394584139,0.44731217157839503
2017-10-05 08:30:00,0.33545454545454545,0.4417329805723974
2017-10-05 08:45:00,0.9988888888888889,0.4333339186009407
2017-10-05 09:00:00,0.9988888888888889,0.41742998310933715
2017-10-05 09:15:00,0.9988888888888889,0.38057908017607367
2017-10-05 09:30:00,0.9988888888888889,0.34823782650315865
2017-10-05 09:45:00,0.9988888888888889,0.33501856371631594
2017-10-05 10:00:00,0.9988888888888889,0.3348073557329386
2017-10-05 10:15:00,0.9988888888888889,0.3339435733168787
2017-10-05 10:30:00,0.9988888888888889,0.3346554158619773
2017-10-05 10:45:00,0.9988888888888889,0.33417489252982846
2017-10-05 11:00:00,0.9988888888888889,0.34169820141483864
2017-10-05 11:15:00,0.9988888888888889,0.34068842555848783
2017-10-05 11:30:00,0.9988888888888889,0.3391114316097894
2017-10-05 11:45:00,0.9988888888888889,0.3416659373001207
2017-10-05 12:00:00,0.9988888888888889,0.33382539052604737
2017-10-05 12:15:00,0.9988888888888889,0.3395522565513058
2017-10-05 12:30:00,0.9988888888888889,0.3300458938832176
2017-10-05 12:45:00,0.9988888888888889,0.3347181643301763
2017-10-05 13:00:00,0.9988888888888889,0.3428972134924736
2017-10-05 13:15:00,0.9988888888888889,0.34924560539699634
2017-10-05 13:30:00,0.9988888888888889,0.35476630966693284
2017-10-05 13:45:00,0.9988888888888889,0.36486030410709225
2017-10-05 14:00:00,0.9988888888888889,0.372186457445713
2017-10-05 14:15:00,0.9988888888888889,0.3768440946079681
2017-10-05 14:30:00,0.9988888888888889,0.37759929435298223
2017-10-05 14:45:00,0.9988888888888889,0.36803404939358264
2017-10-05 15:00:00,0.9988888888888889,0.376977623660184
2017-10-05 15:15:00,0.9988888888888889,0.39140269365348224
2017-10-05 15:30:00,0.9988888888888889,0.4134860364796789
2017-10-05 15:45:00,0.9988888888888889,0.4341837295916854
2017-10-05 16:00:00,0.9988888888888889,0.45663561875770986
2017-10-05 16:15:00,0.3386266924564797,0.4612094248795748
2017-10-05 16:30:00,0.3417988394584139,0.4657966381061358
2017-10-05 16:45:00,0.3481431334622824,0.46946043360016404
2017-10-05 17:00:00,0.35290135396518374,0.47409265518304217
2017-10-05 17:15:00,0.35290135396518374,0.47335462262671807
2017-10-05 17:30:00,0.35448742746615086,0.4751067833138328
2017-10-05 17:45:00,0.35448742746615086,0.4646147205563139
2017-10-05 18:00:00,0.35448742746615086,0.45254612392507665
2017-10-05 18:15:00,0.35448742746615086,0.4521559256537838
2017-10-05 18:30:00,0.35448742746615086,0.4509933748620717
2017-10-05 18:45:00,0.35448742746615086,0.4674406272085848
2017-10-05 19:00:00,0.35448742746615086,0.484887533154464
2017-10-05 19:15:00,0.35448742746615086,0.4774745943665152
2017-10-05 19:30:00,0.35448742746615086,0.49375570833567206
2017-10-05 19:45:00,0.35448742746615086,0.4966928583255344
2017-10-05 20:00:00,0.35448742746615086,0.49907527113447475
2017-10-05 20:15:00,0.35448742746615086,0.5050246258783797
2017-10-05 20:30:00,0.343384912959381,0.5044684809419893
2017-10-05 20:45:00,0.343384912959381,0.5093718002034818
2017-10-05 21:00:00,0.3417988394584139,0.5097079664522016
2017-10-05 21:15:00,0.33704061895551257,0.5087542217796611
2017-10-05 21:30:00,0.33545454545454545,0.5073772513566026
2017-10-05 21:45:00,0.9988888888888889,0.4977127610707416
2017-10-05 22:00:00,0.9988888888888889,0.4722306291663189
2017-10-05 22:15:00,0.9988888888888889,0.4698259261443193
2017-10-05 22:30:00,0.9988888888888889,0.4829354031897057
2017-10-05 22:45:00,0.9988888888888889,0.4936962728114245
2017-10-05 23:00:00,0.9988888888888889,0.4942336153033188
2017-10-05 23:15:00,0.9988888888888889,0.5032242525439786
2017-10-05 23:30:00,0.9988888888888889,0.5004634713308203
2017-10-05 23:45:00,0.9988888888888889,0.5002379807769337
2017-10-06 00:00:00,0.9988888888888889,0.501824930202899
2017-10-06 00:15:00,0.9988888888888889,0.4785877682948742
2017-10-06 00:30:00,0.9988888888888889,0.48536117388990613
2017-10-06 00:45:00,0.9988888888888889,0.487350098044645
2017-10-06 01:00:00,0.9988888888888889,0.47926547445205825
2017-10-06 01:15:00,0.9988888888888889,0.4632425708303861
2017-10-06 01:30:00,0.9988888888888889,0.4690793398494622
2017-10-06 01:45:00,0.9988888888888889,0.47429890817133996
2017-10-06 02:00:00,0.9988888888888889,0.4760391941099129
2017-10-06 02:15:00,0.9988888888888889,0.47563579242490467
2017-10-06 02:30:00,0.9988888888888889,0.47703777754404225
2017-10-06 02:45:00,0.9988888888888889,0.4752535641649607
2017-10-06 03:00:00,0.9988888888888889,0.4638049908536788
2017-10-06 03:15:00,0.9988888888888889,0.469279197582913
2017-10-06 03:30:00,0.9988888888888889,0.462971304518767
2017-10-06 03:45:00,0.9988888888888889,0.4615073491725992
2017-10-06 04:00:00,0.9988888888888889,0.45754426289787
2017-10-06 04:15:00,0.9988888888888889,0.46446978869348976
2017-10-06 04:30:00,0.9988888888888889,0.4705219552069668
2017-10-06 04:45:00,0.33704061895551257,0.477926245295277
2017-10-06 05:00:00,0.33704061895551257,0.5011731079357836
2017-10-06 05:15:00,0.33704061895551257,0.4923527148021585
2017-10-06 05:30:00,0.33704061895551257,0.4816111583725431
2017-10-06 05:45:00,0.33704061895551257,0.46967222740997094
2017-10-06 06:00:00,0.33704061895551257,0.451011639572619
2017-10-06 06:15:00,0.33704061895551257,0.4501449725575042
2017-10-06 06:30:00,0.33704061895551257,0.44618558620288895
2017-10-06 06:45:00,0.33704061895551257,0.4444991367685188
2017-10-06 07:00:00,0.33704061895551257,0.44368119680045903
2017-10-06 07:15:00,0.33704061895551257,0.44371493346765367
2017-10-06 07:30:00,0.33704061895551257,0.42549726024036105
2017-10-06 07:45:00,0.9988888888888889,0.3923807938365028
2017-10-06 08:00:00,0.9988888888888889,0.3707594380133211
2017-10-06 08:15:00,0.9988888888888889,0.3553398472569379
2017-10-06 08:30:00,0.9988888888888889,0.3356161579429863
2017-10-06 08:45:00,0.9988888888888889,0.3170984219416009
2017-10-06 09:00:00,0.9988888888888889,0.30723584214128535
2017-10-06 09:15:00,0.9988888888888889,0.30709624147634257
2017-10-06 09:30:00,0.9988888888888889,0.3034865143913276
2017-10-06 09:45:00,0.9988888888888889,0.2946492907235379
2017-10-06 10:00:00,0.9988888888888889,0.2947059147952726
2017-10-06 10:15:00,0.9988888888888889,0.29292323697989325
2017-10-06 10:30:00,0.9988888888888889,0.28924757489232
2017-10-06 10:45:00,0.9988888888888889,0.291976413417982
2017-10-06 11:00:00,0.9988888888888889,0.2882431633079403
2017-10-06 11:15:00,0.9988888888888889,0.29941114807599656
2017-10-06 11:30:00,0.9988888888888889,0.30098641765710726
2017-10-06 11:45:00,0.9988888888888889,0.31070834268714714
2017-10-06 12:00:00,0.9988888888888889,0.3159917876564836
2017-10-06 12:15:00,0.9988888888888889,0.303640904739837
2017-10-06 12:30:00,0.9988888888888889,0.28575972467413396
2017-10-06 12:45:00,0.9988888888888889,0.28375894007732033
2017-10-06 13:00:00,0.9988888888888889,0.29006271364922215
2017-10-06 13:15:00,0.9988888888888889,0.29657234346960587
2017-10-06 13:30:00,0.9988888888888889,0.30292116416796355
2017-10-06 13:45:00,0.9988888888888889,0.3046425287899959
2017-10-06 14:00:00,0.9988888888888889,0.30476669693991854
2017-10-06 14:15:00,0.9988888888888889,0.30685418254603786
2017-10-06 14:30:00,0.9988888888888889,0.3124978187181808
2017-10-06 14:45:00,0.9988888888888889,0.31143741983532924
2017-10-06 15:00:00,0.9988888888888889,0.306104342083507
2017-10-06 15:15:00,0.9988888888888889,0.3084519432281389
2017-10-06 15:30:00,0.9988888888888889,0.31997626696703163
2017-10-06 15:45:00,0.9988888888888889,0.3459448659593258
2017-10-06 16:00:00,0.9988888888888889,0.37445560016187335
2017-10-06 16:15:00,0.9988888888888889,0.37615788677334644
2017-10-06 16:30:00,0.9988888888888889,0.3906366286552825
2017-10-06 16:45:00,0.9988888888888889,0.4082454029918448
2017-10-06 17:00:00,0.9988888888888889,0.4145877917350231
2017-10-06 17:15:00,0.9988888888888889,0.441347192059488
2017-10-06 17:30:00,0.3386266924564797,0.4579491145393212
2017-10-06 17:45:00,0.3449709864603482,0.4675158685688354
2017-10-06 18:00:00,0.3481431334622824,0.452103955062349
2017-10-06 18:15:00,0.3481431334622824,0.4516092378139803
2017-10-06 18:30:00,0.3481431334622824,0.45924699226988047
2017-10-06 18:45:00,0.3481431334622824,0.46637659935685377
2017-10-06 19:00:00,0.3481431334622824,0.4713381431135778
2017-10-06 19:15:00,0.3481431334622824,0.4886238347057667
2017-10-06 19:30:00,0.3481431334622824,0.5036335408973602
2017-10-06 19:45:00,0.3481431334622824,0.5178908650033642
2017-10-06 20:00:00,0.3481431334622824,0.5248600875994801
2017-10-06 20:15:00,0.3481431334622824,0.5356774643524406
2017-10-06 20:30:00,0.3481431334622824,0.5408766080913502
2017-10-06 20:45:00,0.3481431334622824,0.5507103981694825
2017-10-06 21:00:00,0.3481431334622824,0.546311123422043
2017-10-06 21:15:00,0.3481431334622824,0.5552037597074863
2017-10-06 21:30:00,0.34655705996131525,0.5594650245845643
2017-10-06 21:45:00,0.3417988394584139,0.5618886372625335
2017-10-06 22:00:00,0.33704061895551257,0.5635806654245779
2017-10-06 22:15:00,0.9988888888888889,0.560769037647189
2017-10-06 22:30:00,0.9988888888888889,0.5471512335216221
2017-10-06 22:45:00,0.9988888888888889,0.5426214714932475
2017-10-06 23:00:00,0.9988888888888889,0.5335572451076757
2017-10-06 23:15:00,0.9988888888888889,0.5185031927459394
2017-10-06 23:30:00,0.9988888888888889,0.5139867136755997
2017-10-06 23:45:00,0.9988888888888889,0.5228240566633312
2017-10-07 00:00:00,0.9988888888888889,0.5216337893116614
2017-10-07 00:15:00,0.9988888888888889,0.5259913521890969
2017-10-07 00:30:00,0.9988888888888889,0.5305436516765601
2017-10-07 00:45:00,0.9988888888888889,0.5383393059971552
2017-10-07 01:00:00,0.9988888888888889,0.5466205618885338
2017-10-07 01:15:00,0.9988888888888889,0.5518199832145665
2017-10-07 01:30:00,0.9988888888888889,0.5479199186135967
2017-10-07 01:45:00,0.9988888888888889,0.5480377463569964
2017-10-07 02:00:00,0.9988888888888889,0.5570427961185318
2017-10-07 02:15:00,0.9988888888888889,0.566332914764153
2017-10-07 02:30:00,0.9988888888888889,0.5671675389029541
2017-10-07 02:45:00,0.9988888888888889,0.571672029089081
2017-10-07 03:00:00,0.9988888888888889,0.5749725402435694
2017-10-07 03:15:00,0.9988888888888889,0.5658780282245871
2017-10-07 03:30:00,0.9988888888888889,0.5619819003296848
2017-10-07 03:45:00,0.9988888888888889,0.557810484546091
2017-10-07 04:00:00,0.9988888888888889,0.5545508017647213
2017-10-07 04:15:00,0.9988888888888889,0.5547149525822804
2017-10-07 04:30:00,0.9988888888888889,0.5565966922460297
2017-10-07 04:45:00,0.9988888888888889,0.5596186704851133
2017-10-07 05:00:00,0.9988888888888889,0.5650248708668812
2017-10-07 05:15:00,0.9988888888888889,0.5821990659524784
2017-10-07 05:30:00,0.9988888888888889,0.5907143865582937
2017-10-07 05:45:00,0.9988888888888889,0.584198413919463
2017-10-07 06:00:00,0.9988888888888889,0.574447980801573
2017-10-07 06:15:00,0.9988888888888889,0.5723657620639261
2017-10-07 06:30:00,0.9988888888888889,0.5656548661695261
2017-10-07 06:45:00,0.9988888888888889,0.5573013358772736
2017-10-07 07:00:00,0.9988888888888889,0.5422888978588737
2017-10-07 07:15:00,0.9988888888888889,0.5290844658640043
2017-10-07 07:30:00,0.9988888888888889,0.48845621774761855
2017-10-07 07:45:00,0.9988888888888889,0.43279340010238476
2017-10-07 08:00:00,0.9988888888888889,0.4020840101757621
2017-10-07 08:15:00,0.9988888888888889,0.38299138557749113
2017-10-07 08:30:00,0.9988888888888889,0.3528729579517587
2017-10-07 08:45:00,0.9988888888888889,0.3200362452595443
2017-10-07 09:00:00,0.9988888888888889,0.2801639470237977
2017-10-07 09:15:00,0.9988888888888889,0.2568273754696153
2017-10-07 09:30:00,0.9988888888888889,0.22972602743374482
2017-10-07 09:45:00,0.9988888888888889,0.19927704320355735
2017-10-07 10:00:00,0.041,0.1986970344098639
2017-10-07 10:15:00,0.041,0.19877455397414856
2017-10-07 10:30:00,0.041,0.1980111081132463
2017-10-07 10:45:00,0.041,0.199974525809882
2017-10-07 11:00:00,0.041,0.19685229481630998
2017-10-07 11:15:00,0.041,0.19885097803603485
2017-10-07 11:30:00,0.041,0.199367459291672
2017-10-07 11:45:00,0.041,0.1975930985867131
2017-10-07 12:00:00,0.041,0.20206541590949534
2017-10-07 12:15:00,0.9988888888888889,0.20328572118452276
2017-10-07 12:30:00,0.9988888888888889,0.20339100712594232
2017-10-07 12:45:00,0.9988888888888889,0.20215865600817742
2017-10-07 13:00:00,0.9988888888888889,0.20293078450875676
2017-10-07 13:15:00,0.9988888888888889,0.2036743376598483
2017-10-07 13:30:00,0.9988888888888889,0.20899150339730044
2017-10-07 13:45:00,0.041,0.20797892022982306
2017-10-07 14:00:00,0.041,0.20684612875289995
2017-10-07 14:15:00,0.041,0.20662149910696828
2017-10-07 14:30:00,0.9988888888888889,0.23512173097623848
2017-10-07 14:45:00,0.9988888888888889,0.27922728054968415
2017-10-07 15:00:00,0.9988888888888889,0.32329887310250416
2017-10-07 15:15:00,0.9988888888888889,0.34876782752005475
2017-10-07 15:30:00,0.9988888888888889,0.3774580016517994
2017-10-07 15:45:00,0.9988888888888889,0.3995366303716887
2017-10-07 16:00:00,0.9988888888888889,0.4401008619146862
2017-10-07 16:15:00,0.9988888888888889,0.45404764044211254
2017-10-07 16:30:00,0.9988888888888889,0.4653941722331247
2017-10-07 16:45:00,0.9988888888888889,0.48041402938850025
2017-10-07 17:00:00,0.4536363636363636,0.48914588854389796
2017-10-07 17:15:00,0.4536363636363636,0.49748201200827286
2017-10-07 17:30:00,0.4536363636363636,0.5056645635280772
2017-10-07 17:45:00,0.4536363636363636,0.5135001831959493
2017-10-07 18:00:00,0.4536363636363636,0.47861239303314923
2017-10-07 18:15:00,0.9988888888888889,0.4665249353967537
2017-10-07 18:30:00,0.4536363636363636,0.5307258344244595
2017-10-07 18:45:00,0.4536363636363636,0.5352405953618842
2017-10-07 19:00:00,0.4536363636363636,0.5396026875012149
2017-10-07 19:15:00,0.9988888888888889,0.47499486649717454
2017-10-07 19:30:00,0.9988888888888889,0.488431646769742
2017-10-07 19:45:00,0.9988888888888889,0.49038752572142474
2017-10-07 20:00:00,0.4536363636363636,0.5334319824761545
2017-10-07 20:15:00,0.4536363636363636,0.5384580707606955
2017-10-07 20:30:00,0.4536363636363636,0.5428270874856258
2017-10-07 20:45:00,0.9988888888888889,0.5639713689199631
2017-10-07 21:00:00,0.9988888888888889,0.5431673791717008
2017-10-07 21:15:00,0.9988888888888889,0.5536935970930343
2017-10-07 21:30:00,0.9988888888888889,0.5552270917069698
2017-10-07 21:45:00,0.9988888888888889,0.5584459272868908
2017-10-07 22:00:00,0.9988888888888889,0.5479341215661817
2017-10-07 22:15:00,0.9988888888888889,0.5437815676401533
2017-10-07 22:30:00,0.9988888888888889,0.53597056830998
2017-10-07 22:45:00,0.9988888888888889,0.5297357571297059
2017-10-07 23:00:00,0.9988888888888889,0.5178614347749666
2017-10-07 23:15:00,0.9988888888888889,0.5010799149005469
2017-10-07 23:30:00,0.9988888888888889,0.48227208682565126
2017-10-07 23:45:00,0.9988888888888889,0.4829267346408849
2017-10-08 00:00:00,0.9988888888888889,0.4798141100606773
2017-10-08 00:15:00,0.9988888888888889,0.4625302870590424
2017-10-08 00:30:00,0.9988888888888889,0.4353800820439652
2017-10-08 00:45:00,0.9988888888888889,0.4186131649078555
2017-10-08 01:00:00,0.9988888888888889,0.40004724681477954
2017-10-08 01:15:00,0.9988888888888889,0.40738044363416576
2017-10-08 01:30:00,0.9988888888888889,0.41479220757811197
2017-10-08 01:45:00,0.9988888888888889,0.4240140701792249
2017-10-08 02:00:00,0.9988888888888889,0.4360626292351635
2017-10-08 02:15:00,0.9988888888888889,0.4332847004853474
2017-10-08 02:30:00,0.9988888888888889,0.4292321333472295
2017-10-08 02:45:00,0.9988888888888889,0.4202263899558157
2017-10-08 03:00:00,0.9988888888888889,0.4187584667112199
2017-10-08 03:15:00,0.9988888888888889,0.4202814191408192
2017-10-08 03:30:00,0.9988888888888889,0.41966121019585073
2017-10-08 03:45:00,0.9988888888888889,0.4266473678064706
2017-10-08 04:00:00,0.9988888888888889,0.4320204323321061
2017-10-08 04:15:00,0.9988888888888889,0.42891278550812717
2017-10-08 04:30:00,0.9988888888888889,0.4253975398722366
2017-10-08 04:45:00,0.9988888888888889,0.4256582288034987
2017-10-08 05:00:00,0.9988888888888889,0.4265768241547763
2017-10-08 05:15:00,0.9988888888888889,0.4374926987036204
2017-10-08 05:30:00,0.9988888888888889,0.4522245763985967
2017-10-08 05:45:00,0.9988888888888889,0.4623522252130403
2017-10-08 06:00:00,0.9988888888888889,0.4794156978383353
2017-10-08 06:15:00,0.9988888888888889,0.4435246275863759
2017-10-08 06:30:00,0.9988888888888889,0.40585517515364866
2017-10-08 06:45:00,0.9988888888888889,0.3782871999885366
2017-10-08 07:00:00,0.9988888888888889,0.36247715572171313
2017-10-08 07:15:00,0.9988888888888889,0.3361718195069164
2017-10-08 07:30:00,0.9988888888888889,0.30784685921162047
2017-10-08 07:45:00,0.9988888888888889,0.30874481531817444
2017-10-08 08:00:00,0.9988888888888889,0.286776876194967
2017-10-08 08:15:00,0.9988888888888889,0.23194145255027526
2017-10-08 08:30:00,0.041,0.22789451234086386
2017-10-08 08:45:00,0.041,0.224886638020635
2017-10-08 09:00:00,0.041,0.21409049118488127
2017-10-08 09:15:00,0.041,0.21047528630266576
2017-10-08 09:30:00,0.041,0.20917389606539513
2017-10-08 09:45:00,0.041,0.21463089103928157
2017-10-08 10:00:00,0.041,0.20623366469216095
2017-10-08 10:15:00,0.041,0.2067211523373745
2017-10-08 10:30:00,0.041,0.20462165624091458
2017-10-08 10:45:00,0.041,0.2048498816470418
2017-10-08 11:00:00,0.041,0.20706203498784462
2017-10-08 11:15:00,0.041,0.20868946546300168
2017-10-08 11:30:00,0.041,0.21198077166527565
2017-10-08 11:45:00,0.041,0.21158750192285153
2017-10-08 12:00:00,0.041,0.228649239223835
2017-10-08 12:15:00,0.041,0.22253948395518527
2017-10-08 12:30:00,0.041,0.228805583953533
2017-10-08 12:45:00,0.041,0.2291280616828831
2017-10-08 13:00:00,0.041,0.230378010110388
2017-10-08 13:15:00,0.041,0.22337748015820375
2017-10-08 13:30:00,0.041,0.22295477481882717
2017-10-08 13:45:00,0.041,0.22556291890187144
2017-10-08 14:00:00,0.041,0.2327212852944722
2017-10-08 14:15:00,0.041,0.22782622358143312
2017-10-08 14:30:00,0.041,0.22977086313120715
2017-10-08 14:45:00,0.041,0.23257487248800132
2017-10-08 15:00:00,0.041,0.2318896090772151
2017-10-08 15:15:00,0.041,0.22549678256445738
2017-10-08 15:30:00,0.9988888888888889,0.22377303041985624
2017-10-08 15:45:00,0.9988888888888889,0.2941456652140348
2017-10-08 16:00:00,0.9988888888888889,0.37711940618335893
2017-10-08 16:15:00,0.9988888888888889,0.40519330328465614
2017-10-08 16:30:00,0.9988888888888889,0.43205398963237696
2017-10-08 16:45:00,0.9988888888888889,0.4530486031697743
2017-10-08 17:00:00,0.9988888888888889,0.4780760038269502
2017-10-08 17:15:00,0.9988888888888889,0.5009218382268326
2017-10-08 17:30:00,0.33704061895551257,0.5168368575464835
2017-10-08 17:45:00,0.3386266924564797,0.5107280290338722
2017-10-08 18:00:00,0.3386266924564797,0.49270155253839926
2017-10-08 18:15:00,0.3386266924564797,0.4872954850291987
2017-10-08 18:30:00,0.3386266924564797,0.48790515377468924
2017-10-08 18:45:00,0.3386266924564797,0.4962823148834141
2017-10-08 19:00:00,0.3386266924564797,0.5068721093574796
2017-10-08 19:15:00,0.3386266924564797,0.5285683839406349
2017-10-08 19:30:00,0.3386266924564797,0.5347146003948643
2017-10-08 19:45:00,0.3386266924564797,0.5373489476513548
2017-10-08 20:00:00,0.3386266924564797,0.5310519009169694
2017-10-08 20:15:00,0.3386266924564797,0.5362419838546226
2017-10-08 20:30:00,0.3386266924564797,0.542838376834429
2017-10-08 20:45:00,0.3386266924564797,0.5472276010229282
2017-10-08 21:00:00,0.3386266924564797,0.5390433536125568
2017-10-08 21:15:00,0.3386266924564797,0.5416850531091248
2017-10-08 21:30:00,0.3386266924564797,0.5439521583444801
2017-10-08 21:45:00,0.9988888888888889,0.5680331250766562
2017-10-08 22:00:00,0.9988888888888889,0.5683936589921698
2017-10-08 22:15:00,0.9988888888888889,0.5847825383837115
2017-10-08 22:30:00,0.9988888888888889,0.5861351344636409
2017-10-08 22:45:00,0.9988888888888889,0.5771868186808404
2017-10-08 23:00:00,0.9988888888888889,0.5910873554951538
2017-10-08 23:15:00,0.9988888888888889,0.5894783307436677
2017-10-08 23:30:00,0.9988888888888889,0.5874589292560042
2017-10-08 23:45:00,0.9988888888888889,0.5969421750730278
2017-10-09 00:00:00,0.9988888888888889,0.5993677327378953
2017-10-09 00:15:00,0.9988888888888889,0.599630582246542
2017-10-09 00:30:00,0.9988888888888889,0.6008440937280887
2017-10-09 00:45:00,0.9988888888888889,0.6080689784522598
2017-10-09 01:00:00,0.9988888888888889,0.6126964806501879
2017-10-09 01:15:00,0.9988888888888889,0.6143686213331632
2017-10-09 01:30:00,0.9988888888888889,0.6120736955530914
2017-10-09 01:45:00,0.9988888888888889,0.6105303598493977
2017-10-09 02:00:00,0.9988888888888889,0.612615153943637
2017-10-09 02:15:00,0.9988888888888889,0.6200747809751684
2017-10-09 02:30:00,0.9988888888888889,0.6244337592960131
2017-10-09 02:45:00,0.9988888888888889,0.6076322094732695
2017-10-09 03:00:00,0.9988888888888889,0.609256734340315
2017-10-09 03:15:00,0.9988888888888889,0.5920842058618356
2017-10-09 03:30:00,0.9988888888888889,0.5896265585186761
2017-10-09 03:45:00,0.9988888888888889,0.5906501313787169
2017-10-09 04:00:00,0.33545454545454545,0.594945142715429
2017-10-09 04:15:00,0.3402127659574468,0.5906224744115712
2017-10-09 04:30:00,0.34655705996131525,0.5877007922057124
2017-10-09 04:45:00,0.35448742746615086,0.5858496759856048
2017-10-09 05:00:00,0.3687620889748549,0.5776207016543737
2017-10-09 05:15:00,0.3687620889748549,0.5669971122068207
2017-10-09 05:30:00,0.3687620889748549,0.5510249424488418
2017-10-09 05:45:00,0.3687620889748549,0.5335417584064384
2017-10-09 06:00:00,0.3687620889748549,0.5177509614783118
2017-10-09 06:15:00,0.37034816247582203,0.5172880097724413
2017-10-09 06:30:00,0.4536363636363636,0.5297284044691579
2017-10-09 06:45:00,0.37034816247582203,0.5071806347156743
2017-10-09 07:00:00,0.37034816247582203,0.501227160217265
2017-10-09 07:15:00,0.37034816247582203,0.4946475089003061
2017-10-09 07:30:00,0.37034816247582203,0.49560169092964856
2017-10-09 07:45:00,0.37034816247582203,0.4949956797014249
2017-10-09 08:00:00,0.37034816247582203,0.4972149482528358
2017-10-09 08:15:00,0.37034816247582203,0.49147663468456215
2017-10-09 08:30:00,0.37034816247582203,0.4840723559675291
2017-10-09 08:45:00,0.37034816247582203,0.47473387747468143
2017-10-09 09:00:00,0.37034816247582203,0.46797513629400034
2017-10-09 09:15:00,0.3386266924564797,0.4567247343764348
2017-10-09 09:30:00,0.9988888888888889,0.43550342416222754
2017-10-09 09:45:00,0.9988888888888889,0.4060320006228621
2017-10-09 10:00:00,0.9988888888888889,0.3875160970385533
2017-10-09 10:15:00,0.9988888888888889,0.3847448180320434
2017-10-09 10:30:00,0.9988888888888889,0.39328372693649705
2017-10-09 10:45:00,0.9988888888888889,0.39604362806797616
2017-10-09 11:00:00,0.9988888888888889,0.3909025070948932
2017-10-09 11:15:00,0.9988888888888889,0.38764767347693363
2017-10-09 11:30:00,0.9988888888888889,0.38513181471736646
2017-10-09 11:45:00,0.9988888888888889,0.38604456637169193
2017-10-09 12:00:00,0.9988888888888889,0.3886722999661313
2017-10-09 12:15:00,0.9988888888888889,0.39574964375059424
2017-10-09 12:30:00,0.9988888888888889,0.4039427544240558
2017-10-09 12:45:00,0.9988888888888889,0.39819202447041907
2017-10-09 13:00:00,0.9988888888888889,0.39865714422494575
2017-10-09 13:15:00,0.9988888888888889,0.3977720274662928
2017-10-09 13:30:00,0.9988888888888889,0.3993477751769148
2017-10-09 13:45:00,0.9988888888888889,0.4042656118892357
2017-10-09 14:00:00,0.9988888888888889,0.40488370870723994
2017-10-09 14:15:00,0.9988888888888889,0.4045747970515383
2017-10-09 14:30:00,0.9988888888888889,0.40834674004216015
2017-10-09 14:45:00,0.9988888888888889,0.4161899765988007
2017-10-09 15:00:00,0.9988888888888889,0.42884880984564516
2017-10-09 15:15:00,0.9988888888888889,0.4520701670762386
2017-10-09 15:30:00,0.3402127659574468,0.47224362223054617
2017-10-09 15:45:00,0.343384912959381,0.4854899166139826
2017-10-09 16:00:00,0.4536363636363636,0.4956990108126745
2017-10-09 16:15:00,0.4536363636363636,0.4998113309561073
2017-10-09 16:30:00,0.4536363636363636,0.5039969222910053
2017-10-09 16:45:00,0.4536363636363636,0.5092914096463645
2017-10-09 17:00:00,0.37510638297872334,0.5087863245260943
2017-10-09 17:15:00,0.4536363636363636,0.510597966505433
2017-10-09 17:30:00,0.4536363636363636,0.5153328430906872
2017-10-09 17:45:00,0.37510638297872334,0.48354823075365566
2017-10-09 18:00:00,0.37510638297872334,0.47240997259827777
2017-10-09 18:15:00,0.37510638297872334,0.4700020391267892
2017-10-09 18:30:00,0.37510638297872334,0.4869361002855451
2017-10-09 18:45:00,0.37510638297872334,0.4938176764160297
2017-10-09 19:00:00,0.37510638297872334,0.5015050040137428
2017-10-09 19:15:00,0.4536363636363636,0.5143956053561871
2017-10-09 19:30:00,0.37510638297872334,0.5143426368063595
2017-10-09 19:45:00,0.37510638297872334,0.5128638706536093
2017-10-09 20:00:00,0.37034816247582203,0.5124212233924003
2017-10-09 20:15:00,0.4536363636363636,0.5176952949385859
2017-10-09 20:30:00,0.4536363636363636,0.5228566166729905
2017-10-09 20:45:00,0.36558994197292066,0.5313091070086752
2017-10-09 21:00:00,0.36558994197292066,0.5370890498648564
2017-10-09 21:15:00,0.3640038684719536,0.5407636741079159
2017-10-09 21:30:00,0.3608317214700193,0.5455971088046792
2017-10-09 21:45:00,0.4536363636363636,0.5507401446675496
2017-10-09 22:00:00,0.356073500967118,0.5545730455370396
2017-10-09 22:15:00,0.35448742746615086,0.5555329561675014
2017-10-09 22:30:00,0.35290135396518374,0.5598541623956977
2017-10-09 22:45:00,0.35290135396518374,0.5616809885704315
2017-10-09 23:00:00,0.35290135396518374,0.5684525890266166
2017-10-09 23:15:00,0.35290135396518374,0.5673299558594972
2017-10-09 23:30:00,0.35290135396518374,0.5743995929166181
2017-10-09 23:45:00,0.35290135396518374,0.5812698993348826
2017-10-10 00:00:00,0.35924564796905223,0.5857971690920443
2017-10-10 00:15:00,0.35924564796905223,0.5870863577155138
2017-10-10 00:30:00,0.35924564796905223,0.5859884452773393
2017-10-10 00:45:00,0.35924564796905223,0.5938145128622165
2017-10-10 01:00:00,0.35924564796905223,0.6019099494825917
2017-10-10 01:15:00,0.35924564796905223,0.604549873277954
2017-10-10 01:30:00,0.35924564796905223,0.6053106896039979
2017-10-10 01:45:00,0.35924564796905223,0.6025517951904059
2017-10-10 02:00:00,0.35924564796905223,0.6031033713898282
2017-10-10 02:15:00,0.35924564796905223,0.6025283818607314
2017-10-10 02:30:00,0.35924564796905223,0.6003338802026246
2017-10-10 02:45:00,0.35924564796905223,0.5956895023816048
2017-10-10 03:00:00,0.35924564796905223,0.5893595539952502
2017-10-10 03:15:00,0.35924564796905223,0.5865661267680424
2017-10-10 03:30:00,0.35924564796905223,0.5788568683452352
2017-10-10 03:45:00,0.35924564796905223,0.5765544426397318
2017-10-10 04:00:00,0.35924564796905223,0.5727950813303744
2017-10-10 04:15:00,0.35924564796905223,0.5705951732008823
2017-10-10 04:30:00,0.35924564796905223,0.5668458944727864
2017-10-10 04:45:00,0.3640038684719536,0.5609754489586798
2017-10-10 05:00:00,0.3640038684719536,0.5516716871498646
2017-10-10 05:15:00,0.3640038684719536,0.5363534743358954
2017-10-10 05:30:00,0.4536363636363636,0.5253352923328639
2017-10-10 05:45:00,0.3640038684719536,0.5070783033103192
2017-10-10 06:00:00,0.3640038684719536,0.5128118675433624
2017-10-10 06:15:00,0.3640038684719536,0.5105271458436192
2017-10-10 06:30:00,0.3640038684719536,0.488576416462365
2017-10-10 06:45:00,0.3640038684719536,0.4830961498505633
2017-10-10 07:00:00,0.3640038684719536,0.4841350503850322
2017-10-10 07:15:00,0.3640038684719536,0.4854299338941075
2017-10-10 07:30:00,0.3640038684719536,0.4792351138880064
2017-10-10 07:45:00,0.3608317214700193,0.47243474938522034
2017-10-10 08:00:00,0.3481431334622824,0.46555440133625786
2017-10-10 08:15:00,0.3386266924564797,0.44765260759652825
2017-10-10 08:30:00,0.9988888888888889,0.4151322376838674
2017-10-10 08:45:00,0.9988888888888889,0.3729915944113178
2017-10-10 09:00:00,0.9988888888888889,0.3264265737348577
2017-10-10 09:15:00,0.9988888888888889,0.3075793336618409
2017-10-10 09:30:00,0.9988888888888889,0.2675727259947841
2017-10-10 09:45:00,0.9988888888888889,0.23586992067112966
2017-10-10 10:00:00,0.9988888888888889,0.21897192814126165
2017-10-10 10:15:00,0.9988888888888889,0.2011055203890748
2017-10-10 10:30:00,0.9988888888888889,0.17199240049413292
2017-10-10 10:45:00,0.9988888888888889,0.17327395506575585
2017-10-10 11:00:00,0.9988888888888889,0.1751717077975148
2017-10-10 11:15:00,0.9988888888888889,0.17118980520411353
2017-10-10 11:30:00,0.041,0.1673917180225111
2017-10-10 11:45:00,0.041,0.16682601622155394
2017-10-10 12:00:00,0.041,0.16785867088849227
2017-10-10 12:15:00,0.9988888888888889,0.16897674354939377
2017-10-10 12:30:00,0.9988888888888889,0.16919169563238728
2017-10-10 12:45:00,0.9988888888888889,0.1701908681801672
2017-10-10 13:00:00,0.9988888888888889,0.17677154753033994
2017-10-10 13:15:00,0.9988888888888889,0.17557794922401782
2017-10-10 13:30:00,0.041,0.17271720536916446
2017-10-10 13:45:00,0.9988888888888889,0.17378654630668489
2017-10-10 14:00:00,0.041,0.17030560991574203
2017-10-10 14:15:00,0.9988888888888889,0.1910046430264395
2017-10-10 14:30:00,0.9988888888888889,0.2154508383404354
2017-10-10 14:45:00,0.9988888888888889,0.24738811245663317
2017-10-10 15:00:00,0.9988888888888889,0.28297054337237587
2017-10-10 15:15:00,0.9988888888888889,0.31398853176106795
2017-10-10 15:30:00,0.9988888888888889,0.33342730959569206
2017-10-10 15:45:00,0.9988888888888889,0.3680293751183463
2017-10-10 16:00:00,0.9988888888888889,0.4031401198774857
2017-10-10 16:15:00,0.9988888888888889,0.4418664356603914
2017-10-10 16:30:00,0.343384912959381,0.45489734975671337
2017-10-10 16:45:00,0.35290135396518374,0.4650108573783903
2017-10-10 17:00:00,0.3624177949709865,0.47769370269676653
2017-10-10 17:15:00,0.3624177949709865,0.4835488952824719
2017-10-10 17:30:00,0.3640038684719536,0.482770626033415
2017-10-10 17:45:00,0.3640038684719536,0.473910124497547
2017-10-10 18:00:00,0.3640038684719536,0.4639863267491198
2017-10-10 18:15:00,0.3640038684719536,0.46867771545103265
2017-10-10 18:30:00,0.3640038684719536,0.45410279558174066
2017-10-10 18:45:00,0.3640038684719536,0.46275695231631064
2017-10-10 19:00:00,0.3640038684719536,0.4634469682981745
2017-10-10 19:15:00,0.3640038684719536,0.4800272633740324
2017-10-10 19:30:00,0.3640038684719536,0.5032272240621096
2017-10-10 19:45:00,0.3640038684719536,0.5008345633031082
2017-10-10 20:00:00,0.3640038684719536,0.494099793576493
2017-10-10 20:15:00,0.3640038684719536,0.4969139287049658
2017-10-10 20:30:00,0.3624177949709865,0.5029021007991993
2017-10-10 20:45:00,0.3576595744680851,0.5080581150858858
2017-10-10 21:00:00,0.356073500967118,0.5095021638834308
2017-10-10 21:15:00,0.35290135396518374,0.5176348519439586
2017-10-10 21:30:00,0.3513152804642166,0.5259283827088218
2017-10-10 21:45:00,0.3513152804642166,0.5376972560171762
2017-10-10 22:00:00,0.3513152804642166,0.547356786590155
2017-10-10 22:15:00,0.3513152804642166,0.5529443528546314
2017-10-10 22:30:00,0.3513152804642166,0.554319654850204
2017-10-10 22:45:00,0.3513152804642166,0.5507502605131219
2017-10-10 23:00:00,0.3513152804642166,0.5582958685307663
2017-10-10 23:15:00,0.3513152804642166,0.5691852431529989
2017-10-10 23:30:00,0.3513152804642166,0.5722811762690955
2017-10-10 23:45:00,0.3513152804642166,0.5759023987981297
2017-10-11 00:00:00,0.35448742746615086,0.5862134305421214
2017-10-11 00:15:00,0.35448742746615086,0.5903635572651905
2017-10-11 00:30:00,0.35448742746615086,0.6005391069922656
2017-10-11 00:45:00,0.35448742746615086,0.6075859801043753
2017-10-11 01:00:00,0.35448742746615086,0.6142545306311816
2017-10-11 01:15:00,0.35448742746615086,0.6068559424246672
2017-10-11 01:30:00,0.35448742746615086,0.6123725025550244
2017-10-11 01:45:00,0.35448742746615086,0.6117788847201779
2017-10-11 02:00:00,0.35448742746615086,0.6161387470096543
2017-10-11 02:15:00,0.35448742746615086,0.6148302822995588
2017-10-11 02:30:00,0.35448742746615086,0.6104466130108461
2017-10-11 02:45:00,0.35448742746615086,0.6104013547660266
2017-10-11 03:00:00,0.35448742746615086,0.61037260407732
2017-10-11 03:15:00,0.35448742746615086,0.6053973256214454
2017-10-11 03:30:00,0.35448742746615086,0.5925181086231139
2017-10-11 03:45:00,0.35448742746615086,0.5836556215374689
2017-10-11 04:00:00,0.35448742746615086,0.5647672348971391
2017-10-11 04:15:00,0.35448742746615086,0.5583416234769836
2017-10-11 04:30:00,0.35448742746615086,0.5523459514609659
2017-10-11 04:45:00,0.35448742746615086,0.5441665611046399
2017-10-11 05:00:00,0.35448742746615086,0.5330247821957514
2017-10-11 05:15:00,0.35448742746615086,0.5149570383029908
2017-10-11 05:30:00,0.35448742746615086,0.49864544871015315
2017-10-11 05:45:00,0.35448742746615086,0.48317337362732343
2017-10-11 06:00:00,0.35448742746615086,0.4703846325948333
2017-10-11 06:15:00,0.35448742746615086,0.4651911855148336
2017-10-11 06:30:00,0.35448742746615086,0.46348941106013103
2017-10-11 06:45:00,0.35448742746615086,0.4625921528009587
2017-10-11 07:00:00,0.35448742746615086,0.45538697962812946
2017-10-11 07:15:00,0.35448742746615086,0.45234215333188543
2017-10-11 07:30:00,0.3481431334622824,0.4479024190113568
2017-10-11 07:45:00,0.3449709864603482,0.4361142830955111
2017-10-11 08:00:00,0.33545454545454545,0.4267960845143657
2017-10-11 08:15:00,0.9988888888888889,0.41628072311507186
2017-10-11 08:30:00,0.9988888888888889,0.39541305484104156
2017-10-11 08:45:00,0.9988888888888889,0.3777597137062834
2017-10-11 09:00:00,0.9988888888888889,0.3578426380788841
2017-10-11 09:15:00,0.9988888888888889,0.3482959731954992
2017-10-11 09:30:00,0.9988888888888889,0.34731476345396917
2017-10-11 09:45:00,0.9988888888888889,0.34786750942902894
2017-10-11 10:00:00,0.9988888888888889,0.3484392197435093
2017-10-11 10:15:00,0.9988888888888889,0.3483354696262209
2017-10-11 10:30:00,0.9988888888888889,0.33982793571518133
2017-10-11 10:45:00,0.9988888888888889,0.338638790417025
2017-10-11 11:00:00,0.9988888888888889,0.34071953252023685
2017-10-11 11:15:00,0.9988888888888889,0.3435182174459242
2017-10-11 11:30:00,0.9988888888888889,0.3417643692579892
2017-10-11 11:45:00,0.9988888888888889,0.341386536341359
2017-10-11 12:00:00,0.9988888888888889,0.33852820653197896
2017-10-11 12:15:00,0.9988888888888889,0.33909505784109994
2017-10-11 12:30:00,0.9988888888888889,0.3415944810502984
2017-10-11 12:45:00,0.9988888888888889,0.3444010815878446
2017-10-11 13:00:00,0.9988888888888889,0.33453625715190377
2017-10-11 13:15:00,0.9988888888888889,0.33655620505108425
2017-10-11 13:30:00,0.9988888888888889,0.34401972430949906
2017-10-11 13:45:00,0.9988888888888889,0.3559215506536969
2017-10-11 14:00:00,0.9988888888888889,0.368357225352938
2017-10-11 14:15:00,0.9988888888888889,0.3853650906379589
2017-10-11 14:30:00,0.9988888888888889,0.3973461264789042
2017-10-11 14:45:00,0.9988888888888889,0.41136677395190685
2017-10-11 15:00:00,0.9988888888888889,0.4251172791362799
2017-10-11 15:15:00,0.33545454545454545,0.43734767106992994
2017-10-11 15:30:00,0.33704061895551257,0.4470557055445614
2017-10-11 15:45:00,0.3417988394584139,0.4526310021563652
2017-10-11 16:00:00,0.3497292069632495,0.4598662671074897
2017-10-11 16:15:00,0.37034816247582203,0.4669462866073192
2017-10-11 16:30:00,0.37034816247582203,0.47491220108997745
2017-10-11 16:45:00,0.37034816247582203,0.4849794611423223
2017-10-11 17:00:00,0.37034816247582203,0.4849759062446922
2017-10-11 17:15:00,0.37034816247582203,0.4758324166204038
2017-10-11 17:30:00,0.37034816247582203,0.4588648492864404
2017-10-11 17:45:00,0.4536363636363636,0.4667230581107616
2017-10-11 18:00:00,0.37034816247582203,0.4581759694257511
2017-10-11 18:15:00,0.37034816247582203,0.4581435114416843
2017-10-11 18:30:00,0.37034816247582203,0.4640758788314563
2017-10-11 18:45:00,0.37034816247582203,0.45969212655308084
2017-10-11 19:00:00,0.37034816247582203,0.4690167447047344
2017-10-11 19:15:00,0.3687620889748549,0.4734566002639364
2017-10-11 19:30:00,0.3687620889748549,0.47172264769756367
2017-10-11 19:45:00,0.3687620889748549,0.4712088588871377
2017-10-11 20:00:00,0.3687620889748549,0.4793841671943334
2017-10-11 20:15:00,0.3417988394584139,0.4745103982247142
2017-10-11 20:30:00,0.3402127659574468,0.4778687923804975
2017-10-11 20:45:00,0.3402127659574468,0.4801289391549515
2017-10-11 21:00:00,0.33545454545454545,0.48485035388478825
2017-10-11 21:15:00,0.33545454545454545,0.4869996374070095
2017-10-11 21:30:00,0.9988888888888889,0.4891903775905855
2017-10-11 21:45:00,0.9988888888888889,0.48396272820261443
2017-10-11 22:00:00,0.9988888888888889,0.4906118288760801
2017-10-11 22:15:00,0.9988888888888889,0.5038695052221106
2017-10-11 22:30:00,0.9988888888888889,0.5112174095579102
2017-10-11 22:45:00,0.9988888888888889,0.5167480318782426
2017-10-11 23:00:00,0.9988888888888889,0.5252512664886954
2017-10-11 23:15:00,0.9988888888888889,0.5013066337412436
2017-10-11 23:30:00,0.9988888888888889,0.4968023502939025
2017-10-11 23:45:00,0.9988888888888889,0.5013472532208285
2017-10-12 00:00:00,0.9988888888888889,0.5300679915296731
2017-10-12 00:15:00,0.9988888888888889,0.5359882401749376
2017-10-12 00:30:00,0.9988888888888889,0.5399382359225372
2017-10-12 00:45:00,0.9988888888888889,0.5463438286725754
2017-10-12 01:00:00,0.9988888888888889,0.542072990950308
2017-10-12 01:15:00,0.9988888888888889,0.553177151995764
2017-10-12 01:30:00,0.9988888888888889,0.5543455873216893
2017-10-12 01:45:00,0.9988888888888889,0.541499592045086
2017-10-12 02:00:00,0.9988888888888889,0.5388676356292263
2017-10-12 02:15:00,0.9988888888888889,0.5376395188586677
2017-10-12 02:30:00,0.9988888888888889,0.5406196747165553
2017-10-12 02:45:00,0.9988888888888889,0.5452686798148104
2017-10-12 03:00:00,0.9988888888888889,0.5462770672479457
2017-10-12 03:15:00,0.9988888888888889,0.5395075180665532
2017-10-12 03:30:00,0.9988888888888889,0.5185713699689808
2017-10-12 03:45:00,0.9988888888888889,0.5314465026685203
2017-10-12 04:00:00,0.9988888888888889,0.5390456603981216
2017-10-12 04:15:00,0.33704061895551257,0.5470856789756866
2017-10-12 04:30:00,0.343384912959381,0.5500483759183948
2017-10-12 04:45:00,0.35924564796905223,0.5524838430286422
2017-10-12 05:00:00,0.4536363636363636,0.5463530320278728
2017-10-12 05:15:00,0.4536363636363636,0.5421864363222685
2017-10-12 05:30:00,0.4536363636363636,0.5381304806622905
2017-10-12 05:45:00,0.36717601547388784,0.5063221803185525
2017-10-12 06:00:00,0.36717601547388784,0.48886301652065983
2017-10-12 06:15:00,0.36717601547388784,0.4845234523001546
2017-10-12 06:30:00,0.36717601547388784,0.48215487564085774
2017-10-12 06:45:00,0.36717601547388784,0.4787215341241057
2017-10-12 07:00:00,0.36717601547388784,0.47296332862746265
2017-10-12 07:15:00,0.36717601547388784,0.46383650861324693
2017-10-12 07:30:00,0.36717601547388784,0.4661828763902406
2017-10-12 07:45:00,0.36717601547388784,0.4623029138879493
2017-10-12 08:00:00,0.36717601547388784,0.4526633584170127
2017-10-12 08:15:00,0.3640038684719536,0.44341375249784654
2017-10-12 08:30:00,0.3640038684719536,0.43478876216077145
2017-10-12 08:45:00,0.3417988394584139,0.42780916926338275
2017-10-12 09:00:00,0.33704061895551257,0.4203093112648908
2017-10-12 09:15:00,0.9988888888888889,0.4144270143485652
2017-10-12 09:30:00,0.9988888888888889,0.4041788444333977
2017-10-12 09:45:00,0.9988888888888889,0.3952083690283834
2017-10-12 10:00:00,0.9988888888888889,0.39050987345221544
2017-10-12 10:15:00,0.9988888888888889,0.3821842068287442
2017-10-12 10:30:00,0.9988888888888889,0.37746773909836717
2017-10-12 10:45:00,0.9988888888888889,0.3719596021446091
2017-10-12 11:00:00,0.9988888888888889,0.37667354708410605
2017-10-12 11:15:00,0.9988888888888889,0.3722320731625011
2017-10-12 11:30:00,0.9988888888888889,0.3744562563717751
2017-10-12 11:45:00,0.9988888888888889,0.37750080765881283
2017-10-12 12:00:00,0.9988888888888889,0.37916522398490987
2017-10-12 12:15:00,0.9988888888888889,0.38069210729524977
2017-10-12 12:30:00,0.9988888888888889,0.38216988102374627
2017-10-12 12:45:00,0.9988888888888889,0.38834529334608386
2017-10-12 13:00:00,0.9988888888888889,0.39312199532605147
2017-10-12 13:15:00,0.9988888888888889,0.3989571458645608
2017-10-12 13:30:00,0.9988888888888889,0.3954636134052729
2017-10-12 13:45:00,0.9988888888888889,0.40831205921452046
2017-10-12 14:00:00,0.9988888888888889,0.4062124082115682
2017-10-12 14:15:00,0.9988888888888889,0.41296279584172263
2017-10-12 14:30:00,0.9988888888888889,0.4326755664052287
2017-10-12 14:45:00,0.9988888888888889,0.44118809320274743
2017-10-12 15:00:00,0.343384912959381,0.4517914275772883
2017-10-12 15:15:00,0.4536363636363636,0.46334027982563725
2017-10-12 15:30:00,0.35448742746615086,0.4746634948177786
2017-10-12 15:45:00,0.3608317214700193,0.4860602841485892
2017-10-12 16:00:00,0.4536363636363636,0.4974487793280218
2017-10-12 16:15:00,0.4536363636363636,0.5005118780374501
2017-10-12 16:30:00,0.37510638297872334,0.5050110259319863
2017-10-12 16:45:00,0.37986460348162476,0.5083704775183093
2017-10-12 17:00:00,0.38303675048355895,0.5127299251404788
2017-10-12 17:15:00,0.4536363636363636,0.5134986715523061
2017-10-12 17:30:00,0.4536363636363636,0.49741923230792173
2017-10-12 17:45:00,0.3877949709864604,0.498023632370994
2017-10-12 18:00:00,0.3877949709864604,0.4997481890045624
2017-10-12 18:15:00,0.3877949709864604,0.5004920059600605
2017-10-12 18:30:00,0.3877949709864604,0.5067999152083884
2017-10-12 18:45:00,0.3877949709864604,0.5014992345602467
2017-10-12 19:00:00,0.3877949709864604,0.5073294520863981
2017-10-12 19:15:00,0.3877949709864604,0.5135902015309728
2017-10-12 19:30:00,0.3877949709864604,0.5166536737677158
2017-10-12 19:45:00,0.3877949709864604,0.533507495298384
2017-10-12 20:00:00,0.3877949709864604,0.5436305798744068
2017-10-12 20:15:00,0.3877949709864604,0.5492125431766417
2017-10-12 20:30:00,0.3877949709864604,0.5473485253360714
2017-10-12 20:45:00,0.36558994197292066,0.5444446408267559
2017-10-12 21:00:00,0.3640038684719536,0.5421998642410695
2017-10-12 21:15:00,0.3640038684719536,0.5421123480526262
2017-10-12 21:30:00,0.4536363636363636,0.5450525889484191
2017-10-12 21:45:00,0.3576595744680851,0.5557879613761086
2017-10-12 22:00:00,0.3513152804642166,0.56636777041573
2017-10-12 22:15:00,0.3513152804642166,0.5622175726812302
2017-10-12 22:30:00,0.3513152804642166,0.5586258642400236
2017-10-12 22:45:00,0.3513152804642166,0.5600094743824978
2017-10-12 23:00:00,0.3513152804642166,0.5616332700391962
2017-10-12 23:15:00,0.3513152804642166,0.560675983568493
2017-10-12 23:30:00,0.3513152804642166,0.5595824782566036
2017-10-12 23:45:00,0.3513152804642166,0.5639508705149058
2017-10-13 00:00:00,0.35290135396518374,0.5765838433933868
2017-10-13 00:15:00,0.35290135396518374,0.5680215405024617
2017-10-13 00:30:00,0.35290135396518374,0.5821943818897949
2017-10-13 00:45:00,0.35290135396518374,0.5945039651414586
2017-10-13 01:00:00,0.35290135396518374,0.5930487678346941
2017-10-13 01:15:00,0.35290135396518374,0.5948622804532793
2017-10-13 01:30:00,0.35290135396518374,0.6023464778103628
2017-10-13 01:45:00,0.35290135396518374,0.5996070196503147
2017-10-13 02:00:00,0.35290135396518374,0.5973090077636298
2017-10-13 02:15:00,0.35290135396518374,0.5989852562356263
2017-10-13 02:30:00,0.35290135396518374,0.5972836020297784
2017-10-13 02:45:00,0.35290135396518374,0.5912350382446857
2017-10-13 03:00:00,0.35290135396518374,0.5831425106058598
2017-10-13 03:15:00,0.35290135396518374,0.5746858931915229
2017-10-13 03:30:00,0.35290135396518374,0.5686132605290122
2017-10-13 03:45:00,0.35290135396518374,0.565491488113181
2017-10-13 04:00:00,0.35290135396518374,0.5558985809016497
2017-10-13 04:15:00,0.35290135396518374,0.5520400468218429
2017-10-13 04:30:00,0.35290135396518374,0.5502166310424365
2017-10-13 04:45:00,0.35448742746615086,0.5452702234785941
2017-10-13 05:00:00,0.35448742746615086,0.5268684935122105
2017-10-13 05:15:00,0.3576595744680851,0.5304231015348956
2017-10-13 05:30:00,0.3576595744680851,0.5217403417896406
2017-10-13 05:45:00,0.3576595744680851,0.4990131940744284
2017-10-13 06:00:00,0.3576595744680851,0.4891471688673656
2017-10-13 06:15:00,0.3576595744680851,0.4819709066557827
2017-10-13 06:30:00,0.3576595744680851,0.4768865867848654
2017-10-13 06:45:00,0.3576595744680851,0.47522406683745994
2017-10-13 07:00:00,0.3576595744680851,0.46969108709376
2017-10-13 07:15:00,0.3576595744680851,0.4656573300437394
2017-10-13 07:30:00,0.3576595744680851,0.47692497857976485
2017-10-13 07:45:00,0.3576595744680851,0.46720757904479304
2017-10-13 08:00:00,0.3576595744680851,0.4588743772747088
2017-10-13 08:15:00,0.343384912959381,0.455495571982464
2017-10-13 08:30:00,0.343384912959381,0.45018962540541146
2017-10-13 08:45:00,0.3386266924564797,0.4473069813129889
2017-10-13 09:00:00,0.9988888888888889,0.43648656175591816
2017-10-13 09:15:00,0.9988888888888889,0.4295483541738787
2017-10-13 09:30:00,0.9988888888888889,0.4232364711660852
2017-10-13 09:45:00,0.9988888888888889,0.4039805869768133
2017-10-13 10:00:00,0.9988888888888889,0.3859760493668934
2017-10-13 10:15:00,0.9988888888888889,0.37880789916290614
2017-10-13 10:30:00,0.9988888888888889,0.37500914556382897
2017-10-13 10:45:00,0.9988888888888889,0.3809250209357612
2017-10-13 11:00:00,0.9988888888888889,0.3860007443144671
2017-10-13 11:15:00,0.9988888888888889,0.39461880988892134
2017-10-13 11:30:00,0.9988888888888889,0.3873700989054606
2017-10-13 11:45:00,0.9988888888888889,0.38505320974428825
2017-10-13 12:00:00,0.9988888888888889,0.3841135099077064
2017-10-13 12:15:00,0.9988888888888889,0.3823105341385505
2017-10-13 12:30:00,0.9988888888888889,0.385672188217416
2017-10-13 12:45:00,0.9988888888888889,0.3841698078014796
2017-10-13 13:00:00,0.9988888888888889,0.37875965948095297
2017-10-13 13:15:00,0.9988888888888889,0.37852840628602735
2017-10-13 13:30:00,0.9988888888888889,0.38765953309504975
2017-10-13 13:45:00,0.9988888888888889,0.38636258306063626
2017-10-13 14:00:00,0.9988888888888889,0.38896449575853537
2017-10-13 14:15:00,0.9988888888888889,0.39888043710152826
2017-10-13 14:30:00,0.9988888888888889,0.41956587065788276
2017-10-13 14:45:00,0.9988888888888889,0.44378231861535133
2017-10-13 15:00:00,0.9988888888888889,0.4638803251814254
2017-10-13 15:15:00,0.3417988394584139,0.47605928198924613
2017-10-13 15:30:00,0.3481431334622824,0.4875861125325496
2017-10-13 15:45:00,0.356073500967118,0.49889141511608665
2017-10-13 16:00:00,0.3624177949709865,0.5105157845317171
2017-10-13 16:15:00,0.3640038684719536,0.5232612622086762
2017-10-13 16:30:00,0.3766924564796905,0.5274728987179166
2017-10-13 16:45:00,0.3925531914893617,0.5345398327795391
2017-10-13 17:00:00,0.3941392649903288,0.5423726550179353
2017-10-13 17:15:00,0.3941392649903288,0.5321698666149438
2017-10-13 17:30:00,0.3941392649903288,0.5251199683990216
2017-10-13 17:45:00,0.3941392649903288,0.5150050027325006
2017-10-13 18:00:00,0.3941392649903288,0.5195571703395797
2017-10-13 18:15:00,0.3941392649903288,0.5136771070555228
2017-10-13 18:30:00,0.3941392649903288,0.5154041488452017
2017-10-13 18:45:00,0.3941392649903288,0.5325827183915791
2017-10-13 19:00:00,0.3941392649903288,0.5297760866248437
2017-10-13 19:15:00,0.3941392649903288,0.5381186091575852
2017-10-13 19:30:00,0.3941392649903288,0.5532214193111322
2017-10-13 19:45:00,0.3941392649903288,0.5562218286287678
2017-10-13 20:00:00,0.38303675048355895,0.561405715074027
2017-10-13 20:15:00,0.3766924564796905,0.5629443493328132
2017-10-13 20:30:00,0.37034816247582203,0.563759246557245
2017-10-13 20:45:00,0.3624177949709865,0.567220880954829
2017-10-13 21:00:00,0.3608317214700193,0.562126174489029
2017-10-13 21:15:00,0.3608317214700193,0.5600545775574343
2017-10-13 21:30:00,0.3576595744680851,0.5627427598537973
2017-10-13 21:45:00,0.35290135396518374,0.5674822493976155
2017-10-13 22:00:00,0.35290135396518374,0.5652003060938927
2017-10-13 22:15:00,0.34655705996131525,0.5704163977636352
2017-10-13 22:30:00,0.3449709864603482,0.5702878040460507
2017-10-13 22:45:00,0.3449709864603482,0.5659418268055227
2017-10-13 23:00:00,0.3402127659574468,0.5708798569584724
2017-10-13 23:15:00,0.3386266924564797,0.5709111258637242
2017-10-13 23:30:00,0.9988888888888889,0.5729671874922623
2017-10-13 23:45:00,0.9988888888888889,0.58042914999984
2017-10-14 00:00:00,0.9988888888888889,0.5832020332959604
2017-10-14 00:15:00,0.9988888888888889,0.5936538873650838
2017-10-14 00:30:00,0.9988888888888889,0.597975694980561
2017-10-14 00:45:00,0.9988888888888889,0.605902955988918
2017-10-14 01:00:00,0.9988888888888889,0.6102386349484957
2017-10-14 01:15:00,0.9988888888888889,0.6172384209919661
2017-10-14 01:30:00,0.9988888888888889,0.6183861376589991
2017-10-14 01:45:00,0.9988888888888889,0.6216585978996854
2017-10-14 02:00:00,0.9988888888888889,0.6215085418102407
2017-10-14 02:15:00,0.9988888888888889,0.6232253458540785
2017-10-14 02:30:00,0.9988888888888889,0.6222065968415991
2017-10-14 02:45:00,0.9988888888888889,0.6212334114040214
2017-10-14 03:00:00,0.9988888888888889,0.6193920608074581
2017-10-14 03:15:00,0.9988888888888889,0.6207813278792464
2017-10-14 03:30:00,0.9988888888888889,0.6196579671199491
2017-10-14 03:45:00,0.9988888888888889,0.6176650292145083
2017-10-14 04:00:00,0.9988888888888889,0.6115540382340487
2017-10-14 04:15:00,0.9988888888888889,0.6105754640878572
2017-10-14 04:30:00,0.9988888888888889,0.6077298175035374
2017-10-14 04:45:00,0.33545454545454545,0.6043455690617684
2017-10-14 05:00:00,0.33704061895551257,0.5961482599938709
2017-10-14 05:15:00,0.33704061895551257,0.5889255554617553
2017-10-14 05:30:00,0.33704061895551257,0.5801842114838214
2017-10-14 05:45:00,0.33704061895551257,0.5680892241305124
2017-10-14 06:00:00,0.33704061895551257,0.557246813738389
2017-10-14 06:15:00,0.33704061895551257,0.5546444414995415
2017-10-14 06:30:00,0.33704061895551257,0.5543892282952608
2017-10-14 06:45:00,0.33704061895551257,0.5441711562672122
2017-10-14 07:00:00,0.33704061895551257,0.5292406341578907
2017-10-14 07:15:00,0.33704061895551257,0.524101259835336
2017-10-14 07:30:00,0.33704061895551257,0.5185576471024054
2017-10-14 07:45:00,0.33704061895551257,0.516562587779299
2017-10-14 08:00:00,0.33704061895551257,0.514592316072657
2017-10-14 08:15:00,0.33704061895551257,0.51221083078296
2017-10-14 08:30:00,0.9988888888888889,0.4997037691636758
2017-10-14 08:45:00,0.9988888888888889,0.4735236619609724
2017-10-14 09:00:00,0.9988888888888889,0.44820516938984445
2017-10-14 09:15:00,0.9988888888888889,0.43004713604900124
2017-10-14 09:30:00,0.9988888888888889,0.4034897184758612
2017-10-14 09:45:00,0.9988888888888889,0.37876690001784363
2017-10-14 10:00:00,0.9988888888888889,0.34948085573476856
2017-10-14 10:15:00,0.9988888888888889,0.3247682183574338
2017-10-14 10:30:00,0.9988888888888889,0.29563088665642306
2017-10-14 10:45:00,0.9988888888888889,0.2696468107840477
2017-10-14 11:00:00,0.9988888888888889,0.2727249183384274
2017-10-14 11:15:00,0.9988888888888889,0.27276136218588753
2017-10-14 11:30:00,0.9988888888888889,0.27409950452817783
2017-10-14 11:45:00,0.9988888888888889,0.27460887082053115
2017-10-14 12:00:00,0.9988888888888889,0.2707884306591234
2017-10-14 12:15:00,0.9988888888888889,0.2708685132936236
2017-10-14 12:30:00,0.9988888888888889,0.2712555862373791
2017-10-14 12:45:00,0.9988888888888889,0.2738237444492484
2017-10-14 13:00:00,0.9988888888888889,0.2800642213170742
2017-10-14 13:15:00,0.9988888888888889,0.2763768616938732
2017-10-14 13:30:00,0.9988888888888889,0.2832080998869692
2017-10-14 13:45:00,0.9988888888888889,0.2855796259864711
2017-10-14 14:00:00,0.9988888888888889,0.2941074924910081
2017-10-14 14:15:00,0.9988888888888889,0.316131746290013
2017-10-14 14:30:00,0.9988888888888889,0.35103312993877156
2017-10-14 14:45:00,0.9988888888888889,0.3819447264828992
2017-10-14 15:00:00,0.9988888888888889,0.426137953017228
2017-10-14 15:15:00,0.9988888888888889,0.44731021058469905
2017-10-14 15:30:00,0.9988888888888889,0.47774129548149036
2017-10-14 15:45:00,0.9988888888888889,0.5096471243170746
2017-10-14 16:00:00,0.9988888888888889,0.5434329013835238
2017-10-14 16:15:00,0.3386266924564797,0.5563871210631448
2017-10-14 16:30:00,0.34655705996131525,0.560477045571781
2017-10-14 16:45:00,0.3624177949709865,0.5666292294067408
2017-10-14 17:00:00,0.3624177949709865,0.5724975079322439
2017-10-14 17:15:00,0.3624177949709865,0.5594855974384905
2017-10-14 17:30:00,0.3624177949709865,0.5448971662076888
2017-10-14 17:45:00,0.3624177949709865,0.5376976389600654
2017-10-14 18:00:00,0.3624177949709865,0.5366645949070293
2017-10-14 18:15:00,0.3624177949709865,0.5346852522969806
2017-10-14 18:30:00,0.3624177949709865,0.53052409433419
2017-10-14 18:45:00,0.3624177949709865,0.5364176198774094
2017-10-14 19:00:00,0.3624177949709865,0.549286492661838
2017-10-14 19:15:00,0.3624177949709865,0.5555778924400809
2017-10-14 19:30:00,0.3624177949709865,0.573425066406291
2017-10-14 19:45:00,0.35924564796905223,0.5796750518383607
2017-10-14 20:00:00,0.3576595744680851,0.588001353935463
2017-10-14 20:15:00,0.3576595744680851,0.5836992274359077
2017-10-14 20:30:00,0.3576595744680851,0.5817247437755114
2017-10-14 20:45:00,0.35448742746615086,0.5848132983955048
2017-10-14 21:00:00,0.35290135396518374,0.5872114262868067
2017-10-14 21:15:00,0.3513152804642166,0.5920892736032012
2017-10-14 21:30:00,0.3481431334622824,0.5963952144136735
2017-10-14 21:45:00,0.343384912959381,0.6066485654345525
2017-10-14 22:00:00,0.3386266924564797,0.6178685711487854
2017-10-14 22:15:00,0.33704061895551257,0.6254171310928826
2017-10-14 22:30:00,0.33704061895551257,0.6349836429661878
2017-10-14 22:45:00,0.33704061895551257,0.628627757864144
2017-10-14 23:00:00,0.9988888888888889,0.6379373588777919
2017-10-14 23:15:00,0.9988888888888889,0.6358440852415196
2017-10-14 23:30:00,0.9988888888888889,0.6342855329643422
2017-10-14 23:45:00,0.9988888888888889,0.6292857730402509
2017-10-15 00:00:00,0.9988888888888889,0.6234515213226005
2017-10-15 00:15:00,0.9988888888888889,0.6203236864949044
2017-10-15 00:30:00,0.9988888888888889,0.6176492084761471
2017-10-15 00:45:00,0.9988888888888889,0.6145413472882224
2017-10-15 01:00:00,0.9988888888888889,0.6111803371567296
2017-10-15 01:15:00,0.9988888888888889,0.6087870033468381
2017-10-15 01:30:00,0.9988888888888889,0.6061373809334306
2017-10-15 01:45:00,0.9988888888888889,0.6047353227411846
2017-10-15 02:00:00,0.9988888888888889,0.6021658755395071
2017-10-15 02:15:00,0.9988888888888889,0.6022374777999328
2017-10-15 02:30:00,0.9988888888888889,0.6010432014268163
2017-10-15 02:45:00,0.9988888888888889,0.6011100051140441
2017-10-15 03:00:00,0.9988888888888889,0.6035819597446146
2017-10-15 03:15:00,0.9988888888888889,0.6044356905388091
2017-10-15 03:30:00,0.9988888888888889,0.6048037607589254
2017-10-15 03:45:00,0.9988888888888889,0.6053080973899088
2017-10-15 04:00:00,0.9988888888888889,0.6050998892382684
2017-10-15 04:15:00,0.9988888888888889,0.6092913532640143
2017-10-15 04:30:00,0.9988888888888889,0.611245831180037
2017-10-15 04:45:00,0.9988888888888889,0.6169033009003502
2017-10-15 05:00:00,0.9988888888888889,0.6227366591560435
2017-10-15 05:15:00,0.9988888888888889,0.6110991227199664
2017-10-15 05:30:00,0.9988888888888889,0.6017531811702084
2017-10-15 05:45:00,0.9988888888888889,0.5920943135407181
2017-10-15 06:00:00,0.9988888888888889,0.5872597758570814
2017-10-15 06:15:00,0.9988888888888889,0.574608057919927
2017-10-15 06:30:00,0.9988888888888889,0.5674903030109969
2017-10-15 06:45:00,0.9988888888888889,0.5582126043287522
2017-10-15 07:00:00,0.9988888888888889,0.5565316778861084
2017-10-15 07:15:00,0.9988888888888889,0.5304229025594155
2017-10-15 07:30:00,0.9988888888888889,0.4906265017135756
2017-10-15 07:45:00,0.9988888888888889,0.4564769705838999
2017-10-15 08:00:00,0.9988888888888889,0.43006613265794963
2017-10-15 08:15:00,0.9988888888888889,0.4039542823368868
2017-10-15 08:30:00,0.9988888888888889,0.36245696216053536
2017-10-15 08:45:00,0.9988888888888889,0.3152475274230692
2017-10-15 09:00:00,0.9988888888888889,0.2716239223108316
2017-10-15 09:15:00,0.9988888888888889,0.23642772129360937
2017-10-15 09:30:00,0.041,0.2193969011605463
2017-10-15 09:45:00,0.041,0.21939110520809796
2017-10-15 10:00:00,0.041,0.2196643170647376
2017-10-15 10:15:00,0.041,0.21680913923426182
2017-10-15 10:30:00,0.041,0.21047677114361305
2017-10-15 10:45:00,0.041,0.21122203451960825
2017-10-15 11:00:00,0.041,0.22136733952702006
2017-10-15 11:15:00,0.041,0.21510219819584347
2017-10-15 11:30:00,0.041,0.21698804739066557
2017-10-15 11:45:00,0.041,0.21820717467126624
2017-10-15 12:00:00,0.041,0.21980782641639413
2017-10-15 12:15:00,0.041,0.23081447294979768
2017-10-15 12:30:00,0.041,0.2306124591021189
2017-10-15 12:45:00,0.041,0.23331015957518525
2017-10-15 13:00:00,0.041,0.23317831138621045
2017-10-15 13:15:00,0.041,0.22705026378520535
2017-10-15 13:30:00,0.041,0.22611311005775936
2017-10-15 13:45:00,0.041,0.22983726026490814
2017-10-15 14:00:00,0.041,0.24194102709544865
2017-10-15 14:15:00,0.041,0.24146761877134995
2017-10-15 14:30:00,0.041,0.23612549709417704
2017-10-15 14:45:00,0.041,0.23618743541721368
2017-10-15 15:00:00,0.9988888888888889,0.26931930037101814
2017-10-15 15:15:00,0.9988888888888889,0.32209694794826726
2017-10-15 15:30:00,0.9988888888888889,0.37207992113587
2017-10-15 15:45:00,0.9988888888888889,0.4121420603145045
2017-10-15 16:00:00,0.9988888888888889,0.4707731704156528
2017-10-15 16:15:00,0.9988888888888889,0.5026109634164729
2017-10-15 16:30:00,0.9988888888888889,0.5387497807103984
2017-10-15 16:45:00,0.9988888888888889,0.5745174853455779
2017-10-15 17:00:00,0.3417988394584139,0.5858272544557063
2017-10-15 17:15:00,0.3513152804642166,0.5782846009050606
2017-10-15 17:30:00,0.35290135396518374,0.5602690172154815
2017-10-15 17:45:00,0.35448742746615086,0.5521689944383806
2017-10-15 18:00:00,0.35448742746615086,0.5297946647418446
2017-10-15 18:15:00,0.35448742746615086,0.5291924208042059
2017-10-15 18:30:00,0.35448742746615086,0.5282290638108454
2017-10-15 18:45:00,0.35448742746615086,0.5294134976827304
2017-10-15 19:00:00,0.35448742746615086,0.536505193950622
2017-10-15 19:15:00,0.35448742746615086,0.5527929079121986
2017-10-15 19:30:00,0.35448742746615086,0.5731232634993765
2017-10-15 19:45:00,0.35448742746615086,0.5768815614332697
2017-10-15 20:00:00,0.35448742746615086,0.5861894195484013
2017-10-15 20:15:00,0.35448742746615086,0.5876007080310895
2017-10-15 20:30:00,0.35448742746615086,0.5948355925665795
2017-10-15 20:45:00,0.3513152804642166,0.5880243916303554
2017-10-15 21:00:00,0.3513152804642166,0.5803920161204782
2017-10-15 21:15:00,0.3513152804642166,0.5808569552863961
2017-10-15 21:30:00,0.3513152804642166,0.5841614865884769
2017-10-15 21:45:00,0.343384912959381,0.5962844222833561
2017-10-15 22:00:00,0.3402127659574468,0.6074177300455544
2017-10-15 22:15:00,0.3402127659574468,0.6044048412620497
2017-10-15 22:30:00,0.3386266924564797,0.6056857646938038
2017-10-15 22:45:00,0.33704061895551257,0.6078331048751147
2017-10-15 23:00:00,0.9988888888888889,0.6124334900735108
2017-10-15 23:15:00,0.9988888888888889,0.6310971276084303
2017-10-15 23:30:00,0.9988888888888889,0.6291369935088381
2017-10-15 23:45:00,0.9988888888888889,0.629637319833307
2017-10-16 00:00:00,0.33545454545454545,0.6297336485654327
2017-10-16 00:15:00,0.33545454545454545,0.6322156589448923
2017-10-16 00:30:00,0.33545454545454545,0.6381106081043956
2017-10-16 00:45:00,0.33545454545454545,0.6653033468387473
2017-10-16 01:00:00,0.33545454545454545,0.6716930193271975
2017-10-16 01:15:00,0.33545454545454545,0.655349398996771
2017-10-16 01:30:00,0.33545454545454545,0.6555057155102832
2017-10-16 01:45:00,0.33545454545454545,0.6553932369758836
2017-10-16 02:00:00,0.33545454545454545,0.6518455678609005
2017-10-16 02:15:00,0.33545454545454545,0.6488570089088288
2017-10-16 02:30:00,0.33545454545454545,0.6456987123609003
2017-10-16 02:45:00,0.33545454545454545,0.6413116398247998
2017-10-16 03:00:00,0.33545454545454545,0.662277164942624
2017-10-16 03:15:00,0.33545454545454545,0.6595918987336656
2017-10-16 03:30:00,0.33545454545454545,0.6544279453423019
2017-10-16 03:45:00,0.33545454545454545,0.6456098771324127
2017-10-16 04:00:00,0.343384912959381,0.624300503987179
2017-10-16 04:15:00,0.34655705996131525,0.616508662407178
2017-10-16 04:30:00,0.4536363636363636,0.6090624009518899
2017-10-16 04:45:00,0.356073500967118,0.5990860931916498
2017-10-16 05:00:00,0.36717601547388784,0.5829175793899808
2017-10-16 05:15:00,0.4536363636363636,0.5726679300131964
2017-10-16 05:30:00,0.37193423597678915,0.5546508968577151
2017-10-16 05:45:00,0.37193423597678915,0.5366970930252686
2017-10-16 06:00:00,0.37193423597678915,0.5216446885115986
2017-10-16 06:15:00,0.37193423597678915,0.5149983326715404
2017-10-16 06:30:00,0.4536363636363636,0.524694582493521
2017-10-16 06:45:00,0.37193423597678915,0.5077814511424513
2017-10-16 07:00:00,0.37193423597678915,0.5150861147813841
2017-10-16 07:15:00,0.37193423597678915,0.5061999804292125
2017-10-16 07:30:00,0.37193423597678915,0.5239714641631944
2017-10-16 07:45:00,0.37193423597678915,0.5158970396912825
2017-10-16 08:00:00,0.4536363636363636,0.507959995790125
2017-10-16 08:15:00,0.36717601547388784,0.49629118175643905
2017-10-16 08:30:00,0.3608317214700193,0.4846747394778708
2017-10-16 08:45:00,0.4536363636363636,0.4731697938114798
2017-10-16 09:00:00,0.34655705996131525,0.4625112320689958
2017-10-16 09:15:00,0.343384912959381,0.4617522742283468
2017-10-16 09:30:00,0.343384912959381,0.4554959472542314
2017-10-16 09:45:00,0.343384912959381,0.45257466387837064
2017-10-16 10:00:00,0.3402127659574468,0.4508436420872162
2017-10-16 10:15:00,0.33704061895551257,0.4437008864727272
2017-10-16 10:30:00,0.9988888888888889,0.4382628443474786
2017-10-16 10:45:00,0.9988888888888889,0.43736388431432327
2017-10-16 11:00:00,0.9988888888888889,0.4388563378549567
2017-10-16 11:15:00,0.9988888888888889,0.440379778182557
2017-10-16 11:30:00,0.9988888888888889,0.4397414771322061
2017-10-16 11:45:00,0.9988888888888889,0.4400420832467102
2017-10-16 12:00:00,0.9988888888888889,0.43999645087115924
2017-10-16 12:15:00,0.9988888888888889,0.43232170761539046
2017-10-16 12:30:00,0.9988888888888889,0.43230885951279346
2017-10-16 12:45:00,0.9988888888888889,0.43826906604141785
2017-10-16 13:00:00,0.9988888888888889,0.4434631659254045
2017-10-16 13:15:00,0.9988888888888889,0.45079265127997803
2017-10-16 13:30:00,0.9988888888888889,0.4553585864733786
2017-10-16 13:45:00,0.9988888888888889,0.4515382133352656
2017-10-16 14:00:00,0.9988888888888889,0.45903508072308524
2017-10-16 14:15:00,0.9988888888888889,0.4590108888082434
2017-10-16 14:30:00,0.9988888888888889,0.4638953416116702
2017-10-16 14:45:00,0.33545454545454545,0.4722727958090394
2017-10-16 15:00:00,0.3417988394584139,0.4842068880409318
2017-10-16 15:15:00,0.3417988394584139,0.488946454304865
2017-10-16 15:30:00,0.3449709864603482,0.49217364507306477
2017-10-16 15:45:00,0.3497292069632495,0.4937555630691274
2017-10-16 16:00:00,0.3513152804642166,0.4977166422039294
2017-10-16 16:15:00,0.35448742746615086,0.5056244149003812
2017-10-16 16:30:00,0.3624177949709865,0.5089130940346203
2017-10-16 16:45:00,0.3687620889748549,0.5143248103316163
2017-10-16 17:00:00,0.37510638297872334,0.5208506657873991
2017-10-16 17:15:00,0.3766924564796905,0.5151381944808191
2017-10-16 17:30:00,0.3766924564796905,0.5013138994516726
2017-10-16 17:45:00,0.3766924564796905,0.4957045398760881
2017-10-16 18:00:00,0.37827852998065764,0.49567040878073154
2017-10-16 18:15:00,0.37827852998065764,0.4953377160871107
2017-10-16 18:30:00,0.37827852998065764,0.4944975969430305
2017-10-16 18:45:00,0.37827852998065764,0.49533010199651895
2017-10-16 19:00:00,0.37827852998065764,0.5043099959206803
2017-10-16 19:15:00,0.37827852998065764,0.5196000126258015
2017-10-16 19:30:00,0.37827852998065764,0.5193144128478587
2017-10-16 19:45:00,0.37827852998065764,0.5244697638691593
2017-10-16 20:00:00,0.37827852998065764,0.5387919340729349
2017-10-16 20:15:00,0.37827852998065764,0.5369951257619795
2017-10-16 20:30:00,0.37827852998065764,0.5406552097751247
2017-10-16 20:45:00,0.37827852998065764,0.5438083565012093
2017-10-16 21:00:00,0.36558994197292066,0.5512441388923565
2017-10-16 21:15:00,0.36558994197292066,0.5635925808383426
2017-10-16 21:30:00,0.36558994197292066,0.5663886361334589
2017-10-16 21:45:00,0.36558994197292066,0.5733762955801139
2017-10-16 22:00:00,0.36558994197292066,0.5828889807288418
2017-10-16 22:15:00,0.36558994197292066,0.5869833466663852
2017-10-16 22:30:00,0.36558994197292066,0.5910309599975019
2017-10-16 22:45:00,0.36558994197292066,0.5915650337800089
2017-10-16 23:00:00,0.36558994197292066,0.592173664598693
2017-10-16 23:15:00,0.36558994197292066,0.6039198917860985
2017-10-16 23:30:00,0.36558994197292066,0.6174331342878796
2017-10-16 23:45:00,0.36558994197292066,0.6236703945094575
2017-10-17 00:00:00,0.37510638297872334,0.6037062169071793
2017-10-17 00:15:00,0.37510638297872334,0.6044719445144955
2017-10-17 00:30:00,0.37510638297872334,0.6240076728277091
2017-10-17 00:45:00,0.37510638297872334,0.6184428160521656
2017-10-17 01:00:00,0.37510638297872334,0.6276244621541277
2017-10-17 01:15:00,0.37510638297872334,0.6296591586232368
2017-10-17 01:30:00,0.37510638297872334,0.6279730637342179
2017-10-17 01:45:00,0.37510638297872334,0.6296387222662063
2017-10-17 02:00:00,0.37510638297872334,0.6318104258207484
2017-10-17 02:15:00,0.37510638297872334,0.6326991504405551
2017-10-17 02:30:00,0.37510638297872334,0.6315159673688241
2017-10-17 02:45:00,0.37510638297872334,0.6295351189584738
2017-10-17 03:00:00,0.37510638297872334,0.6289362336032405
2017-10-17 03:15:00,0.37510638297872334,0.6271988149617728
2017-10-17 03:30:00,0.37510638297872334,0.6188704954204312
2017-10-17 03:45:00,0.37510638297872334,0.607464318930923
2017-10-17 04:00:00,0.37510638297872334,0.5909011347409936
2017-10-17 04:15:00,0.37510638297872334,0.5879509569926641
2017-10-17 04:30:00,0.37827852998065764,0.5826148527800289
2017-10-17 04:45:00,0.37827852998065764,0.5770670841355201
2017-10-17 05:00:00,0.37827852998065764,0.565635897854137
2017-10-17 05:15:00,0.37827852998065764,0.5595526929091159
2017-10-17 05:30:00,0.37827852998065764,0.5505275490280523
2017-10-17 05:45:00,0.37827852998065764,0.5342318297368233
2017-10-17 06:00:00,0.37827852998065764,0.5211284247021125
2017-10-17 06:15:00,0.37827852998065764,0.5149120524899917
2017-10-17 06:30:00,0.37827852998065764,0.5095493774717711
2017-10-17 06:45:00,0.37827852998065764,0.5137541090833708
2017-10-17 07:00:00,0.37827852998065764,0.5129011725689001
2017-10-17 07:15:00,0.37827852998065764,0.5108347964805661
2017-10-17 07:30:00,0.37352030947775633,0.5122183340395807
2017-10-17 07:45:00,0.3687620889748549,0.5049200716338553
2017-10-17 08:00:00,0.3687620889748549,0.4952949630464966
2017-10-17 08:15:00,0.3640038684719536,0.49063232249358474
2017-10-17 08:30:00,0.3608317214700193,0.48492759233299226
2017-10-17 08:45:00,0.35924564796905223,0.47912592877553034
2017-10-17 09:00:00,0.3576595744680851,0.4736683550563543
2017-10-17 09:15:00,0.3576595744680851,0.4688223154049776
2017-10-17 09:30:00,0.356073500967118,0.4639615568183904
2017-10-17 09:45:00,0.3513152804642166,0.4617337341325598
2017-10-17 10:00:00,0.3481431334622824,0.457838524324118
2017-10-17 10:15:00,0.34655705996131525,0.45033720519470244
2017-10-17 10:30:00,0.34655705996131525,0.44286273877051324
2017-10-17 10:45:00,0.34655705996131525,0.43481193457966016
2017-10-17 11:00:00,0.34655705996131525,0.4295025246449203
2017-10-17 11:15:00,0.34655705996131525,0.42560230882558037
2017-10-17 11:30:00,0.34655705996131525,0.4320489403242632
2017-10-17 11:45:00,0.34655705996131525,0.43799733035146093
2017-10-17 12:00:00,0.34655705996131525,0.4383344630863369
2017-10-17 12:15:00,0.34655705996131525,0.4364401182718138
2017-10-17 12:30:00,0.34655705996131525,0.43887607238623894
2017-10-17 12:45:00,0.34655705996131525,0.4421132092594122
2017-10-17 13:00:00,0.34655705996131525,0.45370192009633725
2017-10-17 13:15:00,0.34655705996131525,0.45515102636165655
2017-10-17 13:30:00,0.34655705996131525,0.45854258099721734
2017-10-17 13:45:00,0.34655705996131525,0.4604105382591866
2017-10-17 14:00:00,0.34655705996131525,0.4556986777425409
2017-10-17 14:15:00,0.34655705996131525,0.4596469604282535
2017-10-17 14:30:00,0.34655705996131525,0.4734620581985387
2017-10-17 14:45:00,0.3513152804642166,0.48349966908179703
2017-10-17 15:00:00,0.356073500967118,0.4967865939960899
2017-10-17 15:15:00,0.356073500967118,0.49408514166816925
2017-10-17 15:30:00,0.356073500967118,0.48887718001554636
2017-10-17 15:45:00,0.356073500967118,0.48382956518433223
2017-10-17 16:00:00,0.356073500967118,0.47968275763924445
2017-10-17 16:15:00,0.356073500967118,0.4759184017452815
2017-10-17 16:30:00,0.356073500967118,0.47529743976463873
2017-10-17 16:45:00,0.3576595744680851,0.4741927740237071
2017-10-17 17:00:00,0.4536363636363636,0.47382213544207313
2017-10-17 17:15:00,0.4536363636363636,0.4723314980284635
2017-10-17 17:30:00,0.4536363636363636,0.47187789464662394
2017-10-17 17:45:00,0.3624177949709865,0.44208742262532197
2017-10-17 18:00:00,0.3640038684719536,0.4454810823793169
2017-10-17 18:15:00,0.3640038684719536,0.44833607984501134
2017-10-17 18:30:00,0.3640038684719536,0.4492276606614433
2017-10-17 18:45:00,0.4536363636363636,0.4727090682076987
2017-10-17 19:00:00,0.3640038684719536,0.47490290928632534
2017-10-17 19:15:00,0.3640038684719536,0.47512058948505176
2017-10-17 19:30:00,0.3640038684719536,0.48318513712525485
2017-10-17 19:45:00,0.3640038684719536,0.48483284807487775
2017-10-17 20:00:00,0.3640038684719536,0.4926060672591716
2017-10-17 20:15:00,0.3640038684719536,0.4916038532630932
2017-10-17 20:30:00,0.3640038684719536,0.4901209376081561
2017-10-17 20:45:00,0.3640038684719536,0.4885809104412593
2017-10-17 21:00:00,0.33704061895551257,0.48775255582172
2017-10-17 21:15:00,0.9988888888888889,0.4817601449036524
2017-10-17 21:30:00,0.9988888888888889,0.4683489427773543
2017-10-17 21:45:00,0.9988888888888889,0.48637933071330713
2017-10-17 22:00:00,0.9988888888888889,0.49370864347991533
2017-10-17 22:15:00,0.9988888888888889,0.4853076916611753
2017-10-17 22:30:00,0.9988888888888889,0.47383762262459866
2017-10-17 22:45:00,0.9988888888888889,0.4632502544454658
2017-10-17 23:00:00,0.9988888888888889,0.44737335775914194
2017-10-17 23:15:00,0.9988888888888889,0.40638761993611155
2017-10-17 23:30:00,0.9988888888888889,0.374382907883034
2017-10-17 23:45:00,0.9988888888888889,0.39451051697556416
2017-10-18 00:00:00,0.9988888888888889,0.40627531973807474
2017-10-18 00:15:00,0.9988888888888889,0.4144246963536084
2017-10-18 00:30:00,0.9988888888888889,0.40500854897271404
2017-10-18 00:45:00,0.9988888888888889,0.40412208721853965
2017-10-18 01:00:00,0.9988888888888889,0.4097776887361334
2017-10-18 01:15:00,0.9988888888888889,0.4105437857185399
2017-10-18 01:30:00,0.9988888888888889,0.41209249520191515
2017-10-18 01:45:00,0.9988888888888889,0.41763923819325277
2017-10-18 02:00:00,0.9988888888888889,0.42093125689652816
2017-10-18 02:15:00,0.9988888888888889,0.42295392619645367
2017-10-18 02:30:00,0.9988888888888889,0.42226958882888077
2017-10-18 02:45:00,0.9988888888888889,0.42116798965604213
2017-10-18 03:00:00,0.9988888888888889,0.42585843458727224
2017-10-18 03:15:00,0.9988888888888889,0.42676913792261545
2017-10-18 03:30:00,0.9988888888888889,0.4274198294745077
2017-10-18 03:45:00,0.9988888888888889,0.42905089707555716
2017-10-18 04:00:00,0.9988888888888889,0.4392780263563422
2017-10-18 04:15:00,0.9988888888888889,0.4560697807234126
2017-10-18 04:30:00,0.9988888888888889,0.4740841690830723
2017-10-18 04:45:00,0.9988888888888889,0.49384276962822204
2017-10-18 05:00:00,0.33704061895551257,0.4972680273846297
2017-10-18 05:15:00,0.33704061895551257,0.4804632525824233
2017-10-18 05:30:00,0.33704061895551257,0.4700102918503267
2017-10-18 05:45:00,0.33704061895551257,0.45839964386211124
2017-10-18 06:00:00,0.33704061895551257,0.44412040276339837
2017-10-18 06:15:00,0.33704061895551257,0.43686996363405467
2017-10-18 06:30:00,0.33704061895551257,0.43203862322905184
2017-10-18 06:45:00,0.33704061895551257,0.4306435893672001
2017-10-18 07:00:00,0.33704061895551257,0.4272097704187837
2017-10-18 07:15:00,0.4536363636363636,0.44915104118428134
2017-10-18 07:30:00,0.4536363636363636,0.43757874372727584
2017-10-18 07:45:00,0.33704061895551257,0.4224780658939463
2017-10-18 08:00:00,0.33545454545454545,0.40169015679698705
2017-10-18 08:15:00,0.33545454545454545,0.4048804111389522
2017-10-18 08:30:00,0.9988888888888889,0.4034432069295576
2017-10-18 08:45:00,0.9988888888888889,0.4035790915558027
2017-10-18 09:00:00,0.9988888888888889,0.40314326555208907
2017-10-18 09:15:00,0.9988888888888889,0.39990497209734144
2017-10-18 09:30:00,0.9988888888888889,0.4009504742736559
2017-10-18 09:45:00,0.9988888888888889,0.38993833984857385
2017-10-18 10:00:00,0.9988888888888889,0.3888064875703627
2017-10-18 10:15:00,0.9988888888888889,0.3895118690292006
2017-10-18 10:30:00,0.9988888888888889,0.3863435034398596
2017-10-18 10:45:00,0.9988888888888889,0.39004306985514653
2017-10-18 11:00:00,0.9988888888888889,0.3931810153237657
2017-10-18 11:15:00,0.9988888888888889,0.3943236894209424
2017-10-18 11:30:00,0.9988888888888889,0.3940701674116103
2017-10-18 11:45:00,0.9988888888888889,0.392663790897708
2017-10-18 12:00:00,0.9988888888888889,0.39679694688072187
2017-10-18 12:15:00,0.9988888888888889,0.3924782381329745
2017-10-18 12:30:00,0.9988888888888889,0.39941761835551787
2017-10-18 12:45:00,0.9988888888888889,0.41109947681360515
2017-10-18 13:00:00,0.9988888888888889,0.41389797930028754
2017-10-18 13:15:00,0.9988888888888889,0.4147855459527949
2017-10-18 13:30:00,0.9988888888888889,0.42224094480900026
2017-10-18 13:45:00,0.9988888888888889,0.42259216902684754
2017-10-18 14:00:00,0.9988888888888889,0.4295918010750294
2017-10-18 14:15:00,0.9988888888888889,0.4375443783303727
2017-10-18 14:30:00,0.33545454545454545,0.4488821922683495
2017-10-18 14:45:00,0.33704061895551257,0.4548963266783434
2017-10-18 15:00:00,0.3386266924564797,0.4608889029359088
2017-10-18 15:15:00,0.343384912959381,0.47099950526591394
2017-10-18 15:30:00,0.34655705996131525,0.48255690130160384
2017-10-18 15:45:00,0.3513152804642166,0.4936298176921227
2017-10-18 16:00:00,0.4536363636363636,0.5014031837143065
2017-10-18 16:15:00,0.37827852998065764,0.5034748460049989
2017-10-18 16:30:00,0.37827852998065764,0.5013965493540252
2017-10-18 16:45:00,0.37986460348162476,0.49907223728630984
2017-10-18 17:00:00,0.37986460348162476,0.4990768034694955
2017-10-18 17:15:00,0.37986460348162476,0.49523217491973287
2017-10-18 17:30:00,0.37986460348162476,0.47842568506563365
2017-10-18 17:45:00,0.37986460348162476,0.47153888639585234
2017-10-18 18:00:00,0.37986460348162476,0.45892501574773253
2017-10-18 18:15:00,0.37986460348162476,0.4575920292018851
2017-10-18 18:30:00,0.37986460348162476,0.4728451272571876
2017-10-18 18:45:00,0.4536363636363636,0.4922155305222877
2017-10-18 19:00:00,0.37986460348162476,0.4897880243571672
2017-10-18 19:15:00,0.37986460348162476,0.5030276841908847
2017-10-18 19:30:00,0.37986460348162476,0.5028219807242834
2017-10-18 19:45:00,0.3766924564796905,0.5029534766593338
2017-10-18 20:00:00,0.3766924564796905,0.5041280268236774
2017-10-18 20:15:00,0.36717601547388784,0.509177135869406
2017-10-18 20:30:00,0.4536363636363636,0.5127443552357195
2017-10-18 20:45:00,0.3608317214700193,0.517296273592984
2017-10-18 21:00:00,0.3576595744680851,0.521531531782475
2017-10-18 21:15:00,0.35290135396518374,0.521648200302111
2017-10-18 21:30:00,0.34655705996131525,0.5236872580729437
2017-10-18 21:45:00,0.3417988394584139,0.5235126319413225
2017-10-18 22:00:00,0.33704061895551257,0.5240439148726462
2017-10-18 22:15:00,0.9988888888888889,0.5182193075454703
2017-10-18 22:30:00,0.9988888888888889,0.5236653791082826
2017-10-18 22:45:00,0.9988888888888889,0.5269951006945371
2017-10-18 23:00:00,0.9988888888888889,0.5250647771921098
2017-10-18 23:15:00,0.9988888888888889,0.5111704096769576
2017-10-18 23:30:00,0.9988888888888889,0.514992447796075
2017-10-18 23:45:00,0.9988888888888889,0.5192457628556094
2017-10-19 00:00:00,0.9988888888888889,0.49881303943194805
2017-10-19 00:15:00,0.9988888888888889,0.5002720667618585
2017-10-19 00:30:00,0.9988888888888889,0.5033918993717758
2017-10-19 00:45:00,0.9988888888888889,0.514564384120732
2017-10-19 01:00:00,0.9988888888888889,0.5252294159542311
2017-10-19 01:15:00,0.9988888888888889,0.5300951138928117
2017-10-19 01:30:00,0.9988888888888889,0.530384335533548
2017-10-19 01:45:00,0.9988888888888889,0.5327114202801293
2017-10-19 02:00:00,0.9988888888888889,0.5331673884014001
2017-10-19 02:15:00,0.9988888888888889,0.5311855937775245
2017-10-19 02:30:00,0.9988888888888889,0.5292243561108794
2017-10-19 02:45:00,0.9988888888888889,0.5266913470038074
2017-10-19 03:00:00,0.9988888888888889,0.5204679488438131
2017-10-19 03:15:00,0.9988888888888889,0.5048066156805644
2017-10-19 03:30:00,0.9988888888888889,0.4998348917540291
2017-10-19 03:45:00,0.9988888888888889,0.5060991988995742
2017-10-19 04:00:00,0.9988888888888889,0.5170715082691666
2017-10-19 04:15:00,0.9988888888888889,0.5226415697025676
2017-10-19 04:30:00,0.33545454545454545,0.5270961740308833
2017-10-19 04:45:00,0.3386266924564797,0.5233580546811948
2017-10-19 05:00:00,0.34655705996131525,0.5158622699286215
2017-10-19 05:15:00,0.35448742746615086,0.5142128361539142
2017-10-19 05:30:00,0.35448742746615086,0.5005639892323578
2017-10-19 05:45:00,0.35448742746615086,0.48732303141631894
2017-10-19 06:00:00,0.35448742746615086,0.47227440160724893
2017-10-19 06:15:00,0.35448742746615086,0.4733498292669603
2017-10-19 06:30:00,0.35448742746615086,0.47399168081604953
2017-10-19 06:45:00,0.35448742746615086,0.46666002287500286
2017-10-19 07:00:00,0.4536363636363636,0.481693696497039
2017-10-19 07:15:00,0.35448742746615086,0.46200603820065783
2017-10-19 07:30:00,0.4536363636363636,0.46915295763057696
2017-10-19 07:45:00,0.35448742746615086,0.4579312631075531
2017-10-19 08:00:00,0.35448742746615086,0.4562386178496761
2017-10-19 08:15:00,0.3449709864603482,0.44926204224270133
2017-10-19 08:30:00,0.343384912959381,0.4408908550531269
2017-10-19 08:45:00,0.3386266924564797,0.43329485033791443
2017-10-19 09:00:00,0.9988888888888889,0.4245596174549907
2017-10-19 09:15:00,0.9988888888888889,0.40477406893051315
2017-10-19 09:30:00,0.9988888888888889,0.3734448357670482
2017-10-19 09:45:00,0.9988888888888889,0.34709115628269177
2017-10-19 10:00:00,0.9988888888888889,0.32657870226232444
2017-10-19 10:15:00,0.9988888888888889,0.3204235208254571
2017-10-19 10:30:00,0.9988888888888889,0.31860914692668985
2017-10-19 10:45:00,0.9988888888888889,0.30326464749634574
2017-10-19 11:00:00,0.9988888888888889,0.3017132085244058
2017-10-19 11:15:00,0.9988888888888889,0.30564065582093697
2017-10-19 11:30:00,0.9988888888888889,0.30874015330057497
2017-10-19 11:45:00,0.9988888888888889,0.3082564346922357
2017-10-19 12:00:00,0.9988888888888889,0.3106167308528944
2017-10-19 12:15:00,0.9988888888888889,0.3165355501189646
2017-10-19 12:30:00,0.9988888888888889,0.31379170873926066
2017-10-19 12:45:00,0.9988888888888889,0.3216865776225012
2017-10-19 13:00:00,0.9988888888888889,0.3216227399946141
2017-10-19 13:15:00,0.9988888888888889,0.3319357817545611
2017-10-19 13:30:00,0.9988888888888889,0.3643831425299204
2017-10-19 13:45:00,0.9988888888888889,0.40379563777604194
2017-10-19 14:00:00,0.9988888888888889,0.44693569944380795
2017-10-19 14:15:00,0.9988888888888889,0.45172841648093176
2017-10-19 14:30:00,0.9988888888888889,0.4561640932437724
2017-10-19 14:45:00,0.9988888888888889,0.46993864861757606
2017-10-19 15:00:00,0.9988888888888889,0.47245630340449535
2017-10-19 15:15:00,0.3386266924564797,0.4852343279042018
2017-10-19 15:30:00,0.34655705996131525,0.4974943198428794
2017-10-19 15:45:00,0.356073500967118,0.5066071590669575
2017-10-19 16:00:00,0.3640038684719536,0.5173385062593604
2017-10-19 16:15:00,0.37034816247582203,0.5214317619113193
2017-10-19 16:30:00,0.37827852998065764,0.5253420105443137
2017-10-19 16:45:00,0.3846228239845261,0.5330635469505595
2017-10-19 17:00:00,0.3846228239845261,0.5333174948860698
2017-10-19 17:15:00,0.3846228239845261,0.5216463657997298
2017-10-19 17:30:00,0.3846228239845261,0.5089457055597862
2017-10-19 17:45:00,0.3846228239845261,0.48945538494903856
2017-10-19 18:00:00,0.3846228239845261,0.49357158742472496
2017-10-19 18:15:00,0.3846228239845261,0.49409234894966075
2017-10-19 18:30:00,0.3846228239845261,0.48952663192821144
2017-10-19 18:45:00,0.3846228239845261,0.49372675725509024
2017-10-19 19:00:00,0.3846228239845261,0.4910605475555276
2017-10-19 19:15:00,0.3846228239845261,0.5076798157670154
2017-10-19 19:30:00,0.3846228239845261,0.5224151005274701
2017-10-19 19:45:00,0.38303675048355895,0.5237003333484319
2017-10-19 20:00:00,0.38303675048355895,0.528669341140575
2017-10-19 20:15:00,0.37986460348162476,0.5339003656434038
2017-10-19 20:30:00,0.3766924564796905,0.5391134084254441
2017-10-19 20:45:00,0.3766924564796905,0.5407035395877693
2017-10-19 21:00:00,0.3766924564796905,0.5409230405964982
2017-10-19 21:15:00,0.37352030947775633,0.5469182444507451
2017-10-19 21:30:00,0.37034816247582203,0.5518759661470227
2017-10-19 21:45:00,0.36558994197292066,0.5622795920094925
2017-10-19 22:00:00,0.36558994197292066,0.5730669418823874
2017-10-19 22:15:00,0.36558994197292066,0.5758877998157074
2017-10-19 22:30:00,0.36558994197292066,0.5830582597207921
2017-10-19 22:45:00,0.36558994197292066,0.5808956314672
2017-10-19 23:00:00,0.36558994197292066,0.5967776464152829
2017-10-19 23:15:00,0.36558994197292066,0.5928277167413932
2017-10-19 23:30:00,0.36558994197292066,0.5842364864685916
2017-10-19 23:45:00,0.36558994197292066,0.5788276302704888
2017-10-20 00:00:00,0.37193423597678915,0.572634761626315
2017-10-20 00:15:00,0.37193423597678915,0.5761486456301608
2017-10-20 00:30:00,0.37193423597678915,0.5851334176421783
2017-10-20 00:45:00,0.37193423597678915,0.5906298744060404
2017-10-20 01:00:00,0.37193423597678915,0.5945236285723831
2017-10-20 01:15:00,0.37193423597678915,0.5994790527823471
2017-10-20 01:30:00,0.37193423597678915,0.6014928247697482
2017-10-20 01:45:00,0.37193423597678915,0.6005335565766073
2017-10-20 02:00:00,0.37193423597678915,0.5979882738765591
2017-10-20 02:15:00,0.37193423597678915,0.5967623715367915
2017-10-20 02:30:00,0.37193423597678915,0.596654946127825
2017-10-20 02:45:00,0.37193423597678915,0.5956456108600743
2017-10-20 03:00:00,0.37193423597678915,0.586437633056791
2017-10-20 03:15:00,0.37193423597678915,0.5807579775744411
2017-10-20 03:30:00,0.37193423597678915,0.5756099400136493
2017-10-20 03:45:00,0.37193423597678915,0.5692591553273861
2017-10-20 04:00:00,0.37193423597678915,0.5642257354389236
2017-10-20 04:15:00,0.37193423597678915,0.5607119094838919
2017-10-20 04:30:00,0.37193423597678915,0.5576856980746493
2017-10-20 04:45:00,0.37193423597678915,0.5530065165199998
2017-10-20 05:00:00,0.37193423597678915,0.5421362323583372
2017-10-20 05:15:00,0.37193423597678915,0.533506795318749
2017-10-20 05:30:00,0.37193423597678915,0.5206224457354476
2017-10-20 05:45:00,0.37193423597678915,0.5102925356229195
2017-10-20 06:00:00,0.37193423597678915,0.49560581608536136
2017-10-20 06:15:00,0.37193423597678915,0.4905144524489405
2017-10-20 06:30:00,0.37193423597678915,0.49130013506971326
2017-10-20 06:45:00,0.37193423597678915,0.4882091336617443
2017-10-20 07:00:00,0.37193423597678915,0.48460792361598914
2017-10-20 07:15:00,0.37193423597678915,0.48219723265493364
2017-10-20 07:30:00,0.37034816247582203,0.476773443466439
2017-10-20 07:45:00,0.36558994197292066,0.46909971957665264
2017-10-20 08:00:00,0.3608317214700193,0.46094646188344657
2017-10-20 08:15:00,0.356073500967118,0.4520199125193719
2017-10-20 08:30:00,0.3513152804642166,0.44316751378357894
2017-10-20 08:45:00,0.3449709864603482,0.4343059049877781
2017-10-20 09:00:00,0.3417988394584139,0.4250141910476904
2017-10-20 09:15:00,0.3417988394584139,0.4242261227595032
2017-10-20 09:30:00,0.3402127659574468,0.42336281997654235
2017-10-20 09:45:00,0.3402127659574468,0.42172028050790605
2017-10-20 10:00:00,0.3402127659574468,0.422615037592296
2017-10-20 10:15:00,0.33704061895551257,0.4160555224699829
2017-10-20 10:30:00,0.9988888888888889,0.40724275011908995
2017-10-20 10:45:00,0.9988888888888889,0.3901819266803647
2017-10-20 11:00:00,0.9988888888888889,0.3833418858774043
2017-10-20 11:15:00,0.9988888888888889,0.39101846611594504
2017-10-20 11:30:00,0.9988888888888889,0.396639188888725
2017-10-20 11:45:00,0.9988888888888889,0.39488248518882313
2017-10-20 12:00:00,0.9988888888888889,0.39732157094751613
2017-10-20 12:15:00,0.9988888888888889,0.3919166592339175
2017-10-20 12:30:00,0.9988888888888889,0.3901937068063666
2017-10-20 12:45:00,0.9988888888888889,0.39745315978603335
2017-10-20 13:00:00,0.9988888888888889,0.4042090676497302
2017-10-20 13:15:00,0.9988888888888889,0.3989144383698305
2017-10-20 13:30:00,0.9988888888888889,0.41082377962091166
2017-10-20 13:45:00,0.9988888888888889,0.42376392314184597
2017-10-20 14:00:00,0.9988888888888889,0.4355836031055636
2017-10-20 14:15:00,0.3386266924564797,0.4488677691260551
2017-10-20 14:30:00,0.3386266924564797,0.4644634770324502
2017-10-20 14:45:00,0.34655705996131525,0.47646850072928726
2017-10-20 15:00:00,0.35448742746615086,0.48744146989940623
2017-10-20 15:15:00,0.3608317214700193,0.49688896001022564
2017-10-20 15:30:00,0.3624177949709865,0.509586286561467
2017-10-20 15:45:00,0.37352030947775633,0.515109687923408
2017-10-20 16:00:00,0.3814506769825919,0.5230724989828219
2017-10-20 16:15:00,0.3846228239845261,0.5259099424312261
2017-10-20 16:30:00,0.3877949709864604,0.5285225648223458
2017-10-20 16:45:00,0.395725338491296,0.5307691035406742
2017-10-20 17:00:00,0.395725338491296,0.5227261719083278
2017-10-20 17:15:00,0.395725338491296,0.5119418326276477
2017-10-20 17:30:00,0.395725338491296,0.5043979130324074
2017-10-20 17:45:00,0.395725338491296,0.5026843261661613
2017-10-20 18:00:00,0.395725338491296,0.49796229042302925
2017-10-20 18:15:00,0.395725338491296,0.5035021393603332
2017-10-20 18:30:00,0.395725338491296,0.5234094892649844
2017-10-20 18:45:00,0.395725338491296,0.5146161008935883
2017-10-20 19:00:00,0.395725338491296,0.5180357497570935
2017-10-20 19:15:00,0.395725338491296,0.5335175213804755
2017-10-20 19:30:00,0.395725338491296,0.5364640170810695
2017-10-20 19:45:00,0.3941392649903288,0.5361465058033389
2017-10-20 20:00:00,0.3766924564796905,0.5507719011485346
2017-10-20 20:15:00,0.3766924564796905,0.544739750477303
2017-10-20 20:30:00,0.37510638297872334,0.545788358385692
2017-10-20 20:45:00,0.3687620889748549,0.5506697495865164
2017-10-20 21:00:00,0.36717601547388784,0.5514980831336943
2017-10-20 21:15:00,0.36717601547388784,0.5548075842559583
2017-10-20 21:30:00,0.3640038684719536,0.5612997723788503
2017-10-20 21:45:00,0.3640038684719536,0.5619849944113384
2017-10-20 22:00:00,0.35924564796905223,0.5735461342327794
2017-10-20 22:15:00,0.35924564796905223,0.567865179268274
2017-10-20 22:30:00,0.356073500967118,0.5750135629215283
2017-10-20 22:45:00,0.35448742746615086,0.576904445901595
2017-10-20 23:00:00,0.3497292069632495,0.5859421950679955
2017-10-20 23:15:00,0.3497292069632495,0.5903127945857313
2017-10-20 23:30:00,0.3497292069632495,0.5928621098096278
2017-10-20 23:45:00,0.3497292069632495,0.5941130997442042
2017-10-21 00:00:00,0.3497292069632495,0.5930584782576827
2017-10-21 00:15:00,0.3497292069632495,0.5987825001634632
2017-10-21 00:30:00,0.3497292069632495,0.6016133267115322
2017-10-21 00:45:00,0.3497292069632495,0.6050821859543407
2017-10-21 01:00:00,0.3497292069632495,0.6128210069824416
2017-10-21 01:15:00,0.3497292069632495,0.6149729656621162
2017-10-21 01:30:00,0.3497292069632495,0.6151810848596999
2017-10-21 01:45:00,0.3497292069632495,0.6197377531952913
2017-10-21 02:00:00,0.3497292069632495,0.618048762496852
2017-10-21 02:15:00,0.3497292069632495,0.6253272785592082
2017-10-21 02:30:00,0.3497292069632495,0.6225883651995121
2017-10-21 02:45:00,0.3497292069632495,0.6227733967618064
2017-10-21 03:00:00,0.3497292069632495,0.6348998931862071
2017-10-21 03:15:00,0.3497292069632495,0.6254361306379799
2017-10-21 03:30:00,0.3497292069632495,0.6186659335528665
2017-10-21 03:45:00,0.3497292069632495,0.6129787910352683
2017-10-21 04:00:00,0.3497292069632495,0.6063901604163857
2017-10-21 04:15:00,0.3497292069632495,0.6032375658740795
2017-10-21 04:30:00,0.3497292069632495,0.6024104022688913
2017-10-21 04:45:00,0.3497292069632495,0.6001708789182826
2017-10-21 05:00:00,0.3497292069632495,0.5957041633924504
2017-10-21 05:15:00,0.3497292069632495,0.5868817467357901
2017-10-21 05:30:00,0.3497292069632495,0.5748918365248138
2017-10-21 05:45:00,0.3497292069632495,0.5716026427487897
2017-10-21 06:00:00,0.3497292069632495,0.5676649287323348
2017-10-21 06:15:00,0.3497292069632495,0.5701248382653633
2017-10-21 06:30:00,0.3497292069632495,0.5696811145894942
2017-10-21 06:45:00,0.3497292069632495,0.565882685800348
2017-10-21 07:00:00,0.3497292069632495,0.5564475428824137
2017-10-21 07:15:00,0.3497292069632495,0.5514144525751082
2017-10-21 07:30:00,0.3497292069632495,0.5422037743879059
2017-10-21 07:45:00,0.3497292069632495,0.5405654332126462
2017-10-21 08:00:00,0.3481431334622824,0.5312368704618814
2017-10-21 08:15:00,0.3513152804642166,0.5258958103608998
2017-10-21 08:30:00,0.3513152804642166,0.5182715309677974
2017-10-21 08:45:00,0.3513152804642166,0.512763837254718
2017-10-21 09:00:00,0.3513152804642166,0.5064886328273784
2017-10-21 09:15:00,0.3513152804642166,0.4955519575384743
2017-10-21 09:30:00,0.3513152804642166,0.48617035744659576
2017-10-21 09:45:00,0.3513152804642166,0.46329672194952104
2017-10-21 10:00:00,0.3513152804642166,0.436388812599323
2017-10-21 10:15:00,0.3513152804642166,0.42702135239806804
2017-10-21 10:30:00,0.3513152804642166,0.4223361081659487
2017-10-21 10:45:00,0.3513152804642166,0.4172481115295455
2017-10-21 11:00:00,0.3513152804642166,0.4186572431529104
2017-10-21 11:15:00,0.9988888888888889,0.41950675187579517
2017-10-21 11:30:00,0.9988888888888889,0.42367316658100135
2017-10-21 11:45:00,0.9988888888888889,0.4246246618400969
2017-10-21 12:00:00,0.9988888888888889,0.433520910212011
2017-10-21 12:15:00,0.9988888888888889,0.44421681630873605
2017-10-21 12:30:00,0.9988888888888889,0.4495448005877423
2017-10-21 12:45:00,0.9988888888888889,0.4441044235909975
2017-10-21 13:00:00,0.9988888888888889,0.4480961903498275
2017-10-21 13:15:00,0.9988888888888889,0.46150310050253984
2017-10-21 13:30:00,0.9988888888888889,0.4542426928705392
2017-10-21 13:45:00,0.9988888888888889,0.4643107873215895
2017-10-21 14:00:00,0.9988888888888889,0.45822398291121413
2017-10-21 14:15:00,0.9988888888888889,0.4644603047394502
2017-10-21 14:30:00,0.9988888888888889,0.48750336530699984
2017-10-21 14:45:00,0.9988888888888889,0.5155643619064637
2017-10-21 15:00:00,0.33704061895551257,0.5374374015926566
2017-10-21 15:15:00,0.4536363636363636,0.5490725033736058
2017-10-21 15:30:00,0.343384912959381,0.5567211985934606
2017-10-21 15:45:00,0.4536363636363636,0.5633231243204275
2017-10-21 16:00:00,0.3513152804642166,0.5677696913129487
2017-10-21 16:15:00,0.356073500967118,0.5699415998800199
2017-10-21 16:30:00,0.4536363636363636,0.5688901191385801
2017-10-21 16:45:00,0.36558994197292066,0.5666785336584134
2017-10-21 17:00:00,0.36558994197292066,0.5546557115686495
2017-10-21 17:15:00,0.4536363636363636,0.5598009719299717
2017-10-21 17:30:00,0.36558994197292066,0.5317299252704879
2017-10-21 17:45:00,0.36558994197292066,0.5334180128716774
2017-10-21 18:00:00,0.36558994197292066,0.5212839639122094
2017-10-21 18:15:00,0.36558994197292066,0.5262201032159245
2017-10-21 18:30:00,0.36558994197292066,0.5308039546380465
2017-10-21 18:45:00,0.36558994197292066,0.5403371088313536
2017-10-21 19:00:00,0.36558994197292066,0.551767262657724
2017-10-21 19:15:00,0.36558994197292066,0.5640000307463181
2017-10-21 19:30:00,0.36558994197292066,0.5694942031393795
2017-10-21 19:45:00,0.35290135396518374,0.5725674818574178
2017-10-21 20:00:00,0.3497292069632495,0.5764733349079039
2017-10-21 20:15:00,0.3497292069632495,0.5731154271750286
2017-10-21 20:30:00,0.3481431334622824,0.5746058468411904
2017-10-21 20:45:00,0.34655705996131525,0.5770524894989851
2017-10-21 21:00:00,0.3449709864603482,0.5755242214677466
2017-10-21 21:15:00,0.3417988394584139,0.5775015818785382
2017-10-21 21:30:00,0.3402127659574468,0.5816142151100836
2017-10-21 21:45:00,0.3386266924564797,0.5822075248927311
2017-10-21 22:00:00,0.9988888888888889,0.5882165946580568
2017-10-21 22:15:00,0.9988888888888889,0.5829179932960955
2017-10-21 22:30:00,0.9988888888888889,0.5798199528573921
2017-10-21 22:45:00,0.9988888888888889,0.5708590960301766
2017-10-21 23:00:00,0.9988888888888889,0.5477967607540665
2017-10-21 23:15:00,0.9988888888888889,0.5375284518377158
2017-10-21 23:30:00,0.9988888888888889,0.5210725249466693
2017-10-21 23:45:00,0.9988888888888889,0.5022989133695888
2017-10-22 00:00:00,0.9988888888888889,0.48417706934009946
2017-10-22 00:15:00,0.9988888888888889,0.48632648624029023
2017-10-22 00:30:00,0.9988888888888889,0.48691656554859214
2017-10-22 00:45:00,0.9988888888888889,0.4845533293243643
2017-10-22 01:00:00,0.9988888888888889,0.47737884865801195
2017-10-22 01:15:00,0.9988888888888889,0.46450559751827947
2017-10-22 01:30:00,0.9988888888888889,0.4502949676910109
2017-10-22 01:45:00,0.9988888888888889,0.43376508354811255
2017-10-22 02:00:00,0.9988888888888889,0.41980184832638945
2017-10-22 02:15:00,0.9988888888888889,0.4125846525946257
2017-10-22 02:30:00,0.9988888888888889,0.40388169824864295
2017-10-22 02:45:00,0.9988888888888889,0.391014437390607
2017-10-22 03:00:00,0.9988888888888889,0.38365000798319393
2017-10-22 03:15:00,0.9988888888888889,0.38905533922713487
2017-10-22 03:30:00,0.9988888888888889,0.39787293970129733
2017-10-22 03:45:00,0.9988888888888889,0.40423957088730905
2017-10-22 04:00:00,0.9988888888888889,0.4089407300820799
2017-10-22 04:15:00,0.9988888888888889,0.4157847385094172
2017-10-22 04:30:00,0.9988888888888889,0.4227102513138029
2017-10-22 04:45:00,0.9988888888888889,0.43027553191888424
2017-10-22 05:00:00,0.9988888888888889,0.4383364028652968
2017-10-22 05:15:00,0.9988888888888889,0.44311963077280797
2017-10-22 05:30:00,0.9988888888888889,0.4475446379922548
2017-10-22 05:45:00,0.9988888888888889,0.45425835719715585
2017-10-22 06:00:00,0.9988888888888889,0.4564282533222608
2017-10-22 06:15:00,0.9988888888888889,0.4408215264384109
2017-10-22 06:30:00,0.9988888888888889,0.4064176637386188
2017-10-22 06:45:00,0.9988888888888889,0.37667691931861663
2017-10-22 07:00:00,0.9988888888888889,0.34377068400060107
2017-10-22 07:15:00,0.9988888888888889,0.31925169894990624
2017-10-22 07:30:00,0.9988888888888889,0.34156663446874624
2017-10-22 07:45:00,0.9988888888888889,0.3378654914354967
2017-10-22 08:00:00,0.9988888888888889,0.3101806628314414
2017-10-22 08:15:00,0.9988888888888889,0.28412536756668877
2017-10-22 08:30:00,0.9988888888888889,0.2529412297711083
2017-10-22 08:45:00,0.041,0.22302011893345575
2017-10-22 09:00:00,0.041,0.21541603342098795
2017-10-22 09:15:00,0.041,0.21029041930628703
2017-10-22 09:30:00,0.041,0.20794245998691607
2017-10-22 09:45:00,0.9988888888888889,0.2085108091655908
2017-10-22 10:00:00,0.9988888888888889,0.20624965723185879
2017-10-22 10:15:00,0.9988888888888889,0.20337305436606612
2017-10-22 10:30:00,0.9988888888888889,0.20359434724605893
2017-10-22 10:45:00,0.9988888888888889,0.20210385090790206
2017-10-22 11:00:00,0.9988888888888889,0.2036341426911504
2017-10-22 11:15:00,0.9988888888888889,0.20644409079021017
2017-10-22 11:30:00,0.9988888888888889,0.20956655432466317
2017-10-22 11:45:00,0.041,0.21005792778996485
2017-10-22 12:00:00,0.041,0.21144238542032656
2017-10-22 12:15:00,0.041,0.20864137549025782
2017-10-22 12:30:00,0.041,0.21086248617197056
2017-10-22 12:45:00,0.041,0.21145004036486817
2017-10-22 13:00:00,0.041,0.21240220854664907
2017-10-22 13:15:00,0.041,0.21444546732457984
2017-10-22 13:30:00,0.041,0.21471276587109459
2017-10-22 13:45:00,0.041,0.21628428313410586
2017-10-22 14:00:00,0.041,0.21599763240387657
2017-10-22 14:15:00,0.041,0.21578619540748026
2017-10-22 14:30:00,0.9988888888888889,0.24454914751269133
2017-10-22 14:45:00,0.9988888888888889,0.26456387791514113
2017-10-22 15:00:00,0.9988888888888889,0.30409582256302886
2017-10-22 15:15:00,0.9988888888888889,0.34548555270643183
2017-10-22 15:30:00,0.9988888888888889,0.37191240071805143
2017-10-22 15:45:00,0.9988888888888889,0.4199158607161808
2017-10-22 16:00:00,0.9988888888888889,0.4548888114709035
2017-10-22 16:15:00,0.9988888888888889,0.4720184441078816
2017-10-22 16:30:00,0.9988888888888889,0.5010736268395948
2017-10-22 16:45:00,0.33704061895551257,0.5153735942505442
2017-10-22 17:00:00,0.3417988394584139,0.5115864092533641
2017-10-22 17:15:00,0.3417988394584139,0.5020392895371193
2017-10-22 17:30:00,0.3417988394584139,0.49301772886822387
2017-10-22 17:45:00,0.3417988394584139,0.5094034073094671
2017-10-22 18:00:00,0.3417988394584139,0.5022214317338377
2017-10-22 18:15:00,0.3417988394584139,0.5092844585852289
2017-10-22 18:30:00,0.3417988394584139,0.5114127676974886
2017-10-22 18:45:00,0.3417988394584139,0.5143286544603631
2017-10-22 19:00:00,0.3417988394584139,0.5204691077643823
2017-10-22 19:15:00,0.3417988394584139,0.5294427481241236
2017-10-22 19:30:00,0.3417988394584139,0.5461213195814326
2017-10-22 19:45:00,0.3417988394584139,0.5433860408689506
2017-10-22 20:00:00,0.3417988394584139,0.5480978790892199
2017-10-22 20:15:00,0.3417988394584139,0.5613652908145669
2017-10-22 20:30:00,0.3417988394584139,0.5526830512553822
2017-10-22 20:45:00,0.3417988394584139,0.5497350313835191
2017-10-22 21:00:00,0.3417988394584139,0.5505826702075309
2017-10-22 21:15:00,0.3386266924564797,0.5592442138620192
2017-10-22 21:30:00,0.33704061895551257,0.5725275635365951
2017-10-22 21:45:00,0.33704061895551257,0.5799350782818905
2017-10-22 22:00:00,0.33704061895551257,0.5687301778977231
2017-10-22 22:15:00,0.33704061895551257,0.5667912461279442
2017-10-22 22:30:00,0.33704061895551257,0.5815576255113196
2017-10-22 22:45:00,0.33545454545454545,0.5967492958816963
2017-10-22 23:00:00,0.33545454545454545,0.6073850169245457
2017-10-22 23:15:00,0.9988888888888889,0.5969419908824666
2017-10-22 23:30:00,0.9988888888888889,0.6025095170202944
2017-10-22 23:45:00,0.9988888888888889,0.627792238769258
2017-10-23 00:00:00,0.9988888888888889,0.6044666070310639
2017-10-23 00:15:00,0.9988888888888889,0.613780796939997
2017-10-23 00:30:00,0.9988888888888889,0.6083733274545486
2017-10-23 00:45:00,0.9988888888888889,0.6263805871861693
2017-10-23 01:00:00,0.9988888888888889,0.6355933478986029
2017-10-23 01:15:00,0.9988888888888889,0.6407449057876462
2017-10-23 01:30:00,0.9988888888888889,0.6231187330122879
2017-10-23 01:45:00,0.9988888888888889,0.6181382440652271
2017-10-23 02:00:00,0.9988888888888889,0.6219546766280758
2017-10-23 02:15:00,0.9988888888888889,0.6268906976073366
2017-10-23 02:30:00,0.9988888888888889,0.6216396963543068
2017-10-23 02:45:00,0.9988888888888889,0.6174612089911526
2017-10-23 03:00:00,0.9988888888888889,0.5927635950959033
2017-10-23 03:15:00,0.9988888888888889,0.5922939136753402
2017-10-23 03:30:00,0.9988888888888889,0.5916236062688073
2017-10-23 03:45:00,0.9988888888888889,0.5946386722527074
2017-10-23 04:00:00,0.33545454545454545,0.5849724757869841
2017-10-23 04:15:00,0.3386266924564797,0.5799644789252704
2017-10-23 04:30:00,0.3402127659574468,0.5738379823265732
2017-10-23 04:45:00,0.343384912959381,0.5654623258404949
2017-10-23 05:00:00,0.35448742746615086,0.550770827961341
2017-10-23 05:15:00,0.3608317214700193,0.5420287797950673
2017-10-23 05:30:00,0.36717601547388784,0.5380325060092129
2017-10-23 05:45:00,0.37193423597678915,0.5337019297672432
2017-10-23 06:00:00,0.37510638297872334,0.5274547856592138
2017-10-23 06:15:00,0.37510638297872334,0.5179709886202939
2017-10-23 06:30:00,0.37510638297872334,0.5176965681354657
2017-10-23 06:45:00,0.37510638297872334,0.5227508343882087
2017-10-23 07:00:00,0.37510638297872334,0.5158155472590474
2017-10-23 07:15:00,0.37510638297872334,0.5166075072120998
2017-10-23 07:30:00,0.37510638297872334,0.5127609982133633
2017-10-23 07:45:00,0.37510638297872334,0.5026204859381239
2017-10-23 08:00:00,0.37510638297872334,0.4980928145476835
2017-10-23 08:15:00,0.37510638297872334,0.4900797341116833
2017-10-23 08:30:00,0.37510638297872334,0.4810139847497557
2017-10-23 08:45:00,0.37510638297872334,0.4722254367153614
2017-10-23 09:00:00,0.37510638297872334,0.4641980822845342
2017-10-23 09:15:00,0.37510638297872334,0.46206666648230743
2017-10-23 09:30:00,0.37510638297872334,0.45798531614172827
2017-10-23 09:45:00,0.37510638297872334,0.45457188285565314
2017-10-23 10:00:00,0.37510638297872334,0.4502114102745558
2017-10-23 10:15:00,0.37510638297872334,0.4512762855924678
2017-10-23 10:30:00,0.37510638297872334,0.45301805191822586
2017-10-23 10:45:00,0.37510638297872334,0.4528140257427604
2017-10-23 11:00:00,0.37510638297872334,0.4539832591952571
2017-10-23 11:15:00,0.37510638297872334,0.45526219166821474
2017-10-23 11:30:00,0.37510638297872334,0.4562200251859241
2017-10-23 11:45:00,0.37510638297872334,0.45850593645817406
2017-10-23 12:00:00,0.37510638297872334,0.4594800865045866
2017-10-23 12:15:00,0.37510638297872334,0.4614435321133043
2017-10-23 12:30:00,0.37510638297872334,0.46521730444727577
2017-10-23 12:45:00,0.37510638297872334,0.4716425410580338
2017-10-23 13:00:00,0.37510638297872334,0.47395638476206026
2017-10-23 13:15:00,0.37510638297872334,0.47843587380452846
2017-10-23 13:30:00,0.37510638297872334,0.48387122601749527
2017-10-23 13:45:00,0.37510638297872334,0.4868013240172828
2017-10-23 14:00:00,0.37510638297872334,0.4909387020570692
2017-10-23 14:15:00,0.37510638297872334,0.4936299450776314
2017-10-23 14:30:00,0.37510638297872334,0.49828671793540275
2017-10-23 14:45:00,0.37510638297872334,0.5015081666965656
2017-10-23 15:00:00,0.37510638297872334,0.5044466225170411
2017-10-23 15:15:00,0.37510638297872334,0.5101892782753896
2017-10-23 15:30:00,0.3766924564796905,0.5151747826207037
2017-10-23 15:45:00,0.3814506769825919,0.5193015310705635
2017-10-23 16:00:00,0.38303675048355895,0.5260961185254089
2017-10-23 16:15:00,0.38303675048355895,0.5271613270421409
2017-10-23 16:30:00,0.3846228239845261,0.5254905202613172
2017-10-23 16:45:00,0.3846228239845261,0.5120110438294935
2017-10-23 17:00:00,0.3846228239845261,0.5019571860355894
2017-10-23 17:15:00,0.3846228239845261,0.5014663177357288
2017-10-23 17:30:00,0.3846228239845261,0.4799738507409466
2017-10-23 17:45:00,0.3846228239845261,0.47793422967832894
2017-10-23 18:00:00,0.3846228239845261,0.47724266571062535
2017-10-23 18:15:00,0.3846228239845261,0.49583488193518266
2017-10-23 18:30:00,0.3846228239845261,0.49811366837937016
2017-10-23 18:45:00,0.3846228239845261,0.5089702470902083
2017-10-23 19:00:00,0.3846228239845261,0.5139919383879769
2017-10-23 19:15:00,0.3846228239845261,0.5147761174553207
2017-10-23 19:30:00,0.3846228239845261,0.5199303206658764
2017-10-23 19:45:00,0.3766924564796905,0.5292331052800123
2017-10-23 20:00:00,0.37510638297872334,0.5307729876261189
2017-10-23 20:15:00,0.37034816247582203,0.5361171816929033
2017-10-23 20:30:00,0.37034816247582203,0.5315441915522859
2017-10-23 20:45:00,0.36717601547388784,0.5343349513051577
2017-10-23 21:00:00,0.36558994197292066,0.5337805021288057
2017-10-23 21:15:00,0.3608317214700193,0.5301625208305388
2017-10-23 21:30:00,0.356073500967118,0.5281210615777832
2017-10-23 21:45:00,0.3497292069632495,0.52549573113897
2017-10-23 22:00:00,0.3417988394584139,0.5239025879007458
2017-10-23 22:15:00,0.3417988394584139,0.5313029623721691
2017-10-23 22:30:00,0.3417988394584139,0.5352030182228421
2017-10-23 22:45:00,0.3417988394584139,0.5393183136601996
2017-10-23 23:00:00,0.3386266924564797,0.5484232179344203
2017-10-23 23:15:00,0.9988888888888889,0.5444210545296955
2017-10-23 23:30:00,0.9988888888888889,0.5349643588923558
2017-10-23 23:45:00,0.9988888888888889,0.5482112299559884
2017-10-24 00:00:00,0.9988888888888889,0.5174037373406987
2017-10-24 00:15:00,0.9988888888888889,0.5183518483922059
2017-10-24 00:30:00,0.9988888888888889,0.5259951734365049
2017-10-24 00:45:00,0.9988888888888889,0.5385860405421531
2017-10-24 01:00:00,0.9988888888888889,0.5504170388375955
2017-10-24 01:15:00,0.9988888888888889,0.5477291760329428
2017-10-24 01:30:00,0.9988888888888889,0.5345186555960189
2017-10-24 01:45:00,0.9988888888888889,0.5393973597347462
2017-10-24 02:00:00,0.9988888888888889,0.5443852100533012
2017-10-24 02:15:00,0.9988888888888889,0.5409082762417111
2017-10-24 02:30:00,0.9988888888888889,0.5410507892337274
2017-10-24 02:45:00,0.9988888888888889,0.5377839458907923
2017-10-24 03:00:00,0.9988888888888889,0.5385297118616759
2017-10-24 03:15:00,0.9988888888888889,0.5266404838758184
2017-10-24 03:30:00,0.9988888888888889,0.5386322337727627
2017-10-24 03:45:00,0.9988888888888889,0.5452815299395951
2017-10-24 04:00:00,0.3386266924564797,0.5535286340153608
2017-10-24 04:15:00,0.3402127659574468,0.5501397750243628
2017-10-24 04:30:00,0.343384912959381,0.5455802200886878
2017-10-24 04:45:00,0.3481431334622824,0.5395748624156379
2017-10-24 05:00:00,0.3624177949709865,0.5290330976098089
2017-10-24 05:15:00,0.3640038684719536,0.5239308150262322
2017-10-24 05:30:00,0.3640038684719536,0.5141802497169291
2017-10-24 05:45:00,0.3640038684719536,0.4986304600563746
2017-10-24 06:00:00,0.3640038684719536,0.4944870946850072
2017-10-24 06:15:00,0.3640038684719536,0.47687362027248625
2017-10-24 06:30:00,0.3640038684719536,0.46916939585610684
2017-10-24 06:45:00,0.3640038684719536,0.46498451697446763
2017-10-24 07:00:00,0.3640038684719536,0.4585086803378987
2017-10-24 07:15:00,0.3640038684719536,0.4564566465546309
2017-10-24 07:30:00,0.4536363636363636,0.4693131592359466
2017-10-24 07:45:00,0.3640038684719536,0.4629318821575313
2017-10-24 08:00:00,0.3640038684719536,0.4594729232961111
2017-10-24 08:15:00,0.3481431334622824,0.4439317924610879
2017-10-24 08:30:00,0.3402127659574468,0.4273935588378552
2017-10-24 08:45:00,0.9988888888888889,0.4056256733521927
2017-10-24 09:00:00,0.9988888888888889,0.36377644749222954
2017-10-24 09:15:00,0.9988888888888889,0.36109816925790095
2017-10-24 09:30:00,0.9988888888888889,0.3583671986992279
2017-10-24 09:45:00,0.9988888888888889,0.3547269071493946
2017-10-24 10:00:00,0.9988888888888889,0.34655161562570447
2017-10-24 10:15:00,0.9988888888888889,0.325389692016
2017-10-24 10:30:00,0.9988888888888889,0.33169996430873705
2017-10-24 10:45:00,0.9988888888888889,0.33628131279085277
2017-10-24 11:00:00,0.9988888888888889,0.33769946921733773
2017-10-24 11:15:00,0.9988888888888889,0.324235484180158
2017-10-24 11:30:00,0.9988888888888889,0.3161979342656019
2017-10-24 11:45:00,0.9988888888888889,0.31708585581585924
2017-10-24 12:00:00,0.9988888888888889,0.31688725935174694
2017-10-24 12:15:00,0.9988888888888889,0.3183843846569288
2017-10-24 12:30:00,0.9988888888888889,0.3235103600189744
2017-10-24 12:45:00,0.9988888888888889,0.3254338526207552
2017-10-24 13:00:00,0.9988888888888889,0.32163305140618637
2017-10-24 13:15:00,0.9988888888888889,0.3264129903977307
2017-10-24 13:30:00,0.9988888888888889,0.33029710790170314
2017-10-24 13:45:00,0.9988888888888889,0.3329888370957019
2017-10-24 14:00:00,0.9988888888888889,0.3365797809347655
2017-10-24 14:15:00,0.9988888888888889,0.3429780973392776
2017-10-24 14:30:00,0.9988888888888889,0.3463564985411579
2017-10-24 14:45:00,0.9988888888888889,0.3534913232692184
2017-10-24 15:00:00,0.9988888888888889,0.36840260864528557
2017-10-24 15:15:00,0.9988888888888889,0.3889772094015551
2017-10-24 15:30:00,0.9988888888888889,0.4095703016274408
2017-10-24 15:45:00,0.9988888888888889,0.4260025647886442
2017-10-24 16:00:00,0.33704061895551257,0.43992103993070353
2017-10-24 16:15:00,0.343384912959381,0.43802984840364667
2017-10-24 16:30:00,0.3481431334622824,0.43667177714597616
2017-10-24 16:45:00,0.3481431334622824,0.43578471839290084
2017-10-24 17:00:00,0.3481431334622824,0.42359844376416295
2017-10-24 17:15:00,0.3481431334622824,0.4094668411784717
2017-10-24 17:30:00,0.3481431334622824,0.4035396187932195
2017-10-24 17:45:00,0.3481431334622824,0.4020420407973977
2017-10-24 18:00:00,0.3481431334622824,0.3982897102536395
2017-10-24 18:15:00,0.3481431334622824,0.39863963934190855
2017-10-24 18:30:00,0.3481431334622824,0.41836968004661756
2017-10-24 18:45:00,0.3481431334622824,0.409665696730594
2017-10-24 19:00:00,0.3481431334622824,0.4227760228972382
2017-10-24 19:15:00,0.3481431334622824,0.4230923607407349
2017-10-24 19:30:00,0.3449709864603482,0.4315129848497878
2017-10-24 19:45:00,0.3449709864603482,0.43165958787506997
2017-10-24 20:00:00,0.3449709864603482,0.43078045123318165
2017-10-24 20:15:00,0.3449709864603482,0.43527899358787114
2017-10-24 20:30:00,0.3449709864603482,0.43983280167709726
2017-10-24 20:45:00,0.3402127659574468,0.44570375029827697
2017-10-24 21:00:00,0.33704061895551257,0.4512569553153159
2017-10-24 21:15:00,0.9988888888888889,0.4456081974039558
2017-10-24 21:30:00,0.9988888888888889,0.43028179126541355
2017-10-24 21:45:00,0.9988888888888889,0.4005688101546062
2017-10-24 22:00:00,0.9988888888888889,0.3411558489192548
2017-10-24 22:15:00,0.9988888888888889,0.3451541980250695
2017-10-24 22:30:00,0.9988888888888889,0.3338796270509543
2017-10-24 22:45:00,0.9988888888888889,0.3255850339735573
2017-10-24 23:00:00,0.9988888888888889,0.333390155643368
2017-10-24 23:15:00,0.9988888888888889,0.35127416112815885
2017-10-24 23:30:00,0.9988888888888889,0.355438776972785
2017-10-24 23:45:00,0.9988888888888889,0.37925629863067273
2017-10-25 00:00:00,0.9988888888888889,0.40407510215431186
2017-10-25 00:15:00,0.9988888888888889,0.40926517150565983
2017-10-25 00:30:00,0.9988888888888889,0.41157199682310475
2017-10-25 00:45:00,0.9988888888888889,0.4142890497795405
2017-10-25 01:00:00,0.9988888888888889,0.4106193892044538
2017-10-25 01:15:00,0.9988888888888889,0.3943285664729847
2017-10-25 01:30:00,0.9988888888888889,0.38115834766900686
2017-10-25 01:45:00,0.9988888888888889,0.3801541177887738
2017-10-25 02:00:00,0.9988888888888889,0.3784046505140649
2017-10-25 02:15:00,0.9988888888888889,0.36411823776270896
2017-10-25 02:30:00,0.9988888888888889,0.35811364734079654
2017-10-25 02:45:00,0.9988888888888889,0.35567116049683906
2017-10-25 03:00:00,0.9988888888888889,0.3541153658872334
2017-10-25 03:15:00,0.9988888888888889,0.352738283182435
2017-10-25 03:30:00,0.9988888888888889,0.3490848716827178
2017-10-25 03:45:00,0.9988888888888889,0.34443484532483354
2017-10-25 04:00:00,0.9988888888888889,0.33778910968595066
2017-10-25 04:15:00,0.9988888888888889,0.3310007202641793
2017-10-25 04:30:00,0.9988888888888889,0.33521220137575597
2017-10-25 04:45:00,0.9988888888888889,0.3589011424274055
2017-10-25 05:00:00,0.9988888888888889,0.39030397512962084
2017-10-25 05:15:00,0.9988888888888889,0.4017567925542672
2017-10-25 05:30:00,0.9988888888888889,0.4098168202554244
2017-10-25 05:45:00,0.9988888888888889,0.41961632729866055
2017-10-25 06:00:00,0.9988888888888889,0.42532054640945366
2017-10-25 06:15:00,0.9988888888888889,0.4202487250286483
2017-10-25 06:30:00,0.9988888888888889,0.4143891187115092
2017-10-25 06:45:00,0.9988888888888889,0.4116863937983977
2017-10-25 07:00:00,0.9988888888888889,0.4080166265758064
2017-10-25 07:15:00,0.9988888888888889,0.3913848288676017
2017-10-25 07:30:00,0.9988888888888889,0.38410310595766944
2017-10-25 07:45:00,0.9988888888888889,0.3713412774838509
2017-10-25 08:00:00,0.9988888888888889,0.3550916745373682
2017-10-25 08:15:00,0.9988888888888889,0.3468297422141816
2017-10-25 08:30:00,0.9988888888888889,0.3354803614305248
2017-10-25 08:45:00,0.9988888888888889,0.3251532612739847
2017-10-25 09:00:00,0.9988888888888889,0.31370025236327187
2017-10-25 09:15:00,0.9988888888888889,0.28831882632507017
2017-10-25 09:30:00,0.9988888888888889,0.27093996888885924
2017-10-25 09:45:00,0.9988888888888889,0.26603546564519237
2017-10-25 10:00:00,0.9988888888888889,0.2675275425751388
2017-10-25 10:15:00,0.9988888888888889,0.25858650076234163
2017-10-25 10:30:00,0.9988888888888889,0.2528463410830365
2017-10-25 10:45:00,0.9988888888888889,0.25411396159698263
2017-10-25 11:00:00,0.9988888888888889,0.26182268637486167
2017-10-25 11:15:00,0.9988888888888889,0.2578458208659782
2017-10-25 11:30:00,0.9988888888888889,0.2629541055551051
2017-10-25 11:45:00,0.9988888888888889,0.2744083640859933
2017-10-25 12:00:00,0.9988888888888889,0.2860171929015477
2017-10-25 12:15:00,0.9988888888888889,0.29350064947944765
2017-10-25 12:30:00,0.9988888888888889,0.2921600216088292
2017-10-25 12:45:00,0.9988888888888889,0.29347728460991424
2017-10-25 13:00:00,0.9988888888888889,0.29894206381666405
2017-10-25 13:15:00,0.9988888888888889,0.3230012600356753
2017-10-25 13:30:00,0.9988888888888889,0.3390231745460926
2017-10-25 13:45:00,0.9988888888888889,0.36436493446723633
2017-10-25 14:00:00,0.9988888888888889,0.39313035574351535
2017-10-25 14:15:00,0.9988888888888889,0.40527726978458584
2017-10-25 14:30:00,0.33545454545454545,0.42066997715283516
2017-10-25 14:45:00,0.33704061895551257,0.4284506962857407
2017-10-25 15:00:00,0.3386266924564797,0.4362863137497261
2017-10-25 15:15:00,0.3449709864603482,0.4474766386525701
2017-10-25 15:30:00,0.3513152804642166,0.46049995281923145
2017-10-25 15:45:00,0.3624177949709865,0.47024684114945475
2017-10-25 16:00:00,0.3687620889748549,0.4821547150593077
2017-10-25 16:15:00,0.3687620889748549,0.4822410714878749
2017-10-25 16:30:00,0.37193423597678915,0.47815194831828967
2017-10-25 16:45:00,0.37193423597678915,0.4723577219571248
2017-10-25 17:00:00,0.37193423597678915,0.47453310600734533
2017-10-25 17:15:00,0.37193423597678915,0.47457110885754755
2017-10-25 17:30:00,0.37193423597678915,0.462229986123113
2017-10-25 17:45:00,0.37193423597678915,0.46159896640438863
2017-10-25 18:00:00,0.37193423597678915,0.45872899172211795
2017-10-25 18:15:00,0.37193423597678915,0.4564919820267845
2017-10-25 18:30:00,0.37193423597678915,0.45607380631678335
2017-10-25 18:45:00,0.37193423597678915,0.45591949410182914
2017-10-25 19:00:00,0.37193423597678915,0.46894204113950877
2017-10-25 19:15:00,0.37193423597678915,0.48312542628162997
2017-10-25 19:30:00,0.36717601547388784,0.488033179871465
2017-10-25 19:45:00,0.3608317214700193,0.4866673928633665
2017-10-25 20:00:00,0.356073500967118,0.4866114274344092
2017-10-25 20:15:00,0.356073500967118,0.48666908724243557
2017-10-25 20:30:00,0.35290135396518374,0.4883596449397952
2017-10-25 20:45:00,0.3513152804642166,0.491108735688875
2017-10-25 21:00:00,0.34655705996131525,0.4941841560957611
2017-10-25 21:15:00,0.34655705996131525,0.4950902713786914
2017-10-25 21:30:00,0.33704061895551257,0.5021320738210494
2017-10-25 21:45:00,0.33545454545454545,0.5053376658988168
2017-10-25 22:00:00,0.33545454545454545,0.5027080471923782
2017-10-25 22:15:00,0.33545454545454545,0.5070664226684938
2017-10-25 22:30:00,0.9988888888888889,0.5107525018480013
2017-10-25 22:45:00,0.9988888888888889,0.5084017505496045
2017-10-25 23:00:00,0.9988888888888889,0.5081404443160132
2017-10-25 23:15:00,0.9988888888888889,0.49424808056321134
2017-10-25 23:30:00,0.9988888888888889,0.5020876996643253
2017-10-25 23:45:00,0.9988888888888889,0.522264580361387
2017-10-26 00:00:00,0.9988888888888889,0.5145447482978017
2017-10-26 00:15:00,0.9988888888888889,0.5169633357142824
2017-10-26 00:30:00,0.9988888888888889,0.5196073469795013
2017-10-26 00:45:00,0.9988888888888889,0.5255676468490909
2017-10-26 01:00:00,0.9988888888888889,0.524469063595401
2017-10-26 01:15:00,0.9988888888888889,0.5262291844745294
2017-10-26 01:30:00,0.9988888888888889,0.5286148047628761
2017-10-26 01:45:00,0.9988888888888889,0.5259993053564398
2017-10-26 02:00:00,0.9988888888888889,0.5272592597342367
2017-10-26 02:15:00,0.9988888888888889,0.5332036663108988
2017-10-26 02:30:00,0.9988888888888889,0.5392633856598248
2017-10-26 02:45:00,0.9988888888888889,0.5413095823224932
2017-10-26 03:00:00,0.9988888888888889,0.5368555782988134
2017-10-26 03:15:00,0.9988888888888889,0.5218147920338333
2017-10-26 03:30:00,0.9988888888888889,0.5186349046713408
2017-10-26 03:45:00,0.9988888888888889,0.5187047942982458
2017-10-26 04:00:00,0.9988888888888889,0.5214088244128808
2017-10-26 04:15:00,0.9988888888888889,0.5291050530137695
2017-10-26 04:30:00,0.33545454545454545,0.5343109400467594
2017-10-26 04:45:00,0.3402127659574468,0.5354530215888544
2017-10-26 05:00:00,0.3497292069632495,0.5323470389261405
2017-10-26 05:15:00,0.356073500967118,0.5290643274412692
2017-10-26 05:30:00,0.37986460348162476,0.526916825827172
2017-10-26 05:45:00,0.37986460348162476,0.5253521719531828
2017-10-26 06:00:00,0.37986460348162476,0.5229904994055121
2017-10-26 06:15:00,0.37986460348162476,0.5191697412629532
2017-10-26 06:30:00,0.37986460348162476,0.5097752638766425
2017-10-26 06:45:00,0.37986460348162476,0.5083379202226775
2017-10-26 07:00:00,0.37986460348162476,0.5075704355917129
2017-10-26 07:15:00,0.37986460348162476,0.5061589437950672
2017-10-26 07:30:00,0.37986460348162476,0.5059236398666539
2017-10-26 07:45:00,0.37986460348162476,0.5027489153424837
2017-10-26 08:00:00,0.37986460348162476,0.5012071903404888
2017-10-26 08:15:00,0.37986460348162476,0.4907202806225874
2017-10-26 08:30:00,0.37827852998065764,0.4814605947658952
2017-10-26 08:45:00,0.37827852998065764,0.47275612757975616
2017-10-26 09:00:00,0.37827852998065764,0.4641614661591238
2017-10-26 09:15:00,0.37827852998065764,0.46065451027234383
2017-10-26 09:30:00,0.37827852998065764,0.45814492924941497
2017-10-26 09:45:00,0.37827852998065764,0.45464953571434324
2017-10-26 10:00:00,0.37827852998065764,0.45131710938809966
2017-10-26 10:15:00,0.37827852998065764,0.4487517186447632
2017-10-26 10:30:00,0.37827852998065764,0.44662064946584046
2017-10-26 10:45:00,0.37827852998065764,0.44378242075649876
2017-10-26 11:00:00,0.37827852998065764,0.4412009232228946
2017-10-26 11:15:00,0.37827852998065764,0.43825362571249227
2017-10-26 11:30:00,0.37827852998065764,0.4383891332555611
2017-10-26 11:45:00,0.37827852998065764,0.43741924144703104
2017-10-26 12:00:00,0.37827852998065764,0.4436365429751178
2017-10-26 12:15:00,0.37827852998065764,0.4417341875355326
2017-10-26 12:30:00,0.37827852998065764,0.4454430484600171
2017-10-26 12:45:00,0.37827852998065764,0.45732702296101496
2017-10-26 13:00:00,0.37827852998065764,0.458265614365128
2017-10-26 13:15:00,0.37827852998065764,0.46387751569454844
2017-10-26 13:30:00,0.37827852998065764,0.46986063055865684
2017-10-26 13:45:00,0.37827852998065764,0.47314987115848917
2017-10-26 14:00:00,0.37827852998065764,0.4773770800979485
2017-10-26 14:15:00,0.37827852998065764,0.47838909148625974
2017-10-26 14:30:00,0.37827852998065764,0.480016044271516
2017-10-26 14:45:00,0.37827852998065764,0.4821718804971979
2017-10-26 15:00:00,0.37827852998065764,0.48659202347479363
2017-10-26 15:15:00,0.37827852998065764,0.48861401478339755
2017-10-26 15:30:00,0.37827852998065764,0.490771780149655
2017-10-26 15:45:00,0.37827852998065764,0.49163755583356483
2017-10-26 16:00:00,0.37827852998065764,0.4895940078848546
2017-10-26 16:15:00,0.37827852998065764,0.49991535187257186
2017-10-26 16:30:00,0.39096711798839456,0.5035584842162081
2017-10-26 16:45:00,0.39096711798839456,0.5116512328963957
2017-10-26 17:00:00,0.39096711798839456,0.5157765666289259
2017-10-26 17:15:00,0.39096711798839456,0.49708808928136583
2017-10-26 17:30:00,0.39096711798839456,0.4897363765763823
2017-10-26 17:45:00,0.39096711798839456,0.4811253565314651
2017-10-26 18:00:00,0.39096711798839456,0.4835988292125847
2017-10-26 18:15:00,0.39096711798839456,0.4887157539674445
2017-10-26 18:30:00,0.39096711798839456,0.4951837069970193
2017-10-26 18:45:00,0.39096711798839456,0.49041672000474135
2017-10-26 19:00:00,0.39096711798839456,0.5096063797580151
2017-10-26 19:15:00,0.39096711798839456,0.528355058028366
2017-10-26 19:30:00,0.3893810444874275,0.5276319464649366
2017-10-26 19:45:00,0.3877949709864604,0.52511809247909
2017-10-26 20:00:00,0.38620889748549325,0.5244523105122281
2017-10-26 20:15:00,0.37827852998065764,0.5220010592355154
2017-10-26 20:30:00,0.37352030947775633,0.5202997254145517
2017-10-26 20:45:00,0.36717601547388784,0.5177173787587944
2017-10-26 21:00:00,0.3640038684719536,0.5133965091272814
2017-10-26 21:15:00,0.3640038684719536,0.5144623022745419
2017-10-26 21:30:00,0.3640038684719536,0.5159677521044324
2017-10-26 21:45:00,0.3640038684719536,0.5193001081877435
2017-10-26 22:00:00,0.3640038684719536,0.5319395570483365
2017-10-26 22:15:00,0.3640038684719536,0.5397039629725002
2017-10-26 22:30:00,0.3640038684719536,0.5373849138846549
2017-10-26 22:45:00,0.3640038684719536,0.5414500614239298
2017-10-26 23:00:00,0.3640038684719536,0.5507243093569799
2017-10-26 23:15:00,0.3640038684719536,0.5532170779513151
2017-10-26 23:30:00,0.3640038684719536,0.5513654752859314
2017-10-26 23:45:00,0.3640038684719536,0.5581109157694906
2017-10-27 00:00:00,0.37510638297872334,0.5686249409823281
2017-10-27 00:15:00,0.37510638297872334,0.5726936925130092
2017-10-27 00:30:00,0.37510638297872334,0.5797750566723041
2017-10-27 00:45:00,0.37510638297872334,0.5848237788792356
2017-10-27 01:00:00,0.37510638297872334,0.5939636927968095
2017-10-27 01:15:00,0.37510638297872334,0.5952453436652719
2017-10-27 01:30:00,0.37510638297872334,0.5995827302731538
2017-10-27 01:45:00,0.37510638297872334,0.5977644659599431
2017-10-27 02:00:00,0.37510638297872334,0.5992371713522188
2017-10-27 02:15:00,0.37510638297872334,0.5994099123129997
2017-10-27 02:30:00,0.37510638297872334,0.5952912223909262
2017-10-27 02:45:00,0.37510638297872334,0.5931835768883423
2017-10-27 03:00:00,0.37510638297872334,0.5992809772136257
2017-10-27 03:15:00,0.37510638297872334,0.5914022453125353
2017-10-27 03:30:00,0.37510638297872334,0.5922225878380575
2017-10-27 03:45:00,0.37510638297872334,0.5932933077267104
2017-10-27 04:00:00,0.37510638297872334,0.5908193232731548
2017-10-27 04:15:00,0.37510638297872334,0.5820503266411629
2017-10-27 04:30:00,0.37510638297872334,0.5711389046143659
2017-10-27 04:45:00,0.37510638297872334,0.5605731571861724
2017-10-27 05:00:00,0.37510638297872334,0.545841099006764
2017-10-27 05:15:00,0.37510638297872334,0.537086692514298
2017-10-27 05:30:00,0.37510638297872334,0.5324427735749078
2017-10-27 05:45:00,0.37510638297872334,0.5227167023908299
2017-10-27 06:00:00,0.37510638297872334,0.5051227730276355
2017-10-27 06:15:00,0.37510638297872334,0.49736138858105333
2017-10-27 06:30:00,0.37510638297872334,0.48657420558945164
2017-10-27 06:45:00,0.37510638297872334,0.4799684305089608
2017-10-27 07:00:00,0.37510638297872334,0.4754800252524877
2017-10-27 07:15:00,0.37510638297872334,0.4765888206257537
2017-10-27 07:30:00,0.37510638297872334,0.4751558553887609
2017-10-27 07:45:00,0.37510638297872334,0.4737100151863077
2017-10-27 08:00:00,0.37352030947775633,0.4864526134785143
2017-10-27 08:15:00,0.37193423597678915,0.4776383563618207
2017-10-27 08:30:00,0.37034816247582203,0.47036801095471337
2017-10-27 08:45:00,0.3608317214700193,0.46632556396337566
2017-10-27 09:00:00,0.3576595744680851,0.4576450194862089
2017-10-27 09:15:00,0.35448742746615086,0.45164609556493307
2017-10-27 09:30:00,0.35448742746615086,0.4425567302115934
2017-10-27 09:45:00,0.35290135396518374,0.4357419621175823
2017-10-27 10:00:00,0.34655705996131525,0.43081244842628497
2017-10-27 10:15:00,0.343384912959381,0.4309270230444601
2017-10-27 10:30:00,0.3386266924564797,0.43149151737936553
2017-10-27 10:45:00,0.3386266924564797,0.4308789689775255
2017-10-27 11:00:00,0.33704061895551257,0.4305187762429558
2017-10-27 11:15:00,0.33704061895551257,0.4238755407235332
2017-10-27 11:30:00,0.9988888888888889,0.41358325387529893
2017-10-27 11:45:00,0.9988888888888889,0.41419999872418295
2017-10-27 12:00:00,0.9988888888888889,0.41056898114667845
2017-10-27 12:15:00,0.9988888888888889,0.40392251761070014
2017-10-27 12:30:00,0.9988888888888889,0.4052546381005967
2017-10-27 12:45:00,0.9988888888888889,0.40916463138485176
2017-10-27 13:00:00,0.9988888888888889,0.4224362414339935
2017-10-27 13:15:00,0.9988888888888889,0.4247364488920398
2017-10-27 13:30:00,0.9988888888888889,0.4186247581577826
2017-10-27 13:45:00,0.9988888888888889,0.422154619302977
2017-10-27 14:00:00,0.9988888888888889,0.43584932385359276
2017-10-27 14:15:00,0.9988888888888889,0.4424059830864832
2017-10-27 14:30:00,0.9988888888888889,0.4401524903416818
2017-10-27 14:45:00,0.9988888888888889,0.4365553188463756
2017-10-27 15:00:00,0.9988888888888889,0.43261129165727136
2017-10-27 15:15:00,0.9988888888888889,0.4387276949393614
2017-10-27 15:30:00,0.9988888888888889,0.45275324226351177
2017-10-27 15:45:00,0.343384912959381,0.45961856756485414
2017-10-27 16:00:00,0.3497292069632495,0.4665741324553111
2017-10-27 16:15:00,0.3513152804642166,0.4672524904191267
2017-10-27 16:30:00,0.3513152804642166,0.4648446862017779
2017-10-27 16:45:00,0.3513152804642166,0.45997641127708794
2017-10-27 17:00:00,0.3513152804642166,0.44895716767317334
2017-10-27 17:15:00,0.3513152804642166,0.4378513285492635
2017-10-27 17:30:00,0.3513152804642166,0.42879284917195365
2017-10-27 17:45:00,0.3513152804642166,0.44293959353604767
2017-10-27 18:00:00,0.3513152804642166,0.4477997354688263
2017-10-27 18:15:00,0.3513152804642166,0.44739757529143115
2017-10-27 18:30:00,0.3513152804642166,0.4576503666381441
2017-10-27 18:45:00,0.3513152804642166,0.4607741090567491
2017-10-27 19:00:00,0.3513152804642166,0.46953240859487244
2017-10-27 19:15:00,0.3481431334622824,0.47929827572695144
2017-10-27 19:30:00,0.3481431334622824,0.4834605373926469
2017-10-27 19:45:00,0.4536363636363636,0.48919743960624124
2017-10-27 20:00:00,0.3449709864603482,0.494038928408429
2017-10-27 20:15:00,0.4536363636363636,0.49227889772397737
2017-10-27 20:30:00,0.9988888888888889,0.4824035174599088
2017-10-27 20:45:00,0.9988888888888889,0.4632279502217444
2017-10-27 21:00:00,0.9988888888888889,0.4559969063429292
2017-10-27 21:15:00,0.9988888888888889,0.45599262004873237
2017-10-27 21:30:00,0.9988888888888889,0.4654096786770971
2017-10-27 21:45:00,0.9988888888888889,0.4662202000787585
2017-10-27 22:00:00,0.9988888888888889,0.4657330294454246
2017-10-27 22:15:00,0.9988888888888889,0.4698256975037576
2017-10-27 22:30:00,0.9988888888888889,0.47666490910724746
2017-10-27 22:45:00,0.9988888888888889,0.4848240917897317
2017-10-27 23:00:00,0.9988888888888889,0.4911220412920706
2017-10-27 23:15:00,0.9988888888888889,0.49515647509661453
2017-10-27 23:30:00,0.9988888888888889,0.49621946268984163
2017-10-27 23:45:00,0.9988888888888889,0.5027852406436739
2017-10-28 00:00:00,0.9988888888888889,0.5066004893823303
2017-10-28 00:15:00,0.9988888888888889,0.49535940258379685
2017-10-28 00:30:00,0.9988888888888889,0.4940430328086178
2017-10-28 00:45:00,0.9988888888888889,0.4962885992074328
2017-10-28 01:00:00,0.9988888888888889,0.5008733922211029
2017-10-28 01:15:00,0.9988888888888889,0.5017777641998489
2017-10-28 01:30:00,0.9988888888888889,0.5047011196747283
2017-10-28 01:45:00,0.9988888888888889,0.5040974802524717
2017-10-28 02:00:00,0.9988888888888889,0.4998520671891173
2017-10-28 02:15:00,0.9988888888888889,0.5048954420839985
2017-10-28 02:30:00,0.9988888888888889,0.5116152252863947
2017-10-28 02:45:00,0.9988888888888889,0.4975617810980666
2017-10-28 03:00:00,0.9988888888888889,0.48924623142064716
2017-10-28 03:15:00,0.9988888888888889,0.4871398254586895
2017-10-28 03:30:00,0.9988888888888889,0.4867545542172511
2017-10-28 03:45:00,0.9988888888888889,0.49139436708617135
2017-10-28 04:00:00,0.9988888888888889,0.4960144575166218
2017-10-28 04:15:00,0.9988888888888889,0.4963654841955602
2017-10-28 04:30:00,0.9988888888888889,0.4943658787351099
2017-10-28 04:45:00,0.9988888888888889,0.5023881457992994
2017-10-28 05:00:00,0.9988888888888889,0.5012163077912364
2017-10-28 05:15:00,0.9988888888888889,0.5181037132376181
2017-10-28 05:30:00,0.9988888888888889,0.5328082713765223
2017-10-28 05:45:00,0.9988888888888889,0.5494089830980934
2017-10-28 06:00:00,0.9988888888888889,0.5434330601510029
2017-10-28 06:15:00,0.9988888888888889,0.5355389943721998
2017-10-28 06:30:00,0.9988888888888889,0.5264373634794467
2017-10-28 06:45:00,0.9988888888888889,0.5143762322369593
2017-10-28 07:00:00,0.9988888888888889,0.5176548300712439
2017-10-28 07:15:00,0.9988888888888889,0.5175146628590894
2017-10-28 07:30:00,0.9988888888888889,0.49994981722910287
2017-10-28 07:45:00,0.9988888888888889,0.4951891465779022
2017-10-28 08:00:00,0.9988888888888889,0.4869512254971502
2017-10-28 08:15:00,0.9988888888888889,0.47126867472347533
2017-10-28 08:30:00,0.9988888888888889,0.4514048708321523
2017-10-28 08:45:00,0.9988888888888889,0.41480460959846616
2017-10-28 09:00:00,0.9988888888888889,0.3870357006502511
2017-10-28 09:15:00,0.9988888888888889,0.3860897391022834
2017-10-28 09:30:00,0.9988888888888889,0.37545872806715047
2017-10-28 09:45:00,0.9988888888888889,0.36482231632636813
2017-10-28 10:00:00,0.9988888888888889,0.34903479169045254
2017-10-28 10:15:00,0.9988888888888889,0.34375655140278855
2017-10-28 10:30:00,0.9988888888888889,0.3399191417900149
2017-10-28 10:45:00,0.9988888888888889,0.32991883825472684
2017-10-28 11:00:00,0.9988888888888889,0.3294036424499163
2017-10-28 11:15:00,0.9988888888888889,0.3322106493215089
2017-10-28 11:30:00,0.9988888888888889,0.3462906069455377
2017-10-28 11:45:00,0.9988888888888889,0.3397750482914493
2017-10-28 12:00:00,0.9988888888888889,0.34233863069795045
2017-10-28 12:15:00,0.9988888888888889,0.36365513255122084
2017-10-28 12:30:00,0.9988888888888889,0.3730213860923047
2017-10-28 12:45:00,0.9988888888888889,0.3710004895422753
2017-10-28 13:00:00,0.9988888888888889,0.37467777249538464
2017-10-28 13:15:00,0.9988888888888889,0.3658300496306627
2017-10-28 13:30:00,0.9988888888888889,0.36391982749906815
2017-10-28 13:45:00,0.9988888888888889,0.3700646867496454
2017-10-28 14:00:00,0.9988888888888889,0.3827930915821538
2017-10-28 14:15:00,0.9988888888888889,0.422571402396268
2017-10-28 14:30:00,0.9988888888888889,0.4601862828159878
2017-10-28 14:45:00,0.9988888888888889,0.4963994371129234
2017-10-28 15:00:00,0.3402127659574468,0.5158684036127297
2017-10-28 15:15:00,0.3481431334622824,0.5244026618069755
2017-10-28 15:30:00,0.35448742746615086,0.5338501934778772
2017-10-28 15:45:00,0.35924564796905223,0.543620077635676
2017-10-28 16:00:00,0.3687620889748549,0.5495924485333263
2017-10-28 16:15:00,0.37510638297872334,0.5526781097036934
2017-10-28 16:30:00,0.37986460348162476,0.5552313527840078
2017-10-28 16:45:00,0.38620889748549325,0.5529559259440997
2017-10-28 17:00:00,0.38620889748549325,0.5689875398537837
2017-10-28 17:15:00,0.38620889748549325,0.5589785922103142
2017-10-28 17:30:00,0.38620889748549325,0.5341836746253112
2017-10-28 17:45:00,0.38620889748549325,0.5282731260044586
2017-10-28 18:00:00,0.38620889748549325,0.5255977991434659
2017-10-28 18:15:00,0.38620889748549325,0.5351226765600636
2017-10-28 18:30:00,0.38620889748549325,0.5366041881601633
2017-10-28 18:45:00,0.38620889748549325,0.5431084143758819
2017-10-28 19:00:00,0.38620889748549325,0.5710528052544451
2017-10-28 19:15:00,0.38620889748549325,0.5787906502678888
2017-10-28 19:30:00,0.38620889748549325,0.5893712201921215
2017-10-28 19:45:00,0.38620889748549325,0.592499118720593
2017-10-28 20:00:00,0.38620889748549325,0.592716057536231
2017-10-28 20:15:00,0.38620889748549325,0.5803140378779247
2017-10-28 20:30:00,0.3846228239845261,0.5907875749575442
2017-10-28 20:45:00,0.3814506769825919,0.602492518322534
2017-10-28 21:00:00,0.3814506769825919,0.596614111764535
2017-10-28 21:15:00,0.37986460348162476,0.592087835433659
2017-10-28 21:30:00,0.3766924564796905,0.5882921353729816
2017-10-28 21:45:00,0.37193423597678915,0.5862859026930318
2017-10-28 22:00:00,0.3687620889748549,0.5812363732325091
2017-10-28 22:15:00,0.3687620889748549,0.5868920454260088
2017-10-28 22:30:00,0.36558994197292066,0.5973693101453137
2017-10-28 22:45:00,0.3608317214700193,0.6100258263016349
2017-10-28 23:00:00,0.3576595744680851,0.6195189038050656
2017-10-28 23:15:00,0.35290135396518374,0.6245484513548959
2017-10-28 23:30:00,0.35290135396518374,0.6241168850392637
2017-10-28 23:45:00,0.35290135396518374,0.6101251535484715
2017-10-29 00:00:00,0.4536363636363636,0.6108130214140961
2017-10-29 00:15:00,0.3481431334622824,0.6171850966258984
2017-10-29 00:30:00,0.3481431334622824,0.6204349809664251
2017-10-29 00:45:00,0.34655705996131525,0.6273242458850192
2017-10-29 01:00:00,0.3449709864603482,0.6375888283049674
2017-10-29 01:15:00,0.3417988394584139,0.6423596971525221
2017-10-29 01:30:00,0.3417988394584139,0.6423821561332599
2017-10-29 01:45:00,0.3417988394584139,0.6293340534735757
2017-10-29 02:00:00,0.3417988394584139,0.633702884529259
2017-10-29 02:15:00,0.3417988394584139,0.6305651083334094
2017-10-29 02:30:00,0.3417988394584139,0.6366004590124935
2017-10-29 02:45:00,0.3417988394584139,0.6475307834582296
2017-10-29 03:00:00,0.3417988394584139,0.6316890529760663
2017-10-29 03:15:00,0.3417988394584139,0.6205756757213997
2017-10-29 03:30:00,0.3417988394584139,0.6447125833782154
2017-10-29 03:45:00,0.3417988394584139,0.6471038789945067
2017-10-29 04:00:00,0.3417988394584139,0.6487843123275047
2017-10-29 04:15:00,0.3417988394584139,0.640537059302323
2017-10-29 04:30:00,0.3417988394584139,0.6247487232691953
2017-10-29 04:45:00,0.3417988394584139,0.6162447579972571
2017-10-29 05:00:00,0.3417988394584139,0.6177322124711699
2017-10-29 05:15:00,0.3417988394584139,0.6061179929154865
2017-10-29 05:30:00,0.3417988394584139,0.6008191418168538
2017-10-29 05:45:00,0.3417988394584139,0.6041426932873233
2017-10-29 06:00:00,0.3417988394584139,0.5991430077415988
2017-10-29 06:15:00,0.3417988394584139,0.6013833482295539
2017-10-29 06:30:00,0.3417988394584139,0.6082705842206416
2017-10-29 06:45:00,0.3417988394584139,0.5973935366552581
2017-10-29 07:00:00,0.3417988394584139,0.5816939545352854
2017-10-29 07:15:00,0.3417988394584139,0.5747345225684153
2017-10-29 07:30:00,0.3417988394584139,0.5605956136319197
2017-10-29 07:45:00,0.3386266924564797,0.5591728829720445
2017-10-29 08:00:00,0.33545454545454545,0.5493509957610402
2017-10-29 08:15:00,0.9988888888888889,0.5349185950007841
2017-10-29 08:30:00,0.9988888888888889,0.523526273629161
2017-10-29 08:45:00,0.9988888888888889,0.5039740324973161
2017-10-29 09:00:00,0.9988888888888889,0.49042491469737753
2017-10-29 09:15:00,0.9988888888888889,0.4753657057641494
2017-10-29 09:30:00,0.9988888888888889,0.45120217456787887
2017-10-29 09:45:00,0.9988888888888889,0.43073574566330497
2017-10-29 10:00:00,0.9988888888888889,0.4451452990504996
2017-10-29 10:15:00,0.9988888888888889,0.42934239364931454
2017-10-29 10:30:00,0.9988888888888889,0.4225473511522174
2017-10-29 10:45:00,0.9988888888888889,0.42193414576635824
2017-10-29 11:00:00,0.9988888888888889,0.4040367055125464
2017-10-29 11:15:00,0.9988888888888889,0.40336128583157743
2017-10-29 11:30:00,0.9988888888888889,0.4040764310587133
2017-10-29 11:45:00,0.9988888888888889,0.4082087863886154
2017-10-29 12:00:00,0.9988888888888889,0.4135741952500874
2017-10-29 12:15:00,0.9988888888888889,0.4148707673282875
2017-10-29 12:30:00,0.9988888888888889,0.4152623659132594
2017-10-29 12:45:00,0.9988888888888889,0.4158136753492268
2017-10-29 13:00:00,0.9988888888888889,0.4141863986411829
2017-10-29 13:15:00,0.9988888888888889,0.43169876672093327
2017-10-29 13:30:00,0.9988888888888889,0.43759613007957987
2017-10-29 13:45:00,0.9988888888888889,0.4501971452448878
2017-10-29 14:00:00,0.9988888888888889,0.46331911304277046
2017-10-29 14:15:00,0.9988888888888889,0.4882591970370304
2017-10-29 14:30:00,0.9988888888888889,0.5092513973787456
2017-10-29 14:45:00,0.9988888888888889,0.5248959074966899
2017-10-29 15:00:00,0.4536363636363636,0.5344204480501218
2017-10-29 15:15:00,0.4536363636363636,0.5401394102470825
2017-10-29 15:30:00,0.3449709864603482,0.5412682940607103
2017-10-29 15:45:00,0.3481431334622824,0.5424851911024117
2017-10-29 16:00:00,0.35290135396518374,0.5480458165394622
2017-10-29 16:15:00,0.35290135396518374,0.5488686664385106
2017-10-29 16:30:00,0.35924564796905223,0.5444510940544486
2017-10-29 16:45:00,0.3640038684719536,0.5414818831181692
2017-10-29 17:00:00,0.3640038684719536,0.5255697920821613
2017-10-29 17:15:00,0.3640038684719536,0.5275213783428901
2017-10-29 17:30:00,0.3640038684719536,0.5238635414576568
2017-10-29 17:45:00,0.3640038684719536,0.5195232586814348
2017-10-29 18:00:00,0.3640038684719536,0.5106981180692913
2017-10-29 18:15:00,0.3640038684719536,0.5393517460358972
2017-10-29 18:30:00,0.3640038684719536,0.5455452001842223
2017-10-29 18:45:00,0.4536363636363636,0.537826476341239
2017-10-29 19:00:00,0.3640038684719536,0.5258062255972119
2017-10-29 19:15:00,0.3640038684719536,0.5360998060850796
2017-10-29 19:30:00,0.3640038684719536,0.5410959428560614
2017-10-29 19:45:00,0.3640038684719536,0.548725937296406
2017-10-29 20:00:00,0.3640038684719536,0.5630074503272509
2017-10-29 20:15:00,0.4536363636363636,0.5739381977447611
2017-10-29 20:30:00,0.356073500967118,0.5827897995171928
2017-10-29 20:45:00,0.356073500967118,0.5897543939377368
2017-10-29 21:00:00,0.356073500967118,0.5954355525195782
2017-10-29 21:15:00,0.356073500967118,0.5969616133231759
2017-10-29 21:30:00,0.356073500967118,0.5967678492480158
2017-10-29 21:45:00,0.356073500967118,0.5985535624333288
2017-10-29 22:00:00,0.356073500967118,0.6055162879067886
2017-10-29 22:15:00,0.356073500967118,0.6046100602390361
2017-10-29 22:30:00,0.35448742746615086,0.6055511567744026
2017-10-29 22:45:00,0.35448742746615086,0.6117499643924634
2017-10-29 23:00:00,0.35448742746615086,0.6125211435051565
2017-10-29 23:15:00,0.35448742746615086,0.6187267604988261
2017-10-29 23:30:00,0.35448742746615086,0.6264900491999482
2017-10-29 23:45:00,0.35448742746615086,0.6295146003905886
2017-10-30 00:00:00,0.356073500967118,0.6322258800881116
2017-10-30 00:15:00,0.356073500967118,0.6337413777281663
2017-10-30 00:30:00,0.356073500967118,0.6335228946738789
2017-10-30 00:45:00,0.356073500967118,0.6397033258594184
2017-10-30 01:00:00,0.356073500967118,0.6499266333588594
2017-10-30 01:15:00,0.356073500967118,0.652421248168718
2017-10-30 01:30:00,0.356073500967118,0.6597165217367955
2017-10-30 01:45:00,0.356073500967118,0.6624433271125947
2017-10-30 02:00:00,0.356073500967118,0.6654516772760533
2017-10-30 02:15:00,0.356073500967118,0.6611374078729971
2017-10-30 02:30:00,0.356073500967118,0.667480780956927
2017-10-30 02:45:00,0.356073500967118,0.6619006595586564
2017-10-30 03:00:00,0.356073500967118,0.6614875562960081
2017-10-30 03:15:00,0.356073500967118,0.6625931305833856
2017-10-30 03:30:00,0.356073500967118,0.6631523430900788
2017-10-30 03:45:00,0.356073500967118,0.6596159964876505
2017-10-30 04:00:00,0.356073500967118,0.6529517402502878
2017-10-30 04:15:00,0.356073500967118,0.6449098466428561
2017-10-30 04:30:00,0.356073500967118,0.6394855308423358
2017-10-30 04:45:00,0.356073500967118,0.6392413668768396
2017-10-30 05:00:00,0.356073500967118,0.6305991153049711
2017-10-30 05:15:00,0.356073500967118,0.6237110074829327
2017-10-30 05:30:00,0.356073500967118,0.6169268018560633
2017-10-30 05:45:00,0.356073500967118,0.6073949445085701
2017-10-30 06:00:00,0.356073500967118,0.5951767340683934
2017-10-30 06:15:00,0.35924564796905223,0.5934931649314402
2017-10-30 06:30:00,0.3624177949709865,0.5914270478879711
2017-10-30 06:45:00,0.37034816247582203,0.5890093873523137
2017-10-30 07:00:00,0.37352030947775633,0.587714367240959
2017-10-30 07:15:00,0.37352030947775633,0.583499625797736
2017-10-30 07:30:00,0.37352030947775633,0.5797416749281683
2017-10-30 07:45:00,0.37352030947775633,0.569284390855338
2017-10-30 08:00:00,0.37352030947775633,0.5629084701155056
2017-10-30 08:15:00,0.37352030947775633,0.5557753447735743
2017-10-30 08:30:00,0.37352030947775633,0.5512739710696961
2017-10-30 08:45:00,0.37352030947775633,0.5594460992081783
2017-10-30 09:00:00,0.37352030947775633,0.5583699031827528
2017-10-30 09:15:00,0.37352030947775633,0.5536745393490571
2017-10-30 09:30:00,0.37352030947775633,0.554044734794055
2017-10-30 09:45:00,0.37352030947775633,0.5509011225943423
2017-10-30 10:00:00,0.37352030947775633,0.5457795439207072
2017-10-30 10:15:00,0.37352030947775633,0.5421934054712215
2017-10-30 10:30:00,0.37352030947775633,0.5351288949302434
2017-10-30 10:45:00,0.37352030947775633,0.53175194231326
2017-10-30 11:00:00,0.37352030947775633,0.5284357167688712
2017-10-30 11:15:00,0.37352030947775633,0.5203341463393008
2017-10-30 11:30:00,0.37352030947775633,0.5128588674236193
2017-10-30 11:45:00,0.37352030947775633,0.5050343829438598
2017-10-30 12:00:00,0.37352030947775633,0.5031283368552442
2017-10-30 12:15:00,0.37352030947775633,0.5032466943450882
2017-10-30 12:30:00,0.37352030947775633,0.5015333668106262
2017-10-30 12:45:00,0.37352030947775633,0.4909908000819556
2017-10-30 13:00:00,0.37352030947775633,0.4896073445787262
2017-10-30 13:15:00,0.37352030947775633,0.49679646711548164
2017-10-30 13:30:00,0.37352030947775633,0.5041782002359974
2017-10-30 13:45:00,0.37352030947775633,0.5099496208581477
2017-10-30 14:00:00,0.37352030947775633,0.519327296469547
2017-10-30 14:15:00,0.37352030947775633,0.5254592126410564
2017-10-30 14:30:00,0.37352030947775633,0.528908598479826
2017-10-30 14:45:00,0.37352030947775633,0.5291370337011977
2017-10-30 15:00:00,0.37352030947775633,0.5262769319539553
2017-10-30 15:15:00,0.37352030947775633,0.5309261231293464
2017-10-30 15:30:00,0.37352030947775633,0.5354879835433772
2017-10-30 15:45:00,0.37352030947775633,0.5433758011694472
2017-10-30 16:00:00,0.37510638297872334,0.5487744505664215
2017-10-30 16:15:00,0.37510638297872334,0.5536918760426979
2017-10-30 16:30:00,0.38303675048355895,0.5485531120437906
2017-10-30 16:45:00,0.38620889748549325,0.5485665287671541
2017-10-30 17:00:00,0.4536363636363636,0.5483931390946272
2017-10-30 17:15:00,0.38620889748549325,0.5395056327491893
2017-10-30 17:30:00,0.38620889748549325,0.5317690342726976
2017-10-30 17:45:00,0.38620889748549325,0.5114041516154592
2017-10-30 18:00:00,0.38620889748549325,0.5116715012723124
2017-10-30 18:15:00,0.38620889748549325,0.5162666169603771
2017-10-30 18:30:00,0.38620889748549325,0.5221431153388312
2017-10-30 18:45:00,0.38620889748549325,0.559178597649875
2017-10-30 19:00:00,0.38620889748549325,0.5583436872129365
2017-10-30 19:15:00,0.38620889748549325,0.5550348956046774
2017-10-30 19:30:00,0.38620889748549325,0.5604978658263113
2017-10-30 19:45:00,0.3846228239845261,0.5633462917130851
2017-10-30 20:00:00,0.3766924564796905,0.5666990583535534
2017-10-30 20:15:00,0.37193423597678915,0.5674749055277508
2017-10-30 20:30:00,0.37193423597678915,0.5687149425776034
2017-10-30 20:45:00,0.37193423597678915,0.5656211588689547
2017-10-30 21:00:00,0.37034816247582203,0.5659101418946137
2017-10-30 21:15:00,0.4536363636363636,0.5777387577008571
2017-10-30 21:30:00,0.35448742746615086,0.5822676616375699
2017-10-30 21:45:00,0.35448742746615086,0.5764616046209583
2017-10-30 22:00:00,0.35448742746615086,0.5758088342364786
2017-10-30 22:15:00,0.4536363636363636,0.5768208874812487
2017-10-30 22:30:00,0.4536363636363636,0.5816386346908177
2017-10-30 22:45:00,0.3497292069632495,0.5883827453046299
2017-10-30 23:00:00,0.34655705996131525,0.5940339907910096
2017-10-30 23:15:00,0.343384912959381,0.593135582902322
2017-10-30 23:30:00,0.4536363636363636,0.5996740597024756
2017-10-30 23:45:00,0.9988888888888889,0.6258026555977473
2017-10-31 00:00:00,0.33704061895551257,0.5999926582568818
2017-10-31 00:15:00,0.33704061895551257,0.6004139564441973
2017-10-31 00:30:00,0.33545454545454545,0.6043980969364408
2017-10-31 00:45:00,0.9988888888888889,0.6052297465559022
2017-10-31 01:00:00,0.9988888888888889,0.6026708340629007
2017-10-31 01:15:00,0.9988888888888889,0.6064641841350812
2017-10-31 01:30:00,0.9988888888888889,0.6134571452445503
2017-10-31 01:45:00,0.9988888888888889,0.61959352968845
2017-10-31 02:00:00,0.9988888888888889,0.6252589815542647
2017-10-31 02:15:00,0.9988888888888889,0.6144989915682362
2017-10-31 02:30:00,0.9988888888888889,0.6055582387448136
2017-10-31 02:45:00,0.9988888888888889,0.5973563998863487
2017-10-31 03:00:00,0.9988888888888889,0.5891902325347181
2017-10-31 03:15:00,0.9988888888888889,0.5872618996020297
2017-10-31 03:30:00,0.9988888888888889,0.587296640042056
2017-10-31 03:45:00,0.9988888888888889,0.5859259580450493
2017-10-31 04:00:00,0.9988888888888889,0.583287944495738
2017-10-31 04:15:00,0.9988888888888889,0.5808600717029286
2017-10-31 04:30:00,0.9988888888888889,0.5663788780277637
2017-10-31 04:45:00,0.9988888888888889,0.5717766647160876
2017-10-31 05:00:00,0.9988888888888889,0.5703072097291622
2017-10-31 05:15:00,0.9988888888888889,0.5803453993690172
2017-10-31 05:30:00,0.9988888888888889,0.5874739814140355
2017-10-31 05:45:00,0.9988888888888889,0.5992461497237457
2017-10-31 06:00:00,0.9988888888888889,0.6116252757987981
2017-10-31 06:15:00,0.9988888888888889,0.6060283034594286
2017-10-31 06:30:00,0.9988888888888889,0.5956723704474943
2017-10-31 06:45:00,0.9988888888888889,0.5888873912484424
2017-10-31 07:00:00,0.9988888888888889,0.5873770067166193
2017-10-31 07:15:00,0.9988888888888889,0.5872603049871549
2017-10-31 07:30:00,0.9988888888888889,0.5951973741417685
2017-10-31 07:45:00,0.9988888888888889,0.5855848321958602
2017-10-31 08:00:00,0.9988888888888889,0.5830806992876804
2017-10-31 08:15:00,0.9988888888888889,0.5832794761151912
2017-10-31 08:30:00,0.9988888888888889,0.5630439951413532
2017-10-31 08:45:00,0.9988888888888889,0.5397823982635793
2017-10-31 09:00:00,0.9988888888888889,0.524362732041448
2017-10-31 09:15:00,0.9988888888888889,0.5181700132334948
2017-10-31 09:30:00,0.9988888888888889,0.5058775798294508
2017-10-31 09:45:00,0.9988888888888889,0.4902503499364071
2017-10-31 10:00:00,0.9988888888888889,0.4764057810557167
2017-10-31 10:15:00,0.9988888888888889,0.46765856425430746
2017-10-31 10:30:00,0.9988888888888889,0.4564559171157292
2017-10-31 10:45:00,0.9988888888888889,0.4412837580615599
2017-10-31 11:00:00,0.9988888888888889,0.4282687663287784
2017-10-31 11:15:00,0.9988888888888889,0.42025509104070435
2017-10-31 11:30:00,0.9988888888888889,0.413058932453889
2017-10-31 11:45:00,0.9988888888888889,0.4122695946586321
2017-10-31 12:00:00,0.9988888888888889,0.40978315305384083
2017-10-31 12:15:00,0.9988888888888889,0.4094044180456427
2017-10-31 12:30:00,0.9988888888888889,0.41398590492998416
2017-10-31 12:45:00,0.9988888888888889,0.42067533119662875
2017-10-31 13:00:00,0.9988888888888889,0.43292580251124924
2017-10-31 13:15:00,0.9988888888888889,0.43441379186558604
2017-10-31 13:30:00,0.9988888888888889,0.4390356169935782
2017-10-31 13:45:00,0.9988888888888889,0.43477514655390953
2017-10-31 14:00:00,0.9988888888888889,0.41632399681156557
2017-10-31 14:15:00,0.9988888888888889,0.4169076604967841
2017-10-31 14:30:00,0.9988888888888889,0.42425541154281504
2017-10-31 14:45:00,0.9988888888888889,0.4370242241667511
2017-10-31 15:00:00,0.9988888888888889,0.45502316959524874
2017-10-31 15:15:00,0.9988888888888889,0.47324230884085045
2017-10-31 15:30:00,0.9988888888888889,0.5024188423389848
2017-10-31 15:45:00,0.9988888888888889,0.52791949927812
2017-10-31 16:00:00,0.3386266924564797,0.547361782481292
2017-10-31 16:15:00,0.3449709864603482,0.5486999769902712
2017-10-31 16:30:00,0.3481431334622824,0.5526365721066596
2017-10-31 16:45:00,0.35448742746615086,0.5574392038624647
2017-10-31 17:00:00,0.3608317214700193,0.5466822065049347
2017-10-31 17:15:00,0.3608317214700193,0.5346257354068508
2017-10-31 17:30:00,0.3608317214700193,0.5298422937885088
2017-10-31 17:45:00,0.3608317214700193,0.5157358501704734
2017-10-31 18:00:00,0.3608317214700193,0.5142725257499058
2017-10-31 18:15:00,0.3608317214700193,0.5159544389982733
2017-10-31 18:30:00,0.3608317214700193,0.5161613323641222
2017-10-31 18:45:00,0.3608317214700193,0.5149732719868128
2017-10-31 19:00:00,0.3608317214700193,0.5477853784953578
2017-10-31 19:15:00,0.3608317214700193,0.5381604186184287
2017-10-31 19:30:00,0.3608317214700193,0.5317169793869128
2017-10-31 19:45:00,0.3608317214700193,0.5405699499160427
2017-10-31 20:00:00,0.3576595744680851,0.5593614657612614
2017-10-31 20:15:00,0.356073500967118,0.5637045027828052
2017-10-31 20:30:00,0.35448742746615086,0.5677393989677426
2017-10-31 20:45:00,0.35448742746615086,0.5685593500898575
2017-10-31 21:00:00,0.35448742746615086,0.5711460851191675
2017-10-31 21:15:00,0.35448742746615086,0.5697428546949551
2017-10-31 21:30:00,0.35448742746615086,0.579934571290902
2017-10-31 21:45:00,0.35448742746615086,0.5703320602597183
2017-10-31 22:00:00,0.35448742746615086,0.5656331889786599
2017-10-31 22:15:00,0.35448742746615086,0.5680139005006687
2017-10-31 22:30:00,0.35448742746615086,0.5731119398324691
2017-10-31 22:45:00,0.35290135396518374,0.5767549289167485
2017-10-31 23:00:00,0.3497292069632495,0.5853709444993881
2017-10-31 23:15:00,0.3481431334622824,0.5889763919655674
2017-10-31 23:30:00,0.3449709864603482,0.5988469071314566
2017-10-31 23:45:00,0.3449709864603482,0.6070545737842389
2017-11-01 00:00:00,0.3481431334622824,0.5947939119393647
2017-11-01 00:15:00,0.3481431334622824,0.5973505054246147
2017-11-01 00:30:00,0.3481431334622824,0.6018809152905024
2017-11-01 00:45:00,0.3481431334622824,0.6066821127926643
2017-11-01 01:00:00,0.3481431334622824,0.6163737377588208
2017-11-01 01:15:00,0.3481431334622824,0.6177088211582944
2017-11-01 01:30:00,0.3481431334622824,0.6229787576469811
2017-11-01 01:45:00,0.3481431334622824,0.6278954105261164
2017-11-01 02:00:00,0.3481431334622824,0.6325385081294275
2017-11-01 02:15:00,0.3481431334622824,0.617538886509285
2017-11-01 02:30:00,0.3481431334622824,0.6264666673735023
2017-11-01 02:45:00,0.3481431334622824,0.6358770209211317
2017-11-01 03:00:00,0.3481431334622824,0.6400461035087022
2017-11-01 03:15:00,0.3481431334622824,0.637315164653396
2017-11-01 03:30:00,0.3481431334622824,0.6417737470961588
2017-11-01 03:45:00,0.3481431334622824,0.6447655118862434
2017-11-01 04:00:00,0.3481431334622824,0.6404130636768586
2017-11-01 04:15:00,0.3481431334622824,0.6338155387551067
2017-11-01 04:30:00,0.3481431334622824,0.6263472916446561
2017-11-01 04:45:00,0.3481431334622824,0.6231720424444863
2017-11-01 05:00:00,0.3481431334622824,0.6136866131839592
2017-11-01 05:15:00,0.3481431334622824,0.6078737785175793
2017-11-01 05:30:00,0.3481431334622824,0.6039027037165359
2017-11-01 05:45:00,0.3481431334622824,0.5985310042073089
2017-11-01 06:00:00,0.3497292069632495,0.595505481762539
2017-11-01 06:15:00,0.3513152804642166,0.5900554244275754
2017-11-01 06:30:00,0.3513152804642166,0.5849058591015305
2017-11-01 06:45:00,0.35290135396518374,0.5787398915121597
2017-11-01 07:00:00,0.356073500967118,0.5660659259772317
2017-11-01 07:15:00,0.356073500967118,0.559598245050824
2017-11-01 07:30:00,0.356073500967118,0.5544834475752178
2017-11-01 07:45:00,0.356073500967118,0.5521921123360503
2017-11-01 08:00:00,0.356073500967118,0.5438522977282653
2017-11-01 08:15:00,0.356073500967118,0.5309194777080312
2017-11-01 08:30:00,0.356073500967118,0.5218743748260576
2017-11-01 08:45:00,0.356073500967118,0.5116477755983247
2017-11-01 09:00:00,0.356073500967118,0.5014694180229842
2017-11-01 09:15:00,0.356073500967118,0.49881255849903877
2017-11-01 09:30:00,0.356073500967118,0.4956138211394432
2017-11-01 09:45:00,0.356073500967118,0.494048340567894
2017-11-01 10:00:00,0.356073500967118,0.4914627010151205
2017-11-01 10:15:00,0.356073500967118,0.49977896451126824
2017-11-01 10:30:00,0.356073500967118,0.4904295500864064
2017-11-01 10:45:00,0.356073500967118,0.48020245473231676
2017-11-01 11:00:00,0.356073500967118,0.4754513138753915
2017-11-01 11:15:00,0.356073500967118,0.4753056580014107
2017-11-01 11:30:00,0.356073500967118,0.47493243904841853
2017-11-01 11:45:00,0.356073500967118,0.4764870460980913
2017-11-01 12:00:00,0.356073500967118,0.47737559037056604
2017-11-01 12:15:00,0.356073500967118,0.47925241726762624
2017-11-01 12:30:00,0.356073500967118,0.48503018124966457
2017-11-01 12:45:00,0.356073500967118,0.4886458141259525
2017-11-01 13:00:00,0.356073500967118,0.4914970590114606
2017-11-01 13:15:00,0.356073500967118,0.49411730597515524
2017-11-01 13:30:00,0.356073500967118,0.49918290885813743
2017-11-01 13:45:00,0.356073500967118,0.5057051819063261
2017-11-01 14:00:00,0.356073500967118,0.5006991682597249
2017-11-01 14:15:00,0.356073500967118,0.5043477842753133
2017-11-01 14:30:00,0.356073500967118,0.509656974650751
2017-11-01 14:45:00,0.356073500967118,0.5151596647992533
2017-11-01 15:00:00,0.356073500967118,0.5191158766443124
2017-11-01 15:15:00,0.3576595744680851,0.5207330539601179
2017-11-01 15:30:00,0.4536363636363636,0.5243347917195176
2017-11-01 15:45:00,0.3640038684719536,0.5280689310530751
2017-11-01 16:00:00,0.3766924564796905,0.5291474744420912
2017-11-01 16:15:00,0.3766924564796905,0.5273311680322582
2017-11-01 16:30:00,0.3766924564796905,0.525895050182713
2017-11-01 16:45:00,0.3766924564796905,0.5305004374929643
2017-11-01 17:00:00,0.3766924564796905,0.5034698366345042
2017-11-01 17:15:00,0.3766924564796905,0.48920106399295166
2017-11-01 17:30:00,0.3766924564796905,0.4840173360666117
2017-11-01 17:45:00,0.3766924564796905,0.47873727657960713
2017-11-01 18:00:00,0.3766924564796905,0.4904556393037744
2017-11-01 18:15:00,0.3766924564796905,0.499823466969725
2017-11-01 18:30:00,0.4536363636363636,0.5141075562777948
2017-11-01 18:45:00,0.4536363636363636,0.5216104306778196
2017-11-01 19:00:00,0.37510638297872334,0.526737104448192
2017-11-01 19:15:00,0.37510638297872334,0.5242882441250892
2017-11-01 19:30:00,0.37510638297872334,0.5238157491789125
2017-11-01 19:45:00,0.37510638297872334,0.5229728117543687
2017-11-01 20:00:00,0.37510638297872334,0.5198547749724571
2017-11-01 20:15:00,0.37193423597678915,0.522587479088736
2017-11-01 20:30:00,0.4536363636363636,0.526248319187917
2017-11-01 20:45:00,0.4536363636363636,0.5306106064317575
2017-11-01 21:00:00,0.35924564796905223,0.5346593460998386
2017-11-01 21:15:00,0.4536363636363636,0.5345182999561447
2017-11-01 21:30:00,0.3576595744680851,0.5374479465733489
2017-11-01 21:45:00,0.356073500967118,0.5400036915439624
2017-11-01 22:00:00,0.4536363636363636,0.541907740899161
2017-11-01 22:15:00,0.4536363636363636,0.5464720084485497
2017-11-01 22:30:00,0.3497292069632495,0.5504766879029133
2017-11-01 22:45:00,0.34655705996131525,0.5545803285846704
2017-11-01 23:00:00,0.34655705996131525,0.5567632453663103
2017-11-01 23:15:00,0.3417988394584139,0.5582871382124831
2017-11-01 23:30:00,0.33704061895551257,0.5607498260536186
2017-11-01 23:45:00,0.33545454545454545,0.557740116314377
2017-11-02 00:00:00,0.9988888888888889,0.5503599808472937
2017-11-02 00:15:00,0.9988888888888889,0.5530536405577451
2017-11-02 00:30:00,0.9988888888888889,0.556762367671344
2017-11-02 00:45:00,0.9988888888888889,0.569191465902346
2017-11-02 01:00:00,0.9988888888888889,0.5767269846197035
2017-11-02 01:15:00,0.9988888888888889,0.5696802167459879
2017-11-02 01:30:00,0.9988888888888889,0.5789478354595045
2017-11-02 01:45:00,0.9988888888888889,0.5906697231934805
2017-11-02 02:00:00,0.9988888888888889,0.5773143113430672
2017-11-02 02:15:00,0.9988888888888889,0.5891940057899394
2017-11-02 02:30:00,0.9988888888888889,0.5800635740928758
2017-11-02 02:45:00,0.9988888888888889,0.5784349915196227
2017-11-02 03:00:00,0.9988888888888889,0.5755874729836212
2017-11-02 03:15:00,0.9988888888888889,0.5719514712389999
2017-11-02 03:30:00,0.9988888888888889,0.5710427338076896
2017-11-02 03:45:00,0.9988888888888889,0.5709608607722415
2017-11-02 04:00:00,0.9988888888888889,0.5647005961041754
2017-11-02 04:15:00,0.9988888888888889,0.5549172153643838
2017-11-02 04:30:00,0.9988888888888889,0.5562932636938429
2017-11-02 04:45:00,0.9988888888888889,0.5537242995867818
2017-11-02 05:00:00,0.9988888888888889,0.5556926190035157
2017-11-02 05:15:00,0.9988888888888889,0.5560527215056751
2017-11-02 05:30:00,0.33545454545454545,0.552134222565164
2017-11-02 05:45:00,0.33704061895551257,0.5449458990342994
2017-11-02 06:00:00,0.34655705996131525,0.5345835099503286
2017-11-02 06:15:00,0.35448742746615086,0.5301199390969491
2017-11-02 06:30:00,0.3576595744680851,0.5222504855563538
2017-11-02 06:45:00,0.3576595744680851,0.5112491003996822
2017-11-02 07:00:00,0.3576595744680851,0.5102342322912659
2017-11-02 07:15:00,0.3576595744680851,0.5098232865370544
2017-11-02 07:30:00,0.3576595744680851,0.49436164476442823
2017-11-02 07:45:00,0.3576595744680851,0.48938837801886065
2017-11-02 08:00:00,0.3576595744680851,0.47942911288497475
2017-11-02 08:15:00,0.3576595744680851,0.4856168560559859
2017-11-02 08:30:00,0.3576595744680851,0.47972601845196233
2017-11-02 08:45:00,0.3576595744680851,0.4788827835603205
2017-11-02 09:00:00,0.3576595744680851,0.47775338878123735
2017-11-02 09:15:00,0.3576595744680851,0.47573206565945525
2017-11-02 09:30:00,0.3576595744680851,0.469847057725831
2017-11-02 09:45:00,0.3576595744680851,0.46285370257696584
2017-11-02 10:00:00,0.3576595744680851,0.4563884338135789
2017-11-02 10:15:00,0.3576595744680851,0.44953507074918625
2017-11-02 10:30:00,0.3576595744680851,0.45802221410082145
2017-11-02 10:45:00,0.3576595744680851,0.44366904960270115
2017-11-02 11:00:00,0.3576595744680851,0.4382674155572573
2017-11-02 11:15:00,0.3576595744680851,0.4374021971134796
2017-11-02 11:30:00,0.3576595744680851,0.4349921564054538
2017-11-02 11:45:00,0.3576595744680851,0.4357885855530246
2017-11-02 12:00:00,0.3576595744680851,0.43941250332610116
2017-11-02 12:15:00,0.3576595744680851,0.43703680009460594
2017-11-02 12:30:00,0.3576595744680851,0.4374437802568534
2017-11-02 12:45:00,0.3576595744680851,0.4439536059833581
2017-11-02 13:00:00,0.3576595744680851,0.4412206481229946
2017-11-02 13:15:00,0.3576595744680851,0.4438214816602185
2017-11-02 13:30:00,0.3576595744680851,0.4472741536862532
2017-11-02 13:45:00,0.3576595744680851,0.4489082839203983
2017-11-02 14:00:00,0.3576595744680851,0.45187250062589834
2017-11-02 14:15:00,0.3576595744680851,0.45809214910814944
2017-11-02 14:30:00,0.3576595744680851,0.4645235493321675
2017-11-02 14:45:00,0.35924564796905223,0.4714070685154216
2017-11-02 15:00:00,0.3640038684719536,0.47725500605172966
2017-11-02 15:15:00,0.36717601547388784,0.4863367780013263
2017-11-02 15:30:00,0.37034816247582203,0.4987278729350192
2017-11-02 15:45:00,0.37193423597678915,0.5115491892928791
2017-11-02 16:00:00,0.38303675048355895,0.5201041973912399
2017-11-02 16:15:00,0.3846228239845261,0.5177940124339232
2017-11-02 16:30:00,0.3846228239845261,0.5172956207216738
2017-11-02 16:45:00,0.39096711798839456,0.5092303732115204
2017-11-02 17:00:00,0.39096711798839456,0.502230578857095
2017-11-02 17:15:00,0.39096711798839456,0.49133208525101146
2017-11-02 17:30:00,0.39096711798839456,0.4839721554519893
2017-11-02 17:45:00,0.39096711798839456,0.4884643921748904
2017-11-02 18:00:00,0.39096711798839456,0.4904517846714026
2017-11-02 18:15:00,0.39096711798839456,0.4910441513953951
2017-11-02 18:30:00,0.39096711798839456,0.49235545975552975
2017-11-02 18:45:00,0.39096711798839456,0.5036545697180834
2017-11-02 19:00:00,0.39096711798839456,0.5113590708189181
2017-11-02 19:15:00,0.39096711798839456,0.5134737637327623
2017-11-02 19:30:00,0.39096711798839456,0.5149162301822069
2017-11-02 19:45:00,0.39096711798839456,0.5155884562855882
2017-11-02 20:00:00,0.38620889748549325,0.5199550153449269
2017-11-02 20:15:00,0.3814506769825919,0.5204677997386707
2017-11-02 20:30:00,0.37034816247582203,0.5272187524237314
2017-11-02 20:45:00,0.3687620889748549,0.530522594482698
2017-11-02 21:00:00,0.3687620889748549,0.5230990343089421
2017-11-02 21:15:00,0.3687620889748549,0.5266699054346464
2017-11-02 21:30:00,0.3687620889748549,0.5347116677316244
2017-11-02 21:45:00,0.3687620889748549,0.5387474078674503
2017-11-02 22:00:00,0.3687620889748549,0.5375770843575158
2017-11-02 22:15:00,0.3640038684719536,0.5379359366861117
2017-11-02 22:30:00,0.3481431334622824,0.5513680278458509
2017-11-02 22:45:00,0.34655705996131525,0.5462257247437201
2017-11-02 23:00:00,0.3386266924564797,0.5521343682456573
2017-11-02 23:15:00,0.9988888888888889,0.5703306734988767
2017-11-02 23:30:00,0.9988888888888889,0.5819244627628714
2017-11-02 23:45:00,0.9988888888888889,0.5626184966501276
2017-11-03 00:00:00,0.3386266924564797,0.5627688035822119
2017-11-03 00:15:00,0.33704061895551257,0.5639062535638673
2017-11-03 00:30:00,0.9988888888888889,0.5598877365096315
2017-11-03 00:45:00,0.9988888888888889,0.5655253140125226
2017-11-03 01:00:00,0.9988888888888889,0.5688283554733384
2017-11-03 01:15:00,0.9988888888888889,0.5607916662243447
2017-11-03 01:30:00,0.9988888888888889,0.5666125297789028
2017-11-03 01:45:00,0.9988888888888889,0.569284400118993
2017-11-03 02:00:00,0.9988888888888889,0.5720969963826774
2017-11-03 02:15:00,0.9988888888888889,0.5743888631744827
2017-11-03 02:30:00,0.9988888888888889,0.5769910713357511
2017-11-03 02:45:00,0.9988888888888889,0.5766972380576705
2017-11-03 03:00:00,0.9988888888888889,0.5762860258116559
2017-11-03 03:15:00,0.9988888888888889,0.5776153615155599
2017-11-03 03:30:00,0.9988888888888889,0.5771007315622821
2017-11-03 03:45:00,0.9988888888888889,0.576800323753171
2017-11-03 04:00:00,0.9988888888888889,0.5712483975894095
2017-11-03 04:15:00,0.9988888888888889,0.5734951791972402
2017-11-03 04:30:00,0.9988888888888889,0.591631464168217
2017-11-03 04:45:00,0.9988888888888889,0.5747652694587888
2017-11-03 05:00:00,0.9988888888888889,0.5565727532628455
2017-11-03 05:15:00,0.9988888888888889,0.5496349576708054
2017-11-03 05:30:00,0.33704061895551257,0.5467910056358365
2017-11-03 05:45:00,0.3402127659574468,0.541678811127217
2017-11-03 06:00:00,0.3481431334622824,0.5346255509861939
2017-11-03 06:15:00,0.3497292069632495,0.5208381672508331
2017-11-03 06:30:00,0.3497292069632495,0.504127572751995
2017-11-03 06:45:00,0.3497292069632495,0.4914562485623113
2017-11-03 07:00:00,0.3497292069632495,0.4818885392069318
2017-11-03 07:15:00,0.3497292069632495,0.47722398990109327
2017-11-03 07:30:00,0.4536363636363636,0.4879814892645375
2017-11-03 07:45:00,0.3497292069632495,0.4728268706515182
2017-11-03 08:00:00,0.3497292069632495,0.46945418211037543
2017-11-03 08:15:00,0.3497292069632495,0.4812315220421674
2017-11-03 08:30:00,0.3497292069632495,0.4890259311856621
2017-11-03 08:45:00,0.4536363636363636,0.4823339514895109
2017-11-03 09:00:00,0.3497292069632495,0.46843320819056933
2017-11-03 09:15:00,0.4536363636363636,0.4688317630882411
2017-11-03 09:30:00,0.343384912959381,0.46204451958203696
2017-11-03 09:45:00,0.3402127659574468,0.45290542462353023
2017-11-03 10:00:00,0.3386266924564797,0.4447840604978455
2017-11-03 10:15:00,0.9988888888888889,0.4273117605557224
2017-11-03 10:30:00,0.9988888888888889,0.4035586135052403
2017-11-03 10:45:00,0.9988888888888889,0.401002367859566
2017-11-03 11:00:00,0.9988888888888889,0.40396215889170817
2017-11-03 11:15:00,0.9988888888888889,0.3908606679389506
2017-11-03 11:30:00,0.9988888888888889,0.387479839037461
2017-11-03 11:45:00,0.9988888888888889,0.38745130100260616
2017-11-03 12:00:00,0.9988888888888889,0.39083903763986394
2017-11-03 12:15:00,0.9988888888888889,0.38666245308775804
2017-11-03 12:30:00,0.9988888888888889,0.3917976655191713
2017-11-03 12:45:00,0.9988888888888889,0.39104496763067415
2017-11-03 13:00:00,0.9988888888888889,0.3928913860189832
2017-11-03 13:15:00,0.9988888888888889,0.39700196879551136
2017-11-03 13:30:00,0.9988888888888889,0.40183627514676273
2017-11-03 13:45:00,0.9988888888888889,0.40163562496331684
2017-11-03 14:00:00,0.9988888888888889,0.39019037594708605
2017-11-03 14:15:00,0.9988888888888889,0.3894819657492813
2017-11-03 14:30:00,0.9988888888888889,0.39176328091023593
2017-11-03 14:45:00,0.9988888888888889,0.41929971177525566
2017-11-03 15:00:00,0.9988888888888889,0.44066574860452745
2017-11-03 15:15:00,0.33545454545454545,0.4456678330192314
2017-11-03 15:30:00,0.3417988394584139,0.4582518354263634
2017-11-03 15:45:00,0.3497292069632495,0.46995833660544045
2017-11-03 16:00:00,0.356073500967118,0.4785034555436481
2017-11-03 16:15:00,0.356073500967118,0.47679380308328945
2017-11-03 16:30:00,0.356073500967118,0.4689752165011208
2017-11-03 16:45:00,0.4536363636363636,0.46130848203590946
2017-11-03 17:00:00,0.356073500967118,0.4610470153261218
2017-11-03 17:15:00,0.356073500967118,0.45357984812930496
2017-11-03 17:30:00,0.356073500967118,0.44824474255866464
2017-11-03 17:45:00,0.356073500967118,0.4438567477549455
2017-11-03 18:00:00,0.356073500967118,0.4317625737047734
2017-11-03 18:15:00,0.356073500967118,0.432062140237717
2017-11-03 18:30:00,0.356073500967118,0.4264798766711456
2017-11-03 18:45:00,0.356073500967118,0.43515116077107524
2017-11-03 19:00:00,0.356073500967118,0.4456486656563105
2017-11-03 19:15:00,0.3497292069632495,0.45253270804076096
2017-11-03 19:30:00,0.3417988394584139,0.4538336383201125
2017-11-03 19:45:00,0.3417988394584139,0.4531222974646673
2017-11-03 20:00:00,0.3417988394584139,0.4500041168535468
2017-11-03 20:15:00,0.3417988394584139,0.4528858945748369
2017-11-03 20:30:00,0.3386266924564797,0.457193897085335
2017-11-03 20:45:00,0.33704061895551257,0.4617153048534383
2017-11-03 21:00:00,0.9988888888888889,0.4608472732282114
2017-11-03 21:15:00,0.9988888888888889,0.4526440694011482
2017-11-03 21:30:00,0.9988888888888889,0.444185244538927
2017-11-03 21:45:00,0.9988888888888889,0.4416888373730601
2017-11-03 22:00:00,0.9988888888888889,0.43637547810482996
2017-11-03 22:15:00,0.9988888888888889,0.4470386420515955
2017-11-03 22:30:00,0.9988888888888889,0.4549547918160841
2017-11-03 22:45:00,0.9988888888888889,0.46076510979939217
2017-11-03 23:00:00,0.9988888888888889,0.46338348802496876
2017-11-03 23:15:00,0.9988888888888889,0.45257047058394356
2017-11-03 23:30:00,0.9988888888888889,0.451748851968382
2017-11-03 23:45:00,0.9988888888888889,0.44447367325569503
2017-11-04 00:00:00,0.9988888888888889,0.45470304322928273
2017-11-04 00:15:00,0.9988888888888889,0.4594351320062495
2017-11-04 00:30:00,0.9988888888888889,0.4639552134098204
2017-11-04 00:45:00,0.9988888888888889,0.47253088782035213
2017-11-04 01:00:00,0.9988888888888889,0.47640019808396616
2017-11-04 01:15:00,0.9988888888888889,0.4837749672900044
2017-11-04 01:30:00,0.9988888888888889,0.4834406365537294
2017-11-04 01:45:00,0.9988888888888889,0.4928147668402806
2017-11-04 02:00:00,0.9988888888888889,0.5042790452030896
2017-11-04 02:15:00,0.9988888888888889,0.5085469503248624
2017-11-04 02:30:00,0.9988888888888889,0.5103563863161792
2017-11-04 02:45:00,0.9988888888888889,0.5183838073159
2017-11-04 03:00:00,0.9988888888888889,0.514460302412568
2017-11-04 03:15:00,0.9988888888888889,0.5128143878624755
2017-11-04 03:30:00,0.9988888888888889,0.5098336640142854
2017-11-04 03:45:00,0.9988888888888889,0.5128806149665757
2017-11-04 04:00:00,0.9988888888888889,0.5133483180975564
2017-11-04 04:15:00,0.9988888888888889,0.527793635644025
2017-11-04 04:30:00,0.9988888888888889,0.5138546498693064
2017-11-04 04:45:00,0.9988888888888889,0.5030133004511601
2017-11-04 05:00:00,0.9988888888888889,0.5088061958678955
2017-11-04 05:15:00,0.9988888888888889,0.5135696327833202
2017-11-04 05:30:00,0.9988888888888889,0.5148356899215675
2017-11-04 05:45:00,0.9988888888888889,0.5135731255898693
2017-11-04 06:00:00,0.9988888888888889,0.505828237379165
2017-11-04 06:15:00,0.9988888888888889,0.5068890733921383
2017-11-04 06:30:00,0.9988888888888889,0.5191609472867024
2017-11-04 06:45:00,0.9988888888888889,0.5295631678399229
2017-11-04 07:00:00,0.9988888888888889,0.5434796254805329
2017-11-04 07:15:00,0.9988888888888889,0.5439545146123439
2017-11-04 07:30:00,0.9988888888888889,0.5371214895103489
2017-11-04 07:45:00,0.9988888888888889,0.5311248866803889
2017-11-04 08:00:00,0.9988888888888889,0.5205547328239457
2017-11-04 08:15:00,0.9988888888888889,0.5110204882699678
2017-11-04 08:30:00,0.9988888888888889,0.5107267732418311
2017-11-04 08:45:00,0.9988888888888889,0.49100153834805826
2017-11-04 09:00:00,0.9988888888888889,0.4758885297488105
2017-11-04 09:15:00,0.9988888888888889,0.4778746435178057
2017-11-04 09:30:00,0.9988888888888889,0.4846906678400911
2017-11-04 09:45:00,0.9988888888888889,0.4868582619625881
2017-11-04 10:00:00,0.9988888888888889,0.4806070944749513
2017-11-04 10:15:00,0.9988888888888889,0.47243299431993924
2017-11-04 10:30:00,0.9988888888888889,0.4732402695040259
2017-11-04 10:45:00,0.9988888888888889,0.45253253496745527
2017-11-04 11:00:00,0.9988888888888889,0.43978345487565673
2017-11-04 11:15:00,0.9988888888888889,0.43107960353426367
2017-11-04 11:30:00,0.9988888888888889,0.43098718782977596
2017-11-04 11:45:00,0.9988888888888889,0.42213076669925254
2017-11-04 12:00:00,0.9988888888888889,0.4162567520216802
2017-11-04 12:15:00,0.9988888888888889,0.43316114153542745
2017-11-04 12:30:00,0.9988888888888889,0.4306002487656933
2017-11-04 12:45:00,0.9988888888888889,0.4246583651980764
2017-11-04 13:00:00,0.9988888888888889,0.4270028763748187
2017-11-04 13:15:00,0.9988888888888889,0.43768649016671235
2017-11-04 13:30:00,0.9988888888888889,0.44532878041088264
2017-11-04 13:45:00,0.9988888888888889,0.44611900577858576
2017-11-04 14:00:00,0.9988888888888889,0.46057448623610864
2017-11-04 14:15:00,0.9988888888888889,0.47867969671970534
2017-11-04 14:30:00,0.9988888888888889,0.5032560668332652
2017-11-04 14:45:00,0.3386266924564797,0.5193814878569641
2017-11-04 15:00:00,0.3402127659574468,0.5325611219313068
2017-11-04 15:15:00,0.3449709864603482,0.5431493267393707
2017-11-04 15:30:00,0.3513152804642166,0.548339860004242
2017-11-04 15:45:00,0.3576595744680851,0.5535285387515709
2017-11-04 16:00:00,0.35924564796905223,0.567519276242903
2017-11-04 16:15:00,0.3608317214700193,0.566537920007377
2017-11-04 16:30:00,0.36558994197292066,0.5643224038370629
2017-11-04 16:45:00,0.3687620889748549,0.5612656771816116
2017-11-04 17:00:00,0.37510638297872334,0.5576038670951499
2017-11-04 17:15:00,0.3846228239845261,0.5501060381834498
2017-11-04 17:30:00,0.3877949709864604,0.5354297569036849
2017-11-04 17:45:00,0.3877949709864604,0.5255385355411414
2017-11-04 18:00:00,0.3877949709864604,0.5161232844265288
2017-11-04 18:15:00,0.3877949709864604,0.5173805871903354
2017-11-04 18:30:00,0.3877949709864604,0.520477960991094
2017-11-04 18:45:00,0.3877949709864604,0.5409904894903169
2017-11-04 19:00:00,0.3877949709864604,0.5473471176144009
2017-11-04 19:15:00,0.3877949709864604,0.5476327947277223
2017-11-04 19:30:00,0.3877949709864604,0.5660590319108427
2017-11-04 19:45:00,0.3877949709864604,0.5625849346804607
2017-11-04 20:00:00,0.3877949709864604,0.5728103658659706
2017-11-04 20:15:00,0.3877949709864604,0.5755311011701024
2017-11-04 20:30:00,0.37986460348162476,0.5754712621413631
2017-11-04 20:45:00,0.37510638297872334,0.5761661270609533
2017-11-04 21:00:00,0.36717601547388784,0.5784931239293846
2017-11-04 21:15:00,0.36558994197292066,0.582166374906209
2017-11-04 21:30:00,0.3640038684719536,0.584108073241588
2017-11-04 21:45:00,0.3640038684719536,0.5849384982411503
2017-11-04 22:00:00,0.3640038684719536,0.5836071913171224
2017-11-04 22:15:00,0.3624177949709865,0.5892690266731039
2017-11-04 22:30:00,0.3576595744680851,0.6039796067595303
2017-11-04 22:45:00,0.3576595744680851,0.6064353566729822
2017-11-04 23:00:00,0.3576595744680851,0.6045715957562272
2017-11-04 23:15:00,0.356073500967118,0.6049891693264502
2017-11-04 23:30:00,0.3513152804642166,0.6109226865374194
2017-11-04 23:45:00,0.3417988394584139,0.6230914859353609
2017-11-05 00:00:00,0.343384912959381,0.6214417997193451
2017-11-05 00:15:00,0.3402127659574468,0.6314433591413962
2017-11-05 00:30:00,0.3386266924564797,0.6325081771762655
2017-11-05 00:45:00,0.3386266924564797,0.6369498526882125
2017-11-05 01:00:00,0.33704061895551257,0.6438499330888356
2017-11-05 01:15:00,0.33704061895551257,0.6487287704500367
2017-11-05 01:30:00,0.33704061895551257,0.6576738957253074
2017-11-05 01:45:00,0.33704061895551257,0.6621335958234106
2017-11-05 02:00:00,0.33704061895551257,0.6701784552573871
2017-11-05 02:15:00,0.33704061895551257,0.6752990282582598
2017-11-05 02:30:00,0.33704061895551257,0.6847029993218886
2017-11-05 02:45:00,0.33704061895551257,0.6896262499849066
2017-11-05 03:00:00,0.33704061895551257,0.6899213511195978
2017-11-05 03:15:00,0.33704061895551257,0.691895183057386
2017-11-05 03:30:00,0.33704061895551257,0.6917899605428557
2017-11-05 03:45:00,0.33545454545454545,0.6934292231088309
2017-11-05 04:00:00,0.33545454545454545,0.6939235406169025
2017-11-05 04:15:00,0.9988888888888889,0.6875343922208889
2017-11-05 04:30:00,0.9988888888888889,0.680957853860463
2017-11-05 04:45:00,0.9988888888888889,0.6721493303809077
2017-11-05 05:00:00,0.9988888888888889,0.6620790041547467
2017-11-05 05:15:00,0.9988888888888889,0.6508617701023905
2017-11-05 05:30:00,0.9988888888888889,0.650608683658843
2017-11-05 05:45:00,0.9988888888888889,0.648189539364704
2017-11-05 06:00:00,0.9988888888888889,0.6513343123527332
2017-11-05 06:15:00,0.9988888888888889,0.6406372020754727
2017-11-05 06:30:00,0.9988888888888889,0.6389297588025561
2017-11-05 06:45:00,0.9988888888888889,0.6325690147868697
2017-11-05 07:00:00,0.9988888888888889,0.6367694733052577
2017-11-05 07:15:00,0.9988888888888889,0.6293899330218625
2017-11-05 07:30:00,0.9988888888888889,0.6216882715038713
2017-11-05 07:45:00,0.9988888888888889,0.6207550117155117
2017-11-05 08:00:00,0.9988888888888889,0.6210490012465285
2017-11-05 08:15:00,0.9988888888888889,0.5971624957231387
2017-11-05 08:30:00,0.9988888888888889,0.6067997009857148
2017-11-05 08:45:00,0.9988888888888889,0.5756673861577603
2017-11-05 09:00:00,0.9988888888888889,0.5403874065192305
2017-11-05 09:15:00,0.9988888888888889,0.5495140106192076
2017-11-05 09:30:00,0.9988888888888889,0.5294678755910325
2017-11-05 09:45:00,0.9988888888888889,0.5385757972733192
2017-11-05 10:00:00,0.9988888888888889,0.5385809870627544
2017-11-05 10:15:00,0.9988888888888889,0.516745043159023
2017-11-05 10:30:00,0.9988888888888889,0.5143064583911141
2017-11-05 10:45:00,0.9988888888888889,0.5074517032955569
2017-11-05 11:00:00,0.9988888888888889,0.4820529917936938
2017-11-05 11:15:00,0.9988888888888889,0.47917001842990675
2017-11-05 11:30:00,0.9988888888888889,0.4820323883995986
2017-11-05 11:45:00,0.9988888888888889,0.4874091081434993
2017-11-05 12:00:00,0.9988888888888889,0.4887829654518495
2017-11-05 12:15:00,0.9988888888888889,0.4932887557922123
2017-11-05 12:30:00,0.9988888888888889,0.4958599801702166
2017-11-05 12:45:00,0.9988888888888889,0.49651244591369875
2017-11-05 13:00:00,0.9988888888888889,0.5006167775718741
2017-11-05 13:15:00,0.9988888888888889,0.508156688863849
2017-11-05 13:30:00,0.9988888888888889,0.5187573024340332
2017-11-05 13:45:00,0.9988888888888889,0.5311735094591206
2017-11-05 14:00:00,0.9988888888888889,0.5386301589726692
2017-11-05 14:15:00,0.9988888888888889,0.5520332127966209
2017-11-05 14:30:00,0.3386266924564797,0.5564894027226258
2017-11-05 14:45:00,0.3417988394584139,0.5623839808611346
2017-11-05 15:00:00,0.343384912959381,0.5694475318415326
2017-11-05 15:15:00,0.3481431334622824,0.5733661606985784
2017-11-05 15:30:00,0.3497292069632495,0.5779817200951164
2017-11-05 15:45:00,0.3576595744680851,0.5799810268327396
2017-11-05 16:00:00,0.3608317214700193,0.5830294372457597
2017-11-05 16:15:00,0.3624177949709865,0.5807998358709101
2017-11-05 16:30:00,0.3687620889748549,0.5747526444426903
2017-11-05 16:45:00,0.3687620889748549,0.5594815866066739
2017-11-05 17:00:00,0.3687620889748549,0.5459075207470144
2017-11-05 17:15:00,0.3687620889748549,0.5369097525829272
2017-11-05 17:30:00,0.3687620889748549,0.535721680334238
2017-11-05 17:45:00,0.3687620889748549,0.5297141662775324
2017-11-05 18:00:00,0.3687620889748549,0.529267845830057
2017-11-05 18:15:00,0.3687620889748549,0.524741511261282
2017-11-05 18:30:00,0.3687620889748549,0.5325379759630632
2017-11-05 18:45:00,0.3687620889748549,0.5272505499517616
2017-11-05 19:00:00,0.3687620889748549,0.5333741355959317
2017-11-05 19:15:00,0.3687620889748549,0.5436826204691594
2017-11-05 19:30:00,0.36717601547388784,0.5539586275236967
2017-11-05 19:45:00,0.36717601547388784,0.5533813382329412
2017-11-05 20:00:00,0.3608317214700193,0.5578919695801003
2017-11-05 20:15:00,0.3576595744680851,0.5607967515105055
2017-11-05 20:30:00,0.356073500967118,0.5627648870763624
2017-11-05 20:45:00,0.356073500967118,0.5636600634911136
2017-11-05 21:00:00,0.356073500967118,0.5591572788640348
2017-11-05 21:15:00,0.356073500967118,0.5597471468932952
2017-11-05 21:30:00,0.356073500967118,0.5656132670205816
2017-11-05 21:45:00,0.356073500967118,0.5680700836570989
2017-11-05 22:00:00,0.356073500967118,0.5666925748572775
2017-11-05 22:15:00,0.3513152804642166,0.5691783555381741
2017-11-05 22:30:00,0.34655705996131525,0.5728847113782631
2017-11-05 22:45:00,0.34655705996131525,0.5682467355245342
2017-11-05 23:00:00,0.34655705996131525,0.5665579845442252
2017-11-05 23:15:00,0.34655705996131525,0.5746439655488308
2017-11-05 23:30:00,0.34655705996131525,0.577682621753103
2017-11-05 23:45:00,0.34655705996131525,0.5824828163826192
2017-11-06 00:00:00,0.343384912959381,0.5962417563163384
2017-11-06 00:15:00,0.33704061895551257,0.5912689224001042
2017-11-06 00:30:00,0.9988888888888889,0.5765276022461978
2017-11-06 00:45:00,0.9988888888888889,0.5500115066839103
2017-11-06 01:00:00,0.9988888888888889,0.525650579923774
2017-11-06 01:15:00,0.9988888888888889,0.5250956280379193
2017-11-06 01:30:00,0.9988888888888889,0.5262555566556657
2017-11-06 01:45:00,0.9988888888888889,0.5271961633242911
2017-11-06 02:00:00,0.9988888888888889,0.5263726462924652
2017-11-06 02:15:00,0.9988888888888889,0.5166254754475682
2017-11-06 02:30:00,0.9988888888888889,0.5143717708658303
2017-11-06 02:45:00,0.9988888888888889,0.5084973722335908
2017-11-06 03:00:00,0.9988888888888889,0.5087789520674294
2017-11-06 03:15:00,0.9988888888888889,0.5070128034140889
2017-11-06 03:30:00,0.9988888888888889,0.5054940737839504
2017-11-06 03:45:00,0.9988888888888889,0.502169309068609
2017-11-06 04:00:00,0.9988888888888889,0.49101075654171855
2017-11-06 04:15:00,0.9988888888888889,0.4885510185941666
2017-11-06 04:30:00,0.9988888888888889,0.4706109867017393
2017-11-06 04:45:00,0.9988888888888889,0.47114174723783087
2017-11-06 05:00:00,0.9988888888888889,0.46002144771488895
2017-11-06 05:15:00,0.9988888888888889,0.4545803877643788
2017-11-06 05:30:00,0.9988888888888889,0.4655122151318934
2017-11-06 05:45:00,0.9988888888888889,0.4802368994889492
2017-11-06 06:00:00,0.9988888888888889,0.483361722498156
2017-11-06 06:15:00,0.9988888888888889,0.46709601222081404
2017-11-06 06:30:00,0.9988888888888889,0.4533957959843431
2017-11-06 06:45:00,0.9988888888888889,0.44171402577248275
2017-11-06 07:00:00,0.9988888888888889,0.4276900152464888
2017-11-06 07:15:00,0.9988888888888889,0.42583102391586947
2017-11-06 07:30:00,0.9988888888888889,0.42532560272089104
2017-11-06 07:45:00,0.9988888888888889,0.42018994921689135
2017-11-06 08:00:00,0.9988888888888889,0.41638554939350575
2017-11-06 08:15:00,0.9988888888888889,0.4104785733293091
2017-11-06 08:30:00,0.9988888888888889,0.37783107691611506
2017-11-06 08:45:00,0.9988888888888889,0.3513793204703319
2017-11-06 09:00:00,0.9988888888888889,0.32141549266975517
2017-11-06 09:15:00,0.9988888888888889,0.2837935697115835
2017-11-06 09:30:00,0.9988888888888889,0.25285793261320944
2017-11-06 09:45:00,0.9988888888888889,0.24308940129804343
2017-11-06 10:00:00,0.9988888888888889,0.22786225122936593
2017-11-06 10:15:00,0.9988888888888889,0.22797254890063676
2017-11-06 10:30:00,0.9988888888888889,0.22843183233050737
2017-11-06 10:45:00,0.9988888888888889,0.22665993187707292
2017-11-06 11:00:00,0.9988888888888889,0.22601727962565663
2017-11-06 11:15:00,0.9988888888888889,0.22625761154281404
2017-11-06 11:30:00,0.9988888888888889,0.2309823947374946
2017-11-06 11:45:00,0.9988888888888889,0.2326657328784193
2017-11-06 12:00:00,0.9988888888888889,0.2231736177974475
2017-11-06 12:15:00,0.9988888888888889,0.2190686323485373
2017-11-06 12:30:00,0.9988888888888889,0.21496885708880334
2017-11-06 12:45:00,0.9988888888888889,0.22203620947704725
2017-11-06 13:00:00,0.9988888888888889,0.2271965463804176
2017-11-06 13:15:00,0.9988888888888889,0.23094529842932252
2017-11-06 13:30:00,0.9988888888888889,0.23574081042044237
2017-11-06 13:45:00,0.9988888888888889,0.23945451957875652
2017-11-06 14:00:00,0.9988888888888889,0.24932354541352528
2017-11-06 14:15:00,0.9988888888888889,0.2665673264238361
2017-11-06 14:30:00,0.9988888888888889,0.2904557297788369
2017-11-06 14:45:00,0.9988888888888889,0.3115908716151861
2017-11-06 15:00:00,0.9988888888888889,0.3422516559507393
2017-11-06 15:15:00,0.9988888888888889,0.360534111490876
2017-11-06 15:30:00,0.9988888888888889,0.3909641707446472
2017-11-06 15:45:00,0.9988888888888889,0.4265202738582865
2017-11-06 16:00:00,0.3402127659574468,0.43933107312800024
2017-11-06 16:15:00,0.3481431334622824,0.4403577252032075
2017-11-06 16:30:00,0.3481431334622824,0.4440279626089384
2017-11-06 16:45:00,0.35290135396518374,0.4457015505736346
2017-11-06 17:00:00,0.3624177949709865,0.44594062535191314
2017-11-06 17:15:00,0.3687620889748549,0.44559149724585073
2017-11-06 17:30:00,0.3687620889748549,0.43896370915509575
2017-11-06 17:45:00,0.3687620889748549,0.43680679669785116
2017-11-06 18:00:00,0.3687620889748549,0.43402615091526103
2017-11-06 18:15:00,0.3687620889748549,0.43982366705449255
2017-11-06 18:30:00,0.3687620889748549,0.4351502233260998
2017-11-06 18:45:00,0.3687620889748549,0.45003166968114944
2017-11-06 19:00:00,0.3687620889748549,0.4452694507613773
2017-11-06 19:15:00,0.3687620889748549,0.45146726486726263
2017-11-06 19:30:00,0.3687620889748549,0.4571136830317786
2017-11-06 19:45:00,0.3687620889748549,0.4667423597104205
2017-11-06 20:00:00,0.3687620889748549,0.47541030490044345
2017-11-06 20:15:00,0.35924564796905223,0.47683130409021496
2017-11-06 20:30:00,0.3497292069632495,0.4792623551159859
2017-11-06 20:45:00,0.3497292069632495,0.476257069428986
2017-11-06 21:00:00,0.3449709864603482,0.47617605883821035
2017-11-06 21:15:00,0.3417988394584139,0.47811864344918026
2017-11-06 21:30:00,0.9988888888888889,0.4798412682490502
2017-11-06 21:45:00,0.9988888888888889,0.5044706661403136
2017-11-06 22:00:00,0.9988888888888889,0.4872318745632573
2017-11-06 22:15:00,0.9988888888888889,0.4712519977241132
2017-11-06 22:30:00,0.9988888888888889,0.4717943039570543
2017-11-06 22:45:00,0.9988888888888889,0.4835157493221821
2017-11-06 23:00:00,0.9988888888888889,0.4938358227729864
2017-11-06 23:15:00,0.9988888888888889,0.4857307368557946
2017-11-06 23:30:00,0.9988888888888889,0.4769741239076528
2017-11-06 23:45:00,0.9988888888888889,0.46433078312934156
2017-11-07 00:00:00,0.9988888888888889,0.4606039606933063
2017-11-07 00:15:00,0.9988888888888889,0.4526036523361864
2017-11-07 00:30:00,0.9988888888888889,0.4586472884976497
2017-11-07 00:45:00,0.9988888888888889,0.4681455543403867
2017-11-07 01:00:00,0.9988888888888889,0.472059988447078
2017-11-07 01:15:00,0.9988888888888889,0.47008838403004666
2017-11-07 01:30:00,0.9988888888888889,0.4723283744634588
2017-11-07 01:45:00,0.9988888888888889,0.47579883806018625
2017-11-07 02:00:00,0.9988888888888889,0.4814298823210301
2017-11-07 02:15:00,0.9988888888888889,0.4802443593779548
2017-11-07 02:30:00,0.9988888888888889,0.4814943681118259
2017-11-07 02:45:00,0.9988888888888889,0.4635205897556275
2017-11-07 03:00:00,0.9988888888888889,0.4590145282544453
2017-11-07 03:15:00,0.9988888888888889,0.4623632349233145
2017-11-07 03:30:00,0.9988888888888889,0.4693863360505563
2017-11-07 03:45:00,0.9988888888888889,0.47415717586306566
2017-11-07 04:00:00,0.9988888888888889,0.47494819229269586
2017-11-07 04:15:00,0.9988888888888889,0.48507982799741306
2017-11-07 04:30:00,0.9988888888888889,0.5020094856387248
2017-11-07 04:45:00,0.9988888888888889,0.5187579302633943
2017-11-07 05:00:00,0.33545454545454545,0.5344781306427396
2017-11-07 05:15:00,0.33704061895551257,0.5304892199535184
2017-11-07 05:30:00,0.3417988394584139,0.5262082398278805
2017-11-07 05:45:00,0.343384912959381,0.5205324910319644
2017-11-07 06:00:00,0.3513152804642166,0.5149559273361685
2017-11-07 06:15:00,0.3513152804642166,0.49978462553252934
2017-11-07 06:30:00,0.3513152804642166,0.48602846260282456
2017-11-07 06:45:00,0.3513152804642166,0.47463562917729
2017-11-07 07:00:00,0.3513152804642166,0.4627507223007651
2017-11-07 07:15:00,0.3513152804642166,0.4550566132783871
2017-11-07 07:30:00,0.3513152804642166,0.45237732423430366
2017-11-07 07:45:00,0.3513152804642166,0.445850602070336
2017-11-07 08:00:00,0.3513152804642166,0.44170345706334835
2017-11-07 08:15:00,0.3513152804642166,0.44216565265014324
2017-11-07 08:30:00,0.3513152804642166,0.4343818589799012
2017-11-07 08:45:00,0.3513152804642166,0.42703645761868103
2017-11-07 09:00:00,0.3513152804642166,0.42155994834608157
2017-11-07 09:15:00,0.3513152804642166,0.4199318034999129
2017-11-07 09:30:00,0.3513152804642166,0.419745731458122
2017-11-07 09:45:00,0.3513152804642166,0.4197134341809905
2017-11-07 10:00:00,0.3513152804642166,0.4203538050354766
2017-11-07 10:15:00,0.3513152804642166,0.4210127886298961
2017-11-07 10:30:00,0.3513152804642166,0.42262846350184713
2017-11-07 10:45:00,0.3513152804642166,0.4243347384321597
2017-11-07 11:00:00,0.3513152804642166,0.4259135754671685
2017-11-07 11:15:00,0.3513152804642166,0.42749180591070685
2017-11-07 11:30:00,0.3513152804642166,0.41970012325272993
2017-11-07 11:45:00,0.3513152804642166,0.4164365411358532
2017-11-07 12:00:00,0.3513152804642166,0.41925457574872427
2017-11-07 12:15:00,0.3513152804642166,0.4187121556535327
2017-11-07 12:30:00,0.3513152804642166,0.4184924659210051
2017-11-07 12:45:00,0.3513152804642166,0.4180846734598787
2017-11-07 13:00:00,0.3513152804642166,0.42277707451257096
2017-11-07 13:15:00,0.3513152804642166,0.42463618229159855
2017-11-07 13:30:00,0.3513152804642166,0.4421716173424858
2017-11-07 13:45:00,0.3513152804642166,0.44722606739002196
2017-11-07 14:00:00,0.3513152804642166,0.441417738965371
2017-11-07 14:15:00,0.3513152804642166,0.44149782366967255
2017-11-07 14:30:00,0.35290135396518374,0.4482370764840762
2017-11-07 14:45:00,0.4536363636363636,0.4582535094340257
2017-11-07 15:00:00,0.3624177949709865,0.4663652883748589
2017-11-07 15:15:00,0.4536363636363636,0.472813368514067
2017-11-07 15:30:00,0.4536363636363636,0.4797128872193406
2017-11-07 15:45:00,0.3766924564796905,0.4841347529928244
2017-11-07 16:00:00,0.37986460348162476,0.4912022690927375
2017-11-07 16:15:00,0.3814506769825919,0.4885903829912461
2017-11-07 16:30:00,0.4536363636363636,0.48617012846413965
2017-11-07 16:45:00,0.3877949709864604,0.4822988642684531
2017-11-07 17:00:00,0.3877949709864604,0.4819136025718333
2017-11-07 17:15:00,0.3877949709864604,0.4812715402508494
2017-11-07 17:30:00,0.3877949709864604,0.4826537287882687
2017-11-07 17:45:00,0.3877949709864604,0.4686266867852168
2017-11-07 18:00:00,0.3877949709864604,0.46754833634624127
2017-11-07 18:15:00,0.3877949709864604,0.46688684540619174
2017-11-07 18:30:00,0.3877949709864604,0.4732032835616457
2017-11-07 18:45:00,0.3877949709864604,0.4783657321070468
2017-11-07 19:00:00,0.3877949709864604,0.4868727845477623
2017-11-07 19:15:00,0.4536363636363636,0.4974482357929807
2017-11-07 19:30:00,0.4536363636363636,0.5061836023077453
2017-11-07 19:45:00,0.3877949709864604,0.5019675956539105
2017-11-07 20:00:00,0.38620889748549325,0.49763327726823525
2017-11-07 20:15:00,0.38303675048355895,0.5002953482409473
2017-11-07 20:30:00,0.37352030947775633,0.5074090353691698
2017-11-07 20:45:00,0.3687620889748549,0.5121056941524881
2017-11-07 21:00:00,0.36717601547388784,0.5140228477743566
2017-11-07 21:15:00,0.36717601547388784,0.5129061404957783
2017-11-07 21:30:00,0.36717601547388784,0.5097218755680861
2017-11-07 21:45:00,0.3608317214700193,0.5121380931191005
2017-11-07 22:00:00,0.35924564796905223,0.5118596418261355
2017-11-07 22:15:00,0.356073500967118,0.5133477456439836
2017-11-07 22:30:00,0.4536363636363636,0.5127465675686768
2017-11-07 22:45:00,0.35448742746615086,0.5145253784915511
2017-11-07 23:00:00,0.35448742746615086,0.5192162003267157
2017-11-07 23:15:00,0.35448742746615086,0.5172370050294637
2017-11-07 23:30:00,0.35448742746615086,0.5254145114021807
2017-11-07 23:45:00,0.35448742746615086,0.5283931820877388
2017-11-08 00:00:00,0.356073500967118,0.5290473206836293
2017-11-08 00:15:00,0.356073500967118,0.5373880787997207
2017-11-08 00:30:00,0.356073500967118,0.5393544738948471
2017-11-08 00:45:00,0.356073500967118,0.5438277545521109
2017-11-08 01:00:00,0.356073500967118,0.550353257856834
2017-11-08 01:15:00,0.356073500967118,0.5567951896871165
2017-11-08 01:30:00,0.356073500967118,0.5590033802008613
2017-11-08 01:45:00,0.356073500967118,0.5618254540761581
2017-11-08 02:00:00,0.356073500967118,0.5678045587990206
2017-11-08 02:15:00,0.356073500967118,0.5715425858242681
2017-11-08 02:30:00,0.356073500967118,0.57061478384483
2017-11-08 02:45:00,0.356073500967118,0.5711802180167859
2017-11-08 03:00:00,0.356073500967118,0.5681719159676777
2017-11-08 03:15:00,0.356073500967118,0.570315363557853
2017-11-08 03:30:00,0.356073500967118,0.5665005676432538
2017-11-08 03:45:00,0.356073500967118,0.5667447569996438
2017-11-08 04:00:00,0.356073500967118,0.5599088873645898
2017-11-08 04:15:00,0.356073500967118,0.5587948916920221
2017-11-08 04:30:00,0.356073500967118,0.5572440071104482
2017-11-08 04:45:00,0.356073500967118,0.5546516705647375
2017-11-08 05:00:00,0.356073500967118,0.5499814444775734
2017-11-08 05:15:00,0.356073500967118,0.5485845738589222
2017-11-08 05:30:00,0.356073500967118,0.5463312530949849
2017-11-08 05:45:00,0.3766924564796905,0.5429238677768612
2017-11-08 06:00:00,0.37827852998065764,0.5387884703395375
2017-11-08 06:15:00,0.37827852998065764,0.5343935996791168
2017-11-08 06:30:00,0.37827852998065764,0.5256012357089841
2017-11-08 06:45:00,0.37827852998065764,0.5143610366141389
2017-11-08 07:00:00,0.37827852998065764,0.505150662771271
2017-11-08 07:15:00,0.37827852998065764,0.49255329374884976
2017-11-08 07:30:00,0.37827852998065764,0.491168945948097
2017-11-08 07:45:00,0.37827852998065764,0.48956100594583696
2017-11-08 08:00:00,0.37827852998065764,0.4912726302173388
2017-11-08 08:15:00,0.37827852998065764,0.4821704919637777
2017-11-08 08:30:00,0.37827852998065764,0.4807638441894809
2017-11-08 08:45:00,0.37827852998065764,0.46772182093556963
2017-11-08 09:00:00,0.37193423597678915,0.4549785104113568
2017-11-08 09:15:00,0.37193423597678915,0.4482658632764009
2017-11-08 09:30:00,0.37193423597678915,0.4421449190684024
2017-11-08 09:45:00,0.37193423597678915,0.4348569671752694
2017-11-08 10:00:00,0.37193423597678915,0.43213185603683557
2017-11-08 10:15:00,0.37193423597678915,0.43761895033812936
2017-11-08 10:30:00,0.37193423597678915,0.442583369548643
2017-11-08 10:45:00,0.37193423597678915,0.44204916046467496
2017-11-08 11:00:00,0.37193423597678915,0.4415264321556915
2017-11-08 11:15:00,0.37193423597678915,0.4298136888850489
2017-11-08 11:30:00,0.37193423597678915,0.4270665337592192
2017-11-08 11:45:00,0.37193423597678915,0.43139330245571317
2017-11-08 12:00:00,0.37193423597678915,0.43833687981261843
2017-11-08 12:15:00,0.37193423597678915,0.44225149698593247
2017-11-08 12:30:00,0.37193423597678915,0.4355662744540677
2017-11-08 12:45:00,0.37193423597678915,0.4347939148679592
2017-11-08 13:00:00,0.37193423597678915,0.44116840670857627
2017-11-08 13:15:00,0.37193423597678915,0.44053098849132416
2017-11-08 13:30:00,0.37193423597678915,0.44574817197224
2017-11-08 13:45:00,0.37193423597678915,0.45131312766943066
2017-11-08 14:00:00,0.37193423597678915,0.4564537455190262
2017-11-08 14:15:00,0.37193423597678915,0.4651049527969623
2017-11-08 14:30:00,0.37193423597678915,0.4727232939939521
2017-11-08 14:45:00,0.37193423597678915,0.478285279753834
2017-11-08 15:00:00,0.37193423597678915,0.4868451813354106
2017-11-08 15:15:00,0.37193423597678915,0.4944135481085802
2017-11-08 15:30:00,0.37193423597678915,0.5009511383479532
2017-11-08 15:45:00,0.37510638297872334,0.5066748847250919
2017-11-08 16:00:00,0.3846228239845261,0.507489017937086
2017-11-08 16:15:00,0.3893810444874275,0.507664623506475
2017-11-08 16:30:00,0.3988974854932302,0.5057318299837503
2017-11-08 16:45:00,0.3988974854932302,0.5040417857639885
2017-11-08 17:00:00,0.3988974854932302,0.5063282609316332
2017-11-08 17:15:00,0.3988974854932302,0.5070940552238016
2017-11-08 17:30:00,0.3988974854932302,0.5073709754689962
2017-11-08 17:45:00,0.3988974854932302,0.49654689012483555
2017-11-08 18:00:00,0.3988974854932302,0.49243730115417716
2017-11-08 18:15:00,0.3988974854932302,0.5172257915456546
2017-11-08 18:30:00,0.3988974854932302,0.5034618655596578
2017-11-08 18:45:00,0.3988974854932302,0.4990413913405299
2017-11-08 19:00:00,0.3988974854932302,0.5119127948154136
2017-11-08 19:15:00,0.3988974854932302,0.5124686960388968
2017-11-08 19:30:00,0.3973114119922631,0.5130379370658675
2017-11-08 19:45:00,0.3846228239845261,0.5155746451564377
2017-11-08 20:00:00,0.3846228239845261,0.5135664505699625
2017-11-08 20:15:00,0.3846228239845261,0.5185355349063944
2017-11-08 20:30:00,0.3846228239845261,0.5212252158585349
2017-11-08 20:45:00,0.3846228239845261,0.5204285200432524
2017-11-08 21:00:00,0.3846228239845261,0.5271074817464017
2017-11-08 21:15:00,0.3846228239845261,0.5298680069692424
2017-11-08 21:30:00,0.3846228239845261,0.5354030873088521
2017-11-08 21:45:00,0.3846228239845261,0.543370506291085
2017-11-08 22:00:00,0.3846228239845261,0.5432260012881662
2017-11-08 22:15:00,0.3846228239845261,0.5440689715756545
2017-11-08 22:30:00,0.3846228239845261,0.5535103794767606
2017-11-08 22:45:00,0.3846228239845261,0.5586723474818504
2017-11-08 23:00:00,0.3846228239845261,0.5628706580929344
2017-11-08 23:15:00,0.3846228239845261,0.5688594423446923
2017-11-08 23:30:00,0.3846228239845261,0.5676816257467382
2017-11-08 23:45:00,0.3846228239845261,0.5755826662906322
2017-11-09 00:00:00,0.3877949709864604,0.5794592023094434
2017-11-09 00:15:00,0.3877949709864604,0.5869340507971488
2017-11-09 00:30:00,0.3877949709864604,0.5975314267655626
2017-11-09 00:45:00,0.3877949709864604,0.6093022275324532
2017-11-09 01:00:00,0.3877949709864604,0.6188093242540025
2017-11-09 01:15:00,0.3877949709864604,0.619501602949827
2017-11-09 01:30:00,0.3877949709864604,0.6216433990094059
2017-11-09 01:45:00,0.3877949709864604,0.6212210459485535
2017-11-09 02:00:00,0.3877949709864604,0.6225108043579081
2017-11-09 02:15:00,0.3877949709864604,0.6193571911322039
2017-11-09 02:30:00,0.3877949709864604,0.6173927355165058
2017-11-09 02:45:00,0.3877949709864604,0.6146073089827334
2017-11-09 03:00:00,0.3877949709864604,0.6138248324190945
2017-11-09 03:15:00,0.3877949709864604,0.61293403443185
2017-11-09 03:30:00,0.3877949709864604,0.6151554765679518
2017-11-09 03:45:00,0.3877949709864604,0.6129455912521545
2017-11-09 04:00:00,0.3877949709864604,0.6121931018034839
2017-11-09 04:15:00,0.3877949709864604,0.6070990337796399
2017-11-09 04:30:00,0.3877949709864604,0.6031870279796396
2017-11-09 04:45:00,0.3877949709864604,0.597852685610028
2017-11-09 05:00:00,0.3877949709864604,0.5909609693431644
2017-11-09 05:15:00,0.3877949709864604,0.5875396834539117
2017-11-09 05:30:00,0.3877949709864604,0.582680305763555
2017-11-09 05:45:00,0.3877949709864604,0.577534124105233
2017-11-09 06:00:00,0.3877949709864604,0.5682294543183561
2017-11-09 06:15:00,0.3877949709864604,0.5568776639096379
2017-11-09 06:30:00,0.3877949709864604,0.5461966465738921
2017-11-09 06:45:00,0.3877949709864604,0.5355207168839689
2017-11-09 07:00:00,0.3877949709864604,0.5305932873992147
2017-11-09 07:15:00,0.3877949709864604,0.5255539199685271
2017-11-09 07:30:00,0.3877949709864604,0.5191395099921545
2017-11-09 07:45:00,0.3877949709864604,0.5128110391772948
2017-11-09 08:00:00,0.3877949709864604,0.5089669838889431
2017-11-09 08:15:00,0.3877949709864604,0.5086208838995563
2017-11-09 08:30:00,0.3877949709864604,0.5043377698062227
2017-11-09 08:45:00,0.3877949709864604,0.5035073339936857
2017-11-09 09:00:00,0.3877949709864604,0.5019136604636916
2017-11-09 09:15:00,0.3877949709864604,0.49391980108260647
2017-11-09 09:30:00,0.3877949709864604,0.48515945523286086
2017-11-09 09:45:00,0.3877949709864604,0.47685621034310477
2017-11-09 10:00:00,0.3877949709864604,0.46932721457203347
2017-11-09 10:15:00,0.3877949709864604,0.46017375345418354
2017-11-09 10:30:00,0.3877949709864604,0.45359380693623824
2017-11-09 10:45:00,0.3877949709864604,0.4529911445354834
2017-11-09 11:00:00,0.3877949709864604,0.44954345915533006
2017-11-09 11:15:00,0.3877949709864604,0.4513786455426074
2017-11-09 11:30:00,0.3877949709864604,0.4514362488194532
2017-11-09 11:45:00,0.3877949709864604,0.45635179342906035
2017-11-09 12:00:00,0.3877949709864604,0.4597073367072185
2017-11-09 12:15:00,0.3877949709864604,0.46212481124400423
2017-11-09 12:30:00,0.3877949709864604,0.46427664046739997
2017-11-09 12:45:00,0.3877949709864604,0.46276918863943356
2017-11-09 13:00:00,0.3877949709864604,0.45981875616408646
2017-11-09 13:15:00,0.3877949709864604,0.46308630070264084
2017-11-09 13:30:00,0.3877949709864604,0.46642728401117556
2017-11-09 13:45:00,0.3877949709864604,0.4705941671360366
2017-11-09 14:00:00,0.3877949709864604,0.47465630475697657
2017-11-09 14:15:00,0.3877949709864604,0.4816965840581325
2017-11-09 14:30:00,0.3877949709864604,0.48869950255961164
2017-11-09 14:45:00,0.3877949709864604,0.49650852757930586
2017-11-09 15:00:00,0.3877949709864604,0.5044558085680324
2017-11-09 15:15:00,0.3877949709864604,0.5064753379974758
2017-11-09 15:30:00,0.3893810444874275,0.5076622140576934
2017-11-09 15:45:00,0.39096711798839456,0.5120688261600979
2017-11-09 16:00:00,0.395725338491296,0.5112249806951032
2017-11-09 16:15:00,0.395725338491296,0.512043521001082
2017-11-09 16:30:00,0.395725338491296,0.5107669814511326
2017-11-09 16:45:00,0.395725338491296,0.5138528291470664
2017-11-09 17:00:00,0.40365570599613154,0.5065292958807828
2017-11-09 17:15:00,0.40365570599613154,0.4951879756362994
2017-11-09 17:30:00,0.40365570599613154,0.4929053555874188
2017-11-09 17:45:00,0.40365570599613154,0.49667083947143714
2017-11-09 18:00:00,0.40365570599613154,0.4899169327244986
2017-11-09 18:15:00,0.40365570599613154,0.48692778636563283
2017-11-09 18:30:00,0.40365570599613154,0.4873350618035033
2017-11-09 18:45:00,0.40365570599613154,0.4831554458281086
2017-11-09 19:00:00,0.40365570599613154,0.4793563390006025
2017-11-09 19:15:00,0.40365570599613154,0.4825277815817181
2017-11-09 19:30:00,0.40365570599613154,0.48619358340945773
2017-11-09 19:45:00,0.40365570599613154,0.48742863145022625
2017-11-09 20:00:00,0.3846228239845261,0.49284157028361547
2017-11-09 20:15:00,0.37986460348162476,0.4984991205414846
2017-11-09 20:30:00,0.3766924564796905,0.5058384803909796
2017-11-09 20:45:00,0.3766924564796905,0.5106670462875097
2017-11-09 21:00:00,0.3766924564796905,0.5157570252308777
2017-11-09 21:15:00,0.37034816247582203,0.5227340767651459
2017-11-09 21:30:00,0.37034816247582203,0.5241330250248344
2017-11-09 21:45:00,0.37034816247582203,0.5208252122881485
2017-11-09 22:00:00,0.37034816247582203,0.521892460632458
2017-11-09 22:15:00,0.3640038684719536,0.5241505869849445
2017-11-09 22:30:00,0.3640038684719536,0.5275309926478416
2017-11-09 22:45:00,0.3640038684719536,0.5303595279421247
2017-11-09 23:00:00,0.3640038684719536,0.5351016479215384
2017-11-09 23:15:00,0.3640038684719536,0.5399825074832324
2017-11-09 23:30:00,0.3640038684719536,0.5465126256023833
2017-11-09 23:45:00,0.3640038684719536,0.5519859217544799
2017-11-10 00:00:00,0.3640038684719536,0.5507791031984928
2017-11-10 00:15:00,0.3640038684719536,0.5498825674568142
2017-11-10 00:30:00,0.3640038684719536,0.5514382368019609
2017-11-10 00:45:00,0.3640038684719536,0.553621759872649
2017-11-10 01:00:00,0.3640038684719536,0.561881613105891
2017-11-10 01:15:00,0.3640038684719536,0.5657553686527708
2017-11-10 01:30:00,0.3640038684719536,0.5681197786924398
2017-11-10 01:45:00,0.3640038684719536,0.5704113208705626
2017-11-10 02:00:00,0.3640038684719536,0.5710969152364825
2017-11-10 02:15:00,0.3640038684719536,0.5733744579387259
2017-11-10 02:30:00,0.3640038684719536,0.5737767112963552
2017-11-10 02:45:00,0.3640038684719536,0.5692604770477679
2017-11-10 03:00:00,0.3640038684719536,0.5661626888006425
2017-11-10 03:15:00,0.3640038684719536,0.565764978567897
2017-11-10 03:30:00,0.3640038684719536,0.5562676637611542
2017-11-10 03:45:00,0.3640038684719536,0.5619964693519586
2017-11-10 04:00:00,0.3640038684719536,0.5588562458547442
2017-11-10 04:15:00,0.3640038684719536,0.5564777544061944
2017-11-10 04:30:00,0.3640038684719536,0.552573832333038
2017-11-10 04:45:00,0.3640038684719536,0.5460031875365592
2017-11-10 05:00:00,0.3640038684719536,0.5343390639013323
2017-11-10 05:15:00,0.3640038684719536,0.5273292465762985
2017-11-10 05:30:00,0.3640038684719536,0.5215186660541415
2017-11-10 05:45:00,0.3640038684719536,0.5129232542402862
2017-11-10 06:00:00,0.3640038684719536,0.5068964321267887
2017-11-10 06:15:00,0.3640038684719536,0.5089599238648402
2017-11-10 06:30:00,0.3687620889748549,0.5088744995051189
2017-11-10 06:45:00,0.37827852998065764,0.5105325157007211
2017-11-10 07:00:00,0.3814506769825919,0.5055898327391914
2017-11-10 07:15:00,0.3814506769825919,0.4949376842236207
2017-11-10 07:30:00,0.3814506769825919,0.4946696261828473
2017-11-10 07:45:00,0.3814506769825919,0.49155841881916357
2017-11-10 08:00:00,0.3814506769825919,0.48481783633255426
2017-11-10 08:15:00,0.3814506769825919,0.4818328222761156
2017-11-10 08:30:00,0.3814506769825919,0.47489588855463344
2017-11-10 08:45:00,0.3814506769825919,0.46816182701534287
2017-11-10 09:00:00,0.3814506769825919,0.4608365470400373
2017-11-10 09:15:00,0.3814506769825919,0.4530197058412945
2017-11-10 09:30:00,0.3814506769825919,0.4456164359608659
2017-11-10 09:45:00,0.3814506769825919,0.4400427173383563
2017-11-10 10:00:00,0.3814506769825919,0.4330457652688907
2017-11-10 10:15:00,0.3814506769825919,0.43323291738734865
2017-11-10 10:30:00,0.3814506769825919,0.4308043279011863
2017-11-10 10:45:00,0.3814506769825919,0.4267918168706791
2017-11-10 11:00:00,0.3814506769825919,0.4244157835560847
2017-11-10 11:15:00,0.3814506769825919,0.4212979917802817
2017-11-10 11:30:00,0.3814506769825919,0.4184328509020173
2017-11-10 11:45:00,0.3814506769825919,0.4156599695030471
2017-11-10 12:00:00,0.3814506769825919,0.4294988435266127
2017-11-10 12:15:00,0.3814506769825919,0.4307611896117154
2017-11-10 12:30:00,0.3814506769825919,0.42763469284267286
2017-11-10 12:45:00,0.3814506769825919,0.4286843422920201
2017-11-10 13:00:00,0.3814506769825919,0.426778974138856
2017-11-10 13:15:00,0.3814506769825919,0.4344810217328763
2017-11-10 13:30:00,0.3814506769825919,0.4422756071111333
2017-11-10 13:45:00,0.3814506769825919,0.45143527222418983
2017-11-10 14:00:00,0.3814506769825919,0.46049744255946234
2017-11-10 14:15:00,0.3814506769825919,0.4656847293885663
2017-11-10 14:30:00,0.3814506769825919,0.4695043537369731
2017-11-10 14:45:00,0.3814506769825919,0.4758753047971152
2017-11-10 15:00:00,0.3814506769825919,0.48093531421661384
2017-11-10 15:15:00,0.3814506769825919,0.4876724930076436
2017-11-10 15:30:00,0.4536363636363636,0.4946162287067915
2017-11-10 15:45:00,0.39096711798839456,0.5031142131522301
2017-11-10 16:00:00,0.3925531914893617,0.5133089718763321
2017-11-10 16:15:00,0.4536363636363636,0.5097452091026928
2017-11-10 16:30:00,0.3973114119922631,0.5042086896109488
2017-11-10 16:45:00,0.4536363636363636,0.5009584427277947
2017-11-10 17:00:00,0.4536363636363636,0.48372988354449886
2017-11-10 17:15:00,0.3973114119922631,0.4630286825124033
2017-11-10 17:30:00,0.3973114119922631,0.4675655989873674
2017-11-10 17:45:00,0.3973114119922631,0.4782044308733709
2017-11-10 18:00:00,0.3973114119922631,0.48029174656764095
2017-11-10 18:15:00,0.3973114119922631,0.4802700245786942
2017-11-10 18:30:00,0.3973114119922631,0.47485553933449426
2017-11-10 18:45:00,0.3973114119922631,0.48077506063168496
2017-11-10 19:00:00,0.3973114119922631,0.4840751525464123
2017-11-10 19:15:00,0.3973114119922631,0.48225730815872664
2017-11-10 19:30:00,0.3973114119922631,0.49090275536098277
2017-11-10 19:45:00,0.395725338491296,0.49890872358593163
2017-11-10 20:00:00,0.38620889748549325,0.5065094069393066
2017-11-10 20:15:00,0.4536363636363636,0.5089406048599704
2017-11-10 20:30:00,0.3814506769825919,0.5110463203352184
2017-11-10 20:45:00,0.4536363636363636,0.514965190159433
2017-11-10 21:00:00,0.37193423597678915,0.5208688067904116
2017-11-10 21:15:00,0.37193423597678915,0.5231094640285459
2017-11-10 21:30:00,0.37193423597678915,0.5231258424008473
2017-11-10 21:45:00,0.37193423597678915,0.5226755282606549
2017-11-10 22:00:00,0.37193423597678915,0.5259137537249647
2017-11-10 22:15:00,0.36558994197292066,0.5320944434568364
2017-11-10 22:30:00,0.4536363636363636,0.5309420084783925
2017-11-10 22:45:00,0.3640038684719536,0.5325831777944974
2017-11-10 23:00:00,0.4536363636363636,0.5380718682123812
2017-11-10 23:15:00,0.3576595744680851,0.5434109023433675
2017-11-10 23:30:00,0.35290135396518374,0.5618158629126299
2017-11-10 23:45:00,0.35290135396518374,0.5614283898383706
2017-11-11 00:00:00,0.4536363636363636,0.5621618671162493
2017-11-11 00:15:00,0.3497292069632495,0.5699075018518235
2017-11-11 00:30:00,0.3497292069632495,0.5677499325283214
2017-11-11 00:45:00,0.3497292069632495,0.5688438986842894
2017-11-11 01:00:00,0.34655705996131525,0.5713576896581564
2017-11-11 01:15:00,0.3449709864603482,0.5730773500863349
2017-11-11 01:30:00,0.3449709864603482,0.5734725465250686
2017-11-11 01:45:00,0.3449709864603482,0.5739054414287662
2017-11-11 02:00:00,0.3449709864603482,0.5758970844223652
2017-11-11 02:15:00,0.3449709864603482,0.5764942728295296
2017-11-11 02:30:00,0.3449709864603482,0.5752677408897907
2017-11-11 02:45:00,0.3449709864603482,0.5768716303821537
2017-11-11 03:00:00,0.3449709864603482,0.575793381529962
2017-11-11 03:15:00,0.3449709864603482,0.5780370664671782
2017-11-11 03:30:00,0.3449709864603482,0.5809575684877083
2017-11-11 03:45:00,0.3449709864603482,0.5832671569044
2017-11-11 04:00:00,0.3449709864603482,0.5840729701578712
2017-11-11 04:15:00,0.3449709864603482,0.5765755019939676
2017-11-11 04:30:00,0.3449709864603482,0.570828169373296
2017-11-11 04:45:00,0.3449709864603482,0.5691500395367549
2017-11-11 05:00:00,0.3449709864603482,0.5696896193373104
2017-11-11 05:15:00,0.3449709864603482,0.569025045453572
2017-11-11 05:30:00,0.3449709864603482,0.5700082462786642
2017-11-11 05:45:00,0.3449709864603482,0.5727542106939371
2017-11-11 06:00:00,0.3449709864603482,0.5689810354456788
2017-11-11 06:15:00,0.3449709864603482,0.5621929673360405
2017-11-11 06:30:00,0.3449709864603482,0.5640058453291776
2017-11-11 06:45:00,0.3449709864603482,0.5681074573409971
2017-11-11 07:00:00,0.3449709864603482,0.5587108834589778
2017-11-11 07:15:00,0.3449709864603482,0.5548758165831144
2017-11-11 07:30:00,0.3449709864603482,0.5478714475155736
2017-11-11 07:45:00,0.3449709864603482,0.5357125645670504
2017-11-11 08:00:00,0.3402127659574468,0.5557405879136978
2017-11-11 08:15:00,0.3402127659574468,0.5398305703247056
2017-11-11 08:30:00,0.3402127659574468,0.5211218060120896
2017-11-11 08:45:00,0.3402127659574468,0.5068266300544118
2017-11-11 09:00:00,0.3402127659574468,0.4934558041485429
2017-11-11 09:15:00,0.3402127659574468,0.48272197036835207
2017-11-11 09:30:00,0.3386266924564797,0.474344261921328
2017-11-11 09:45:00,0.33545454545454545,0.4653121978580911
2017-11-11 10:00:00,0.33545454545454545,0.45737334791317674
2017-11-11 10:15:00,0.9988888888888889,0.45467595012348827
2017-11-11 10:30:00,0.9988888888888889,0.44508888114525647
2017-11-11 10:45:00,0.9988888888888889,0.44415286448479424
2017-11-11 11:00:00,0.9988888888888889,0.44457248199732896
2017-11-11 11:15:00,0.9988888888888889,0.4416910898907705
2017-11-11 11:30:00,0.9988888888888889,0.4401443585241508
2017-11-11 11:45:00,0.9988888888888889,0.4409508821920893
2017-11-11 12:00:00,0.9988888888888889,0.440746982744424
2017-11-11 12:15:00,0.9988888888888889,0.4391138397266144
2017-11-11 12:30:00,0.9988888888888889,0.4487836044317504
2017-11-11 12:45:00,0.9988888888888889,0.4593935858953039
2017-11-11 13:00:00,0.9988888888888889,0.4682394551990889
2017-11-11 13:15:00,0.9988888888888889,0.47130335283182334
2017-11-11 13:30:00,0.9988888888888889,0.45963075142861937
2017-11-11 13:45:00,0.9988888888888889,0.46492154400882496
2017-11-11 14:00:00,0.9988888888888889,0.46208701384740364
2017-11-11 14:15:00,0.9988888888888889,0.4723677137991793
2017-11-11 14:30:00,0.9988888888888889,0.4797520451321255
2017-11-11 14:45:00,0.33704061895551257,0.4901258389786604
2017-11-11 15:00:00,0.3402127659574468,0.49823416284669697
2017-11-11 15:15:00,0.3449709864603482,0.5049313001346704
2017-11-11 15:30:00,0.3513152804642166,0.5117674038319499
2017-11-11 15:45:00,0.35290135396518374,0.5219131352939786
2017-11-11 16:00:00,0.356073500967118,0.5300977091373945
2017-11-11 16:15:00,0.356073500967118,0.5296895627694771
2017-11-11 16:30:00,0.3576595744680851,0.5217987361666299
2017-11-11 16:45:00,0.3687620889748549,0.5156234201498635
2017-11-11 17:00:00,0.3687620889748549,0.5086568190865574
2017-11-11 17:15:00,0.3687620889748549,0.5107469945698646
2017-11-11 17:30:00,0.3687620889748549,0.5049014557800152
2017-11-11 17:45:00,0.3687620889748549,0.49527718665888615
2017-11-11 18:00:00,0.3687620889748549,0.48554317480778864
2017-11-11 18:15:00,0.3687620889748549,0.4960264797904153
2017-11-11 18:30:00,0.3687620889748549,0.4983346277478665
2017-11-11 18:45:00,0.3687620889748549,0.5015657269351977
2017-11-11 19:00:00,0.3687620889748549,0.5124604248443689
2017-11-11 19:15:00,0.3687620889748549,0.518034929196396
2017-11-11 19:30:00,0.3687620889748549,0.5377456981584958
2017-11-11 19:45:00,0.3640038684719536,0.5456268713304195
2017-11-11 20:00:00,0.3608317214700193,0.5477608347955804
2017-11-11 20:15:00,0.3608317214700193,0.5536403307752453
2017-11-11 20:30:00,0.3608317214700193,0.5505223868924971
2017-11-11 20:45:00,0.356073500967118,0.5574812969061849
2017-11-11 21:00:00,0.356073500967118,0.5595887868523465
2017-11-11 21:15:00,0.356073500967118,0.5599441433303443
2017-11-11 21:30:00,0.356073500967118,0.5639684896214522
2017-11-11 21:45:00,0.356073500967118,0.5648618428250927
2017-11-11 22:00:00,0.356073500967118,0.5706053602147462
2017-11-11 22:15:00,0.356073500967118,0.562196420918293
2017-11-11 22:30:00,0.3497292069632495,0.5615571988205503
2017-11-11 22:45:00,0.34655705996131525,0.5582596742245169
2017-11-11 23:00:00,0.343384912959381,0.55574621193004
2017-11-11 23:15:00,0.3402127659574468,0.5629766431008484
2017-11-11 23:30:00,0.33704061895551257,0.5750497389853111
2017-11-11 23:45:00,0.33704061895551257,0.5797536649793
2017-11-12 00:00:00,0.33704061895551257,0.5836386916698691
2017-11-12 00:15:00,0.33704061895551257,0.5830821534169622
2017-11-12 00:30:00,0.33545454545454545,0.5851616628388868
2017-11-12 00:45:00,0.33545454545454545,0.5844645751532063
2017-11-12 01:00:00,0.9988888888888889,0.5821320989966151
2017-11-12 01:15:00,0.9988888888888889,0.5855206109521481
2017-11-12 01:30:00,0.9988888888888889,0.5915579652077219
2017-11-12 01:45:00,0.9988888888888889,0.5982646823212614
2017-11-12 02:00:00,0.9988888888888889,0.6048558587734122
2017-11-12 02:15:00,0.9988888888888889,0.5875007441043207
2017-11-12 02:30:00,0.9988888888888889,0.569144525152022
2017-11-12 02:45:00,0.9988888888888889,0.5521250013342917
2017-11-12 03:00:00,0.9988888888888889,0.5362151518924488
2017-11-12 03:15:00,0.9988888888888889,0.5356022845546565
2017-11-12 03:30:00,0.9988888888888889,0.5348088060405662
2017-11-12 03:45:00,0.9988888888888889,0.5344900538592987
2017-11-12 04:00:00,0.9988888888888889,0.5283173508045258
2017-11-12 04:15:00,0.9988888888888889,0.5227188590632612
2017-11-12 04:30:00,0.9988888888888889,0.5183526904304826
2017-11-12 04:45:00,0.9988888888888889,0.5165216562707704
2017-11-12 05:00:00,0.9988888888888889,0.5126767185802721
2017-11-12 05:15:00,0.9988888888888889,0.5117785335318258
2017-11-12 05:30:00,0.9988888888888889,0.5039838346109434
2017-11-12 05:45:00,0.9988888888888889,0.4984022360664947
2017-11-12 06:00:00,0.9988888888888889,0.5020526057907397
2017-11-12 06:15:00,0.9988888888888889,0.500204450254457
2017-11-12 06:30:00,0.9988888888888889,0.4997472511716652
2017-11-12 06:45:00,0.9988888888888889,0.4950674782652689
2017-11-12 07:00:00,0.9988888888888889,0.5048809019719356
2017-11-12 07:15:00,0.9988888888888889,0.5270290999547398
2017-11-12 07:30:00,0.9988888888888889,0.5146139100678433
2017-11-12 07:45:00,0.9988888888888889,0.5106871312387091
2017-11-12 08:00:00,0.9988888888888889,0.48876226217864965
2017-11-12 08:15:00,0.9988888888888889,0.48175364401215376
2017-11-12 08:30:00,0.9988888888888889,0.4758431370214363
2017-11-12 08:45:00,0.9988888888888889,0.45754416943295717
2017-11-12 09:00:00,0.9988888888888889,0.44142525609568156
2017-11-12 09:15:00,0.9988888888888889,0.4447422035034994
2017-11-12 09:30:00,0.9988888888888889,0.44824078099274
2017-11-12 09:45:00,0.9988888888888889,0.44879639766659807
2017-11-12 10:00:00,0.9988888888888889,0.4526822034374099
2017-11-12 10:15:00,0.9988888888888889,0.4491984830719241
2017-11-12 10:30:00,0.9988888888888889,0.45175400493510326
2017-11-12 10:45:00,0.9988888888888889,0.4519053349400821
2017-11-12 11:00:00,0.9988888888888889,0.4524066780642119
2017-11-12 11:15:00,0.9988888888888889,0.47036095013297724
2017-11-12 11:30:00,0.9988888888888889,0.4890970600552541
2017-11-12 11:45:00,0.9988888888888889,0.49087688683831343
2017-11-12 12:00:00,0.9988888888888889,0.4994882923195736
2017-11-12 12:15:00,0.9988888888888889,0.5018049742917025
2017-11-12 12:30:00,0.9988888888888889,0.49916480829865517
2017-11-12 12:45:00,0.9988888888888889,0.49308413696202874
2017-11-12 13:00:00,0.9988888888888889,0.48752964867128656
2017-11-12 13:15:00,0.9988888888888889,0.48092057736173277
2017-11-12 13:30:00,0.9988888888888889,0.4741815504720688
2017-11-12 13:45:00,0.9988888888888889,0.48006754505334875
2017-11-12 14:00:00,0.9988888888888889,0.47036102012330966
2017-11-12 14:15:00,0.9988888888888889,0.4926112780504881
2017-11-12 14:30:00,0.9988888888888889,0.5155475364408645
2017-11-12 14:45:00,0.33545454545454545,0.5365921024791058
2017-11-12 15:00:00,0.3449709864603482,0.5393593426118933
2017-11-12 15:15:00,0.3513152804642166,0.5429073002518249
2017-11-12 15:30:00,0.35448742746615086,0.5485433261949562
2017-11-12 15:45:00,0.356073500967118,0.555747622075509
2017-11-12 16:00:00,0.35924564796905223,0.5596493707997398
2017-11-12 16:15:00,0.3624177949709865,0.5593384671144032
2017-11-12 16:30:00,0.37034816247582203,0.5528927407738761
2017-11-12 16:45:00,0.37510638297872334,0.5489319086201564
2017-11-12 17:00:00,0.37827852998065764,0.5488514303945041
2017-11-12 17:15:00,0.3814506769825919,0.5483558503098386
2017-11-12 17:30:00,0.38303675048355895,0.5421085578986022
2017-11-12 17:45:00,0.38303675048355895,0.5287695486183782
2017-11-12 18:00:00,0.38303675048355895,0.5358312763405961
2017-11-12 18:15:00,0.38303675048355895,0.5371167626317098
2017-11-12 18:30:00,0.38303675048355895,0.5477083111019531
2017-11-12 18:45:00,0.38303675048355895,0.5655300345529104
2017-11-12 19:00:00,0.38303675048355895,0.5603689575869331
2017-11-12 19:15:00,0.38303675048355895,0.562685495024168
2017-11-12 19:30:00,0.38303675048355895,0.5645664046588014
2017-11-12 19:45:00,0.38303675048355895,0.5689916515138984
2017-11-12 20:00:00,0.38303675048355895,0.5655035207186576
2017-11-12 20:15:00,0.38303675048355895,0.5652829591158149
2017-11-12 20:30:00,0.38303675048355895,0.5627354574236085
2017-11-12 20:45:00,0.38303675048355895,0.5770148487401272
2017-11-12 21:00:00,0.38303675048355895,0.5938953588916286
2017-11-12 21:15:00,0.37986460348162476,0.6038845734642263
2017-11-12 21:30:00,0.37986460348162476,0.6097245230821969
2017-11-12 21:45:00,0.37986460348162476,0.6083978909609523
2017-11-12 22:00:00,0.37986460348162476,0.5996868533368883
2017-11-12 22:15:00,0.37986460348162476,0.5928073276615866
2017-11-12 22:30:00,0.37986460348162476,0.5999248478863208
2017-11-12 22:45:00,0.37986460348162476,0.6034010995729019
2017-11-12 23:00:00,0.37986460348162476,0.6059632557861362
2017-11-12 23:15:00,0.37352030947775633,0.6109845091829686
2017-11-12 23:30:00,0.37352030947775633,0.6026339906621528
2017-11-12 23:45:00,0.37352030947775633,0.5950826747119703
2017-11-13 00:00:00,0.37510638297872334,0.5903944621161102
2017-11-13 00:15:00,0.37510638297872334,0.5957653028350062
2017-11-13 00:30:00,0.37510638297872334,0.6004279665667717
2017-11-13 00:45:00,0.37510638297872334,0.6045998354507834
2017-11-13 01:00:00,0.37510638297872334,0.6101962718092488
2017-11-13 01:15:00,0.37510638297872334,0.6093083437238365
2017-11-13 01:30:00,0.37510638297872334,0.6052484451580008
2017-11-13 01:45:00,0.37510638297872334,0.6036856036283859
2017-11-13 02:00:00,0.37510638297872334,0.6044721989856356
2017-11-13 02:15:00,0.37510638297872334,0.605808450852629
2017-11-13 02:30:00,0.37510638297872334,0.6033456123425329
2017-11-13 02:45:00,0.37510638297872334,0.6014086298619397
2017-11-13 03:00:00,0.37510638297872334,0.6033857052515128
2017-11-13 03:15:00,0.37510638297872334,0.6001206146150146
2017-11-13 03:30:00,0.37510638297872334,0.5957688565077862
2017-11-13 03:45:00,0.37510638297872334,0.5943061890399906
2017-11-13 04:00:00,0.37510638297872334,0.587398062760287
2017-11-13 04:15:00,0.37510638297872334,0.5847677703935316
2017-11-13 04:30:00,0.37510638297872334,0.5859887861375507
2017-11-13 04:45:00,0.37510638297872334,0.5857880256195674
2017-11-13 05:00:00,0.37510638297872334,0.5810745587178942
2017-11-13 05:15:00,0.37510638297872334,0.5758121167889525
2017-11-13 05:30:00,0.37510638297872334,0.5700883386385108
2017-11-13 05:45:00,0.37510638297872334,0.5628877287913459
2017-11-13 06:00:00,0.37510638297872334,0.5530390461142873
2017-11-13 06:15:00,0.37510638297872334,0.5365530992383876
2017-11-13 06:30:00,0.37510638297872334,0.5182935339183925
2017-11-13 06:45:00,0.37510638297872334,0.5056419063854236
2017-11-13 07:00:00,0.37510638297872334,0.4923251145569548
2017-11-13 07:15:00,0.37510638297872334,0.4874932487738128
2017-11-13 07:30:00,0.37510638297872334,0.4879129214661664
2017-11-13 07:45:00,0.37510638297872334,0.4855574208601011
2017-11-13 08:00:00,0.37193423597678915,0.4834131052052055
2017-11-13 08:15:00,0.36717601547388784,0.47301198243546394
2017-11-13 08:30:00,0.3608317214700193,0.46368704932693083
2017-11-13 08:45:00,0.3513152804642166,0.45563767270325994
2017-11-13 09:00:00,0.3513152804642166,0.4436602508446979
2017-11-13 09:15:00,0.3497292069632495,0.43653707495408806
2017-11-13 09:30:00,0.34655705996131525,0.4300727638562991
2017-11-13 09:45:00,0.3417988394584139,0.42330029296777427
2017-11-13 10:00:00,0.3386266924564797,0.4176907733645575
2017-11-13 10:15:00,0.3386266924564797,0.41524049934700313
2017-11-13 10:30:00,0.3386266924564797,0.41302852330546963
2017-11-13 10:45:00,0.3386266924564797,0.4195700307390081
2017-11-13 11:00:00,0.3386266924564797,0.42259215321818483
2017-11-13 11:15:00,0.3386266924564797,0.4227386350760025
2017-11-13 11:30:00,0.3386266924564797,0.421935051564913
2017-11-13 11:45:00,0.3386266924564797,0.4136878953075618
2017-11-13 12:00:00,0.3386266924564797,0.415008225788449
2017-11-13 12:15:00,0.3386266924564797,0.420466215682096
2017-11-13 12:30:00,0.3386266924564797,0.4212986404126503
2017-11-13 12:45:00,0.3386266924564797,0.4209740755849317
2017-11-13 13:00:00,0.3386266924564797,0.42117187682338086
2017-11-13 13:15:00,0.3386266924564797,0.41747091170010414
2017-11-13 13:30:00,0.3386266924564797,0.42372848716249495
2017-11-13 13:45:00,0.3386266924564797,0.4252369193525156
2017-11-13 14:00:00,0.3386266924564797,0.4266462498734268
2017-11-13 14:15:00,0.3402127659574468,0.43286914530729026
2017-11-13 14:30:00,0.3417988394584139,0.4395047306270138
2017-11-13 14:45:00,0.3449709864603482,0.44626398618011753
2017-11-13 15:00:00,0.3497292069632495,0.45154783831225437
2017-11-13 15:15:00,0.356073500967118,0.4569696036572562
2017-11-13 15:30:00,0.3608317214700193,0.462446683530523
2017-11-13 15:45:00,0.3624177949709865,0.4689865108613768
2017-11-13 16:00:00,0.36558994197292066,0.47440375394765655
2017-11-13 16:15:00,0.36717601547388784,0.4730934437746471
2017-11-13 16:30:00,0.3687620889748549,0.4697129181554479
2017-11-13 16:45:00,0.3846228239845261,0.4656749752475043
2017-11-13 17:00:00,0.3846228239845261,0.46231037364651123
2017-11-13 17:15:00,0.3846228239845261,0.46188546429774346
2017-11-13 17:30:00,0.3846228239845261,0.4551684569274172
2017-11-13 17:45:00,0.3846228239845261,0.4574860838677171
2017-11-13 18:00:00,0.3846228239845261,0.4533143909795875
2017-11-13 18:15:00,0.3846228239845261,0.450578617559457
2017-11-13 18:30:00,0.3846228239845261,0.4513987335707007
2017-11-13 18:45:00,0.3846228239845261,0.4527163706136305
2017-11-13 19:00:00,0.3846228239845261,0.4533901636898357
2017-11-13 19:15:00,0.3846228239845261,0.46654595395415094
2017-11-13 19:30:00,0.3846228239845261,0.47326496144260277
2017-11-13 19:45:00,0.3814506769825919,0.47840537684647555
2017-11-13 20:00:00,0.3814506769825919,0.4816568099504694
2017-11-13 20:15:00,0.37352030947775633,0.48100525246753356
2017-11-13 20:30:00,0.37193423597678915,0.48281142097024604
2017-11-13 20:45:00,0.3687620889748549,0.48604073316473795
2017-11-13 21:00:00,0.36558994197292066,0.48962285426811203
2017-11-13 21:15:00,0.36558994197292066,0.49055137905620294
2017-11-13 21:30:00,0.36558994197292066,0.49180653851731765
2017-11-13 21:45:00,0.36558994197292066,0.49311082885079005
2017-11-13 22:00:00,0.36558994197292066,0.4952425526464913
2017-11-13 22:15:00,0.36558994197292066,0.5032223937983782
2017-11-13 22:30:00,0.36558994197292066,0.5092746687553017
2017-11-13 22:45:00,0.36558994197292066,0.516332103527485
2017-11-13 23:00:00,0.36558994197292066,0.5196094699218832
2017-11-13 23:15:00,0.36558994197292066,0.5223505125063347
2017-11-13 23:30:00,0.36558994197292066,0.5253690557277577
2017-11-13 23:45:00,0.36558994197292066,0.5290517699477798
2017-11-14 00:00:00,0.41000000000000003,0.5241961140835555
2017-11-14 00:15:00,0.41000000000000003,0.5179045752314012
2017-11-14 00:30:00,0.41000000000000003,0.508957204143194
2017-11-14 00:45:00,0.41000000000000003,0.5095702230368391
2017-11-14 01:00:00,0.41000000000000003,0.5134041503904025
2017-11-14 01:15:00,0.41000000000000003,0.5232368208622582
2017-11-14 01:30:00,0.41000000000000003,0.5297499290402028
2017-11-14 01:45:00,0.41000000000000003,0.5410520503351837
2017-11-14 02:00:00,0.41000000000000003,0.5474947334285718
2017-11-14 02:15:00,0.41000000000000003,0.5454807664931014
2017-11-14 02:30:00,0.41000000000000003,0.543590276214269
2017-11-14 02:45:00,0.41000000000000003,0.5404313782686372
2017-11-14 03:00:00,0.41000000000000003,0.5267663772007923
2017-11-14 03:15:00,0.41000000000000003,0.5318720723572394
2017-11-14 03:30:00,0.41000000000000003,0.5344071567777992
2017-11-14 03:45:00,0.41000000000000003,0.5329640589798894
2017-11-14 04:00:00,0.41000000000000003,0.5304756371086948
2017-11-14 04:15:00,0.41000000000000003,0.5085182716088144
2017-11-14 04:30:00,0.41000000000000003,0.5198160438074705
2017-11-14 04:45:00,0.41000000000000003,0.5311598284797903
2017-11-14 05:00:00,0.41000000000000003,0.5438065177657673
2017-11-14 05:15:00,0.41000000000000003,0.5399228887185946
2017-11-14 05:30:00,0.41000000000000003,0.5333515627094537
2017-11-14 05:45:00,0.41000000000000003,0.5270285173121935
2017-11-14 06:00:00,0.41000000000000003,0.5183193603174743
2017-11-14 06:15:00,0.41000000000000003,0.5153056654277398
2017-11-14 06:30:00,0.41000000000000003,0.5143163333997168
2017-11-14 06:45:00,0.41000000000000003,0.5131394628687915
2017-11-14 07:00:00,0.41000000000000003,0.5095904515477583
2017-11-14 07:15:00,0.41000000000000003,0.5041242071550838
2017-11-14 07:30:00,0.41000000000000003,0.5006075820625387
2017-11-14 07:45:00,0.41000000000000003,0.49357228826094796
2017-11-14 08:00:00,0.41000000000000003,0.48962470146213216
2017-11-14 08:15:00,0.41000000000000003,0.4804628474686384
2017-11-14 08:30:00,0.41000000000000003,0.47196481436423127
2017-11-14 08:45:00,0.41000000000000003,0.4629163803490788
2017-11-14 09:00:00,0.41000000000000003,0.45370651461217426
2017-11-14 09:15:00,0.41000000000000003,0.4553166159657253
2017-11-14 09:30:00,0.41000000000000003,0.4562451413964237
2017-11-14 09:45:00,0.41000000000000003,0.4575237467098651
2017-11-14 10:00:00,0.41000000000000003,0.4587502701922611
2017-11-14 10:15:00,0.41000000000000003,0.452691897707315
2017-11-14 10:30:00,0.41000000000000003,0.4461137438834658
2017-11-14 10:45:00,0.41000000000000003,0.43948912962930037
2017-11-14 11:00:00,0.41000000000000003,0.4340207571725304
2017-11-14 11:15:00,0.41000000000000003,0.43560175279310587
2017-11-14 11:30:00,0.41000000000000003,0.4370354166570286
2017-11-14 11:45:00,0.41000000000000003,0.43841457955154506
2017-11-14 12:00:00,0.41000000000000003,0.4403966158531844
2017-11-14 12:15:00,0.41000000000000003,0.4449579913336925
2017-11-14 12:30:00,0.41000000000000003,0.44957137886435156
2017-11-14 12:45:00,0.41000000000000003,0.45536378345060824
2017-11-14 13:00:00,0.41000000000000003,0.458397829032444
2017-11-14 13:15:00,0.41000000000000003,0.4566958809062189
2017-11-14 13:30:00,0.41000000000000003,0.45531857234888246
2017-11-14 13:45:00,0.41000000000000003,0.4535719775334974
2017-11-14 14:00:00,0.41000000000000003,0.4517958591617508
2017-11-14 14:15:00,0.41000000000000003,0.4634786557835397
2017-11-14 14:30:00,0.41000000000000003,0.4745084924183899
2017-11-14 14:45:00,0.41000000000000003,0.4825428412601591
2017-11-14 15:00:00,0.41000000000000003,0.492543007459883
2017-11-14 15:15:00,0.41000000000000003,0.4967921172990265
2017-11-14 15:30:00,0.41000000000000003,0.49965437021172676
2017-11-14 15:45:00,0.41000000000000003,0.502823472131361
2017-11-14 16:00:00,0.41000000000000003,0.5040805198904377
2017-11-14 16:15:00,0.41000000000000003,0.504527466291969
2017-11-14 16:30:00,0.41000000000000003,0.5076156389444763
2017-11-14 16:45:00,0.41000000000000003,0.5072501585519018
2017-11-14 17:00:00,0.41000000000000003,0.5053979400057556
2017-11-14 17:15:00,0.41000000000000003,0.49651586677561593
2017-11-14 17:30:00,0.41000000000000003,0.5002088366807735
2017-11-14 17:45:00,0.41000000000000003,0.49385827480451855
2017-11-14 18:00:00,0.41000000000000003,0.4867107967990947
2017-11-14 18:15:00,0.41000000000000003,0.4992709886921778
2017-11-14 18:30:00,0.41000000000000003,0.4960638989933674
2017-11-14 18:45:00,0.41000000000000003,0.4914334033916776
2017-11-14 19:00:00,0.41000000000000003,0.4967272658743749
2017-11-14 19:15:00,0.41000000000000003,0.5055587582132552
2017-11-14 19:30:00,0.41000000000000003,0.5124245759225299
2017-11-14 19:45:00,0.41000000000000003,0.5219492509913749
2017-11-14 20:00:00,0.41000000000000003,0.531706574852521
2017-11-14 20:15:00,0.41000000000000003,0.5294632973618206
2017-11-14 20:30:00,0.41000000000000003,0.5306697395068515
2017-11-14 20:45:00,0.41000000000000003,0.5282709187290826
2017-11-14 21:00:00,0.41000000000000003,0.5260516868284195
2017-11-14 21:15:00,0.41000000000000003,0.5282142852216297
2017-11-14 21:30:00,0.41000000000000003,0.5257625187039549
2017-11-14 21:45:00,0.41000000000000003,0.5300630014685859
2017-11-14 22:00:00,0.41000000000000003,0.5324134122068656
2017-11-14 22:15:00,0.41000000000000003,0.531736060431931
2017-11-14 22:30:00,0.41000000000000003,0.5354754540496804
2017-11-14 22:45:00,0.41000000000000003,0.540569814570434
2017-11-14 23:00:00,0.41000000000000003,0.5508892904639149
2017-11-14 23:15:00,0.41000000000000003,0.5505830599234163
2017-11-14 23:30:00,0.41000000000000003,0.5534686812414912
2017-11-14 23:45:00,0.41000000000000003,0.5587011109864486
2017-11-15 00:00:00,0.41000000000000003,0.5626153704213149
2017-11-15 00:15:00,0.41000000000000003,0.5652865832090123
2017-11-15 00:30:00,0.41000000000000003,0.566653799566278
2017-11-15 00:45:00,0.41000000000000003,0.5685571038615512
2017-11-15 01:00:00,0.41000000000000003,0.5683950462061121
2017-11-15 01:15:00,0.41000000000000003,0.5702640454066952
2017-11-15 01:30:00,0.41000000000000003,0.570175134792829
2017-11-15 01:45:00,0.41000000000000003,0.5754258174983601
2017-11-15 02:00:00,0.41000000000000003,0.5811597376638242
2017-11-15 02:15:00,0.41000000000000003,0.5804822705394702
2017-11-15 02:30:00,0.41000000000000003,0.5788201158204866
2017-11-15 02:45:00,0.41000000000000003,0.5785112254044436
2017-11-15 03:00:00,0.41000000000000003,0.5760217692591684
2017-11-15 03:15:00,0.41000000000000003,0.5742946340782761
2017-11-15 03:30:00,0.41000000000000003,0.5735153814046399
2017-11-15 03:45:00,0.41000000000000003,0.5713114522526889
2017-11-15 04:00:00,0.41000000000000003,0.5654889442792996
2017-11-15 04:15:00,0.41000000000000003,0.5656351771475157
2017-11-15 04:30:00,0.41000000000000003,0.5647916596803684
2017-11-15 04:45:00,0.41000000000000003,0.5647426665308082
2017-11-15 05:00:00,0.41000000000000003,0.5621589213511664
2017-11-15 05:15:00,0.41000000000000003,0.5586493549981715
2017-11-15 05:30:00,0.41000000000000003,0.5537427076695387
2017-11-15 05:45:00,0.41000000000000003,0.5478346108225783
2017-11-15 06:00:00,0.41000000000000003,0.5382581415726403
2017-11-15 06:15:00,0.41000000000000003,0.5304101332921434
2017-11-15 06:30:00,0.41000000000000003,0.5230934185982506
2017-11-15 06:45:00,0.41000000000000003,0.5192138235457119
2017-11-15 07:00:00,0.41000000000000003,0.5113070423578671
2017-11-15 07:15:00,0.41000000000000003,0.5068810587979804
2017-11-15 07:30:00,0.41000000000000003,0.5037256863957209
2017-11-15 07:45:00,0.41000000000000003,0.49916557762944663
2017-11-15 08:00:00,0.41000000000000003,0.4920937514736467
2017-11-15 08:15:00,0.41000000000000003,0.48437884742222115
2017-11-15 08:30:00,0.41000000000000003,0.4814479619599817
2017-11-15 08:45:00,0.41000000000000003,0.4762970018038481
2017-11-15 09:00:00,0.41000000000000003,0.47146677691449823
2017-11-15 09:15:00,0.41000000000000003,0.4701840269654232
2017-11-15 09:30:00,0.41000000000000003,0.47204420930027
2017-11-15 09:45:00,0.41000000000000003,0.47462770042714275
2017-11-15 10:00:00,0.41000000000000003,0.4732407034466043
2017-11-15 10:15:00,0.41000000000000003,0.4703141837747129
2017-11-15 10:30:00,0.41000000000000003,0.46766335635064193
2017-11-15 10:45:00,0.41000000000000003,0.4634952123869256
2017-11-15 11:00:00,0.41000000000000003,0.46055970336243035
2017-11-15 11:15:00,0.41000000000000003,0.46078935712371594
2017-11-15 11:30:00,0.41000000000000003,0.45920649000274877
2017-11-15 11:45:00,0.41000000000000003,0.45762078318407445
2017-11-15 12:00:00,0.41000000000000003,0.45686227372409255
2017-11-15 12:15:00,0.41000000000000003,0.457238634932969
2017-11-15 12:30:00,0.41000000000000003,0.45780440994458127
2017-11-15 12:45:00,0.41000000000000003,0.46054429128622826
2017-11-15 13:00:00,0.41000000000000003,0.46012184222546626
2017-11-15 13:15:00,0.41000000000000003,0.4632505520887743
2017-11-15 13:30:00,0.41000000000000003,0.46792974836516443
2017-11-15 13:45:00,0.41000000000000003,0.47657480826281434
2017-11-15 14:00:00,0.41000000000000003,0.4788251828049277
2017-11-15 14:15:00,0.41000000000000003,0.4860999264214082
2017-11-15 14:30:00,0.41000000000000003,0.4923652502901499
2017-11-15 14:45:00,0.41000000000000003,0.5007624409734315
2017-11-15 15:00:00,0.41000000000000003,0.5072905363771086
2017-11-15 15:15:00,0.41000000000000003,0.5102461168864718
2017-11-15 15:30:00,0.41000000000000003,0.5123109529850596
2017-11-15 15:45:00,0.41000000000000003,0.5143822279043962
2017-11-15 16:00:00,0.41000000000000003,0.516580257124165
2017-11-15 16:15:00,0.41000000000000003,0.5110427859432773
2017-11-15 16:30:00,0.41000000000000003,0.5057023917480603
2017-11-15 16:45:00,0.41000000000000003,0.5029844461674354
2017-11-15 17:00:00,0.41000000000000003,0.4985607757192819
2017-11-15 17:15:00,0.41000000000000003,0.4963087158090694
2017-11-15 17:30:00,0.41000000000000003,0.5013271998431087
2017-11-15 17:45:00,0.41000000000000003,0.5037515601807949
2017-11-15 18:00:00,0.41000000000000003,0.506408833215828
2017-11-15 18:15:00,0.41000000000000003,0.509503441979746
2017-11-15 18:30:00,0.41000000000000003,0.5103894274151474
2017-11-15 18:45:00,0.41000000000000003,0.5049181428544045
2017-11-15 19:00:00,0.41000000000000003,0.513789333354436
2017-11-15 19:15:00,0.41000000000000003,0.5170872483204164
2017-11-15 19:30:00,0.41000000000000003,0.5188047572481528
2017-11-15 19:45:00,0.41000000000000003,0.523996180133691
2017-11-15 20:00:00,0.41000000000000003,0.5343318442776235
2017-11-15 20:15:00,0.41000000000000003,0.5385710570171532
2017-11-15 20:30:00,0.41000000000000003,0.544796553967242
2017-11-15 20:45:00,0.41000000000000003,0.5494133839225955
2017-11-15 21:00:00,0.41000000000000003,0.5465453979431203
2017-11-15 21:15:00,0.41000000000000003,0.5530463904449419
2017-11-15 21:30:00,0.41000000000000003,0.5556962018209582
2017-11-15 21:45:00,0.41000000000000003,0.5548193439371799
2017-11-15 22:00:00,0.41000000000000003,0.5559819551867544
2017-11-15 22:15:00,0.41000000000000003,0.5537222966546937
2017-11-15 22:30:00,0.41000000000000003,0.5531094105866451
2017-11-15 22:45:00,0.41000000000000003,0.5512476191480358
2017-11-15 23:00:00,0.41000000000000003,0.5506288585227469
2017-11-15 23:15:00,0.41000000000000003,0.5580135201768003
2017-11-15 23:30:00,0.41000000000000003,0.5630391859449583
2017-11-15 23:45:00,0.41000000000000003,0.565251672987454
2017-11-16 00:00:00,0.3814506769825919,0.5601267707397461
2017-11-16 00:15:00,0.3814506769825919,0.5597905970428118
2017-11-16 00:30:00,0.3814506769825919,0.5618409893030663
2017-11-16 00:45:00,0.3814506769825919,0.5674159697275959
2017-11-16 01:00:00,0.3814506769825919,0.5758329043741576
2017-11-16 01:15:00,0.3814506769825919,0.5842960422017984
2017-11-16 01:30:00,0.3814506769825919,0.5859631081728542
2017-11-16 01:45:00,0.3814506769825919,0.5868243038588538
2017-11-16 02:00:00,0.3814506769825919,0.5887783546967772
2017-11-16 02:15:00,0.3814506769825919,0.5913833502895005
2017-11-16 02:30:00,0.3814506769825919,0.5917735406950982
2017-11-16 02:45:00,0.3814506769825919,0.5875091887384954
2017-11-16 03:00:00,0.3814506769825919,0.5850513686607844
2017-11-16 03:15:00,0.3814506769825919,0.584589309215114
2017-11-16 03:30:00,0.3814506769825919,0.5861487780884073
2017-11-16 03:45:00,0.3814506769825919,0.5813870435718428
2017-11-16 04:00:00,0.3814506769825919,0.5728836435525354
2017-11-16 04:15:00,0.3814506769825919,0.5709932708652908
2017-11-16 04:30:00,0.3814506769825919,0.5653732667107215
2017-11-16 04:45:00,0.3814506769825919,0.5626213048217857
2017-11-16 05:00:00,0.3814506769825919,0.5594701660309839
2017-11-16 05:15:00,0.3814506769825919,0.5560060330868533
2017-11-16 05:30:00,0.3814506769825919,0.5528188038980232
2017-11-16 05:45:00,0.3814506769825919,0.5471737629551319
2017-11-16 06:00:00,0.3814506769825919,0.5384243940698501
2017-11-16 06:15:00,0.3814506769825919,0.5310806396350789
2017-11-16 06:30:00,0.3814506769825919,0.5238048278248212
2017-11-16 06:45:00,0.3814506769825919,0.5185303023164052
2017-11-16 07:00:00,0.3814506769825919,0.5084976586925517
2017-11-16 07:15:00,0.3814506769825919,0.5020570929131523
2017-11-16 07:30:00,0.3814506769825919,0.49642242428931327
2017-11-16 07:45:00,0.3814506769825919,0.48689616535924185
2017-11-16 08:00:00,0.3814506769825919,0.47675521880454236
2017-11-16 08:15:00,0.3814506769825919,0.4731342004064072
2017-11-16 08:30:00,0.3814506769825919,0.46721454583973565
2017-11-16 08:45:00,0.3814506769825919,0.4623297608956837
2017-11-16 09:00:00,0.3814506769825919,0.4586647760820217
2017-11-16 09:15:00,0.3814506769825919,0.45789765421122536
2017-11-16 09:30:00,0.3814506769825919,0.45754614339424104
2017-11-16 09:45:00,0.3814506769825919,0.45736437384480666
2017-11-16 10:00:00,0.3814506769825919,0.4580022456116677
2017-11-16 10:15:00,0.3814506769825919,0.4516250656744086
2017-11-16 10:30:00,0.3814506769825919,0.4444821814906507
2017-11-16 10:45:00,0.3814506769825919,0.43731722549285224
2017-11-16 11:00:00,0.3814506769825919,0.4304920908935685
2017-11-16 11:15:00,0.3814506769825919,0.42963779206134844
2017-11-16 11:30:00,0.3814506769825919,0.4290896275880372
2017-11-16 11:45:00,0.3814506769825919,0.4299096257762215
2017-11-16 12:00:00,0.3814506769825919,0.4286791178303112
2017-11-16 12:15:00,0.3814506769825919,0.43278707864882576
2017-11-16 12:30:00,0.3814506769825919,0.4378330071454695
2017-11-16 12:45:00,0.3814506769825919,0.44114788297765756
2017-11-16 13:00:00,0.3814506769825919,0.4436174279638129
2017-11-16 13:15:00,0.3814506769825919,0.44693397238325966
2017-11-16 13:30:00,0.3814506769825919,0.4512330398191472
2017-11-16 13:45:00,0.3814506769825919,0.456745587659315
2017-11-16 14:00:00,0.3814506769825919,0.4589127959077095
2017-11-16 14:15:00,0.3814506769825919,0.4601373921900585
2017-11-16 14:30:00,0.3814506769825919,0.46218761779401396
2017-11-16 14:45:00,0.3814506769825919,0.46247512005180214
2017-11-16 15:00:00,0.3814506769825919,0.46270803860206833
2017-11-16 15:15:00,0.3814506769825919,0.4666487318858723
2017-11-16 15:30:00,0.3814506769825919,0.4729148507469238
2017-11-16 15:45:00,0.3814506769825919,0.477339942319075
2017-11-16 16:00:00,0.40682785299806573,0.48073934502735605
2017-11-16 16:15:00,0.40682785299806573,0.48508601690827746
2017-11-16 16:30:00,0.40682785299806573,0.4873946555065184
2017-11-16 16:45:00,0.40682785299806573,0.4930214757715426
2017-11-16 17:00:00,0.40682785299806573,0.4946017548781406
2017-11-16 17:15:00,0.40682785299806573,0.49060386265513994
2017-11-16 17:30:00,0.40682785299806573,0.47906795340268865
2017-11-16 17:45:00,0.40682785299806573,0.4763899368701032
2017-11-16 18:00:00,0.40682785299806573,0.4735086706525952
2017-11-16 18:15:00,0.40682785299806573,0.467856293462102
2017-11-16 18:30:00,0.40682785299806573,0.475962794605841
2017-11-16 18:45:00,0.40682785299806573,0.47575233060117816
2017-11-16 19:00:00,0.40365570599613154,0.4715028972009431
2017-11-16 19:15:00,0.40365570599613154,0.4798172020899171
2017-11-16 19:30:00,0.40365570599613154,0.4801920996267557
2017-11-16 19:45:00,0.40365570599613154,0.48235623524080173
2017-11-16 20:00:00,0.37986460348162476,0.4851235982688041
2017-11-16 20:15:00,0.37827852998065764,0.4845099662373598
2017-11-16 20:30:00,0.3766924564796905,0.4862307672790438
2017-11-16 20:45:00,0.37352030947775633,0.4882693890824641
2017-11-16 21:00:00,0.3687620889748549,0.4890647970109052
2017-11-16 21:15:00,0.3687620889748549,0.4902998668877862
2017-11-16 21:30:00,0.3640038684719536,0.4932297592291516
2017-11-16 21:45:00,0.3624177949709865,0.4940635301683741
2017-11-16 22:00:00,0.3624177949709865,0.49114926454087104
2017-11-16 22:15:00,0.3624177949709865,0.49209496865104
2017-11-16 22:30:00,0.3624177949709865,0.4930640782739828
2017-11-16 22:45:00,0.3624177949709865,0.4970284469633729
2017-11-16 23:00:00,0.3624177949709865,0.4957662338889131
2017-11-16 23:15:00,0.3624177949709865,0.4975605208193111
2017-11-16 23:30:00,0.3624177949709865,0.4992929389866472
2017-11-16 23:45:00,0.3624177949709865,0.500560692612086
2017-11-17 00:00:00,0.3624177949709865,0.5062817614476097
2017-11-17 00:15:00,0.3624177949709865,0.5124172395358798
2017-11-17 00:30:00,0.3624177949709865,0.5155828102938288
2017-11-17 00:45:00,0.3624177949709865,0.5222606636481228
2017-11-17 01:00:00,0.3624177949709865,0.5300045183330879
2017-11-17 01:15:00,0.3624177949709865,0.5351880918880166
2017-11-17 01:30:00,0.3624177949709865,0.5403056738759506
2017-11-17 01:45:00,0.3624177949709865,0.5433504126786572
2017-11-17 02:00:00,0.3624177949709865,0.5500080736403888
2017-11-17 02:15:00,0.3624177949709865,0.5410743156877696
2017-11-17 02:30:00,0.3624177949709865,0.5480411933122025
2017-11-17 02:45:00,0.3624177949709865,0.5490171169386693
2017-11-17 03:00:00,0.3624177949709865,0.5476833186573036
2017-11-17 03:15:00,0.3624177949709865,0.5495098228632523
2017-11-17 03:30:00,0.3624177949709865,0.5503555704623349
2017-11-17 03:45:00,0.3624177949709865,0.5469661724305352
2017-11-17 04:00:00,0.3624177949709865,0.5441409305686565
2017-11-17 04:15:00,0.3624177949709865,0.5422088990802201
2017-11-17 04:30:00,0.3624177949709865,0.5402548389837117
2017-11-17 04:45:00,0.3624177949709865,0.5453291825085638
2017-11-17 05:00:00,0.3624177949709865,0.5478912866964158
2017-11-17 05:15:00,0.3624177949709865,0.5456701336940912
2017-11-17 05:30:00,0.3624177949709865,0.5421062383094211
2017-11-17 05:45:00,0.3624177949709865,0.5384396419948716
2017-11-17 06:00:00,0.36558994197292066,0.5313300812962585
2017-11-17 06:15:00,0.37193423597678915,0.526719085952578
2017-11-17 06:30:00,0.3766924564796905,0.5224401294836115
2017-11-17 06:45:00,0.37986460348162476,0.5195153175155878
2017-11-17 07:00:00,0.38620889748549325,0.5145557863512504
2017-11-17 07:15:00,0.3877949709864604,0.5102878247795957
2017-11-17 07:30:00,0.3877949709864604,0.5074696854697945
2017-11-17 07:45:00,0.3877949709864604,0.5081081087815955
2017-11-17 08:00:00,0.3877949709864604,0.5074427338996557
2017-11-17 08:15:00,0.3877949709864604,0.5055125277315174
2017-11-17 08:30:00,0.3877949709864604,0.4979894041306896
2017-11-17 08:45:00,0.3877949709864604,0.4927076098314882
2017-11-17 09:00:00,0.3877949709864604,0.4904878771294994
2017-11-17 09:15:00,0.3877949709864604,0.4850624806830483
2017-11-17 09:30:00,0.3877949709864604,0.47881041654134937
2017-11-17 09:45:00,0.3877949709864604,0.4742957972769429
2017-11-17 10:00:00,0.3877949709864604,0.47307683768709713
2017-11-17 10:15:00,0.3877949709864604,0.47025713213550985
2017-11-17 10:30:00,0.3877949709864604,0.466175304987403
2017-11-17 10:45:00,0.3877949709864604,0.462018592814681
2017-11-17 11:00:00,0.3877949709864604,0.45617439286850947
2017-11-17 11:15:00,0.3877949709864604,0.45767497304536353
2017-11-17 11:30:00,0.3877949709864604,0.4602657385206668
2017-11-17 11:45:00,0.3877949709864604,0.4628852514739127
2017-11-17 12:00:00,0.3877949709864604,0.4652549296082205
2017-11-17 12:15:00,0.3877949709864604,0.46362813303882006
2017-11-17 12:30:00,0.3877949709864604,0.461077959409563
2017-11-17 12:45:00,0.3877949709864604,0.46018740946756564
2017-11-17 13:00:00,0.3877949709864604,0.46327906856603235
2017-11-17 13:15:00,0.3877949709864604,0.4612715978458918
2017-11-17 13:30:00,0.3877949709864604,0.4662879295496907
2017-11-17 13:45:00,0.3877949709864604,0.47620838729431597
2017-11-17 14:00:00,0.3877949709864604,0.4813798698158849
2017-11-17 14:15:00,0.3877949709864604,0.4810976612343454
2017-11-17 14:30:00,0.3877949709864604,0.4820252844433527
2017-11-17 14:45:00,0.3877949709864604,0.483120439412185
2017-11-17 15:00:00,0.3877949709864604,0.4839473599430653
2017-11-17 15:15:00,0.3877949709864604,0.4938542778968671
2017-11-17 15:30:00,0.3877949709864604,0.5018092793062586
2017-11-17 15:45:00,0.3877949709864604,0.512687664527221
2017-11-17 16:00:00,0.3877949709864604,0.5248589892208219
2017-11-17 16:15:00,0.40365570599613154,0.5245434206814283
2017-11-17 16:30:00,0.40365570599613154,0.5205708000217039
2017-11-17 16:45:00,0.40365570599613154,0.5097880686065889
2017-11-17 17:00:00,0.40365570599613154,0.4922407616916369
2017-11-17 17:15:00,0.40365570599613154,0.4873665352985214
2017-11-17 17:30:00,0.40365570599613154,0.4877398975043295
2017-11-17 17:45:00,0.40365570599613154,0.48538922036513826
2017-11-17 18:00:00,0.40365570599613154,0.4899718291548883
2017-11-17 18:15:00,0.40365570599613154,0.49432025249358824
2017-11-17 18:30:00,0.40365570599613154,0.5006521608850663
2017-11-17 18:45:00,0.40365570599613154,0.5081821855928262
2017-11-17 19:00:00,0.40365570599613154,0.5175563983870373
2017-11-17 19:15:00,0.4020696324951644,0.5302235629607471
2017-11-17 19:30:00,0.4020696324951644,0.5235510061947033
2017-11-17 19:45:00,0.3973114119922631,0.5186873738037249
2017-11-17 20:00:00,0.3941392649903288,0.5142413000248982
2017-11-17 20:15:00,0.39096711798839456,0.5130209145012629
2017-11-17 20:30:00,0.3877949709864604,0.5117369683120767
2017-11-17 20:45:00,0.37510638297872334,0.5154837546677703
2017-11-17 21:00:00,0.37510638297872334,0.5122745724086978
2017-11-17 21:15:00,0.37510638297872334,0.5058234977621786
2017-11-17 21:30:00,0.36717601547388784,0.5035257485590765
2017-11-17 21:45:00,0.3640038684719536,0.4999566757090906
2017-11-17 22:00:00,0.35924564796905223,0.49516255293156525
2017-11-17 22:15:00,0.356073500967118,0.4999249640679822
2017-11-17 22:30:00,0.35290135396518374,0.5043251123808621
2017-11-17 22:45:00,0.3513152804642166,0.5069945302845819
2017-11-17 23:00:00,0.3449709864603482,0.514123265336898
2017-11-17 23:15:00,0.3449709864603482,0.5208744487426631
2017-11-17 23:30:00,0.343384912959381,0.5316485996928517
2017-11-17 23:45:00,0.343384912959381,0.5313047056447651
2017-11-18 00:00:00,0.4536363636363636,0.5308904166482605
2017-11-18 00:15:00,0.343384912959381,0.5307192843709078
2017-11-18 00:30:00,0.3402127659574468,0.5319009156285657
2017-11-18 00:45:00,0.33704061895551257,0.5327186969956036
2017-11-18 01:00:00,0.33545454545454545,0.5331895024186064
2017-11-18 01:15:00,0.9988888888888889,0.527952236326611
2017-11-18 01:30:00,0.9988888888888889,0.523482475292412
2017-11-18 01:45:00,0.9988888888888889,0.5157161959448584
2017-11-18 02:00:00,0.9988888888888889,0.5064969792133847
2017-11-18 02:15:00,0.9988888888888889,0.499965630856696
2017-11-18 02:30:00,0.9988888888888889,0.49577754709205013
2017-11-18 02:45:00,0.9988888888888889,0.4818490711673141
2017-11-18 03:00:00,0.9988888888888889,0.4838802518788961
2017-11-18 03:15:00,0.9988888888888889,0.48223408560856684
2017-11-18 03:30:00,0.9988888888888889,0.4816079361200843
2017-11-18 03:45:00,0.9988888888888889,0.48011000100742274
2017-11-18 04:00:00,0.9988888888888889,0.476307246857651
2017-11-18 04:15:00,0.9988888888888889,0.47619551839823343
2017-11-18 04:30:00,0.9988888888888889,0.47571444172765803
2017-11-18 04:45:00,0.9988888888888889,0.4762931425568115
2017-11-18 05:00:00,0.9988888888888889,0.4745995125599091
2017-11-18 05:15:00,0.9988888888888889,0.47548684132085034
2017-11-18 05:30:00,0.9988888888888889,0.47722784058436085
2017-11-18 05:45:00,0.9988888888888889,0.4756837807248796
2017-11-18 06:00:00,0.9988888888888889,0.4717386080604702
2017-11-18 06:15:00,0.9988888888888889,0.4620610098913453
2017-11-18 06:30:00,0.9988888888888889,0.4617712837416226
2017-11-18 06:45:00,0.9988888888888889,0.46356812488144067
2017-11-18 07:00:00,0.9988888888888889,0.46288635347388396
2017-11-18 07:15:00,0.9988888888888889,0.45880457948120074
2017-11-18 07:30:00,0.9988888888888889,0.45241157833461776
2017-11-18 07:45:00,0.9988888888888889,0.4461793392136418
2017-11-18 08:00:00,0.9988888888888889,0.4411291433284548
2017-11-18 08:15:00,0.9988888888888889,0.4363957023311131
2017-11-18 08:30:00,0.9988888888888889,0.4325447674375992
2017-11-18 08:45:00,0.9988888888888889,0.4277406353073588
2017-11-18 09:00:00,0.9988888888888889,0.41903155465428243
2017-11-18 09:15:00,0.9988888888888889,0.4146543089250134
2017-11-18 09:30:00,0.9988888888888889,0.41219092441280625
2017-11-18 09:45:00,0.9988888888888889,0.39720560288966944
2017-11-18 10:00:00,0.9988888888888889,0.3942633303647927
2017-11-18 10:15:00,0.9988888888888889,0.3919476237937072
2017-11-18 10:30:00,0.9988888888888889,0.4036580060458896
2017-11-18 10:45:00,0.9988888888888889,0.39409853055645416
2017-11-18 11:00:00,0.9988888888888889,0.3962588557022843
2017-11-18 11:15:00,0.9988888888888889,0.3954250778106116
2017-11-18 11:30:00,0.9988888888888889,0.39621969075387103
2017-11-18 11:45:00,0.9988888888888889,0.3950999185305382
2017-11-18 12:00:00,0.9988888888888889,0.3940203819656623
2017-11-18 12:15:00,0.9988888888888889,0.3932674466719763
2017-11-18 12:30:00,0.9988888888888889,0.39305155330078767
2017-11-18 12:45:00,0.9988888888888889,0.3992611630442443
2017-11-18 13:00:00,0.9988888888888889,0.40013888604226644
2017-11-18 13:15:00,0.9988888888888889,0.41261197431036895
2017-11-18 13:30:00,0.9988888888888889,0.42870627461296423
2017-11-18 13:45:00,0.9988888888888889,0.43018565091448296
2017-11-18 14:00:00,0.9988888888888889,0.4488864072034056
2017-11-18 14:15:00,0.9988888888888889,0.4587273509401411
2017-11-18 14:30:00,0.9988888888888889,0.46210341735402843
2017-11-18 14:45:00,0.33545454545454545,0.4702725429449629
2017-11-18 15:00:00,0.343384912959381,0.4714491566345577
2017-11-18 15:15:00,0.3449709864603482,0.47529539484806027
2017-11-18 15:30:00,0.34655705996131525,0.47920094064150665
2017-11-18 15:45:00,0.35290135396518374,0.4808960220442248
2017-11-18 16:00:00,0.35448742746615086,0.4715464374900937
2017-11-18 16:15:00,0.35448742746615086,0.4693663599948528
2017-11-18 16:30:00,0.35448742746615086,0.46060570224328146
2017-11-18 16:45:00,0.35448742746615086,0.45649794912929015
2017-11-18 17:00:00,0.35448742746615086,0.4520859835984941
2017-11-18 17:15:00,0.35448742746615086,0.4579886254260103
2017-11-18 17:30:00,0.35448742746615086,0.45711218199702497
2017-11-18 17:45:00,0.35448742746615086,0.4447762823676483
2017-11-18 18:00:00,0.35448742746615086,0.4445192932536196
2017-11-18 18:15:00,0.35448742746615086,0.44167626491342876
2017-11-18 18:30:00,0.35448742746615086,0.4429060449927306
2017-11-18 18:45:00,0.35448742746615086,0.44996301512259873
2017-11-18 19:00:00,0.35448742746615086,0.46428522198996336
2017-11-18 19:15:00,0.35448742746615086,0.4705065022800096
2017-11-18 19:30:00,0.35448742746615086,0.47329314885452717
2017-11-18 19:45:00,0.3513152804642166,0.4757691700296275
2017-11-18 20:00:00,0.34655705996131525,0.47781225511460135
2017-11-18 20:15:00,0.3449709864603482,0.47616161986443784
2017-11-18 20:30:00,0.3386266924564797,0.47435293718632415
2017-11-18 20:45:00,0.33545454545454545,0.4745579056013705
2017-11-18 21:00:00,0.9988888888888889,0.47432676985431754
2017-11-18 21:15:00,0.9988888888888889,0.4795883118535725
2017-11-18 21:30:00,0.9988888888888889,0.48803878167719966
2017-11-18 21:45:00,0.9988888888888889,0.4926175621099735
2017-11-18 22:00:00,0.9988888888888889,0.49165145811877364
2017-11-18 22:15:00,0.9988888888888889,0.49511918509651065
2017-11-18 22:30:00,0.9988888888888889,0.5172781687640077
2017-11-18 22:45:00,0.9988888888888889,0.5416251536717944
2017-11-18 23:00:00,0.9988888888888889,0.5378340378479972
2017-11-18 23:15:00,0.9988888888888889,0.5296095960194852
2017-11-18 23:30:00,0.9988888888888889,0.5338647340495549
2017-11-18 23:45:00,0.9988888888888889,0.5397798723667661
2017-11-19 00:00:00,0.33704061895551257,0.5443727488371466
2017-11-19 00:15:00,0.33704061895551257,0.5490572413484825
2017-11-19 00:30:00,0.33704061895551257,0.5666750853071258
2017-11-19 00:45:00,0.33704061895551257,0.5637959381740723
2017-11-19 01:00:00,0.33704061895551257,0.569253767290264
2017-11-19 01:15:00,0.33704061895551257,0.5732683613961558
2017-11-19 01:30:00,0.33704061895551257,0.5775884094051786
2017-11-19 01:45:00,0.33704061895551257,0.5797159066401893
2017-11-19 02:00:00,0.33704061895551257,0.5841401460956391
2017-11-19 02:15:00,0.33704061895551257,0.5841097555844815
2017-11-19 02:30:00,0.33704061895551257,0.5906283055156177
2017-11-19 02:45:00,0.33704061895551257,0.5907126452757326
2017-11-19 03:00:00,0.33704061895551257,0.5853525183201388
2017-11-19 03:15:00,0.33704061895551257,0.5879042070294053
2017-11-19 03:30:00,0.33704061895551257,0.5899806674068738
2017-11-19 03:45:00,0.33704061895551257,0.5906756885071507
2017-11-19 04:00:00,0.33704061895551257,0.5928630978901609
2017-11-19 04:15:00,0.33704061895551257,0.5882019368491578
2017-11-19 04:30:00,0.33704061895551257,0.5859669139860333
2017-11-19 04:45:00,0.33704061895551257,0.5870201309810195
2017-11-19 05:00:00,0.33704061895551257,0.6015409928726687
2017-11-19 05:15:00,0.33704061895551257,0.6052182324715281
2017-11-19 05:30:00,0.33704061895551257,0.6092135171561057
2017-11-19 05:45:00,0.33704061895551257,0.5996709452494624
2017-11-19 06:00:00,0.33704061895551257,0.607656684505677
2017-11-19 06:15:00,0.9988888888888889,0.6064063468132163
2017-11-19 06:30:00,0.9988888888888889,0.6023717112687713
2017-11-19 06:45:00,0.9988888888888889,0.5886688536402588
2017-11-19 07:00:00,0.9988888888888889,0.5728564638137694
2017-11-19 07:15:00,0.9988888888888889,0.5676154549092229
2017-11-19 07:30:00,0.9988888888888889,0.5939791514257434
2017-11-19 07:45:00,0.9988888888888889,0.5904862030255085
2017-11-19 08:00:00,0.9988888888888889,0.566926097285124
2017-11-19 08:15:00,0.9988888888888889,0.5620473566367775
2017-11-19 08:30:00,0.9988888888888889,0.5413731243262182
2017-11-19 08:45:00,0.9988888888888889,0.5255971570751643
2017-11-19 09:00:00,0.9988888888888889,0.5278254287493032
2017-11-19 09:15:00,0.9988888888888889,0.5248099728227625
2017-11-19 09:30:00,0.9988888888888889,0.5054871061567708
2017-11-19 09:45:00,0.9988888888888889,0.4995725970752459
2017-11-19 10:00:00,0.9988888888888889,0.49497333228427653
2017-11-19 10:15:00,0.9988888888888889,0.5012904287529352
2017-11-19 10:30:00,0.9988888888888889,0.5019116186215209
2017-11-19 10:45:00,0.9988888888888889,0.4846186681764713
2017-11-19 11:00:00,0.9988888888888889,0.4821069971782038
2017-11-19 11:15:00,0.9988888888888889,0.4925507187471444
2017-11-19 11:30:00,0.9988888888888889,0.4852758478645282
2017-11-19 11:45:00,0.9988888888888889,0.4701761527937695
2017-11-19 12:00:00,0.9988888888888889,0.4809915007211959
2017-11-19 12:15:00,0.9988888888888889,0.4703125302096503
2017-11-19 12:30:00,0.9988888888888889,0.4721413861556398
2017-11-19 12:45:00,0.9988888888888889,0.4729898891420268
2017-11-19 13:00:00,0.9988888888888889,0.4861989200079365
2017-11-19 13:15:00,0.9988888888888889,0.4884843798841557
2017-11-19 13:30:00,0.9988888888888889,0.49199286853733487
2017-11-19 13:45:00,0.9988888888888889,0.4914780472551921
2017-11-19 14:00:00,0.9988888888888889,0.49382970556738315
2017-11-19 14:15:00,0.3386266924564797,0.5014183271802912
2017-11-19 14:30:00,0.3417988394584139,0.5127854782017883
2017-11-19 14:45:00,0.3481431334622824,0.521140698063934
2017-11-19 15:00:00,0.35448742746615086,0.5317441175781739
2017-11-19 15:15:00,0.3576595744680851,0.5365889597186728
2017-11-19 15:30:00,0.3624177949709865,0.5402200114555271
2017-11-19 15:45:00,0.36558994197292066,0.544231907914301
2017-11-19 16:00:00,0.3925531914893617,0.5451660417713166
2017-11-19 16:15:00,0.3925531914893617,0.5464022576853249
2017-11-19 16:30:00,0.3925531914893617,0.5494994815731007
2017-11-19 16:45:00,0.3925531914893617,0.552885762635583
2017-11-19 17:00:00,0.3925531914893617,0.5466659764687162
2017-11-19 17:15:00,0.3925531914893617,0.5374736923153273
2017-11-19 17:30:00,0.3925531914893617,0.5219078567968924
2017-11-19 17:45:00,0.3925531914893617,0.5154826801128338
2017-11-19 18:00:00,0.3925531914893617,0.5089255190873325
2017-11-19 18:15:00,0.3925531914893617,0.5116389411290458
2017-11-19 18:30:00,0.3925531914893617,0.5258716105981567
2017-11-19 18:45:00,0.3925531914893617,0.5318697247705362
2017-11-19 19:00:00,0.3877949709864604,0.5397262172165144
2017-11-19 19:15:00,0.3877949709864604,0.5415125960424333
2017-11-19 19:30:00,0.3846228239845261,0.5433484541223437
2017-11-19 19:45:00,0.38303675048355895,0.5421981524779247
2017-11-19 20:00:00,0.3814506769825919,0.543677681376523
2017-11-19 20:15:00,0.3814506769825919,0.5416116836628538
2017-11-19 20:30:00,0.3814506769825919,0.5439331207536805
2017-11-19 20:45:00,0.3814506769825919,0.5440362393328093
2017-11-19 21:00:00,0.3814506769825919,0.5417726330238433
2017-11-19 21:15:00,0.3814506769825919,0.5531373442606311
2017-11-19 21:30:00,0.3814506769825919,0.5614086085888134
2017-11-19 21:45:00,0.3814506769825919,0.5670304079683846
2017-11-19 22:00:00,0.3814506769825919,0.5767629213139163
2017-11-19 22:15:00,0.3814506769825919,0.5742055052030398
2017-11-19 22:30:00,0.3814506769825919,0.5717669673114408
2017-11-19 22:45:00,0.3814506769825919,0.5702287227029419
2017-11-19 23:00:00,0.3814506769825919,0.5730153221150414
2017-11-19 23:15:00,0.3814506769825919,0.5799375133636328
2017-11-19 23:30:00,0.3814506769825919,0.5776725513452649
2017-11-19 23:45:00,0.3814506769825919,0.5810161935805709
2017-11-20 00:00:00,0.41000000000000003,0.5838752634125994
2017-11-20 00:15:00,0.41000000000000003,0.5885405018178872
2017-11-20 00:30:00,0.41000000000000003,0.5910482066313318
2017-11-20 00:45:00,0.41000000000000003,0.5942663744413935
2017-11-20 01:00:00,0.41000000000000003,0.5951900109476393
2017-11-20 01:15:00,0.41000000000000003,0.5970216738104845
2017-11-20 01:30:00,0.41000000000000003,0.597488866916774
2017-11-20 01:45:00,0.41000000000000003,0.5977435967221952
2017-11-20 02:00:00,0.41000000000000003,0.598924186166649
2017-11-20 02:15:00,0.41000000000000003,0.5998128314690486
2017-11-20 02:30:00,0.41000000000000003,0.6045063747390991
2017-11-20 02:45:00,0.41000000000000003,0.603937580914634
2017-11-20 03:00:00,0.41000000000000003,0.600569897302932
2017-11-20 03:15:00,0.41000000000000003,0.5977925732703583
2017-11-20 03:30:00,0.41000000000000003,0.5965258164083156
2017-11-20 03:45:00,0.41000000000000003,0.5909791429841196
2017-11-20 04:00:00,0.41000000000000003,0.5876797347471423
2017-11-20 04:15:00,0.41000000000000003,0.5835952843721804
2017-11-20 04:30:00,0.41000000000000003,0.5816355933915031
2017-11-20 04:45:00,0.41000000000000003,0.5738645564844014
2017-11-20 05:00:00,0.41000000000000003,0.5667049415695259
2017-11-20 05:15:00,0.41000000000000003,0.5615775493582879
2017-11-20 05:30:00,0.41000000000000003,0.5547699635967753
2017-11-20 05:45:00,0.41000000000000003,0.5468193338386264
2017-11-20 06:00:00,0.41000000000000003,0.535447178115488
2017-11-20 06:15:00,0.41000000000000003,0.5304263273694821
2017-11-20 06:30:00,0.41000000000000003,0.5265429683925822
2017-11-20 06:45:00,0.41000000000000003,0.5251348499771213
2017-11-20 07:00:00,0.41000000000000003,0.5220372255163817
2017-11-20 07:15:00,0.41000000000000003,0.5133496101561856
2017-11-20 07:30:00,0.41000000000000003,0.5121514946379185
2017-11-20 07:45:00,0.41000000000000003,0.49988188075369006
2017-11-20 08:00:00,0.41000000000000003,0.4921648703196207
2017-11-20 08:15:00,0.41000000000000003,0.48541899971799135
2017-11-20 08:30:00,0.41000000000000003,0.4798878053967304
2017-11-20 08:45:00,0.41000000000000003,0.477725422741612
2017-11-20 09:00:00,0.41000000000000003,0.4719120188095316
2017-11-20 09:15:00,0.41000000000000003,0.4686236417427514
2017-11-20 09:30:00,0.41000000000000003,0.4665309944114688
2017-11-20 09:45:00,0.41000000000000003,0.46420069221447036
2017-11-20 10:00:00,0.41000000000000003,0.460955118522512
2017-11-20 10:15:00,0.41000000000000003,0.45726302944046554
2017-11-20 10:30:00,0.41000000000000003,0.4539323780090744
2017-11-20 10:45:00,0.41000000000000003,0.44907395299572705
2017-11-20 11:00:00,0.41000000000000003,0.4462619862169133
2017-11-20 11:15:00,0.41000000000000003,0.44015471703204867
2017-11-20 11:30:00,0.41000000000000003,0.43432066503945305
2017-11-20 11:45:00,0.41000000000000003,0.42878591999632143
2017-11-20 12:00:00,0.41000000000000003,0.4240191606826933
2017-11-20 12:15:00,0.41000000000000003,0.42542057321094645
2017-11-20 12:30:00,0.41000000000000003,0.42665646810717744
2017-11-20 12:45:00,0.41000000000000003,0.42815175241127074
2017-11-20 13:00:00,0.41000000000000003,0.4299411482719828
2017-11-20 13:15:00,0.41000000000000003,0.4318593100410742
2017-11-20 13:30:00,0.41000000000000003,0.434534762096474
2017-11-20 13:45:00,0.41000000000000003,0.4369413902574381
2017-11-20 14:00:00,0.41000000000000003,0.43833394761133293
2017-11-20 14:15:00,0.41000000000000003,0.4480532493325542
2017-11-20 14:30:00,0.41000000000000003,0.458067402935407
2017-11-20 14:45:00,0.41000000000000003,0.4667297912245827
2017-11-20 15:00:00,0.41000000000000003,0.47505654336477654
2017-11-20 15:15:00,0.41000000000000003,0.4832186147354399
2017-11-20 15:30:00,0.41000000000000003,0.4854417286930825
2017-11-20 15:45:00,0.41000000000000003,0.4897466367414889
2017-11-20 16:00:00,0.41000000000000003,0.4933039411036814
2017-11-20 16:15:00,0.41000000000000003,0.49171592345669984
2017-11-20 16:30:00,0.41000000000000003,0.48094617320267463
2017-11-20 16:45:00,0.41000000000000003,0.47505534682847994
2017-11-20 17:00:00,0.41000000000000003,0.49192251763579725
2017-11-20 17:15:00,0.41000000000000003,0.4731314142112777
2017-11-20 17:30:00,0.41000000000000003,0.47871775383139714
2017-11-20 17:45:00,0.41000000000000003,0.47399531940023143
2017-11-20 18:00:00,0.41000000000000003,0.4742691409213926
2017-11-20 18:15:00,0.41000000000000003,0.47177393137985446
2017-11-20 18:30:00,0.41000000000000003,0.4700238471187863
2017-11-20 18:45:00,0.41000000000000003,0.46911140267787416
2017-11-20 19:00:00,0.41000000000000003,0.4681869275729857
2017-11-20 19:15:00,0.41000000000000003,0.47035281563448694
2017-11-20 19:30:00,0.41000000000000003,0.47330076577117075
2017-11-20 19:45:00,0.41000000000000003,0.47516673132560516
2017-11-20 20:00:00,0.41000000000000003,0.47789234408721526
2017-11-20 20:15:00,0.41000000000000003,0.48165855691442394
2017-11-20 20:30:00,0.41000000000000003,0.4847582236745375
2017-11-20 20:45:00,0.41000000000000003,0.4899466354379128
2017-11-20 21:00:00,0.41000000000000003,0.49585589565675414
2017-11-20 21:15:00,0.41000000000000003,0.4981533874236881
2017-11-20 21:30:00,0.41000000000000003,0.5017989043325495
2017-11-20 21:45:00,0.41000000000000003,0.49906958367026827
2017-11-20 22:00:00,0.41000000000000003,0.49893096877826115
2017-11-20 22:15:00,0.41000000000000003,0.4971108811217906
2017-11-20 22:30:00,0.41000000000000003,0.49774808592874886
2017-11-20 22:45:00,0.41000000000000003,0.4970280757939871
2017-11-20 23:00:00,0.41000000000000003,0.49397092000199877
2017-11-20 23:15:00,0.41000000000000003,0.5076252972443399
2017-11-20 23:30:00,0.41000000000000003,0.4981062631962126
2017-11-20 23:45:00,0.41000000000000003,0.5046703217439807
2017-11-21 00:00:00,0.41000000000000003,0.5031984799510847
2017-11-21 00:15:00,0.41000000000000003,0.511452547777448
2017-11-21 00:30:00,0.41000000000000003,0.5191404035928322
2017-11-21 00:45:00,0.41000000000000003,0.5276762703559679
2017-11-21 01:00:00,0.41000000000000003,0.5215520426609171
2017-11-21 01:15:00,0.41000000000000003,0.523384644483623
2017-11-21 01:30:00,0.41000000000000003,0.5252445162315802
2017-11-21 01:45:00,0.41000000000000003,0.5301455498464048
2017-11-21 02:00:00,0.41000000000000003,0.5290061149191172
2017-11-21 02:15:00,0.41000000000000003,0.530412268053582
2017-11-21 02:30:00,0.41000000000000003,0.5286141619758888
2017-11-21 02:45:00,0.41000000000000003,0.5303666256846458
2017-11-21 03:00:00,0.41000000000000003,0.5349838260607359
2017-11-21 03:15:00,0.41000000000000003,0.5415220805232247
2017-11-21 03:30:00,0.41000000000000003,0.5471139603354133
2017-11-21 03:45:00,0.41000000000000003,0.5373715766222309
2017-11-21 04:00:00,0.41000000000000003,0.5399557298441933
2017-11-21 04:15:00,0.41000000000000003,0.531530403515666
2017-11-21 04:30:00,0.41000000000000003,0.5271205571911426
2017-11-21 04:45:00,0.41000000000000003,0.5316267883094563
2017-11-21 05:00:00,0.41000000000000003,0.5236718502741212
2017-11-21 05:15:00,0.41000000000000003,0.5308660666147527
2017-11-21 05:30:00,0.41000000000000003,0.530973942415377
2017-11-21 05:45:00,0.41000000000000003,0.5319966314415597
2017-11-21 06:00:00,0.41000000000000003,0.5300984212161175
2017-11-21 06:15:00,0.41000000000000003,0.5236787602929356
2017-11-21 06:30:00,0.41000000000000003,0.5186704510332476
2017-11-21 06:45:00,0.41000000000000003,0.5134754076328798
2017-11-21 07:00:00,0.41000000000000003,0.5093900462451635
2017-11-21 07:15:00,0.41000000000000003,0.50579474810512
2017-11-21 07:30:00,0.41000000000000003,0.5042295030560667
2017-11-21 07:45:00,0.41000000000000003,0.503847155504654
2017-11-21 08:00:00,0.41000000000000003,0.503109652852138
2017-11-21 08:15:00,0.41000000000000003,0.49840713128687364
2017-11-21 08:30:00,0.41000000000000003,0.4922516380673867
2017-11-21 08:45:00,0.41000000000000003,0.48653202815866736
2017-11-21 09:00:00,0.41000000000000003,0.4796739371348776
2017-11-21 09:15:00,0.41000000000000003,0.4758431082497197
2017-11-21 09:30:00,0.41000000000000003,0.4736513384316838
2017-11-21 09:45:00,0.41000000000000003,0.47208161627277423
2017-11-21 10:00:00,0.41000000000000003,0.46988663465384867
2017-11-21 10:15:00,0.41000000000000003,0.46967166019380363
2017-11-21 10:30:00,0.41000000000000003,0.4693596965856353
2017-11-21 10:45:00,0.41000000000000003,0.46922912820886326
2017-11-21 11:00:00,0.41000000000000003,0.4684817374675529
2017-11-21 11:15:00,0.41000000000000003,0.4706574779912678
2017-11-21 11:30:00,0.41000000000000003,0.47295585755706454
2017-11-21 11:45:00,0.41000000000000003,0.47559139906953457
2017-11-21 12:00:00,0.41000000000000003,0.4797202609593018
2017-11-21 12:15:00,0.41000000000000003,0.47920580756913733
2017-11-21 12:30:00,0.41000000000000003,0.47807943689907656
2017-11-21 12:45:00,0.41000000000000003,0.47711281203341926
2017-11-21 13:00:00,0.41000000000000003,0.47831766431614187
2017-11-21 13:15:00,0.41000000000000003,0.47945345796590955
2017-11-21 13:30:00,0.41000000000000003,0.478627515871854
2017-11-21 13:45:00,0.41000000000000003,0.47834919490267575
2017-11-21 14:00:00,0.41000000000000003,0.4789781989219612
2017-11-21 14:15:00,0.41000000000000003,0.4817118821538202
2017-11-21 14:30:00,0.41000000000000003,0.4834736204709227
2017-11-21 14:45:00,0.41000000000000003,0.48608999593427576
2017-11-21 15:00:00,0.41000000000000003,0.48822578630607594
2017-11-21 15:15:00,0.41000000000000003,0.494760590920615
2017-11-21 15:30:00,0.41000000000000003,0.4987605285147287
2017-11-21 15:45:00,0.41000000000000003,0.5038888324695221
2017-11-21 16:00:00,0.41000000000000003,0.5083597417656209
2017-11-21 16:15:00,0.41000000000000003,0.49690835584463666
2017-11-21 16:30:00,0.41000000000000003,0.49057140876339156
2017-11-21 16:45:00,0.41000000000000003,0.48253001005529256
2017-11-21 17:00:00,0.41000000000000003,0.47953955121256825
2017-11-21 17:15:00,0.41000000000000003,0.472754162979204
2017-11-21 17:30:00,0.41000000000000003,0.4645907703141174
2017-11-21 17:45:00,0.41000000000000003,0.4671433590485575
2017-11-21 18:00:00,0.41000000000000003,0.4800359535660655
2017-11-21 18:15:00,0.41000000000000003,0.475233978455884
2017-11-21 18:30:00,0.41000000000000003,0.4784511621411521
2017-11-21 18:45:00,0.41000000000000003,0.4806714225433498
2017-11-21 19:00:00,0.41000000000000003,0.4801478906517211
2017-11-21 19:15:00,0.41000000000000003,0.4827554601461101
2017-11-21 19:30:00,0.41000000000000003,0.4803185015703999
2017-11-21 19:45:00,0.41000000000000003,0.49768440215044013
2017-11-21 20:00:00,0.41000000000000003,0.5021753031238639
2017-11-21 20:15:00,0.41000000000000003,0.502825077168829
2017-11-21 20:30:00,0.41000000000000003,0.5072276895681374
2017-11-21 20:45:00,0.41000000000000003,0.5122939236792055
2017-11-21 21:00:00,0.41000000000000003,0.5127629996736812
2017-11-21 21:15:00,0.41000000000000003,0.5131140671722476
2017-11-21 21:30:00,0.41000000000000003,0.5150467517961217
2017-11-21 21:45:00,0.41000000000000003,0.5176772678919827
2017-11-21 22:00:00,0.41000000000000003,0.5207998534860017
2017-11-21 22:15:00,0.41000000000000003,0.5242080504151083
2017-11-21 22:30:00,0.41000000000000003,0.5282915458956702
2017-11-21 22:45:00,0.41000000000000003,0.5306794351682651
2017-11-21 23:00:00,0.41000000000000003,0.5301359774373715
2017-11-21 23:15:00,0.41000000000000003,0.5286277169381572
2017-11-21 23:30:00,0.41000000000000003,0.5254835203661846
2017-11-21 23:45:00,0.41000000000000003,0.5246055630569276
2017-11-22 00:00:00,0.41000000000000003,0.5312543055234311
2017-11-22 00:15:00,0.41000000000000003,0.5388954231803095
2017-11-22 00:30:00,0.41000000000000003,0.5431875859384695
2017-11-22 00:45:00,0.41000000000000003,0.5487355542656592
2017-11-22 01:00:00,0.41000000000000003,0.5535442002739175
2017-11-22 01:15:00,0.41000000000000003,0.5607381299644796
2017-11-22 01:30:00,0.41000000000000003,0.5631124761642315
2017-11-22 01:45:00,0.41000000000000003,0.5629951435563951
2017-11-22 02:00:00,0.41000000000000003,0.5702697205317891
2017-11-22 02:15:00,0.41000000000000003,0.572694117709695
2017-11-22 02:30:00,0.41000000000000003,0.5744154611274637
2017-11-22 02:45:00,0.41000000000000003,0.571509292103091
2017-11-22 03:00:00,0.41000000000000003,0.5655031761653097
2017-11-22 03:15:00,0.41000000000000003,0.565540312357884
2017-11-22 03:30:00,0.41000000000000003,0.5615927097652782
2017-11-22 03:45:00,0.41000000000000003,0.5629324907845848
2017-11-22 04:00:00,0.41000000000000003,0.5567705308801586
2017-11-22 04:15:00,0.41000000000000003,0.5574031109007723
2017-11-22 04:30:00,0.41000000000000003,0.5476134310950632
2017-11-22 04:45:00,0.41000000000000003,0.542057274872047
2017-11-22 05:00:00,0.41000000000000003,0.5322748555981137
2017-11-22 05:15:00,0.41000000000000003,0.5252683185034479
2017-11-22 05:30:00,0.41000000000000003,0.5243183950878282
2017-11-22 05:45:00,0.41000000000000003,0.5180567634810356
2017-11-22 06:00:00,0.41000000000000003,0.509818236679155
2017-11-22 06:15:00,0.41000000000000003,0.5065322758596686
2017-11-22 06:30:00,0.41000000000000003,0.5035391924718224
2017-11-22 06:45:00,0.41000000000000003,0.5015637496312485
2017-11-22 07:00:00,0.41000000000000003,0.49866658635767264
2017-11-22 07:15:00,0.41000000000000003,0.49572923575443584
2017-11-22 07:30:00,0.41000000000000003,0.49163160314409216
2017-11-22 07:45:00,0.41000000000000003,0.48825727439102495
2017-11-22 08:00:00,0.41000000000000003,0.4856571855067447
2017-11-22 08:15:00,0.41000000000000003,0.48057455028283996
2017-11-22 08:30:00,0.41000000000000003,0.47659229384181884
2017-11-22 08:45:00,0.41000000000000003,0.4722538266557519
2017-11-22 09:00:00,0.41000000000000003,0.4685160216309028
2017-11-22 09:15:00,0.41000000000000003,0.46364750936131854
2017-11-22 09:30:00,0.41000000000000003,0.45967559875331115
2017-11-22 09:45:00,0.41000000000000003,0.45695297561257503
2017-11-22 10:00:00,0.41000000000000003,0.45179794604002466
2017-11-22 10:15:00,0.41000000000000003,0.4522353802248971
2017-11-22 10:30:00,0.41000000000000003,0.45196163530013367
2017-11-22 10:45:00,0.41000000000000003,0.4522064042529916
2017-11-22 11:00:00,0.41000000000000003,0.4526557382653265
2017-11-22 11:15:00,0.41000000000000003,0.4555992589304515
2017-11-22 11:30:00,0.41000000000000003,0.4589692861671021
2017-11-22 11:45:00,0.41000000000000003,0.46225290980753103
2017-11-22 12:00:00,0.41000000000000003,0.4663211524820489
2017-11-22 12:15:00,0.41000000000000003,0.4679063830381502
2017-11-22 12:30:00,0.41000000000000003,0.4690307476853445
2017-11-22 12:45:00,0.41000000000000003,0.4695074391284877
2017-11-22 13:00:00,0.41000000000000003,0.46931896785628524
2017-11-22 13:15:00,0.41000000000000003,0.4733991012166777
2017-11-22 13:30:00,0.41000000000000003,0.47796028180279904
2017-11-22 13:45:00,0.41000000000000003,0.48334806693910987
2017-11-22 14:00:00,0.41000000000000003,0.48782911012569946
2017-11-22 14:15:00,0.41000000000000003,0.49280947398620506
2017-11-22 14:30:00,0.41000000000000003,0.49936294057879893
2017-11-22 14:45:00,0.41000000000000003,0.505658487714049
2017-11-22 15:00:00,0.41000000000000003,0.5101983577150968
2017-11-22 15:15:00,0.41000000000000003,0.5121993368220173
2017-11-22 15:30:00,0.41000000000000003,0.514022490380154
2017-11-22 15:45:00,0.41000000000000003,0.5160201476268953
2017-11-22 16:00:00,0.41000000000000003,0.516402200247891
2017-11-22 16:15:00,0.41000000000000003,0.5137100541904536
2017-11-22 16:30:00,0.41000000000000003,0.511751440455915
2017-11-22 16:45:00,0.41000000000000003,0.5064688887084625
2017-11-22 17:00:00,0.4536363636363636,0.5029995480276277
2017-11-22 17:15:00,0.41000000000000003,0.4903477560467745
2017-11-22 17:30:00,0.41000000000000003,0.4792117537223871
2017-11-22 17:45:00,0.4536363636363636,0.5106062027687847
2017-11-22 18:00:00,0.4536363636363636,0.5130303292756109
2017-11-22 18:15:00,0.41000000000000003,0.48268391861261195
2017-11-22 18:30:00,0.4536363636363636,0.5112870196791209
2017-11-22 18:45:00,0.41000000000000003,0.5043361685742838
2017-11-22 19:00:00,0.41000000000000003,0.49887620448619463
2017-11-22 19:15:00,0.4536363636363636,0.50566273311263
2017-11-22 19:30:00,0.41000000000000003,0.5030756945556873
2017-11-22 19:45:00,0.41000000000000003,0.5009030421892936
2017-11-22 20:00:00,0.41000000000000003,0.5024432840243372
2017-11-22 20:15:00,0.41000000000000003,0.5085571342891322
2017-11-22 20:30:00,0.41000000000000003,0.5116695532222535
2017-11-22 20:45:00,0.41000000000000003,0.5218271476856833
2017-11-22 21:00:00,0.41000000000000003,0.5268342776654622
2017-11-22 21:15:00,0.41000000000000003,0.5275023689664239
2017-11-22 21:30:00,0.41000000000000003,0.5302305017261882
2017-11-22 21:45:00,0.41000000000000003,0.5363087500001973
2017-11-22 22:00:00,0.41000000000000003,0.5416339001627579
2017-11-22 22:15:00,0.41000000000000003,0.5378647118491832
2017-11-22 22:30:00,0.41000000000000003,0.5386456897227543
2017-11-22 22:45:00,0.41000000000000003,0.543880371021776
2017-11-22 23:00:00,0.41000000000000003,0.5514201951463895
2017-11-22 23:15:00,0.41000000000000003,0.5538968936406746
2017-11-22 23:30:00,0.41000000000000003,0.5581728607966476
2017-11-22 23:45:00,0.41000000000000003,0.5614918748352118
2017-11-23 00:00:00,0.41000000000000003,0.5635904710708878
2017-11-23 00:15:00,0.41000000000000003,0.5659504133915737
2017-11-23 00:30:00,0.41000000000000003,0.5676350387444277
2017-11-23 00:45:00,0.41000000000000003,0.5739229896897835
2017-11-23 01:00:00,0.41000000000000003,0.582292591945855
2017-11-23 01:15:00,0.41000000000000003,0.583487747335762
2017-11-23 01:30:00,0.41000000000000003,0.5849020156510801
2017-11-23 01:45:00,0.41000000000000003,0.5871715352879681
2017-11-23 02:00:00,0.41000000000000003,0.5913203745858528
2017-11-23 02:15:00,0.41000000000000003,0.5924262363818474
2017-11-23 02:30:00,0.41000000000000003,0.5911263690036991
2017-11-23 02:45:00,0.41000000000000003,0.5902920510700944
2017-11-23 03:00:00,0.41000000000000003,0.5953227706099635
2017-11-23 03:15:00,0.41000000000000003,0.5964708140581955
2017-11-23 03:30:00,0.41000000000000003,0.5891353452614977
2017-11-23 03:45:00,0.41000000000000003,0.5877116833947504
2017-11-23 04:00:00,0.41000000000000003,0.587626140017939
2017-11-23 04:15:00,0.41000000000000003,0.5865562491621285
2017-11-23 04:30:00,0.41000000000000003,0.5803467845231858
2017-11-23 04:45:00,0.41000000000000003,0.5818431903732283
2017-11-23 05:00:00,0.41000000000000003,0.5822664519513965
2017-11-23 05:15:00,0.41000000000000003,0.579295774025324
2017-11-23 05:30:00,0.41000000000000003,0.5759796881210463
2017-11-23 05:45:00,0.41000000000000003,0.5721881716563642
2017-11-23 06:00:00,0.41000000000000003,0.5648214028872435
2017-11-23 06:15:00,0.41000000000000003,0.5590114949084724
2017-11-23 06:30:00,0.41000000000000003,0.556363796607253
2017-11-23 06:45:00,0.4536363636363636,0.55451780383881
2017-11-23 07:00:00,0.4536363636363636,0.5548909699944835
2017-11-23 07:15:00,0.4536363636363636,0.5509524478597861
2017-11-23 07:30:00,0.4536363636363636,0.5473727166932221
2017-11-23 07:45:00,0.4536363636363636,0.5445943063916592
2017-11-23 08:00:00,0.4536363636363636,0.5416909808423283
2017-11-23 08:15:00,0.4536363636363636,0.5345745838054591
2017-11-23 08:30:00,0.4536363636363636,0.5279422054437447
2017-11-23 08:45:00,0.4536363636363636,0.5214607088490235
2017-11-23 09:00:00,0.4536363636363636,0.5149575834630155
2017-11-23 09:15:00,0.41000000000000003,0.5118215650688281
2017-11-23 09:30:00,0.41000000000000003,0.5084144426397483
2017-11-23 09:45:00,0.41000000000000003,0.5050235031558825
2017-11-23 10:00:00,0.41000000000000003,0.5033880668994108
2017-11-23 10:15:00,0.41000000000000003,0.5046036454880971
2017-11-23 10:30:00,0.41000000000000003,0.5011354779525681
2017-11-23 10:45:00,0.41000000000000003,0.5021405330464656
2017-11-23 11:00:00,0.41000000000000003,0.5021233413487948
2017-11-23 11:15:00,0.41000000000000003,0.4980377079220248
2017-11-23 11:30:00,0.41000000000000003,0.49501915665929336
2017-11-23 11:45:00,0.41000000000000003,0.4933566247026556
2017-11-23 12:00:00,0.41000000000000003,0.4931941410937997
2017-11-23 12:15:00,0.41000000000000003,0.4929846299775278
2017-11-23 12:30:00,0.41000000000000003,0.4900416668035223
2017-11-23 12:45:00,0.41000000000000003,0.4881302196816271
2017-11-23 13:00:00,0.41000000000000003,0.48399073612290555
2017-11-23 13:15:00,0.41000000000000003,0.48216621252372927
2017-11-23 13:30:00,0.41000000000000003,0.48196080152203924
2017-11-23 13:45:00,0.41000000000000003,0.48469866381632676
2017-11-23 14:00:00,0.41000000000000003,0.48557329217608003
2017-11-23 14:15:00,0.41000000000000003,0.4882165607208276
2017-11-23 14:30:00,0.41000000000000003,0.49109092542859417
2017-11-23 14:45:00,0.41000000000000003,0.4947051229509004
2017-11-23 15:00:00,0.41000000000000003,0.4975288906921248
2017-11-23 15:15:00,0.41000000000000003,0.501404609033937
2017-11-23 15:30:00,0.41000000000000003,0.5045152052330514
2017-11-23 15:45:00,0.41000000000000003,0.5108239885239709
2017-11-23 16:00:00,0.41000000000000003,0.5146328963912038
2017-11-23 16:15:00,0.41000000000000003,0.5038327018148042
2017-11-23 16:30:00,0.4536363636363636,0.49568861685522525
2017-11-23 16:45:00,0.4536363636363636,0.51282653934867
2017-11-23 17:00:00,0.4536363636363636,0.5132261233632847
2017-11-23 17:15:00,0.4536363636363636,0.5113737434447694
2017-11-23 17:30:00,0.4536363636363636,0.5095161048689661
2017-11-23 17:45:00,0.4536363636363636,0.5078507818956585
2017-11-23 18:00:00,0.4536363636363636,0.5065266525456417
2017-11-23 18:15:00,0.41000000000000003,0.4785993622068605
2017-11-23 18:30:00,0.41000000000000003,0.481670661742966
2017-11-23 18:45:00,0.4536363636363636,0.5091685476816706
2017-11-23 19:00:00,0.4536363636363636,0.5100087504850243
2017-11-23 19:15:00,0.4536363636363636,0.508650692209956
2017-11-23 19:30:00,0.4536363636363636,0.5071362569829321
2017-11-23 19:45:00,0.41000000000000003,0.5064873463904451
2017-11-23 20:00:00,0.41000000000000003,0.5073867665095375
2017-11-23 20:15:00,0.41000000000000003,0.5084366472113967
2017-11-23 20:30:00,0.41000000000000003,0.5096967072892398
2017-11-23 20:45:00,0.41000000000000003,0.5103446764288825
2017-11-23 21:00:00,0.41000000000000003,0.5114978015900477
2017-11-23 21:15:00,0.41000000000000003,0.5166859253316013
2017-11-23 21:30:00,0.41000000000000003,0.5206073847793066
2017-11-23 21:45:00,0.41000000000000003,0.5203355500850453
2017-11-23 22:00:00,0.41000000000000003,0.5201597378224099
2017-11-23 22:15:00,0.41000000000000003,0.5233393396844567
2017-11-23 22:30:00,0.41000000000000003,0.5241600921268199
2017-11-23 22:45:00,0.41000000000000003,0.5225456518723653
2017-11-23 23:00:00,0.41000000000000003,0.5228651676770024
2017-11-23 23:15:00,0.41000000000000003,0.5264600927095175
2017-11-23 23:30:00,0.41000000000000003,0.5345585157666315
2017-11-23 23:45:00,0.41000000000000003,0.5358276055739384
2017-11-24 00:00:00,0.37510638297872334,0.5342810089927155
2017-11-24 00:15:00,0.37510638297872334,0.5333782911902628
2017-11-24 00:30:00,0.37510638297872334,0.5329389688278544
2017-11-24 00:45:00,0.37510638297872334,0.5318946421092644
2017-11-24 01:00:00,0.37510638297872334,0.5417837159926742
2017-11-24 01:15:00,0.37510638297872334,0.540584748067242
2017-11-24 01:30:00,0.37510638297872334,0.5452461433230386
2017-11-24 01:45:00,0.37510638297872334,0.5488375374873974
2017-11-24 02:00:00,0.37510638297872334,0.5543518406046116
2017-11-24 02:15:00,0.37510638297872334,0.5545354795034277
2017-11-24 02:30:00,0.37510638297872334,0.5552472911135872
2017-11-24 02:45:00,0.37510638297872334,0.5566950195014707
2017-11-24 03:00:00,0.37510638297872334,0.5548979526265339
2017-11-24 03:15:00,0.37510638297872334,0.5556784569961085
2017-11-24 03:30:00,0.37510638297872334,0.5532293724181742
2017-11-24 03:45:00,0.37510638297872334,0.5479565670395953
2017-11-24 04:00:00,0.37510638297872334,0.5462119513114486
2017-11-24 04:15:00,0.37510638297872334,0.536461286935048
2017-11-24 04:30:00,0.37510638297872334,0.5397049260269166
2017-11-24 04:45:00,0.37510638297872334,0.531616719728857
2017-11-24 05:00:00,0.37510638297872334,0.5267878703698997
2017-11-24 05:15:00,0.37510638297872334,0.5270675257353455
2017-11-24 05:30:00,0.37510638297872334,0.5267455717041991
2017-11-24 05:45:00,0.37510638297872334,0.5247518313322641
2017-11-24 06:00:00,0.37510638297872334,0.5189844943675213
2017-11-24 06:15:00,0.37510638297872334,0.5132953127623465
2017-11-24 06:30:00,0.37510638297872334,0.5104010447399454
2017-11-24 06:45:00,0.37986460348162476,0.5068733989887778
2017-11-24 07:00:00,0.3846228239845261,0.5025689004387149
2017-11-24 07:15:00,0.38620889748549325,0.49815126727280784
2017-11-24 07:30:00,0.38620889748549325,0.49413622245749234
2017-11-24 07:45:00,0.38620889748549325,0.4947962014746721
2017-11-24 08:00:00,0.38620889748549325,0.4894519707493114
2017-11-24 08:15:00,0.38620889748549325,0.48659914395546616
2017-11-24 08:30:00,0.38620889748549325,0.48821099200188117
2017-11-24 08:45:00,0.38620889748549325,0.48712091881237546
2017-11-24 09:00:00,0.38620889748549325,0.48485493228433163
2017-11-24 09:15:00,0.38620889748549325,0.48775696282882164
2017-11-24 09:30:00,0.38620889748549325,0.49185617286951305
2017-11-24 09:45:00,0.4536363636363636,0.49075513096809925
2017-11-24 10:00:00,0.38620889748549325,0.4929337543137019
2017-11-24 10:15:00,0.38620889748549325,0.48894990352313095
2017-11-24 10:30:00,0.38620889748549325,0.48280784395736465
2017-11-24 10:45:00,0.38620889748549325,0.4776193597322603
2017-11-24 11:00:00,0.38620889748549325,0.47422998815731826
2017-11-24 11:15:00,0.38620889748549325,0.47574960494379726
2017-11-24 11:30:00,0.38620889748549325,0.4774715852861752
2017-11-24 11:45:00,0.38620889748549325,0.47695632607787936
2017-11-24 12:00:00,0.38620889748549325,0.47848083745578696
2017-11-24 12:15:00,0.38620889748549325,0.48291090098392475
2017-11-24 12:30:00,0.38620889748549325,0.48980185177715824
2017-11-24 12:45:00,0.3877949709864604,0.4932744909880761
2017-11-24 13:00:00,0.3893810444874275,0.49823381135995076
2017-11-24 13:15:00,0.3893810444874275,0.4996559088332142
2017-11-24 13:30:00,0.3893810444874275,0.5001294860774536
2017-11-24 13:45:00,0.3893810444874275,0.5043201733084489
2017-11-24 14:00:00,0.3893810444874275,0.5060521291292335
2017-11-24 14:15:00,0.39096711798839456,0.5084966683474442
2017-11-24 14:30:00,0.4536363636363636,0.512313689953292
2017-11-24 14:45:00,0.3941392649903288,0.5199142892006664
2017-11-24 15:00:00,0.395725338491296,0.5263946668342229
2017-11-24 15:15:00,0.395725338491296,0.5308954470282738
2017-11-24 15:30:00,0.4004835589941973,0.532911242992497
2017-11-24 15:45:00,0.40841392649903285,0.5311625089441344
2017-11-24 16:00:00,0.41000000000000003,0.5276174947780998
2017-11-24 16:15:00,0.41000000000000003,0.524388167582398
2017-11-24 16:30:00,0.41000000000000003,0.5125014833489983
2017-11-24 16:45:00,0.41000000000000003,0.4966361967748968
2017-11-24 17:00:00,0.41000000000000003,0.49289818707591276
2017-11-24 17:15:00,0.41000000000000003,0.49410382363460753
2017-11-24 17:30:00,0.41000000000000003,0.49968662664083313
2017-11-24 17:45:00,0.41000000000000003,0.49648855384507395
2017-11-24 18:00:00,0.4536363636363636,0.4972750321393355
2017-11-24 18:15:00,0.41000000000000003,0.49441719391542155
2017-11-24 18:30:00,0.41000000000000003,0.4878518284757048
2017-11-24 18:45:00,0.41000000000000003,0.4912067736931872
2017-11-24 19:00:00,0.41000000000000003,0.4998281384332093
2017-11-24 19:15:00,0.41000000000000003,0.5023173618312475
2017-11-24 19:30:00,0.41000000000000003,0.5136392233922034
2017-11-24 19:45:00,0.4052417794970986,0.5158467830937764
2017-11-24 20:00:00,0.3973114119922631,0.520093687504517
2017-11-24 20:15:00,0.39096711798839456,0.5217827902400151
2017-11-24 20:30:00,0.3814506769825919,0.5282570133298581
2017-11-24 20:45:00,0.4536363636363636,0.5232360375167905
2017-11-24 21:00:00,0.3814506769825919,0.520135727742349
2017-11-24 21:15:00,0.4536363636363636,0.5211155473018101
2017-11-24 21:30:00,0.4536363636363636,0.5235147444011385
2017-11-24 21:45:00,0.37510638297872334,0.529186429229759
2017-11-24 22:00:00,0.37352030947775633,0.5315759487167732
2017-11-24 22:15:00,0.4536363636363636,0.5334551238885925
2017-11-24 22:30:00,0.3624177949709865,0.5297356025720723
2017-11-24 22:45:00,0.3576595744680851,0.5275314026658232
2017-11-24 23:00:00,0.35448742746615086,0.5248214833377777
2017-11-24 23:15:00,0.34655705996131525,0.5321367468040132
2017-11-24 23:30:00,0.34655705996131525,0.5417121349859741
2017-11-24 23:45:00,0.34655705996131525,0.5314811043926472
2017-11-25 00:00:00,0.3449709864603482,0.5307054271254713
2017-11-25 00:15:00,0.343384912959381,0.5351579512223902
2017-11-25 00:30:00,0.3417988394584139,0.5391768113647692
2017-11-25 00:45:00,0.3402127659574468,0.542289655495704
2017-11-25 01:00:00,0.3386266924564797,0.5466944704792751
2017-11-25 01:15:00,0.9988888888888889,0.5344714602445471
2017-11-25 01:30:00,0.9988888888888889,0.5104806239091795
2017-11-25 01:45:00,0.9988888888888889,0.485461527870123
2017-11-25 02:00:00,0.9988888888888889,0.45788026658531766
2017-11-25 02:15:00,0.9988888888888889,0.45696337554937444
2017-11-25 02:30:00,0.9988888888888889,0.4593935098124335
2017-11-25 02:45:00,0.9988888888888889,0.4604528079603246
2017-11-25 03:00:00,0.9988888888888889,0.45927724204299397
2017-11-25 03:15:00,0.9988888888888889,0.45671351500176643
2017-11-25 03:30:00,0.9988888888888889,0.4572803858851427
2017-11-25 03:45:00,0.9988888888888889,0.4632847616138568
2017-11-25 04:00:00,0.9988888888888889,0.4677282692461475
2017-11-25 04:15:00,0.9988888888888889,0.4671786867859392
2017-11-25 04:30:00,0.9988888888888889,0.4658040447239901
2017-11-25 04:45:00,0.9988888888888889,0.4530580369652749
2017-11-25 05:00:00,0.9988888888888889,0.4481601798124796
2017-11-25 05:15:00,0.9988888888888889,0.4534010424389249
2017-11-25 05:30:00,0.9988888888888889,0.45952476972101525
2017-11-25 05:45:00,0.9988888888888889,0.46727256635577835
2017-11-25 06:00:00,0.9988888888888889,0.4534334363596141
2017-11-25 06:15:00,0.9988888888888889,0.44647143452655497
2017-11-25 06:30:00,0.9988888888888889,0.44935731153894437
2017-11-25 06:45:00,0.9988888888888889,0.47206927183015424
2017-11-25 07:00:00,0.9988888888888889,0.48923284794869176
2017-11-25 07:15:00,0.9988888888888889,0.4820805719513217
2017-11-25 07:30:00,0.9988888888888889,0.4761721633167014
2017-11-25 07:45:00,0.9988888888888889,0.47002583737328874
2017-11-25 08:00:00,0.9988888888888889,0.46303640390643375
2017-11-25 08:15:00,0.9988888888888889,0.45060120894489303
2017-11-25 08:30:00,0.9988888888888889,0.42701077993610126
2017-11-25 08:45:00,0.9988888888888889,0.42737732551579966
2017-11-25 09:00:00,0.9988888888888889,0.41980985471743687
2017-11-25 09:15:00,0.9988888888888889,0.40962469415346653
2017-11-25 09:30:00,0.9988888888888889,0.413819188603681
2017-11-25 09:45:00,0.9988888888888889,0.39983852326858066
2017-11-25 10:00:00,0.9988888888888889,0.38823140951912977
2017-11-25 10:15:00,0.9988888888888889,0.38889025275214517
2017-11-25 10:30:00,0.9988888888888889,0.399277321647948
2017-11-25 10:45:00,0.9988888888888889,0.3882020736538523
2017-11-25 11:00:00,0.9988888888888889,0.3758272032143849
2017-11-25 11:15:00,0.9988888888888889,0.3839481650867556
2017-11-25 11:30:00,0.9988888888888889,0.40194931794458966
2017-11-25 11:45:00,0.9988888888888889,0.38843863224326675
2017-11-25 12:00:00,0.9988888888888889,0.41604693006944393
2017-11-25 12:15:00,0.9988888888888889,0.39820498553510963
2017-11-25 12:30:00,0.9988888888888889,0.41099984229411807
2017-11-25 12:45:00,0.9988888888888889,0.41607295271212413
2017-11-25 13:00:00,0.9988888888888889,0.41968336510331106
2017-11-25 13:15:00,0.9988888888888889,0.4274772435702644
2017-11-25 13:30:00,0.9988888888888889,0.4275486790833651
2017-11-25 13:45:00,0.9988888888888889,0.4216277851630585
2017-11-25 14:00:00,0.9988888888888889,0.4175458158602672
2017-11-25 14:15:00,0.9988888888888889,0.4336341571758036
2017-11-25 14:30:00,0.9988888888888889,0.4552846265813147
2017-11-25 14:45:00,0.9988888888888889,0.46765609272549563
2017-11-25 15:00:00,0.9988888888888889,0.47711062677279914
2017-11-25 15:15:00,0.9988888888888889,0.4779519593157671
2017-11-25 15:30:00,0.9988888888888889,0.47613484734095324
2017-11-25 15:45:00,0.9988888888888889,0.47876046772904385
2017-11-25 16:00:00,0.4536363636363636,0.469783430206375
2017-11-25 16:15:00,0.4536363636363636,0.4704412598872135
2017-11-25 16:30:00,0.3513152804642166,0.4682771101819502
2017-11-25 16:45:00,0.3513152804642166,0.455742758873929
2017-11-25 17:00:00,0.3513152804642166,0.4524889686115668
2017-11-25 17:15:00,0.4536363636363636,0.459071653886124
2017-11-25 17:30:00,0.3513152804642166,0.44745172988126586
2017-11-25 17:45:00,0.3513152804642166,0.4417277459634939
2017-11-25 18:00:00,0.3513152804642166,0.44425742285508757
2017-11-25 18:15:00,0.3513152804642166,0.43941321739535427
2017-11-25 18:30:00,0.3513152804642166,0.4370318812246483
2017-11-25 18:45:00,0.3513152804642166,0.4469772414852859
2017-11-25 19:00:00,0.3513152804642166,0.44748726126393584
2017-11-25 19:15:00,0.3513152804642166,0.4516320803865739
2017-11-25 19:30:00,0.4536363636363636,0.46188304790507984
2017-11-25 19:45:00,0.34655705996131525,0.46379252400710685
2017-11-25 20:00:00,0.3417988394584139,0.4664371200589503
2017-11-25 20:15:00,0.33545454545454545,0.46653437053976565
2017-11-25 20:30:00,0.33545454545454545,0.4635465500886174
2017-11-25 20:45:00,0.9988888888888889,0.453877847764637
2017-11-25 21:00:00,0.9988888888888889,0.4424363965316619
2017-11-25 21:15:00,0.9988888888888889,0.433565104718187
2017-11-25 21:30:00,0.9988888888888889,0.4303555311760169
2017-11-25 21:45:00,0.9988888888888889,0.43262051374796057
2017-11-25 22:00:00,0.9988888888888889,0.43620941279093894
2017-11-25 22:15:00,0.9988888888888889,0.43725462200426657
2017-11-25 22:30:00,0.9988888888888889,0.43988746672786044
2017-11-25 22:45:00,0.9988888888888889,0.4435903746475508
2017-11-25 23:00:00,0.9988888888888889,0.4383806170395305
2017-11-25 23:15:00,0.9988888888888889,0.4187094601339364
2017-11-25 23:30:00,0.9988888888888889,0.39662006908197006
2017-11-25 23:45:00,0.9988888888888889,0.37114261109902696
2017-11-26 00:00:00,0.9988888888888889,0.3460722515373841
2017-11-26 00:15:00,0.9988888888888889,0.3160445968455676
2017-11-26 00:30:00,0.9988888888888889,0.28602158474951583
2017-11-26 00:45:00,0.9988888888888889,0.25559464401731147
2017-11-26 01:00:00,0.9988888888888889,0.22494279391802882
2017-11-26 01:15:00,0.9988888888888889,0.2243522159428212
2017-11-26 01:30:00,0.9988888888888889,0.2235628357820322
2017-11-26 01:45:00,0.9988888888888889,0.22267394560671333
2017-11-26 02:00:00,0.9988888888888889,0.21610498527088584
2017-11-26 02:15:00,0.9988888888888889,0.21262519919704229
2017-11-26 02:30:00,0.9988888888888889,0.21185993715508977
2017-11-26 02:45:00,0.9988888888888889,0.21311291161108267
2017-11-26 03:00:00,0.9988888888888889,0.21404767577861347
2017-11-26 03:15:00,0.9988888888888889,0.21561822255264296
2017-11-26 03:30:00,0.9988888888888889,0.21387036470415816
2017-11-26 03:45:00,0.9988888888888889,0.2130449112850737
2017-11-26 04:00:00,0.9988888888888889,0.21177642375736222
2017-11-26 04:15:00,0.9988888888888889,0.21521454416281902
2017-11-26 04:30:00,0.9988888888888889,0.22023354154355088
2017-11-26 04:45:00,0.9988888888888889,0.22795235003452607
2017-11-26 05:00:00,0.9988888888888889,0.2384591417604927
2017-11-26 05:15:00,0.9988888888888889,0.23521503226266008
2017-11-26 05:30:00,0.9988888888888889,0.23882672538890332
2017-11-26 05:45:00,0.9988888888888889,0.2399236966459879
2017-11-26 06:00:00,0.9988888888888889,0.24169958321098534
2017-11-26 06:15:00,0.9988888888888889,0.25205254822435635
2017-11-26 06:30:00,0.9988888888888889,0.25455273567257725
2017-11-26 06:45:00,0.9988888888888889,0.24723511025628533
2017-11-26 07:00:00,0.9988888888888889,0.24612181491250626
2017-11-26 07:15:00,0.9988888888888889,0.25020872728539395
2017-11-26 07:30:00,0.9988888888888889,0.2442142207976531
2017-11-26 07:45:00,0.9988888888888889,0.24813586773913554
2017-11-26 08:00:00,0.9988888888888889,0.2506089680915247
2017-11-26 08:15:00,0.9988888888888889,0.24795472482078756
2017-11-26 08:30:00,0.9988888888888889,0.23490519670256693
2017-11-26 08:45:00,0.9988888888888889,0.21500826587647057
2017-11-26 09:00:00,0.041,0.1956585128146579
2017-11-26 09:15:00,0.041,0.19491278952770577
2017-11-26 09:30:00,0.041,0.19303063875793663
2017-11-26 09:45:00,0.041,0.19315778000617181
2017-11-26 10:00:00,0.041,0.18629927333025137
2017-11-26 10:15:00,0.041,0.18342170269849203
2017-11-26 10:30:00,0.041,0.18319997915961464
2017-11-26 10:45:00,0.041,0.18132970007958302
2017-11-26 11:00:00,0.041,0.17899467448773385
2017-11-26 11:15:00,0.9988888888888889,0.18290252905092527
2017-11-26 11:30:00,0.041,0.1869001893181969
2017-11-26 11:45:00,0.9988888888888889,0.18302838763964255
2017-11-26 12:00:00,0.9988888888888889,0.18279560415720988
2017-11-26 12:15:00,0.9988888888888889,0.17960680263659312
2017-11-26 12:30:00,0.9988888888888889,0.17977092144133236
2017-11-26 12:45:00,0.041,0.17670958933054826
2017-11-26 13:00:00,0.041,0.1774381447427664
2017-11-26 13:15:00,0.041,0.17725470606434401
2017-11-26 13:30:00,0.041,0.1782344639686832
2017-11-26 13:45:00,0.9988888888888889,0.18240498355390333
2017-11-26 14:00:00,0.9988888888888889,0.19757646038052443
2017-11-26 14:15:00,0.9988888888888889,0.2304113908047132
2017-11-26 14:30:00,0.9988888888888889,0.2558889161176995
2017-11-26 14:45:00,0.9988888888888889,0.28023191419725524
2017-11-26 15:00:00,0.9988888888888889,0.3150513926105533
2017-11-26 15:15:00,0.9988888888888889,0.3446445923647177
2017-11-26 15:30:00,0.9988888888888889,0.36201912320035073
2017-11-26 15:45:00,0.9988888888888889,0.3835178901638343
2017-11-26 16:00:00,0.9988888888888889,0.4089796838108574
2017-11-26 16:15:00,0.9988888888888889,0.42170499434039976
2017-11-26 16:30:00,0.9988888888888889,0.442564689593075
2017-11-26 16:45:00,0.3402127659574468,0.4442001677607462
2017-11-26 17:00:00,0.3402127659574468,0.4362899102759356
2017-11-26 17:15:00,0.3402127659574468,0.43087418404513106
2017-11-26 17:30:00,0.3402127659574468,0.4265597904902307
2017-11-26 17:45:00,0.3402127659574468,0.424380910347091
2017-11-26 18:00:00,0.3402127659574468,0.4241485840244806
2017-11-26 18:15:00,0.3402127659574468,0.42951786474768006
2017-11-26 18:30:00,0.3402127659574468,0.42226973617677854
2017-11-26 18:45:00,0.3402127659574468,0.43289343414711196
2017-11-26 19:00:00,0.3402127659574468,0.43246122931568143
2017-11-26 19:15:00,0.3402127659574468,0.44676737023747154
2017-11-26 19:30:00,0.3402127659574468,0.44966490425043243
2017-11-26 19:45:00,0.3402127659574468,0.4509679177145954
2017-11-26 20:00:00,0.3402127659574468,0.45836496165300394
2017-11-26 20:15:00,0.3402127659574468,0.4629338836225143
2017-11-26 20:30:00,0.33704061895551257,0.4714956283235194
2017-11-26 20:45:00,0.33704061895551257,0.47600228074321205
2017-11-26 21:00:00,0.33704061895551257,0.4803363138504547
2017-11-26 21:15:00,0.33704061895551257,0.48065350297268034
2017-11-26 21:30:00,0.33704061895551257,0.4854511308378843
2017-11-26 21:45:00,0.33704061895551257,0.4774145697586926
2017-11-26 22:00:00,0.33704061895551257,0.47944343857921795
2017-11-26 22:15:00,0.33704061895551257,0.4812073085552202
2017-11-26 22:30:00,0.9988888888888889,0.4844316301625056
2017-11-26 22:45:00,0.9988888888888889,0.48524332896056666
2017-11-26 23:00:00,0.9988888888888889,0.48165721380819615
2017-11-26 23:15:00,0.9988888888888889,0.478972685864531
2017-11-26 23:30:00,0.9988888888888889,0.49692061750276983
2017-11-26 23:45:00,0.9988888888888889,0.5003669304605202
2017-11-27 00:00:00,0.41000000000000003,0.44660732248851925
2017-11-27 00:15:00,0.41000000000000003,0.45310914143256115
2017-11-27 00:30:00,0.41000000000000003,0.4553239027776107
2017-11-27 00:45:00,0.41000000000000003,0.46431105056385313
2017-11-27 01:00:00,0.41000000000000003,0.4710434025468333
2017-11-27 01:15:00,0.41000000000000003,0.47476079562203566
2017-11-27 01:30:00,0.41000000000000003,0.4747515398985053
2017-11-27 01:45:00,0.41000000000000003,0.4783850214272448
2017-11-27 02:00:00,0.41000000000000003,0.4839419802843563
2017-11-27 02:15:00,0.41000000000000003,0.4809078047363729
2017-11-27 02:30:00,0.41000000000000003,0.48059229804775283
2017-11-27 02:45:00,0.41000000000000003,0.4844468658614683
2017-11-27 03:00:00,0.41000000000000003,0.48282174047955745
2017-11-27 03:15:00,0.41000000000000003,0.47839446252793055
2017-11-27 03:30:00,0.41000000000000003,0.4776345671041166
2017-11-27 03:45:00,0.41000000000000003,0.4817061684806539
2017-11-27 04:00:00,0.41000000000000003,0.48571186650107756
2017-11-27 04:15:00,0.41000000000000003,0.4869032175284214
2017-11-27 04:30:00,0.41000000000000003,0.48493419760816847
2017-11-27 04:45:00,0.41000000000000003,0.4891803283626363
2017-11-27 05:00:00,0.41000000000000003,0.5025015139822026
2017-11-27 05:15:00,0.41000000000000003,0.5161909885061507
2017-11-27 05:30:00,0.41000000000000003,0.5252979587924695
2017-11-27 05:45:00,0.41000000000000003,0.5224809006505189
2017-11-27 06:00:00,0.41000000000000003,0.5173632417846893
2017-11-27 06:15:00,0.41000000000000003,0.5150185036732045
2017-11-27 06:30:00,0.41000000000000003,0.5136253749810763
2017-11-27 06:45:00,0.41000000000000003,0.5146400956251204
2017-11-27 07:00:00,0.41000000000000003,0.5146645784204558
2017-11-27 07:15:00,0.41000000000000003,0.5074027982496562
2017-11-27 07:30:00,0.41000000000000003,0.5025437251486953
2017-11-27 07:45:00,0.41000000000000003,0.4973795191987068
2017-11-27 08:00:00,0.41000000000000003,0.4947105374379761
2017-11-27 08:15:00,0.41000000000000003,0.49077083862691234
2017-11-27 08:30:00,0.41000000000000003,0.4866213081783384
2017-11-27 08:45:00,0.41000000000000003,0.4830570128808469
2017-11-27 09:00:00,0.41000000000000003,0.48140468534134206
2017-11-27 09:15:00,0.41000000000000003,0.4759526155339426
2017-11-27 09:30:00,0.41000000000000003,0.473557357032553
2017-11-27 09:45:00,0.41000000000000003,0.46742046712903534
2017-11-27 10:00:00,0.41000000000000003,0.4634928052834871
2017-11-27 10:15:00,0.41000000000000003,0.45468249815133027
2017-11-27 10:30:00,0.41000000000000003,0.4460763730319786
2017-11-27 10:45:00,0.41000000000000003,0.4384237537290649
2017-11-27 11:00:00,0.41000000000000003,0.430516867338596
2017-11-27 11:15:00,0.41000000000000003,0.4273602818967559
2017-11-27 11:30:00,0.41000000000000003,0.4253282039014251
2017-11-27 11:45:00,0.41000000000000003,0.42307730895065937
2017-11-27 12:00:00,0.41000000000000003,0.4209224124049047
2017-11-27 12:15:00,0.41000000000000003,0.4218431768953459
2017-11-27 12:30:00,0.41000000000000003,0.42162393138651727
2017-11-27 12:45:00,0.41000000000000003,0.42282886793359015
2017-11-27 13:00:00,0.41000000000000003,0.4229844439136662
2017-11-27 13:15:00,0.41000000000000003,0.42650975858572154
2017-11-27 13:30:00,0.41000000000000003,0.4293877527429426
2017-11-27 13:45:00,0.41000000000000003,0.43247584157819846
2017-11-27 14:00:00,0.41000000000000003,0.4357606605264255
2017-11-27 14:15:00,0.41000000000000003,0.4407446023949112
2017-11-27 14:30:00,0.41000000000000003,0.4447111244617808
2017-11-27 14:45:00,0.41000000000000003,0.44821189274993745
2017-11-27 15:00:00,0.41000000000000003,0.45082432570411646
2017-11-27 15:15:00,0.41000000000000003,0.45685138917869217
2017-11-27 15:30:00,0.41000000000000003,0.4625895835360142
2017-11-27 15:45:00,0.41000000000000003,0.47168640323949895
2017-11-27 16:00:00,0.41000000000000003,0.48170929528837003
2017-11-27 16:15:00,0.41000000000000003,0.47521552107508497
2017-11-27 16:30:00,0.41000000000000003,0.47019330546586996
2017-11-27 16:45:00,0.41000000000000003,0.4704084660438375
2017-11-27 17:00:00,0.41000000000000003,0.4672813196568001
2017-11-27 17:15:00,0.41000000000000003,0.47223024562702126
2017-11-27 17:30:00,0.41000000000000003,0.4655157184574847
2017-11-27 17:45:00,0.41000000000000003,0.4626890552574972
2017-11-27 18:00:00,0.41000000000000003,0.47481282387610835
2017-11-27 18:15:00,0.41000000000000003,0.4760486080337109
2017-11-27 18:30:00,0.41000000000000003,0.47976913188763826
2017-11-27 18:45:00,0.41000000000000003,0.48472195490711734
2017-11-27 19:00:00,0.41000000000000003,0.47274174397569546
2017-11-27 19:15:00,0.41000000000000003,0.4834518287141952
2017-11-27 19:30:00,0.41000000000000003,0.47820748506615335
2017-11-27 19:45:00,0.41000000000000003,0.47491053769416014
2017-11-27 20:00:00,0.41000000000000003,0.47418383048964097
2017-11-27 20:15:00,0.41000000000000003,0.48034094324593485
2017-11-27 20:30:00,0.41000000000000003,0.48339005519575956
2017-11-27 20:45:00,0.41000000000000003,0.48741029538065067
2017-11-27 21:00:00,0.41000000000000003,0.49291911442244707
2017-11-27 21:15:00,0.41000000000000003,0.4964713534090992
2017-11-27 21:30:00,0.41000000000000003,0.502193722509245
2017-11-27 21:45:00,0.41000000000000003,0.5083321345912731
2017-11-27 22:00:00,0.41000000000000003,0.5080202291728481
2017-11-27 22:15:00,0.41000000000000003,0.5116239234839207
2017-11-27 22:30:00,0.41000000000000003,0.5115397905320949
2017-11-27 22:45:00,0.41000000000000003,0.5115815815502276
2017-11-27 23:00:00,0.41000000000000003,0.5189052633600262
2017-11-27 23:15:00,0.41000000000000003,0.5237194758717534
2017-11-27 23:30:00,0.41000000000000003,0.5234798711962955
2017-11-27 23:45:00,0.41000000000000003,0.5249731693119505
2017-11-28 00:00:00,0.41000000000000003,0.5269269484548155
2017-11-28 00:15:00,0.41000000000000003,0.5245413174840883
2017-11-28 00:30:00,0.41000000000000003,0.5261932983597286
2017-11-28 00:45:00,0.41000000000000003,0.5301905657987771
2017-11-28 01:00:00,0.41000000000000003,0.5375787427938788
2017-11-28 01:15:00,0.41000000000000003,0.5437922612059781
2017-11-28 01:30:00,0.41000000000000003,0.5486163892552474
2017-11-28 01:45:00,0.41000000000000003,0.5493969489885169
2017-11-28 02:00:00,0.41000000000000003,0.5536429457621506
2017-11-28 02:15:00,0.41000000000000003,0.5565766283165954
2017-11-28 02:30:00,0.41000000000000003,0.556922515224375
2017-11-28 02:45:00,0.41000000000000003,0.5528502641063372
2017-11-28 03:00:00,0.41000000000000003,0.5541065703289703
2017-11-28 03:15:00,0.41000000000000003,0.5516386667525375
2017-11-28 03:30:00,0.41000000000000003,0.5513212277168738
2017-11-28 03:45:00,0.41000000000000003,0.5451641203240392
2017-11-28 04:00:00,0.41000000000000003,0.5490058831153196
2017-11-28 04:15:00,0.41000000000000003,0.5431942233109401
2017-11-28 04:30:00,0.41000000000000003,0.5410170403200772
2017-11-28 04:45:00,0.41000000000000003,0.5424656017245634
2017-11-28 05:00:00,0.41000000000000003,0.5416276962067443
2017-11-28 05:15:00,0.41000000000000003,0.5372740998207728
2017-11-28 05:30:00,0.41000000000000003,0.5323305003608317
2017-11-28 05:45:00,0.41000000000000003,0.5283446707877366
2017-11-28 06:00:00,0.41000000000000003,0.5168289579618095
2017-11-28 06:15:00,0.41000000000000003,0.5139541625864003
2017-11-28 06:30:00,0.41000000000000003,0.5105378128875644
2017-11-28 06:45:00,0.41000000000000003,0.5089974622433183
2017-11-28 07:00:00,0.41000000000000003,0.5062876810516094
2017-11-28 07:15:00,0.41000000000000003,0.5052973682163491
2017-11-28 07:30:00,0.41000000000000003,0.5012770467442003
2017-11-28 07:45:00,0.41000000000000003,0.5016304914514691
2017-11-28 08:00:00,0.41000000000000003,0.49687121266944234
2017-11-28 08:15:00,0.41000000000000003,0.4920976319018271
2017-11-28 08:30:00,0.41000000000000003,0.48830490398009446
2017-11-28 08:45:00,0.41000000000000003,0.48405369940404264
2017-11-28 09:00:00,0.41000000000000003,0.4814260141212486
2017-11-28 09:15:00,0.41000000000000003,0.4791833045202505
2017-11-28 09:30:00,0.41000000000000003,0.4769982334967696
2017-11-28 09:45:00,0.41000000000000003,0.4760759287608161
2017-11-28 10:00:00,0.41000000000000003,0.47373950356389144
2017-11-28 10:15:00,0.41000000000000003,0.4720209355106522
2017-11-28 10:30:00,0.41000000000000003,0.4710125784744451
2017-11-28 10:45:00,0.41000000000000003,0.46988832504776873
2017-11-28 11:00:00,0.41000000000000003,0.4686525939260854
2017-11-28 11:15:00,0.41000000000000003,0.4666756740773943
2017-11-28 11:30:00,0.41000000000000003,0.4649786124399063
2017-11-28 11:45:00,0.41000000000000003,0.4626007850164887
2017-11-28 12:00:00,0.41000000000000003,0.46079340401096736
2017-11-28 12:15:00,0.41000000000000003,0.46227608768941425
2017-11-28 12:30:00,0.41000000000000003,0.4630988088601141
2017-11-28 12:45:00,0.41000000000000003,0.4639969062637932
2017-11-28 13:00:00,0.41000000000000003,0.46451277125630047
2017-11-28 13:15:00,0.41000000000000003,0.4701855774996699
2017-11-28 13:30:00,0.41000000000000003,0.4770026913324281
2017-11-28 13:45:00,0.41000000000000003,0.4837516253904932
2017-11-28 14:00:00,0.41000000000000003,0.4877721174766819
2017-11-28 14:15:00,0.41000000000000003,0.49006661176660676
2017-11-28 14:30:00,0.41000000000000003,0.4931900352627924
2017-11-28 14:45:00,0.41000000000000003,0.4971500462442138
2017-11-28 15:00:00,0.41000000000000003,0.49948627809151225
2017-11-28 15:15:00,0.41000000000000003,0.5010640074860417
2017-11-28 15:30:00,0.41000000000000003,0.5024120303439044
2017-11-28 15:45:00,0.41000000000000003,0.5042386764157837
2017-11-28 16:00:00,0.41000000000000003,0.5031209332288877
2017-11-28 16:15:00,0.41000000000000003,0.49379246733816334
2017-11-28 16:30:00,0.41000000000000003,0.48264599541406183
2017-11-28 16:45:00,0.41000000000000003,0.48002319484771344
2017-11-28 17:00:00,0.4536363636363636,0.49494512902202126
2017-11-28 17:15:00,0.4536363636363636,0.4982995676012582
2017-11-28 17:30:00,0.41000000000000003,0.47933134031943814
2017-11-28 17:45:00,0.41000000000000003,0.47072334870303073
2017-11-28 18:00:00,0.4536363636363636,0.5064064472381288
2017-11-28 18:15:00,0.41000000000000003,0.47226154093715444
2017-11-28 18:30:00,0.4536363636363636,0.5068138294782825
2017-11-28 18:45:00,0.41000000000000003,0.4797013429224786
2017-11-28 19:00:00,0.41000000000000003,0.4774038024621113
2017-11-28 19:15:00,0.4536363636363636,0.5082201752508249
2017-11-28 19:30:00,0.4536363636363636,0.5104856672736222
2017-11-28 19:45:00,0.41000000000000003,0.5144802001101781
2017-11-28 20:00:00,0.41000000000000003,0.5166667092381105
2017-11-28 20:15:00,0.41000000000000003,0.519221352570965
2017-11-28 20:30:00,0.41000000000000003,0.5233991883486369
2017-11-28 20:45:00,0.41000000000000003,0.5266090866375689
2017-11-28 21:00:00,0.41000000000000003,0.5266964148655027
2017-11-28 21:15:00,0.41000000000000003,0.5255086173478167
2017-11-28 21:30:00,0.41000000000000003,0.5273060058640224
2017-11-28 21:45:00,0.41000000000000003,0.5331178193880419
2017-11-28 22:00:00,0.41000000000000003,0.5385978598883157
2017-11-28 22:15:00,0.41000000000000003,0.5380561522531129
2017-11-28 22:30:00,0.41000000000000003,0.5359683431076456
2017-11-28 22:45:00,0.41000000000000003,0.5415159387162318
2017-11-28 23:00:00,0.41000000000000003,0.5435107451656435
2017-11-28 23:15:00,0.41000000000000003,0.547124881332097
2017-11-28 23:30:00,0.41000000000000003,0.5507234820013871
2017-11-28 23:45:00,0.41000000000000003,0.5555462601712542
2017-11-29 00:00:00,0.4004835589941973,0.5586292766875403
2017-11-29 00:15:00,0.4004835589941973,0.5605973013112022
2017-11-29 00:30:00,0.4004835589941973,0.5622679752814057
2017-11-29 00:45:00,0.4004835589941973,0.5639425557983184
2017-11-29 01:00:00,0.4004835589941973,0.5714956297103444
2017-11-29 01:15:00,0.4004835589941973,0.5748461938374503
2017-11-29 01:30:00,0.4004835589941973,0.5782855660139642
2017-11-29 01:45:00,0.4004835589941973,0.5828151744641987
2017-11-29 02:00:00,0.4004835589941973,0.5892870706141621
2017-11-29 02:15:00,0.4004835589941973,0.589703841016505
2017-11-29 02:30:00,0.4004835589941973,0.5913885189441792
2017-11-29 02:45:00,0.4004835589941973,0.5906402133506744
2017-11-29 03:00:00,0.4004835589941973,0.5901319900173889
2017-11-29 03:15:00,0.4004835589941973,0.5870268634926914
2017-11-29 03:30:00,0.4004835589941973,0.585550845350314
2017-11-29 03:45:00,0.4004835589941973,0.58584021846925
2017-11-29 04:00:00,0.4004835589941973,0.5798193711678727
2017-11-29 04:15:00,0.4004835589941973,0.5759681238372213
2017-11-29 04:30:00,0.4004835589941973,0.5740751540378919
2017-11-29 04:45:00,0.4004835589941973,0.5700947011251
2017-11-29 05:00:00,0.4004835589941973,0.5657189122349614
2017-11-29 05:15:00,0.4004835589941973,0.5644751591476911
2017-11-29 05:30:00,0.4004835589941973,0.5629974905439559
2017-11-29 05:45:00,0.4004835589941973,0.56000149876974
2017-11-29 06:00:00,0.4004835589941973,0.5530294313488572
2017-11-29 06:15:00,0.4004835589941973,0.5494858197678861
2017-11-29 06:30:00,0.4004835589941973,0.5465869836090202
2017-11-29 06:45:00,0.40365570599613154,0.542879874414952
2017-11-29 07:00:00,0.4536363636363636,0.5409966264155599
2017-11-29 07:15:00,0.40682785299806573,0.5410111122603741
2017-11-29 07:30:00,0.41000000000000003,0.5317027855500517
2017-11-29 07:45:00,0.41000000000000003,0.5270409082103762
2017-11-29 08:00:00,0.41000000000000003,0.5280383865009645
2017-11-29 08:15:00,0.41000000000000003,0.5256566621156745
2017-11-29 08:30:00,0.4536363636363636,0.5246656368851349
2017-11-29 08:45:00,0.41000000000000003,0.5227713526206083
2017-11-29 09:00:00,0.41000000000000003,0.5212427443205481
2017-11-29 09:15:00,0.41000000000000003,0.5164976857642338
2017-11-29 09:30:00,0.41000000000000003,0.5082961204965533
2017-11-29 09:45:00,0.41000000000000003,0.49972389822567054
2017-11-29 10:00:00,0.41000000000000003,0.4928114175945517
2017-11-29 10:15:00,0.41000000000000003,0.4865491815786053
2017-11-29 10:30:00,0.41000000000000003,0.48203446426863494
2017-11-29 10:45:00,0.41000000000000003,0.47781858930612336
2017-11-29 11:00:00,0.41000000000000003,0.4734505228259241
2017-11-29 11:15:00,0.41000000000000003,0.47004689097213825
2017-11-29 11:30:00,0.41000000000000003,0.4665180304537032
2017-11-29 11:45:00,0.41000000000000003,0.46390086505025846
2017-11-29 12:00:00,0.41000000000000003,0.4621964218965586
2017-11-29 12:15:00,0.41000000000000003,0.46631989987076844
2017-11-29 12:30:00,0.41000000000000003,0.4715187368750274
2017-11-29 12:45:00,0.41000000000000003,0.47594239967988156
2017-11-29 13:00:00,0.41000000000000003,0.479472736586113
2017-11-29 13:15:00,0.41000000000000003,0.4821840919050294
2017-11-29 13:30:00,0.41000000000000003,0.48731639457258125
2017-11-29 13:45:00,0.41000000000000003,0.4947982558946543
2017-11-29 14:00:00,0.41000000000000003,0.4994763338425455
2017-11-29 14:15:00,0.41000000000000003,0.5026742917211393
2017-11-29 14:30:00,0.41000000000000003,0.5098469524737352
2017-11-29 14:45:00,0.41000000000000003,0.5122225761607743
2017-11-29 15:00:00,0.41000000000000003,0.5183213017525832
2017-11-29 15:15:00,0.41000000000000003,0.5240900540802427
2017-11-29 15:30:00,0.41000000000000003,0.5238971064413745
2017-11-29 15:45:00,0.41000000000000003,0.521899070284039
2017-11-29 16:00:00,0.41000000000000003,0.5186502505477164
2017-11-29 16:15:00,0.41000000000000003,0.5160268005815927
2017-11-29 16:30:00,0.4536363636363636,0.5149849810773024
2017-11-29 16:45:00,0.41000000000000003,0.49425412879358543
2017-11-29 17:00:00,0.41000000000000003,0.49978670986816626
2017-11-29 17:15:00,0.41000000000000003,0.49046215238870217
2017-11-29 17:30:00,0.41000000000000003,0.48811447517963635
2017-11-29 17:45:00,0.4536363636363636,0.508102173423697
2017-11-29 18:00:00,0.4536363636363636,0.5161213094437503
2017-11-29 18:15:00,0.41000000000000003,0.5034878924853945
2017-11-29 18:30:00,0.4536363636363636,0.5172981906640188
2017-11-29 18:45:00,0.4536363636363636,0.5180846908973576
2017-11-29 19:00:00,0.41000000000000003,0.5051676821148066
2017-11-29 19:15:00,0.41000000000000003,0.5123903683986957
2017-11-29 19:30:00,0.4536363636363636,0.5144179419508443
2017-11-29 19:45:00,0.3988974854932302,0.5150303016192002
2017-11-29 20:00:00,0.39096711798839456,0.5158582164553757
2017-11-29 20:15:00,0.4536363636363636,0.515812896686367
2017-11-29 20:30:00,0.37827852998065764,0.5119126442862068
2017-11-29 20:45:00,0.37352030947775633,0.5074312945639458
2017-11-29 21:00:00,0.37352030947775633,0.5003108802700138
2017-11-29 21:15:00,0.36558994197292066,0.5001599933553567
2017-11-29 21:30:00,0.35924564796905223,0.49839178182461125
2017-11-29 21:45:00,0.356073500967118,0.49477097470587544
2017-11-29 22:00:00,0.35290135396518374,0.49160872901981584
2017-11-29 22:15:00,0.35290135396518374,0.499072517688379
2017-11-29 22:30:00,0.35290135396518374,0.5039274779460208
2017-11-29 22:45:00,0.35290135396518374,0.5109881152636749
2017-11-29 23:00:00,0.35290135396518374,0.5175913898695037
2017-11-29 23:15:00,0.35290135396518374,0.5206503526452597
2017-11-29 23:30:00,0.3513152804642166,0.5262996458837327
2017-11-29 23:45:00,0.3513152804642166,0.532045230922467
2017-11-30 00:00:00,0.3513152804642166,0.5306549237146416
2017-11-30 00:15:00,0.3513152804642166,0.5287400586660862
2017-11-30 00:30:00,0.3513152804642166,0.5273503339474599
2017-11-30 00:45:00,0.3513152804642166,0.5265527142085321
2017-11-30 01:00:00,0.3513152804642166,0.5301420624853003
2017-11-30 01:15:00,0.3513152804642166,0.5318734577780521
2017-11-30 01:30:00,0.3513152804642166,0.535141487022298
2017-11-30 01:45:00,0.3513152804642166,0.5380353352280789
2017-11-30 02:00:00,0.3513152804642166,0.5412679359301859
2017-11-30 02:15:00,0.3513152804642166,0.5417155776625051
2017-11-30 02:30:00,0.3513152804642166,0.5442260757094312
2017-11-30 02:45:00,0.3513152804642166,0.5406438650398314
2017-11-30 03:00:00,0.3513152804642166,0.5391112707265254
2017-11-30 03:15:00,0.3513152804642166,0.5391075724295029
2017-11-30 03:30:00,0.3513152804642166,0.5355576717876683
2017-11-30 03:45:00,0.3513152804642166,0.5347096355390969
2017-11-30 04:00:00,0.3513152804642166,0.5292558063830437
2017-11-30 04:15:00,0.3513152804642166,0.5273871637266759
2017-11-30 04:30:00,0.3513152804642166,0.5221617328767
2017-11-30 04:45:00,0.3513152804642166,0.5207494468259422
2017-11-30 05:00:00,0.3513152804642166,0.5114699709424458
2017-11-30 05:15:00,0.3513152804642166,0.5071984142139692
2017-11-30 05:30:00,0.3513152804642166,0.5017776898152173
2017-11-30 05:45:00,0.3513152804642166,0.5039126658905873
2017-11-30 06:00:00,0.3513152804642166,0.4792900563824157
2017-11-30 06:15:00,0.3513152804642166,0.4719799877104042
2017-11-30 06:30:00,0.35290135396518374,0.47008179112717424
2017-11-30 06:45:00,0.3576595744680851,0.4692535638579864
2017-11-30 07:00:00,0.35924564796905223,0.47034590913159635
2017-11-30 07:15:00,0.36558994197292066,0.47005588249132335
2017-11-30 07:30:00,0.36717601547388784,0.47172664251786545
2017-11-30 07:45:00,0.36717601547388784,0.46229109613915903
2017-11-30 08:00:00,0.36717601547388784,0.4688356579214394
2017-11-30 08:15:00,0.36717601547388784,0.4662951880174103
2017-11-30 08:30:00,0.36717601547388784,0.455161793261296
2017-11-30 08:45:00,0.36717601547388784,0.44593841232044384
2017-11-30 09:00:00,0.36717601547388784,0.43729109886502604
2017-11-30 09:15:00,0.36717601547388784,0.4363857524608608
2017-11-30 09:30:00,0.36717601547388784,0.4348176212024974
2017-11-30 09:45:00,0.36717601547388784,0.4330488625146391
2017-11-30 10:00:00,0.36717601547388784,0.43100345818972036
2017-11-30 10:15:00,0.36717601547388784,0.4306689506160111
2017-11-30 10:30:00,0.36717601547388784,0.4247910091651455
2017-11-30 10:45:00,0.36717601547388784,0.4204049617376357
2017-11-30 11:00:00,0.36717601547388784,0.41662163734881585
2017-11-30 11:15:00,0.36717601547388784,0.4142927349013275
2017-11-30 11:30:00,0.36717601547388784,0.41214185352803023
2017-11-30 11:45:00,0.36717601547388784,0.41009335115659024
2017-11-30 12:00:00,0.36717601547388784,0.4107119912820788
2017-11-30 12:15:00,0.36717601547388784,0.4129058853962328
2017-11-30 12:30:00,0.36717601547388784,0.41242826335553967
2017-11-30 12:45:00,0.36717601547388784,0.4133265944899975
2017-11-30 13:00:00,0.36717601547388784,0.4147019643184889
2017-11-30 13:15:00,0.36717601547388784,0.41734546956202456
2017-11-30 13:30:00,0.36717601547388784,0.4205244650397485
2017-11-30 13:45:00,0.36717601547388784,0.42349325302497515
2017-11-30 14:00:00,0.36717601547388784,0.4259485868543179
2017-11-30 14:15:00,0.36717601547388784,0.43183070627190295
2017-11-30 14:30:00,0.36717601547388784,0.43733141652532376
2017-11-30 14:45:00,0.36717601547388784,0.44319459810514455
2017-11-30 15:00:00,0.36717601547388784,0.4488942286337607
2017-11-30 15:15:00,0.36717601547388784,0.4548846345597112
2017-11-30 15:30:00,0.37193423597678915,0.46130828299707766
2017-11-30 15:45:00,0.3766924564796905,0.4680435315908839
2017-11-30 16:00:00,0.38303675048355895,0.47222447953888214
2017-11-30 16:15:00,0.38303675048355895,0.4758175683514282
2017-11-30 16:30:00,0.38620889748549325,0.4753921132203114
2017-11-30 16:45:00,0.39096711798839456,0.47001431574364233
2017-11-30 17:00:00,0.39096711798839456,0.46312083878352583
2017-11-30 17:15:00,0.39096711798839456,0.46787181347239165
2017-11-30 17:30:00,0.39096711798839456,0.4695054433836294
2017-11-30 17:45:00,0.39096711798839456,0.45613442409674504
2017-11-30 18:00:00,0.39096711798839456,0.4595942573202812
2017-11-30 18:15:00,0.39096711798839456,0.4663623067724768
2017-11-30 18:30:00,0.39096711798839456,0.46912508004450326
2017-11-30 18:45:00,0.39096711798839456,0.47368207351214475
2017-11-30 19:00:00,0.39096711798839456,0.4770056252359384
2017-11-30 19:15:00,0.39096711798839456,0.47740273919686366
2017-11-30 19:30:00,0.39096711798839456,0.49371810006342237
2017-11-30 19:45:00,0.38620889748549325,0.49562409323439105
2017-11-30 20:00:00,0.38620889748549325,0.495741879273537
2017-11-30 20:15:00,0.38620889748549325,0.5009370677329615
2017-11-30 20:30:00,0.38620889748549325,0.5035201536196834
2017-11-30 20:45:00,0.37986460348162476,0.5123868048428779
2017-11-30 21:00:00,0.37986460348162476,0.5163465091178575
2017-11-30 21:15:00,0.37510638297872334,0.5191738946449949
2017-11-30 21:30:00,0.37510638297872334,0.519314601091366
2017-11-30 21:45:00,0.37510638297872334,0.5208554831429637
2017-11-30 22:00:00,0.37510638297872334,0.5203804435368676
2017-11-30 22:15:00,0.37352030947775633,0.5195239831339773
2017-11-30 22:30:00,0.3687620889748549,0.5206731869830323
2017-11-30 22:45:00,0.3608317214700193,0.5249023115463658
2017-11-30 23:00:00,0.3576595744680851,0.5266958473094119
2017-11-30 23:15:00,0.3576595744680851,0.530584729981502
2017-11-30 23:30:00,0.3576595744680851,0.5346621100697141
2017-11-30 23:45:00,0.3576595744680851,0.5382710339872726
2017-12-01 00:00:00,0.35924564796905223,0.5381613719005631
2017-12-01 00:15:00,0.35924564796905223,0.5368222861255398
2017-12-01 00:30:00,0.35924564796905223,0.535095826586799
2017-12-01 00:45:00,0.35924564796905223,0.534134876647427
2017-12-01 01:00:00,0.35924564796905223,0.5341546975394089
2017-12-01 01:15:00,0.35924564796905223,0.5325601821659149
2017-12-01 01:30:00,0.35924564796905223,0.5308352142642602
2017-12-01 01:45:00,0.35924564796905223,0.5329738052516507
2017-12-01 02:00:00,0.35924564796905223,0.5396654144377975
2017-12-01 02:15:00,0.35924564796905223,0.5406362193020597
2017-12-01 02:30:00,0.35924564796905223,0.5373304403004376
2017-12-01 02:45:00,0.35924564796905223,0.5367558831593102
2017-12-01 03:00:00,0.35924564796905223,0.533910634798309
2017-12-01 03:15:00,0.35924564796905223,0.5336271995165807
2017-12-01 03:30:00,0.35924564796905223,0.5315181949045269
2017-12-01 03:45:00,0.35924564796905223,0.530833302875134
2017-12-01 04:00:00,0.35924564796905223,0.528036273928178
2017-12-01 04:15:00,0.35924564796905223,0.5256296284535829
2017-12-01 04:30:00,0.35924564796905223,0.5215867354012953
2017-12-01 04:45:00,0.35924564796905223,0.517709164818888
2017-12-01 05:00:00,0.35924564796905223,0.5083961212966362
2017-12-01 05:15:00,0.35924564796905223,0.5038766298013274
2017-12-01 05:30:00,0.35924564796905223,0.49552127951302144
2017-12-01 05:45:00,0.35924564796905223,0.4942101680826544
2017-12-01 06:00:00,0.35924564796905223,0.49140048314312157
2017-12-01 06:15:00,0.35924564796905223,0.488855922174644
2017-12-01 06:30:00,0.35924564796905223,0.4876222793184353
2017-12-01 06:45:00,0.3608317214700193,0.477264570380198
2017-12-01 07:00:00,0.3608317214700193,0.4639897871651807
2017-12-01 07:15:00,0.3608317214700193,0.46683122941308686
2017-12-01 07:30:00,0.3608317214700193,0.4547863965341241
2017-12-01 07:45:00,0.3608317214700193,0.451499710732699
2017-12-01 08:00:00,0.3608317214700193,0.4515754709438018
2017-12-01 08:15:00,0.3608317214700193,0.44512817734921173
2017-12-01 08:30:00,0.3608317214700193,0.4458618610462004
2017-12-01 08:45:00,0.3608317214700193,0.44157902836150564
2017-12-01 09:00:00,0.3608317214700193,0.4364477443577799
2017-12-01 09:15:00,0.3608317214700193,0.42905113726442135
2017-12-01 09:30:00,0.3608317214700193,0.41931828549438144
2017-12-01 09:45:00,0.3608317214700193,0.41073384067878577
2017-12-01 10:00:00,0.3608317214700193,0.42037072110935075
2017-12-01 10:15:00,0.3608317214700193,0.4176290620307159
2017-12-01 10:30:00,0.3608317214700193,0.4228576991356525
2017-12-01 10:45:00,0.3608317214700193,0.4219257881327606
2017-12-01 11:00:00,0.3608317214700193,0.41282774399472844
2017-12-01 11:15:00,0.3608317214700193,0.40857519260949227
2017-12-01 11:30:00,0.3608317214700193,0.408413337311007
2017-12-01 11:45:00,0.3608317214700193,0.40996202313118224
2017-12-01 12:00:00,0.3608317214700193,0.4208834480759087
2017-12-01 12:15:00,0.3608317214700193,0.42527363179849637
2017-12-01 12:30:00,0.3608317214700193,0.4259523321248428
2017-12-01 12:45:00,0.3608317214700193,0.42908058692278545
2017-12-01 13:00:00,0.3608317214700193,0.4198936205607356
2017-12-01 13:15:00,0.3608317214700193,0.424641086149109
2017-12-01 13:30:00,0.3608317214700193,0.4227405466715477
2017-12-01 13:45:00,0.3608317214700193,0.42529020463181033
2017-12-01 14:00:00,0.3608317214700193,0.42810288145671105
2017-12-01 14:15:00,0.3608317214700193,0.4333419739077759
2017-12-01 14:30:00,0.3608317214700193,0.43909326596478576
2017-12-01 14:45:00,0.3608317214700193,0.44528061115930107
2017-12-01 15:00:00,0.3608317214700193,0.45035942029637654
2017-12-01 15:15:00,0.3608317214700193,0.45939988701866713
2017-12-01 15:30:00,0.4536363636363636,0.4697951539884831
2017-12-01 15:45:00,0.37034816247582203,0.4778608709505683
2017-12-01 16:00:00,0.3766924564796905,0.4825853893757043
2017-12-01 16:15:00,0.3766924564796905,0.4758410402534812
2017-12-01 16:30:00,0.3766924564796905,0.47234728173803825
2017-12-01 16:45:00,0.3766924564796905,0.4675807267553428
2017-12-01 17:00:00,0.3766924564796905,0.45098246907380557
2017-12-01 17:15:00,0.3766924564796905,0.44895832184458784
2017-12-01 17:30:00,0.3766924564796905,0.45370547944399864
2017-12-01 17:45:00,0.3766924564796905,0.45414364091163095
2017-12-01 18:00:00,0.3766924564796905,0.45759927245683546
2017-12-01 18:15:00,0.3766924564796905,0.45520055772016316
2017-12-01 18:30:00,0.3766924564796905,0.45831344442040284
2017-12-01 18:45:00,0.3766924564796905,0.4644043882991334
2017-12-01 19:00:00,0.4536363636363636,0.4679636542206023
2017-12-01 19:15:00,0.4536363636363636,0.48124061330935797
2017-12-01 19:30:00,0.3766924564796905,0.4798469588783228
2017-12-01 19:45:00,0.4536363636363636,0.47616685803050823
2017-12-01 20:00:00,0.3766924564796905,0.4738083109066091
2017-12-01 20:15:00,0.37510638297872334,0.47414649754755894
2017-12-01 20:30:00,0.4536363636363636,0.4771654280753949
2017-12-01 20:45:00,0.3640038684719536,0.47839883880105993
2017-12-01 21:00:00,0.3608317214700193,0.4783715932436984
2017-12-01 21:15:00,0.3608317214700193,0.48432047563734937
2017-12-01 21:30:00,0.3608317214700193,0.4862158596316164
2017-12-01 21:45:00,0.3608317214700193,0.4916751615785439
2017-12-01 22:00:00,0.4536363636363636,0.4963298791149269
2017-12-01 22:15:00,0.3576595744680851,0.49852167588201046
2017-12-01 22:30:00,0.35448742746615086,0.5045226757284941
2017-12-01 22:45:00,0.35448742746615086,0.5034978822224992
2017-12-01 23:00:00,0.3481431334622824,0.5120030536973901
2017-12-01 23:15:00,0.34655705996131525,0.5182337667928782
2017-12-01 23:30:00,0.34655705996131525,0.5129302439989484
2017-12-01 23:45:00,0.34655705996131525,0.5102271825242934
2017-12-02 00:00:00,0.3449709864603482,0.5103085963595744
2017-12-02 00:15:00,0.3417988394584139,0.5121520206787702
2017-12-02 00:30:00,0.3402127659574468,0.5148836292854814
2017-12-02 00:45:00,0.3386266924564797,0.5176805037981884
2017-12-02 01:00:00,0.3386266924564797,0.521216211969602
2017-12-02 01:15:00,0.3386266924564797,0.5252803290163268
2017-12-02 01:30:00,0.3386266924564797,0.52743392784514
2017-12-02 01:45:00,0.3386266924564797,0.5318971564266535
2017-12-02 02:00:00,0.3386266924564797,0.5376725346691726
2017-12-02 02:15:00,0.3386266924564797,0.5375622540322512
2017-12-02 02:30:00,0.3386266924564797,0.5382085339643844
2017-12-02 02:45:00,0.3386266924564797,0.5409716561096306
2017-12-02 03:00:00,0.3386266924564797,0.5406893724351329
2017-12-02 03:15:00,0.3386266924564797,0.542234468194176
2017-12-02 03:30:00,0.3386266924564797,0.5393453900352195
2017-12-02 03:45:00,0.3386266924564797,0.5385288870168159
2017-12-02 04:00:00,0.3386266924564797,0.5370518605267507
2017-12-02 04:15:00,0.3386266924564797,0.5368239349331033
2017-12-02 04:30:00,0.3386266924564797,0.5372530132440688
2017-12-02 04:45:00,0.3386266924564797,0.536345461179507
2017-12-02 05:00:00,0.3386266924564797,0.536639041025923
2017-12-02 05:15:00,0.3386266924564797,0.5385973689498297
2017-12-02 05:30:00,0.3386266924564797,0.5513709983404748
2017-12-02 05:45:00,0.3386266924564797,0.5580866183130121
2017-12-02 06:00:00,0.3386266924564797,0.5412832708239895
2017-12-02 06:15:00,0.3386266924564797,0.5315850978584404
2017-12-02 06:30:00,0.3386266924564797,0.52668275086551
2017-12-02 06:45:00,0.3386266924564797,0.5243381731497954
2017-12-02 07:00:00,0.3386266924564797,0.5160797049370885
2017-12-02 07:15:00,0.3386266924564797,0.5131846043797599
2017-12-02 07:30:00,0.3386266924564797,0.5090808292227667
2017-12-02 07:45:00,0.3386266924564797,0.5115216765369289
2017-12-02 08:00:00,0.3386266924564797,0.5045679356987798
2017-12-02 08:15:00,0.3386266924564797,0.5039599537933945
2017-12-02 08:30:00,0.3386266924564797,0.5021275806595964
2017-12-02 08:45:00,0.3386266924564797,0.4891483859915633
2017-12-02 09:00:00,0.3386266924564797,0.4802481905651432
2017-12-02 09:15:00,0.3386266924564797,0.4720888437555721
2017-12-02 09:30:00,0.3386266924564797,0.46676253488015196
2017-12-02 09:45:00,0.3386266924564797,0.46372681470339666
2017-12-02 10:00:00,0.3386266924564797,0.46776193675028965
2017-12-02 10:15:00,0.3386266924564797,0.45987670396286
2017-12-02 10:30:00,0.3386266924564797,0.45927580038990506
2017-12-02 10:45:00,0.3386266924564797,0.4580778485898855
2017-12-02 11:00:00,0.9988888888888889,0.4623023854326609
2017-12-02 11:15:00,0.9988888888888889,0.4822491434107005
2017-12-02 11:30:00,0.9988888888888889,0.47367654637083983
2017-12-02 11:45:00,0.9988888888888889,0.47280657606431276
2017-12-02 12:00:00,0.9988888888888889,0.46592902928098884
2017-12-02 12:15:00,0.9988888888888889,0.46127365380064467
2017-12-02 12:30:00,0.9988888888888889,0.4538486809023763
2017-12-02 12:45:00,0.9988888888888889,0.4494670153717931
2017-12-02 13:00:00,0.9988888888888889,0.45349943493917866
2017-12-02 13:15:00,0.9988888888888889,0.4439554825892309
2017-12-02 13:30:00,0.9988888888888889,0.4809715470737959
2017-12-02 13:45:00,0.9988888888888889,0.45850331943218314
2017-12-02 14:00:00,0.9988888888888889,0.4651964403437923
2017-12-02 14:15:00,0.9988888888888889,0.4818867275286503
2017-12-02 14:30:00,0.9988888888888889,0.46578626352202507
2017-12-02 14:45:00,0.33545454545454545,0.46692597467526037
2017-12-02 15:00:00,0.3417988394584139,0.4742977829316834
2017-12-02 15:15:00,0.3417988394584139,0.47340736740122713
2017-12-02 15:30:00,0.3417988394584139,0.468556706833829
2017-12-02 15:45:00,0.3417988394584139,0.4896175776743191
2017-12-02 16:00:00,0.343384912959381,0.4729347887947793
2017-12-02 16:15:00,0.343384912959381,0.47023511129121415
2017-12-02 16:30:00,0.3481431334622824,0.4649126621745004
2017-12-02 16:45:00,0.3481431334622824,0.4628883453981314
2017-12-02 17:00:00,0.3513152804642166,0.4605166392077804
2017-12-02 17:15:00,0.3513152804642166,0.45340453212426085
2017-12-02 17:30:00,0.3513152804642166,0.44206330360233326
2017-12-02 17:45:00,0.3513152804642166,0.44803783319425594
2017-12-02 18:00:00,0.3513152804642166,0.4640030952394875
2017-12-02 18:15:00,0.3513152804642166,0.44788777183115486
2017-12-02 18:30:00,0.3513152804642166,0.44767105606157703
2017-12-02 18:45:00,0.3513152804642166,0.45000529460509425
2017-12-02 19:00:00,0.3513152804642166,0.46674126194512167
2017-12-02 19:15:00,0.3513152804642166,0.45803594850894347
2017-12-02 19:30:00,0.3513152804642166,0.46590662338300504
2017-12-02 19:45:00,0.4536363636363636,0.47609833362114606
2017-12-02 20:00:00,0.3481431334622824,0.4807673724582829
2017-12-02 20:15:00,0.3417988394584139,0.486995158244193
2017-12-02 20:30:00,0.3417988394584139,0.49145807240104766
2017-12-02 20:45:00,0.3417988394584139,0.49140120243351765
2017-12-02 21:00:00,0.3417988394584139,0.4887334514273352
2017-12-02 21:15:00,0.3417988394584139,0.4866165903121221
2017-12-02 21:30:00,0.3386266924564797,0.4849945021933826
2017-12-02 21:45:00,0.9988888888888889,0.48162804226080913
2017-12-02 22:00:00,0.9988888888888889,0.4791826932927977
2017-12-02 22:15:00,0.9988888888888889,0.4777523442870999
2017-12-02 22:30:00,0.9988888888888889,0.48240087675944054
2017-12-02 22:45:00,0.9988888888888889,0.4826193304501727
2017-12-02 23:00:00,0.9988888888888889,0.48964830189738767
2017-12-02 23:15:00,0.9988888888888889,0.5011793973360877
2017-12-02 23:30:00,0.9988888888888889,0.5234358501661119
2017-12-02 23:45:00,0.9988888888888889,0.5202345267107888
2017-12-03 00:00:00,0.3402127659574468,0.5341723760259589
2017-12-03 00:15:00,0.33704061895551257,0.536547514584464
2017-12-03 00:30:00,0.9988888888888889,0.5364987236003949
2017-12-03 00:45:00,0.9988888888888889,0.5321422556707953
2017-12-03 01:00:00,0.9988888888888889,0.5269021855698274
2017-12-03 01:15:00,0.9988888888888889,0.5296822907601079
2017-12-03 01:30:00,0.9988888888888889,0.5392159872102495
2017-12-03 01:45:00,0.9988888888888889,0.5461595392916035
2017-12-03 02:00:00,0.9988888888888889,0.5541516536388055
2017-12-03 02:15:00,0.9988888888888889,0.5522901190539068
2017-12-03 02:30:00,0.9988888888888889,0.5533047102819683
2017-12-03 02:45:00,0.9988888888888889,0.554409448360409
2017-12-03 03:00:00,0.9988888888888889,0.5562287914389832
2017-12-03 03:15:00,0.9988888888888889,0.55501945616657
2017-12-03 03:30:00,0.9988888888888889,0.5556349563393411
2017-12-03 03:45:00,0.9988888888888889,0.5555792500041267
2017-12-03 04:00:00,0.9988888888888889,0.5585827297264243
2017-12-03 04:15:00,0.9988888888888889,0.5571812582146944
2017-12-03 04:30:00,0.9988888888888889,0.5540873059971866
2017-12-03 04:45:00,0.9988888888888889,0.5536388424739563
2017-12-03 05:00:00,0.9988888888888889,0.5521234942091033
2017-12-03 05:15:00,0.9988888888888889,0.5530157071677833
2017-12-03 05:30:00,0.9988888888888889,0.5428392535564728
2017-12-03 05:45:00,0.9988888888888889,0.5466048746832225
2017-12-03 06:00:00,0.9988888888888889,0.5553472793333832
2017-12-03 06:15:00,0.9988888888888889,0.5575584204972311
2017-12-03 06:30:00,0.9988888888888889,0.5539262874991716
2017-12-03 06:45:00,0.9988888888888889,0.5527518560910816
2017-12-03 07:00:00,0.9988888888888889,0.5475174682120003
2017-12-03 07:15:00,0.9988888888888889,0.5487987721486502
2017-12-03 07:30:00,0.9988888888888889,0.5497259311352761
2017-12-03 07:45:00,0.33545454545454545,0.5539193154198091
2017-12-03 08:00:00,0.33704061895551257,0.5584936030303905
2017-12-03 08:15:00,0.3402127659574468,0.5463692304505908
2017-12-03 08:30:00,0.3402127659574468,0.5376781371077173
2017-12-03 08:45:00,0.3402127659574468,0.5290167098317449
2017-12-03 09:00:00,0.3417988394584139,0.5192497926495171
2017-12-03 09:15:00,0.343384912959381,0.513238441625928
2017-12-03 09:30:00,0.343384912959381,0.5076348750135936
2017-12-03 09:45:00,0.343384912959381,0.5028769418425136
2017-12-03 10:00:00,0.343384912959381,0.4981443350488903
2017-12-03 10:15:00,0.343384912959381,0.4938695675368452
2017-12-03 10:30:00,0.343384912959381,0.48921083269692056
2017-12-03 10:45:00,0.343384912959381,0.48471562959727554
2017-12-03 11:00:00,0.343384912959381,0.480590352451666
2017-12-03 11:15:00,0.3449709864603482,0.4805786986027829
2017-12-03 11:30:00,0.34655705996131525,0.4809349576778296
2017-12-03 11:45:00,0.3481431334622824,0.481813055191915
2017-12-03 12:00:00,0.3481431334622824,0.4829470834625681
2017-12-03 12:15:00,0.3513152804642166,0.4884380091017442
2017-12-03 12:30:00,0.3513152804642166,0.49995294749035557
2017-12-03 12:45:00,0.3576595744680851,0.5052731640834989
2017-12-03 13:00:00,0.3608317214700193,0.5123704005881637
2017-12-03 13:15:00,0.3624177949709865,0.5186786755867462
2017-12-03 13:30:00,0.3640038684719536,0.5243388744966747
2017-12-03 13:45:00,0.36558994197292066,0.5285770212235118
2017-12-03 14:00:00,0.36558994197292066,0.5351389135203237
2017-12-03 14:15:00,0.36717601547388784,0.5344285419342453
2017-12-03 14:30:00,0.36717601547388784,0.5351985769562855
2017-12-03 14:45:00,0.36717601547388784,0.5373824494196018
2017-12-03 15:00:00,0.3687620889748549,0.5369179556970483
2017-12-03 15:15:00,0.37352030947775633,0.5393822963804913
2017-12-03 15:30:00,0.37352030947775633,0.5460647819571822
2017-12-03 15:45:00,0.37510638297872334,0.5513526128960512
2017-12-03 16:00:00,0.38303675048355895,0.5505756886818621
2017-12-03 16:15:00,0.3877949709864604,0.5446029261511712
2017-12-03 16:30:00,0.3877949709864604,0.5357801478690356
2017-12-03 16:45:00,0.3877949709864604,0.5313124849261454
2017-12-03 17:00:00,0.3877949709864604,0.5240589578861745
2017-12-03 17:15:00,0.3877949709864604,0.5221973821950362
2017-12-03 17:30:00,0.3893810444874275,0.5201459774016288
2017-12-03 17:45:00,0.3893810444874275,0.513158029166013
2017-12-03 18:00:00,0.3893810444874275,0.5157296305281786
2017-12-03 18:15:00,0.3893810444874275,0.5014149210616414
2017-12-03 18:30:00,0.3893810444874275,0.5041876869796376
2017-12-03 18:45:00,0.3893810444874275,0.5102260663831368
2017-12-03 19:00:00,0.3893810444874275,0.5158884504887677
2017-12-03 19:15:00,0.3893810444874275,0.5208444063746979
2017-12-03 19:30:00,0.3893810444874275,0.5292684424307209
2017-12-03 19:45:00,0.3893810444874275,0.5280613289286361
2017-12-03 20:00:00,0.3893810444874275,0.5285616213210907
2017-12-03 20:15:00,0.3893810444874275,0.5298448974403995
2017-12-03 20:30:00,0.37827852998065764,0.5304941727184188
2017-12-03 20:45:00,0.3766924564796905,0.545137562558979
2017-12-03 21:00:00,0.3766924564796905,0.5359251109618027
2017-12-03 21:15:00,0.3766924564796905,0.5340118486504472
2017-12-03 21:30:00,0.3766924564796905,0.5384307734913836
2017-12-03 21:45:00,0.3766924564796905,0.53713256637556
2017-12-03 22:00:00,0.3766924564796905,0.535267828070629
2017-12-03 22:15:00,0.3766924564796905,0.5383845662746812
2017-12-03 22:30:00,0.3766924564796905,0.537354396449901
2017-12-03 22:45:00,0.3766924564796905,0.5351258185395602
2017-12-03 23:00:00,0.3766924564796905,0.539023612206986
2017-12-03 23:15:00,0.3766924564796905,0.5443947210353876
2017-12-03 23:30:00,0.3766924564796905,0.5489028674641189
2017-12-03 23:45:00,0.3766924564796905,0.5521278289808556
2017-12-04 00:00:00,0.38620889748549325,0.5578375877305604
2017-12-04 00:15:00,0.38620889748549325,0.559308990803365
2017-12-04 00:30:00,0.38620889748549325,0.5616656794911332
2017-12-04 00:45:00,0.38620889748549325,0.5639479578744897
2017-12-04 01:00:00,0.38620889748549325,0.567749015667109
2017-12-04 01:15:00,0.38620889748549325,0.5710182230155063
2017-12-04 01:30:00,0.38620889748549325,0.5735553155385384
2017-12-04 01:45:00,0.38620889748549325,0.57837262490354
2017-12-04 02:00:00,0.38620889748549325,0.5842641637890938
2017-12-04 02:15:00,0.38620889748549325,0.5834500451803953
2017-12-04 02:30:00,0.38620889748549325,0.5854280456486808
2017-12-04 02:45:00,0.38620889748549325,0.5831581439919754
2017-12-04 03:00:00,0.38620889748549325,0.5855978957444828
2017-12-04 03:15:00,0.38620889748549325,0.5841224646946783
2017-12-04 03:30:00,0.38620889748549325,0.580400385163034
2017-12-04 03:45:00,0.38620889748549325,0.5760342099525978
2017-12-04 04:00:00,0.38620889748549325,0.5711411002917592
2017-12-04 04:15:00,0.38620889748549325,0.5690992801076779
2017-12-04 04:30:00,0.38620889748549325,0.5587799477638321
2017-12-04 04:45:00,0.38620889748549325,0.5531278203089839
2017-12-04 05:00:00,0.38620889748549325,0.5412119241037268
2017-12-04 05:15:00,0.38620889748549325,0.5382695815190965
2017-12-04 05:30:00,0.38620889748549325,0.5332094696739336
2017-12-04 05:45:00,0.38620889748549325,0.5267749201253873
2017-12-04 06:00:00,0.38620889748549325,0.5163546498651158
2017-12-04 06:15:00,0.38620889748549325,0.5082064143229379
2017-12-04 06:30:00,0.38620889748549325,0.5024587996972312
2017-12-04 06:45:00,0.38620889748549325,0.49787717889621275
2017-12-04 07:00:00,0.3925531914893617,0.4913183872717752
2017-12-04 07:15:00,0.4536363636363636,0.4891457046606213
2017-12-04 07:30:00,0.3941392649903288,0.4884155838239272
2017-12-04 07:45:00,0.3973114119922631,0.48527167711870756
2017-12-04 08:00:00,0.3973114119922631,0.484124025820507
2017-12-04 08:15:00,0.3973114119922631,0.48242943110307007
2017-12-04 08:30:00,0.3973114119922631,0.47795780157260365
2017-12-04 08:45:00,0.3973114119922631,0.4741736911106032
2017-12-04 09:00:00,0.3973114119922631,0.46978110310039123
2017-12-04 09:15:00,0.3973114119922631,0.4678108792845842
2017-12-04 09:30:00,0.3973114119922631,0.46813896962963153
2017-12-04 09:45:00,0.3973114119922631,0.4669786915189509
2017-12-04 10:00:00,0.3973114119922631,0.46602676258539216
2017-12-04 10:15:00,0.3973114119922631,0.46648645113847564
2017-12-04 10:30:00,0.3973114119922631,0.4653642046595057
2017-12-04 10:45:00,0.3973114119922631,0.46545534828384366
2017-12-04 11:00:00,0.3973114119922631,0.4660500863634838
2017-12-04 11:15:00,0.3973114119922631,0.46497938671991473
2017-12-04 11:30:00,0.3973114119922631,0.4634212429270282
2017-12-04 11:45:00,0.3973114119922631,0.4622720070828588
2017-12-04 12:00:00,0.3973114119922631,0.4611013853177547
2017-12-04 12:15:00,0.3973114119922631,0.4632019449504791
2017-12-04 12:30:00,0.3973114119922631,0.46546573448575673
2017-12-04 12:45:00,0.3973114119922631,0.46725472089930725
2017-12-04 13:00:00,0.3973114119922631,0.46823740556608473
2017-12-04 13:15:00,0.3973114119922631,0.4709342538803704
2017-12-04 13:30:00,0.3973114119922631,0.47392597236623757
2017-12-04 13:45:00,0.3973114119922631,0.4769789373753033
2017-12-04 14:00:00,0.3973114119922631,0.4794329568129334
2017-12-04 14:15:00,0.3973114119922631,0.4773953205310276
2017-12-04 14:30:00,0.3973114119922631,0.4750557249969
2017-12-04 14:45:00,0.3973114119922631,0.47327593197634116
2017-12-04 15:00:00,0.3973114119922631,0.4714970799828153
2017-12-04 15:15:00,0.3973114119922631,0.46988201720327355
2017-12-04 15:30:00,0.3973114119922631,0.46972436846690263
2017-12-04 15:45:00,0.3973114119922631,0.46720327855069493
2017-12-04 16:00:00,0.3973114119922631,0.4636472888080692
2017-12-04 16:15:00,0.4004835589941973,0.4658254865306133
2017-12-04 16:30:00,0.40682785299806573,0.46803478810211857
2017-12-04 16:45:00,0.41000000000000003,0.47012319339586944
2017-12-04 17:00:00,0.41000000000000003,0.4771443079460382
2017-12-04 17:15:00,0.41000000000000003,0.4752377634298678
2017-12-04 17:30:00,0.41000000000000003,0.46648065676156486
2017-12-04 17:45:00,0.41000000000000003,0.46266004688923673
2017-12-04 18:00:00,0.4536363636363636,0.5074048095235114
2017-12-04 18:15:00,0.41000000000000003,0.47192036736392345
2017-12-04 18:30:00,0.41000000000000003,0.4753527510726068
2017-12-04 18:45:00,0.41000000000000003,0.484899179105531
2017-12-04 19:00:00,0.4536363636363636,0.5086334572002552
2017-12-04 19:15:00,0.4536363636363636,0.5091742299073795
2017-12-04 19:30:00,0.4536363636363636,0.5089803748778754
2017-12-04 19:45:00,0.4536363636363636,0.49840713429434325
2017-12-04 20:00:00,0.41000000000000003,0.494023170999435
2017-12-04 20:15:00,0.4536363636363636,0.5078056873293295
2017-12-04 20:30:00,0.4536363636363636,0.5004285411146505
2017-12-04 20:45:00,0.4536363636363636,0.49679135960532633
2017-12-04 21:00:00,0.3846228239845261,0.4954114812272556
2017-12-04 21:15:00,0.4536363636363636,0.49998805035180693
2017-12-04 21:30:00,0.3846228239845261,0.5055646308805825
2017-12-04 21:45:00,0.3846228239845261,0.5118268634554939
2017-12-04 22:00:00,0.3846228239845261,0.5158539800246017
2017-12-04 22:15:00,0.4536363636363636,0.5169881789092801
2017-12-04 22:30:00,0.4536363636363636,0.5196250843834809
2017-12-04 22:45:00,0.37193423597678915,0.5235730307620827
2017-12-04 23:00:00,0.37034816247582203,0.5265844322374578
2017-12-04 23:15:00,0.37034816247582203,0.5314391483663878
2017-12-04 23:30:00,0.37034816247582203,0.532374669523982
2017-12-04 23:45:00,0.37034816247582203,0.5360703858170058
2017-12-05 00:00:00,0.37193423597678915,0.5410259461378552
2017-12-05 00:15:00,0.37193423597678915,0.5390922634891232
2017-12-05 00:30:00,0.37193423597678915,0.5362768046569739
2017-12-05 00:45:00,0.37193423597678915,0.5339340997131449
2017-12-05 01:00:00,0.37193423597678915,0.5324675897882574
2017-12-05 01:15:00,0.37193423597678915,0.532666619808386
2017-12-05 01:30:00,0.37193423597678915,0.5301166063183028
2017-12-05 01:45:00,0.37193423597678915,0.5350218661815331
2017-12-05 02:00:00,0.37193423597678915,0.5386586269717257
2017-12-05 02:15:00,0.37193423597678915,0.5405227430574494
2017-12-05 02:30:00,0.37193423597678915,0.5383771701797654
2017-12-05 02:45:00,0.37193423597678915,0.5373914662269018
2017-12-05 03:00:00,0.37193423597678915,0.5359934106378693
2017-12-05 03:15:00,0.37193423597678915,0.5378443095956659
2017-12-05 03:30:00,0.37193423597678915,0.5363655498519527
2017-12-05 03:45:00,0.37193423597678915,0.5330960110710781
2017-12-05 04:00:00,0.37193423597678915,0.528212786442677
2017-12-05 04:15:00,0.37193423597678915,0.5260710112460021
2017-12-05 04:30:00,0.37193423597678915,0.5203961884771829
2017-12-05 04:45:00,0.37193423597678915,0.5194932134626186
2017-12-05 05:00:00,0.37193423597678915,0.5082182729542538
2017-12-05 05:15:00,0.37193423597678915,0.5044561947272697
2017-12-05 05:30:00,0.37193423597678915,0.5019529188957866
2017-12-05 05:45:00,0.37193423597678915,0.49970555429272223
2017-12-05 06:00:00,0.37193423597678915,0.49478960385828297
2017-12-05 06:15:00,0.37193423597678915,0.49616673341086215
2017-12-05 06:30:00,0.37193423597678915,0.4969600617011288
2017-12-05 06:45:00,0.37510638297872334,0.49416456985904217
2017-12-05 07:00:00,0.3846228239845261,0.4916739889055539
2017-12-05 07:15:00,0.3877949709864604,0.48864628734935944
2017-12-05 07:30:00,0.3893810444874275,0.48664791425027426
2017-12-05 07:45:00,0.3893810444874275,0.48175435809094047
2017-12-05 08:00:00,0.3893810444874275,0.4760209883652178
2017-12-05 08:15:00,0.3893810444874275,0.47768559751946504
2017-12-05 08:30:00,0.3893810444874275,0.47245977180769133
2017-12-05 08:45:00,0.3893810444874275,0.4671394630949943
2017-12-05 09:00:00,0.3893810444874275,0.46323929854225265
2017-12-05 09:15:00,0.3893810444874275,0.45884583005811497
2017-12-05 09:30:00,0.3893810444874275,0.4545267147910119
2017-12-05 09:45:00,0.3893810444874275,0.45031817408452796
2017-12-05 10:00:00,0.3893810444874275,0.44608546370905
2017-12-05 10:15:00,0.3893810444874275,0.44471297778146746
2017-12-05 10:30:00,0.3893810444874275,0.4431511166444693
2017-12-05 10:45:00,0.3893810444874275,0.4417318269214269
2017-12-05 11:00:00,0.3893810444874275,0.4405161267105682
2017-12-05 11:15:00,0.3893810444874275,0.4432232675618833
2017-12-05 11:30:00,0.3893810444874275,0.4455898462652217
2017-12-05 11:45:00,0.3893810444874275,0.44886535542452666
2017-12-05 12:00:00,0.3893810444874275,0.4521009622193984
2017-12-05 12:15:00,0.3893810444874275,0.45578431291156374
2017-12-05 12:30:00,0.3893810444874275,0.4587533363390642
2017-12-05 12:45:00,0.39096711798839456,0.46202721932924956
2017-12-05 13:00:00,0.3925531914893617,0.46586899095269657
2017-12-05 13:15:00,0.3925531914893617,0.46590745464873196
2017-12-05 13:30:00,0.3925531914893617,0.46543812853159977
2017-12-05 13:45:00,0.3925531914893617,0.4665827782908102
2017-12-05 14:00:00,0.3925531914893617,0.46630198824610697
2017-12-05 14:15:00,0.3941392649903288,0.4670644076705498
2017-12-05 14:30:00,0.3941392649903288,0.46885637909160643
2017-12-05 14:45:00,0.3941392649903288,0.47081471124744273
2017-12-05 15:00:00,0.3941392649903288,0.47363384045106943
2017-12-05 15:15:00,0.3941392649903288,0.47565665882855734
2017-12-05 15:30:00,0.3941392649903288,0.47276548504129795
2017-12-05 15:45:00,0.3941392649903288,0.47393853897424093
2017-12-05 16:00:00,0.3941392649903288,0.4806000879119898
2017-12-05 16:15:00,0.3941392649903288,0.4642542357341652
2017-12-05 16:30:00,0.3941392649903288,0.4599977826556701
2017-12-05 16:45:00,0.3941392649903288,0.45815158101814885
2017-12-05 17:00:00,0.3941392649903288,0.4488931873601993
2017-12-05 17:15:00,0.3941392649903288,0.4392952310522732
2017-12-05 17:30:00,0.3941392649903288,0.4414892550468835
2017-12-05 17:45:00,0.3941392649903288,0.45133302325783364
2017-12-05 18:00:00,0.3941392649903288,0.45463103505742913
2017-12-05 18:15:00,0.3941392649903288,0.45542038232838394
2017-12-05 18:30:00,0.3893810444874275,0.45467979729347013
2017-12-05 18:45:00,0.38620889748549325,0.4518193771059483
2017-12-05 19:00:00,0.38620889748549325,0.44851911766402647
2017-12-05 19:15:00,0.38620889748549325,0.44644486460192784
2017-12-05 19:30:00,0.38303675048355895,0.4457918424512091
2017-12-05 19:45:00,0.37827852998065764,0.4452643579141007
2017-12-05 20:00:00,0.37352030947775633,0.44523175550082955
2017-12-05 20:15:00,0.3640038684719536,0.44719895474799415
2017-12-05 20:30:00,0.3624177949709865,0.44566054445953224
2017-12-05 20:45:00,0.35924564796905223,0.4452292089427063
2017-12-05 21:00:00,0.3513152804642166,0.44512388266966363
2017-12-05 21:15:00,0.3497292069632495,0.44420802576091184
2017-12-05 21:30:00,0.3449709864603482,0.4425414457371564
2017-12-05 21:45:00,0.33704061895551257,0.4432206554313233
2017-12-05 22:00:00,0.33704061895551257,0.4404302470641445
2017-12-05 22:15:00,0.9988888888888889,0.43336776890447554
2017-12-05 22:30:00,0.9988888888888889,0.4240211047015857
2017-12-05 22:45:00,0.9988888888888889,0.40999400919157264
2017-12-05 23:00:00,0.9988888888888889,0.3987697171616845
2017-12-05 23:15:00,0.9988888888888889,0.39745111550687706
2017-12-05 23:30:00,0.9988888888888889,0.3796707105289702
2017-12-05 23:45:00,0.9988888888888889,0.3635854817117538
2017-12-06 00:00:00,0.9988888888888889,0.34643395293566065
2017-12-06 00:15:00,0.9988888888888889,0.3392326757487114
2017-12-06 00:30:00,0.9988888888888889,0.3291390270111609
2017-12-06 00:45:00,0.9988888888888889,0.31547291750841433
2017-12-06 01:00:00,0.9988888888888889,0.30749987070530266
2017-12-06 01:15:00,0.9988888888888889,0.29796130981696006
2017-12-06 01:30:00,0.9988888888888889,0.2884248549940967
2017-12-06 01:45:00,0.9988888888888889,0.2959435989611636
2017-12-06 02:00:00,0.9988888888888889,0.3053988055864953
2017-12-06 02:15:00,0.9988888888888889,0.30709092747358413
2017-12-06 02:30:00,0.9988888888888889,0.3062653266801468
2017-12-06 02:45:00,0.9988888888888889,0.3058866348325166
2017-12-06 03:00:00,0.9988888888888889,0.3056794794328521
2017-12-06 03:15:00,0.9988888888888889,0.30636448300148633
2017-12-06 03:30:00,0.9988888888888889,0.3055197789147099
2017-12-06 03:45:00,0.9988888888888889,0.30351423492801266
2017-12-06 04:00:00,0.9988888888888889,0.3020882299022946
2017-12-06 04:15:00,0.9988888888888889,0.2993488724402994
2017-12-06 04:30:00,0.9988888888888889,0.29754326404847714
2017-12-06 04:45:00,0.9988888888888889,0.29537595644121767
2017-12-06 05:00:00,0.9988888888888889,0.2916636826394603
2017-12-06 05:15:00,0.9988888888888889,0.2861346600935359
2017-12-06 05:30:00,0.9988888888888889,0.3017503498315106
2017-12-06 05:45:00,0.9988888888888889,0.32093820569986936
2017-12-06 06:00:00,0.9988888888888889,0.35433457701896215
2017-12-06 06:15:00,0.9988888888888889,0.3824989354947476
2017-12-06 06:30:00,0.9988888888888889,0.40299173992611687
2017-12-06 06:45:00,0.33704061895551257,0.41888982725133206
2017-12-06 07:00:00,0.3449709864603482,0.42038817539123685
2017-12-06 07:15:00,0.3497292069632495,0.4217136694552355
2017-12-06 07:30:00,0.3513152804642166,0.4236816234189227
2017-12-06 07:45:00,0.35290135396518374,0.42455118003142195
2017-12-06 08:00:00,0.35290135396518374,0.42041312882317744
2017-12-06 08:15:00,0.35290135396518374,0.41453141836035073
2017-12-06 08:30:00,0.35290135396518374,0.4131343968661223
2017-12-06 08:45:00,0.35290135396518374,0.4128573139035334
2017-12-06 09:00:00,0.35290135396518374,0.40823830418689633
2017-12-06 09:15:00,0.35290135396518374,0.4042973359564209
2017-12-06 09:30:00,0.35290135396518374,0.4012448897707645
2017-12-06 09:45:00,0.35290135396518374,0.3986201631044433
2017-12-06 10:00:00,0.35290135396518374,0.39573135750864596
2017-12-06 10:15:00,0.35290135396518374,0.3907662443086869
2017-12-06 10:30:00,0.35290135396518374,0.391725029222732
2017-12-06 10:45:00,0.35290135396518374,0.3845762628012242
2017-12-06 11:00:00,0.35290135396518374,0.3833195140463396
2017-12-06 11:15:00,0.35290135396518374,0.38012009216171483
2017-12-06 11:30:00,0.35290135396518374,0.38011714696028365
2017-12-06 11:45:00,0.35290135396518374,0.3823456142615511
2017-12-06 12:00:00,0.35290135396518374,0.3849484116051059
2017-12-06 12:15:00,0.35290135396518374,0.3925577727724537
2017-12-06 12:30:00,0.35290135396518374,0.39340873690967726
2017-12-06 12:45:00,0.35290135396518374,0.39756490555391844
2017-12-06 13:00:00,0.35290135396518374,0.40159387319230916
2017-12-06 13:15:00,0.35290135396518374,0.4071969080270691
2017-12-06 13:30:00,0.35290135396518374,0.41367726080689127
2017-12-06 13:45:00,0.35290135396518374,0.42017291872682827
2017-12-06 14:00:00,0.35924564796905223,0.42434332548362325
2017-12-06 14:15:00,0.36558994197292066,0.4302327574375693
2017-12-06 14:30:00,0.37193423597678915,0.4359723007495282
2017-12-06 14:45:00,0.4536363636363636,0.44254434834737494
2017-12-06 15:00:00,0.4536363636363636,0.4485857891169868
2017-12-06 15:15:00,0.38620889748549325,0.4558037244047919
2017-12-06 15:30:00,0.3877949709864604,0.46456500079607194
2017-12-06 15:45:00,0.39096711798839456,0.47276823887317065
2017-12-06 16:00:00,0.3973114119922631,0.47954222578935907
2017-12-06 16:15:00,0.3988974854932302,0.4811645689907613
2017-12-06 16:30:00,0.40365570599613154,0.48064434540909323
2017-12-06 16:45:00,0.4536363636363636,0.47965242943304465
2017-12-06 17:00:00,0.4536363636363636,0.4820047434426729
2017-12-06 17:15:00,0.4536363636363636,0.48713701329952513
2017-12-06 17:30:00,0.4536363636363636,0.49217634032506064
2017-12-06 17:45:00,0.41000000000000003,0.4620193817444446
2017-12-06 18:00:00,0.4536363636363636,0.488422357028031
2017-12-06 18:15:00,0.4536363636363636,0.5031515551113492
2017-12-06 18:30:00,0.4536363636363636,0.5038830482587351
2017-12-06 18:45:00,0.4536363636363636,0.5044211633842998
2017-12-06 19:00:00,0.4536363636363636,0.5048549660696007
2017-12-06 19:15:00,0.4536363636363636,0.5061361403278498
2017-12-06 19:30:00,0.4536363636363636,0.5074429263862634
2017-12-06 19:45:00,0.4536363636363636,0.5086877626530266
2017-12-06 20:00:00,0.41000000000000003,0.5080310770200795
2017-12-06 20:15:00,0.4536363636363636,0.5112658104322902
2017-12-06 20:30:00,0.4020696324951644,0.5119517411261297
2017-12-06 20:45:00,0.3973114119922631,0.5128060907942407
2017-12-06 21:00:00,0.4536363636363636,0.5104509827101931
2017-12-06 21:15:00,0.4536363636363636,0.5097619539945433
2017-12-06 21:30:00,0.395725338491296,0.5134948761508316
2017-12-06 21:45:00,0.395725338491296,0.5181162364146559
2017-12-06 22:00:00,0.395725338491296,0.5178567049993364
2017-12-06 22:15:00,0.395725338491296,0.5202679463801814
2017-12-06 22:30:00,0.395725338491296,0.5221993826830149
2017-12-06 22:45:00,0.395725338491296,0.5244456826229473
2017-12-06 23:00:00,0.395725338491296,0.5214181844569197
2017-12-06 23:15:00,0.395725338491296,0.5253324697076014
2017-12-06 23:30:00,0.395725338491296,0.5290289638124462
2017-12-06 23:45:00,0.395725338491296,0.5338330163163026
2017-12-07 00:00:00,0.41000000000000003,0.5399278946922147
2017-12-07 00:15:00,0.41000000000000003,0.5432441243444971
2017-12-07 00:30:00,0.41000000000000003,0.5501098565186661
2017-12-07 00:45:00,0.41000000000000003,0.5571123762721459
2017-12-07 01:00:00,0.41000000000000003,0.5652175561642167
2017-12-07 01:15:00,0.41000000000000003,0.5656093547627892
2017-12-07 01:30:00,0.41000000000000003,0.5684119050663954
2017-12-07 01:45:00,0.41000000000000003,0.57044769953783
2017-12-07 02:00:00,0.41000000000000003,0.5679870329687282
2017-12-07 02:15:00,0.41000000000000003,0.568541702648357
2017-12-07 02:30:00,0.41000000000000003,0.5681162001526111
2017-12-07 02:45:00,0.41000000000000003,0.5675015868346873
2017-12-07 03:00:00,0.41000000000000003,0.5664649609820821
2017-12-07 03:15:00,0.41000000000000003,0.5676912800474307
2017-12-07 03:30:00,0.41000000000000003,0.5659680854535438
2017-12-07 03:45:00,0.41000000000000003,0.5679222284101627
2017-12-07 04:00:00,0.41000000000000003,0.5616732306076084
2017-12-07 04:15:00,0.41000000000000003,0.5615735827907037
2017-12-07 04:30:00,0.41000000000000003,0.5636197100198493
2017-12-07 04:45:00,0.41000000000000003,0.5645894805584363
2017-12-07 05:00:00,0.41000000000000003,0.5655978414273982
2017-12-07 05:15:00,0.41000000000000003,0.5636047552730518
2017-12-07 05:30:00,0.41000000000000003,0.56027283302751
2017-12-07 05:45:00,0.41000000000000003,0.5570806201581645
2017-12-07 06:00:00,0.41000000000000003,0.5505529559132446
2017-12-07 06:15:00,0.41000000000000003,0.5462542724382535
2017-12-07 06:30:00,0.41000000000000003,0.5432703205109431
2017-12-07 06:45:00,0.4536363636363636,0.5463877765524695
2017-12-07 07:00:00,0.41000000000000003,0.5235659932411021
2017-12-07 07:15:00,0.4536363636363636,0.544156423536353
2017-12-07 07:30:00,0.41000000000000003,0.5124206805075192
2017-12-07 07:45:00,0.4536363636363636,0.5373152648464004
2017-12-07 08:00:00,0.4536363636363636,0.533017290523067
2017-12-07 08:15:00,0.4536363636363636,0.5281114692617529
2017-12-07 08:30:00,0.4536363636363636,0.5231295275918372
2017-12-07 08:45:00,0.4536363636363636,0.5185106997350067
2017-12-07 09:00:00,0.4536363636363636,0.5138442716592625
2017-12-07 09:15:00,0.4536363636363636,0.5118803588996574
2017-12-07 09:30:00,0.4536363636363636,0.5098161379194616
2017-12-07 09:45:00,0.4536363636363636,0.5079052953148063
2017-12-07 10:00:00,0.4536363636363636,0.5060384237000484
2017-12-07 10:15:00,0.41000000000000003,0.504566093345676
2017-12-07 10:30:00,0.4536363636363636,0.5015336044488518
2017-12-07 10:45:00,0.41000000000000003,0.5030028083316496
2017-12-07 11:00:00,0.41000000000000003,0.49779616343835825
2017-12-07 11:15:00,0.4536363636363636,0.4958727816655008
2017-12-07 11:30:00,0.4536363636363636,0.4943092605429854
2017-12-07 11:45:00,0.4536363636363636,0.4928677850432181
2017-12-07 12:00:00,0.41000000000000003,0.49377837740453445
2017-12-07 12:15:00,0.41000000000000003,0.49201863688670866
2017-12-07 12:30:00,0.41000000000000003,0.4891400952896958
2017-12-07 12:45:00,0.41000000000000003,0.488670337310301
2017-12-07 13:00:00,0.41000000000000003,0.4866088051741077
2017-12-07 13:15:00,0.41000000000000003,0.4898170610747356
2017-12-07 13:30:00,0.41000000000000003,0.49360476869506104
2017-12-07 13:45:00,0.41000000000000003,0.4949615470001161
2017-12-07 14:00:00,0.41000000000000003,0.4988990442133358
2017-12-07 14:15:00,0.4536363636363636,0.5020920602555811
2017-12-07 14:30:00,0.4536363636363636,0.5072831579756093
2017-12-07 14:45:00,0.4536363636363636,0.5126882981895272
2017-12-07 15:00:00,0.4536363636363636,0.5176628224595435
2017-12-07 15:15:00,0.4536363636363636,0.5222230232423044
2017-12-07 15:30:00,0.4536363636363636,0.5262982288707692
2017-12-07 15:45:00,0.4536363636363636,0.5309075164444601
2017-12-07 16:00:00,0.4536363636363636,0.534647621068716
2017-12-07 16:15:00,0.4536363636363636,0.5333789064501661
2017-12-07 16:30:00,0.4536363636363636,0.5322917376641688
2017-12-07 16:45:00,0.4536363636363636,0.5324119821112537
2017-12-07 17:00:00,0.4536363636363636,0.5322483488234262
2017-12-07 17:15:00,0.4536363636363636,0.5344953437938041
2017-12-07 17:30:00,0.4536363636363636,0.534923012618039
2017-12-07 17:45:00,0.4536363636363636,0.5355850923475646
2017-12-07 18:00:00,0.4536363636363636,0.5194008244182725
2017-12-07 18:15:00,0.4536363636363636,0.5379768543687189
2017-12-07 18:30:00,0.4536363636363636,0.5394076010665838
2017-12-07 18:45:00,0.4536363636363636,0.540505330994407
2017-12-07 19:00:00,0.4536363636363636,0.5417193969694623
2017-12-07 19:15:00,0.4536363636363636,0.5414675017241972
2017-12-07 19:30:00,0.4536363636363636,0.5422405993473852
2017-12-07 19:45:00,0.4536363636363636,0.5408762516643989
2017-12-07 20:00:00,0.4536363636363636,0.5394483981952141
2017-12-07 20:15:00,0.4536363636363636,0.5403764588298171
2017-12-07 20:30:00,0.4536363636363636,0.5406967046022214
2017-12-07 20:45:00,0.4536363636363636,0.5419081799929273
2017-12-07 21:00:00,0.4536363636363636,0.5427877711314789
2017-12-07 21:15:00,0.4536363636363636,0.5409887152346508
2017-12-07 21:30:00,0.4536363636363636,0.5400453567607721
2017-12-07 21:45:00,0.41000000000000003,0.5499701085468778
2017-12-07 22:00:00,0.41000000000000003,0.5406133454039205
2017-12-07 22:15:00,0.41000000000000003,0.5409755614047296
2017-12-07 22:30:00,0.41000000000000003,0.5424291664954753
2017-12-07 22:45:00,0.41000000000000003,0.5448892455199821
2017-12-07 23:00:00,0.41000000000000003,0.5495541320660046
2017-12-07 23:15:00,0.41000000000000003,0.5516930434838404
2017-12-07 23:30:00,0.41000000000000003,0.5546249415690181
2017-12-07 23:45:00,0.41000000000000003,0.552960094949931
2017-12-08 00:00:00,0.41000000000000003,0.5543042073321467
2017-12-08 00:15:00,0.41000000000000003,0.5567213696115245
2017-12-08 00:30:00,0.41000000000000003,0.5597395589528309
2017-12-08 00:45:00,0.41000000000000003,0.5624007164234851
2017-12-08 01:00:00,0.41000000000000003,0.5671146488019367
2017-12-08 01:15:00,0.41000000000000003,0.5691170900751275
2017-12-08 01:30:00,0.41000000000000003,0.5695207712165736
2017-12-08 01:45:00,0.41000000000000003,0.5715012246893195
2017-12-08 02:00:00,0.41000000000000003,0.5718999393787694
2017-12-08 02:15:00,0.41000000000000003,0.5734329904364758
2017-12-08 02:30:00,0.41000000000000003,0.5733797348765713
2017-12-08 02:45:00,0.41000000000000003,0.5732411668344713
2017-12-08 03:00:00,0.41000000000000003,0.5744489398282971
2017-12-08 03:15:00,0.41000000000000003,0.5722616906768968
2017-12-08 03:30:00,0.41000000000000003,0.5701569775969126
2017-12-08 03:45:00,0.41000000000000003,0.5672517142061443
2017-12-08 04:00:00,0.41000000000000003,0.5644875934693554
2017-12-08 04:15:00,0.41000000000000003,0.5663151564523222
2017-12-08 04:30:00,0.41000000000000003,0.5679130921934962
2017-12-08 04:45:00,0.41000000000000003,0.5692413255120035
2017-12-08 05:00:00,0.41000000000000003,0.5693034325294379
2017-12-08 05:15:00,0.41000000000000003,0.5680321097830283
2017-12-08 05:30:00,0.41000000000000003,0.5625314383814904
2017-12-08 05:45:00,0.41000000000000003,0.5591457108286335
2017-12-08 06:00:00,0.41000000000000003,0.5505027951256324
2017-12-08 06:15:00,0.41000000000000003,0.5443833719513573
2017-12-08 06:30:00,0.41000000000000003,0.538455361610084
2017-12-08 06:45:00,0.4536363636363636,0.5368499913375921
2017-12-08 07:00:00,0.4536363636363636,0.5347742704263577
2017-12-08 07:15:00,0.4536363636363636,0.5320948248573791
2017-12-08 07:30:00,0.4536363636363636,0.529445138311089
2017-12-08 07:45:00,0.4536363636363636,0.5271175955414202
2017-12-08 08:00:00,0.4536363636363636,0.5251186150805505
2017-12-08 08:15:00,0.4536363636363636,0.5176241285841581
2017-12-08 08:30:00,0.4536363636363636,0.5102411649396368
2017-12-08 08:45:00,0.4536363636363636,0.5030651170199523
2017-12-08 09:00:00,0.4536363636363636,0.4959106276277957
2017-12-08 09:15:00,0.4536363636363636,0.489020718441629
2017-12-08 09:30:00,0.41000000000000003,0.48356291532763934
2017-12-08 09:45:00,0.41000000000000003,0.4781022228291315
2017-12-08 10:00:00,0.41000000000000003,0.4732988261459452
2017-12-08 10:15:00,0.41000000000000003,0.47200519997797646
2017-12-08 10:30:00,0.41000000000000003,0.4701446011639391
2017-12-08 10:45:00,0.41000000000000003,0.4699641084758986
2017-12-08 11:00:00,0.41000000000000003,0.47005452522540603
2017-12-08 11:15:00,0.41000000000000003,0.4670285916508901
2017-12-08 11:30:00,0.41000000000000003,0.4631266416202856
2017-12-08 11:45:00,0.41000000000000003,0.46136113685918023
2017-12-08 12:00:00,0.41000000000000003,0.4618546156971068
2017-12-08 12:15:00,0.41000000000000003,0.4637996205771869
2017-12-08 12:30:00,0.41000000000000003,0.46530794259519503
2017-12-08 12:45:00,0.41000000000000003,0.47485610566738173
2017-12-08 13:00:00,0.41000000000000003,0.47469197721874823
2017-12-08 13:15:00,0.41000000000000003,0.47676312829696377
2017-12-08 13:30:00,0.41000000000000003,0.4832947963916621
2017-12-08 13:45:00,0.41000000000000003,0.48570745956496214
2017-12-08 14:00:00,0.41000000000000003,0.4862040316271868
2017-12-08 14:15:00,0.41000000000000003,0.4927829172171908
2017-12-08 14:30:00,0.41000000000000003,0.4996930500769525
2017-12-08 14:45:00,0.41000000000000003,0.5064182416436799
2017-12-08 15:00:00,0.4536363636363636,0.5151269029639481
2017-12-08 15:15:00,0.4536363636363636,0.5181503406247652
2017-12-08 15:30:00,0.4536363636363636,0.5212236138690343
2017-12-08 15:45:00,0.4536363636363636,0.524195018755289
2017-12-08 16:00:00,0.4536363636363636,0.5274532304986058
2017-12-08 16:15:00,0.4536363636363636,0.5272259908423192
2017-12-08 16:30:00,0.4536363636363636,0.5264577436165315
2017-12-08 16:45:00,0.4536363636363636,0.5254998614751036
2017-12-08 17:00:00,0.4536363636363636,0.5251760758169812
2017-12-08 17:15:00,0.4536363636363636,0.5283511334484733
2017-12-08 17:30:00,0.4536363636363636,0.5307774954401006
2017-12-08 17:45:00,0.4536363636363636,0.5324017164799497
2017-12-08 18:00:00,0.4536363636363636,0.5344566064377614
2017-12-08 18:15:00,0.4536363636363636,0.5319109847270078
2017-12-08 18:30:00,0.4536363636363636,0.5296066655653944
2017-12-08 18:45:00,0.4536363636363636,0.5275860541057528
2017-12-08 19:00:00,0.4536363636363636,0.5260296216432631
2017-12-08 19:15:00,0.4536363636363636,0.5252332602675532
2017-12-08 19:30:00,0.4536363636363636,0.5237002189253543
2017-12-08 19:45:00,0.4536363636363636,0.5228196535507862
2017-12-08 20:00:00,0.4536363636363636,0.5216463407417631
2017-12-08 20:15:00,0.41000000000000003,0.5269009919356707
2017-12-08 20:30:00,0.41000000000000003,0.5326695985389759
2017-12-08 20:45:00,0.41000000000000003,0.5326823560245764
2017-12-08 21:00:00,0.41000000000000003,0.5376997064002483
2017-12-08 21:15:00,0.41000000000000003,0.5425564019336255
2017-12-08 21:30:00,0.41000000000000003,0.5424802872206419
2017-12-08 21:45:00,0.41000000000000003,0.5403481538309656
2017-12-08 22:00:00,0.41000000000000003,0.5365877471871972
2017-12-08 22:15:00,0.41000000000000003,0.5352661871027843
2017-12-08 22:30:00,0.41000000000000003,0.5401790997549221
2017-12-08 22:45:00,0.41000000000000003,0.5442817650743711
2017-12-08 23:00:00,0.41000000000000003,0.5491422457165496
2017-12-08 23:15:00,0.41000000000000003,0.5542611958774619
2017-12-08 23:30:00,0.41000000000000003,0.5618126294163095
2017-12-08 23:45:00,0.41000000000000003,0.5686855712835263
2017-12-09 00:00:00,0.39096711798839456,0.5744065419023267
2017-12-09 00:15:00,0.3877949709864604,0.5732424416293552
2017-12-09 00:30:00,0.3877949709864604,0.5696156978158566
2017-12-09 00:45:00,0.3877949709864604,0.5660908284864238
2017-12-09 01:00:00,0.3877949709864604,0.5648140009637366
2017-12-09 01:15:00,0.3877949709864604,0.5711135506963855
2017-12-09 01:30:00,0.3877949709864604,0.5782357410821006
2017-12-09 01:45:00,0.3877949709864604,0.5833492494439333
2017-12-09 02:00:00,0.3877949709864604,0.5893586785632509
2017-12-09 02:15:00,0.3877949709864604,0.5915378522389991
2017-12-09 02:30:00,0.3877949709864604,0.5927862014501923
2017-12-09 02:45:00,0.3877949709864604,0.5926482544060167
2017-12-09 03:00:00,0.3877949709864604,0.593898447077196
2017-12-09 03:15:00,0.3877949709864604,0.5925326822529164
2017-12-09 03:30:00,0.3877949709864604,0.5886303751363701
2017-12-09 03:45:00,0.3877949709864604,0.5846027887451579
2017-12-09 04:00:00,0.3877949709864604,0.5811972639575257
2017-12-09 04:15:00,0.3877949709864604,0.5800106471995216
2017-12-09 04:30:00,0.3877949709864604,0.5798344437641981
2017-12-09 04:45:00,0.3877949709864604,0.5786021703811217
2017-12-09 05:00:00,0.3877949709864604,0.5766623005351011
2017-12-09 05:15:00,0.3877949709864604,0.5768999942013764
2017-12-09 05:30:00,0.3877949709864604,0.5766661179806803
2017-12-09 05:45:00,0.3877949709864604,0.5776995834543791
2017-12-09 06:00:00,0.3877949709864604,0.578854390480561
2017-12-09 06:15:00,0.3877949709864604,0.5767755121891055
2017-12-09 06:30:00,0.3877949709864604,0.5736593006576775
2017-12-09 06:45:00,0.3877949709864604,0.5696905606634595
2017-12-09 07:00:00,0.3877949709864604,0.563953614943562
2017-12-09 07:15:00,0.3877949709864604,0.5601355042424444
2017-12-09 07:30:00,0.3877949709864604,0.5548600526043799
2017-12-09 07:45:00,0.3877949709864604,0.5505122977955337
2017-12-09 08:00:00,0.3877949709864604,0.547169411647232
2017-12-09 08:15:00,0.3877949709864604,0.5445500584222599
2017-12-09 08:30:00,0.3877949709864604,0.5402993549016629
2017-12-09 08:45:00,0.3877949709864604,0.5298878978372392
2017-12-09 09:00:00,0.3877949709864604,0.5227700620022354
2017-12-09 09:15:00,0.3877949709864604,0.5172794100550525
2017-12-09 09:30:00,0.3877949709864604,0.5109346166562772
2017-12-09 09:45:00,0.3877949709864604,0.5068151074689105
2017-12-09 10:00:00,0.3877949709864604,0.504233643215349
2017-12-09 10:15:00,0.3877949709864604,0.5023074617124407
2017-12-09 10:30:00,0.3877949709864604,0.49949998287674674
2017-12-09 10:45:00,0.3877949709864604,0.496298085982177
2017-12-09 11:00:00,0.3877949709864604,0.49220659245593706
2017-12-09 11:15:00,0.3877949709864604,0.4897084993522678
2017-12-09 11:30:00,0.3877949709864604,0.48451710619723665
2017-12-09 11:45:00,0.3877949709864604,0.4808131951242461
2017-12-09 12:00:00,0.3877949709864604,0.4873496718997328
2017-12-09 12:15:00,0.3877949709864604,0.49090749201488554
2017-12-09 12:30:00,0.3877949709864604,0.48553753584407827
2017-12-09 12:45:00,0.3877949709864604,0.4815682048813786
2017-12-09 13:00:00,0.3877949709864604,0.48298959316847545
2017-12-09 13:15:00,0.3877949709864604,0.48883536841110165
2017-12-09 13:30:00,0.3877949709864604,0.4951296557282693
2017-12-09 13:45:00,0.3877949709864604,0.5019879722010889
2017-12-09 14:00:00,0.3877949709864604,0.5087029455785422
2017-12-09 14:15:00,0.3877949709864604,0.5124041905034347
2017-12-09 14:30:00,0.3877949709864604,0.5151277664182291
2017-12-09 14:45:00,0.3877949709864604,0.5222570180349873
2017-12-09 15:00:00,0.3877949709864604,0.5228713412193239
2017-12-09 15:15:00,0.3877949709864604,0.5202291595850371
2017-12-09 15:30:00,0.4020696324951644,0.5186736121027965
2017-12-09 15:45:00,0.4020696324951644,0.5206642744430855
2017-12-09 16:00:00,0.4020696324951644,0.516191072695731
2017-12-09 16:15:00,0.40365570599613154,0.5156769894821448
2017-12-09 16:30:00,0.40365570599613154,0.5146006424841059
2017-12-09 16:45:00,0.40365570599613154,0.5125212603801313
2017-12-09 17:00:00,0.40365570599613154,0.5084102785008365
2017-12-09 17:15:00,0.40365570599613154,0.5037445519961171
2017-12-09 17:30:00,0.40365570599613154,0.5067529852289273
2017-12-09 17:45:00,0.40365570599613154,0.4992255990962045
2017-12-09 18:00:00,0.40365570599613154,0.4899749824637036
2017-12-09 18:15:00,0.40365570599613154,0.49614366101634294
2017-12-09 18:30:00,0.40365570599613154,0.5027591682525129
2017-12-09 18:45:00,0.40365570599613154,0.5067875578430084
2017-12-09 19:00:00,0.40365570599613154,0.509384323236645
2017-12-09 19:15:00,0.4004835589941973,0.5114180137088555
2017-12-09 19:30:00,0.3925531914893617,0.5142739521926807
2017-12-09 19:45:00,0.3877949709864604,0.5186151394947849
2017-12-09 20:00:00,0.37986460348162476,0.5260930273332185
2017-12-09 20:15:00,0.37827852998065764,0.5296892955908887
2017-12-09 20:30:00,0.37827852998065764,0.5281605683964801
2017-12-09 20:45:00,0.37827852998065764,0.527106769145026
2017-12-09 21:00:00,0.3766924564796905,0.5280240920157158
2017-12-09 21:15:00,0.3766924564796905,0.5302765957180566
2017-12-09 21:30:00,0.3766924564796905,0.5333589977978807
2017-12-09 21:45:00,0.37352030947775633,0.5402989909742882
2017-12-09 22:00:00,0.37352030947775633,0.5410878754423049
2017-12-09 22:15:00,0.37034816247582203,0.5423224637066472
2017-12-09 22:30:00,0.36717601547388784,0.5437746365867402
2017-12-09 22:45:00,0.36558994197292066,0.5443410338034805
2017-12-09 23:00:00,0.36558994197292066,0.5400983402371512
2017-12-09 23:15:00,0.36558994197292066,0.5392330010292088
2017-12-09 23:30:00,0.36558994197292066,0.5411314066146679
2017-12-09 23:45:00,0.3624177949709865,0.5453585835981863
2017-12-10 00:00:00,0.3608317214700193,0.5489676704989465
2017-12-10 00:15:00,0.3608317214700193,0.5522416392684348
2017-12-10 00:30:00,0.3608317214700193,0.5577051007305273
2017-12-10 00:45:00,0.3608317214700193,0.5590163360570612
2017-12-10 01:00:00,0.3608317214700193,0.5608251421386576
2017-12-10 01:15:00,0.3608317214700193,0.560360143100597
2017-12-10 01:30:00,0.3608317214700193,0.5570237641671377
2017-12-10 01:45:00,0.3608317214700193,0.5558979132212132
2017-12-10 02:00:00,0.3608317214700193,0.561764810388382
2017-12-10 02:15:00,0.3608317214700193,0.5654496298762793
2017-12-10 02:30:00,0.3608317214700193,0.5682151700042818
2017-12-10 02:45:00,0.3608317214700193,0.5695867400128282
2017-12-10 03:00:00,0.3608317214700193,0.5729714707105767
2017-12-10 03:15:00,0.3608317214700193,0.5752338776684751
2017-12-10 03:30:00,0.3608317214700193,0.5769510663076525
2017-12-10 03:45:00,0.3608317214700193,0.5789542547076888
2017-12-10 04:00:00,0.3608317214700193,0.579771603411875
2017-12-10 04:15:00,0.3608317214700193,0.5800732967961605
2017-12-10 04:30:00,0.3608317214700193,0.5782109365807134
2017-12-10 04:45:00,0.3608317214700193,0.5784248668772434
2017-12-10 05:00:00,0.3608317214700193,0.5769431219135457
2017-12-10 05:15:00,0.3608317214700193,0.5764523998777187
2017-12-10 05:30:00,0.3608317214700193,0.5785063995654419
2017-12-10 05:45:00,0.3608317214700193,0.5856748835378678
2017-12-10 06:00:00,0.3608317214700193,0.5952986991204745
2017-12-10 06:15:00,0.3608317214700193,0.5898280047631155
2017-12-10 06:30:00,0.3608317214700193,0.586132355867053
2017-12-10 06:45:00,0.3608317214700193,0.5818201115435035
2017-12-10 07:00:00,0.3608317214700193,0.572843448985098
2017-12-10 07:15:00,0.3608317214700193,0.5716793624928093
2017-12-10 07:30:00,0.3608317214700193,0.5811234297280166
2017-12-10 07:45:00,0.3608317214700193,0.5680467848946268
2017-12-10 08:00:00,0.3608317214700193,0.564459892402462
2017-12-10 08:15:00,0.3608317214700193,0.5551772436170074
2017-12-10 08:30:00,0.3608317214700193,0.5502537179027608
2017-12-10 08:45:00,0.3608317214700193,0.5570307806350093
2017-12-10 09:00:00,0.3608317214700193,0.5335618101624401
2017-12-10 09:15:00,0.3608317214700193,0.520964409865245
2017-12-10 09:30:00,0.3608317214700193,0.5103001717207447
2017-12-10 09:45:00,0.3608317214700193,0.5050952048332693
2017-12-10 10:00:00,0.3608317214700193,0.4996352660006998
2017-12-10 10:15:00,0.3608317214700193,0.4931031777824797
2017-12-10 10:30:00,0.3608317214700193,0.490921071941789
2017-12-10 10:45:00,0.3608317214700193,0.4889890565261941
2017-12-10 11:00:00,0.3608317214700193,0.4939510676165595
2017-12-10 11:15:00,0.3608317214700193,0.49504649426387365
2017-12-10 11:30:00,0.3608317214700193,0.49643544845277054
2017-12-10 11:45:00,0.3608317214700193,0.49996120050970305
2017-12-10 12:00:00,0.3608317214700193,0.48653716519057055
2017-12-10 12:15:00,0.3608317214700193,0.484534547434525
2017-12-10 12:30:00,0.3608317214700193,0.4835559453934849
2017-12-10 12:45:00,0.3608317214700193,0.4842512337178715
2017-12-10 13:00:00,0.3608317214700193,0.4823731470419413
2017-12-10 13:15:00,0.3608317214700193,0.4854100423162039
2017-12-10 13:30:00,0.3608317214700193,0.4888734171979881
2017-12-10 13:45:00,0.3608317214700193,0.49142417238460945
2017-12-10 14:00:00,0.3608317214700193,0.49363104294024235
2017-12-10 14:15:00,0.3608317214700193,0.501053600781901
2017-12-10 14:30:00,0.3608317214700193,0.5094162377327657
2017-12-10 14:45:00,0.3608317214700193,0.5175676443690449
2017-12-10 15:00:00,0.3640038684719536,0.5250451444152182
2017-12-10 15:15:00,0.36558994197292066,0.5300750554510694
2017-12-10 15:30:00,0.3687620889748549,0.533043461235753
2017-12-10 15:45:00,0.3941392649903288,0.5338772203929503
2017-12-10 16:00:00,0.3941392649903288,0.5358860471822311
2017-12-10 16:15:00,0.3941392649903288,0.538378954186466
2017-12-10 16:30:00,0.3941392649903288,0.5382755755628225
2017-12-10 16:45:00,0.3941392649903288,0.5360518342204145
2017-12-10 17:00:00,0.3941392649903288,0.5369421151717775
2017-12-10 17:15:00,0.3941392649903288,0.519065579396658
2017-12-10 17:30:00,0.3941392649903288,0.5167542962289338
2017-12-10 17:45:00,0.3941392649903288,0.5093605211038565
2017-12-10 18:00:00,0.3941392649903288,0.5046884756569336
2017-12-10 18:15:00,0.3941392649903288,0.507881262581726
2017-12-10 18:30:00,0.3941392649903288,0.5098998069938027
2017-12-10 18:45:00,0.3925531914893617,0.5128534884126544
2017-12-10 19:00:00,0.39096711798839456,0.5133312563397094
2017-12-10 19:15:00,0.3893810444874275,0.5190444097766103
2017-12-10 19:30:00,0.3893810444874275,0.5234624103360433
2017-12-10 19:45:00,0.3893810444874275,0.5280298352062375
2017-12-10 20:00:00,0.3893810444874275,0.5311040565387098
2017-12-10 20:15:00,0.3846228239845261,0.5319257775878659
2017-12-10 20:30:00,0.37986460348162476,0.5322630333758113
2017-12-10 20:45:00,0.37827852998065764,0.5307915675083472
2017-12-10 21:00:00,0.37827852998065764,0.5294327214988879
2017-12-10 21:15:00,0.37827852998065764,0.531530231016669
2017-12-10 21:30:00,0.37827852998065764,0.5331195412523494
2017-12-10 21:45:00,0.37827852998065764,0.5378978631612196
2017-12-10 22:00:00,0.37827852998065764,0.5374502395094497
2017-12-10 22:15:00,0.37827852998065764,0.5338411604219464
2017-12-10 22:30:00,0.37827852998065764,0.536037260442017
2017-12-10 22:45:00,0.37827852998065764,0.5384531415632267
2017-12-10 23:00:00,0.37827852998065764,0.539577544209174
2017-12-10 23:15:00,0.37827852998065764,0.5456974378333866
2017-12-10 23:30:00,0.37827852998065764,0.5483573919368931
2017-12-10 23:45:00,0.37827852998065764,0.5625890214638368
2017-12-11 00:00:00,0.41000000000000003,0.5591193756324278
2017-12-11 00:15:00,0.41000000000000003,0.5565003667495971
2017-12-11 00:30:00,0.41000000000000003,0.5592503667645966
2017-12-11 00:45:00,0.41000000000000003,0.5567823233997597
2017-12-11 01:00:00,0.41000000000000003,0.554885881097433
2017-12-11 01:15:00,0.41000000000000003,0.5579249916234381
2017-12-11 01:30:00,0.41000000000000003,0.5578379089946042
2017-12-11 01:45:00,0.41000000000000003,0.5599941533316017
2017-12-11 02:00:00,0.41000000000000003,0.560001603041905
2017-12-11 02:15:00,0.41000000000000003,0.5649620934460646
2017-12-11 02:30:00,0.41000000000000003,0.5803620462550215
2017-12-11 02:45:00,0.41000000000000003,0.5823469892082251
2017-12-11 03:00:00,0.41000000000000003,0.5812095398643338
2017-12-11 03:15:00,0.41000000000000003,0.5803303270030544
2017-12-11 03:30:00,0.41000000000000003,0.5632294963872284
2017-12-11 03:45:00,0.41000000000000003,0.5586494616610914
2017-12-11 04:00:00,0.41000000000000003,0.5530384360077332
2017-12-11 04:15:00,0.41000000000000003,0.5550891802167509
2017-12-11 04:30:00,0.41000000000000003,0.5529412940121304
2017-12-11 04:45:00,0.41000000000000003,0.549410677388218
2017-12-11 05:00:00,0.41000000000000003,0.5337245984081983
2017-12-11 05:15:00,0.41000000000000003,0.5279668796458115
2017-12-11 05:30:00,0.41000000000000003,0.5271811045992985
2017-12-11 05:45:00,0.41000000000000003,0.5266740142250235
2017-12-11 06:00:00,0.41000000000000003,0.522005603220029
2017-12-11 06:15:00,0.41000000000000003,0.51672823954159
2017-12-11 06:30:00,0.41000000000000003,0.5132301744308991
2017-12-11 06:45:00,0.41000000000000003,0.5102133214329455
2017-12-11 07:00:00,0.41000000000000003,0.5073323759301764
2017-12-11 07:15:00,0.41000000000000003,0.5074733534401972
2017-12-11 07:30:00,0.41000000000000003,0.5077886262080419
2017-12-11 07:45:00,0.41000000000000003,0.5081618339902553
2017-12-11 08:00:00,0.4536363636363636,0.5079212705153044
2017-12-11 08:15:00,0.41000000000000003,0.500359689184392
2017-12-11 08:30:00,0.41000000000000003,0.4936289120333927
2017-12-11 08:45:00,0.41000000000000003,0.48632730236332605
2017-12-11 09:00:00,0.41000000000000003,0.4798338416232983
2017-12-11 09:15:00,0.41000000000000003,0.47357981058596704
2017-12-11 09:30:00,0.41000000000000003,0.4672357909388551
2017-12-11 09:45:00,0.41000000000000003,0.4611566180787107
2017-12-11 10:00:00,0.41000000000000003,0.4552487931069904
2017-12-11 10:15:00,0.41000000000000003,0.45170166629281
2017-12-11 10:30:00,0.41000000000000003,0.44818136992134705
2017-12-11 10:45:00,0.41000000000000003,0.4442986087080676
2017-12-11 11:00:00,0.41000000000000003,0.4418687149312416
2017-12-11 11:15:00,0.41000000000000003,0.4442512345836122
2017-12-11 11:30:00,0.41000000000000003,0.4475422530233069
2017-12-11 11:45:00,0.41000000000000003,0.45142288420886656
2017-12-11 12:00:00,0.41000000000000003,0.45578102242727836
2017-12-11 12:15:00,0.41000000000000003,0.45956325811237475
2017-12-11 12:30:00,0.41000000000000003,0.4635365313426082
2017-12-11 12:45:00,0.41000000000000003,0.46764105087770325
2017-12-11 13:00:00,0.41000000000000003,0.4750307998380263
2017-12-11 13:15:00,0.41000000000000003,0.4761298891729214
2017-12-11 13:30:00,0.41000000000000003,0.4769763937737785
2017-12-11 13:45:00,0.41000000000000003,0.4794806875424152
2017-12-11 14:00:00,0.41000000000000003,0.47921809668899673
2017-12-11 14:15:00,0.41000000000000003,0.4825892384079481
2017-12-11 14:30:00,0.41000000000000003,0.4875642129183953
2017-12-11 14:45:00,0.41000000000000003,0.4900939014438502
2017-12-11 15:00:00,0.41000000000000003,0.49288507549996646
2017-12-11 15:15:00,0.4536363636363636,0.4963076714144743
2017-12-11 15:30:00,0.4536363636363636,0.49785727813139974
2017-12-11 15:45:00,0.4536363636363636,0.49930371083078995
2017-12-11 16:00:00,0.4536363636363636,0.5007943954795088
2017-12-11 16:15:00,0.41000000000000003,0.48359406808224
2017-12-11 16:30:00,0.4536363636363636,0.4993927808472333
2017-12-11 16:45:00,0.4536363636363636,0.49865567916397685
2017-12-11 17:00:00,0.41000000000000003,0.47543964827388974
2017-12-11 17:15:00,0.41000000000000003,0.4734522127197995
2017-12-11 17:30:00,0.4536363636363636,0.4969955636184083
2017-12-11 17:45:00,0.4536363636363636,0.49648356259284127
2017-12-11 18:00:00,0.4536363636363636,0.49567859874247194
2017-12-11 18:15:00,0.4536363636363636,0.46404132780415985
2017-12-11 18:30:00,0.41000000000000003,0.4717494653410423
2017-12-11 18:45:00,0.41000000000000003,0.4899551634679857
2017-12-11 19:00:00,0.41000000000000003,0.478587750303014
2017-12-11 19:15:00,0.41000000000000003,0.4803946456953032
2017-12-11 19:30:00,0.41000000000000003,0.49258771575419447
2017-12-11 19:45:00,0.4536363636363636,0.49417529147248374
2017-12-11 20:00:00,0.41000000000000003,0.49313601232477505
2017-12-11 20:15:00,0.41000000000000003,0.4957520628143354
2017-12-11 20:30:00,0.41000000000000003,0.49992192865148616
2017-12-11 20:45:00,0.41000000000000003,0.5067247694563487
2017-12-11 21:00:00,0.41000000000000003,0.5092951619799924
2017-12-11 21:15:00,0.41000000000000003,0.5087396002873161
2017-12-11 21:30:00,0.41000000000000003,0.5123186444775747
2017-12-11 21:45:00,0.41000000000000003,0.5126973204532774
2017-12-11 22:00:00,0.41000000000000003,0.5132471299427276
2017-12-11 22:15:00,0.41000000000000003,0.5154278793883901
2017-12-11 22:30:00,0.41000000000000003,0.5142611238558681
2017-12-11 22:45:00,0.41000000000000003,0.5167040491071552
2017-12-11 23:00:00,0.41000000000000003,0.5221019461649999
2017-12-11 23:15:00,0.41000000000000003,0.5230290334435705
2017-12-11 23:30:00,0.41000000000000003,0.5269712585933103
2017-12-11 23:45:00,0.41000000000000003,0.5234892305384327
2017-12-12 00:00:00,0.41000000000000003,0.5216244274056351
2017-12-12 00:15:00,0.41000000000000003,0.524987931204474
2017-12-12 00:30:00,0.41000000000000003,0.535450190896207
2017-12-12 00:45:00,0.41000000000000003,0.5422159067612116
2017-12-12 01:00:00,0.41000000000000003,0.5502179143809378
2017-12-12 01:15:00,0.41000000000000003,0.5550414109022961
2017-12-12 01:30:00,0.41000000000000003,0.5556854189876419
2017-12-12 01:45:00,0.41000000000000003,0.5584420855012538
2017-12-12 02:00:00,0.41000000000000003,0.5585952792491731
2017-12-12 02:15:00,0.41000000000000003,0.5612402778854834
2017-12-12 02:30:00,0.41000000000000003,0.5627242943189503
2017-12-12 02:45:00,0.41000000000000003,0.5616489818706982
2017-12-12 03:00:00,0.41000000000000003,0.5591024536275462
2017-12-12 03:15:00,0.41000000000000003,0.5584925443026646
2017-12-12 03:30:00,0.41000000000000003,0.5538102428107847
2017-12-12 03:45:00,0.41000000000000003,0.5520414031581493
2017-12-12 04:00:00,0.41000000000000003,0.549774369607359
2017-12-12 04:15:00,0.41000000000000003,0.5462378205826128
2017-12-12 04:30:00,0.41000000000000003,0.5441062458722921
2017-12-12 04:45:00,0.41000000000000003,0.539650594464303
2017-12-12 05:00:00,0.41000000000000003,0.5281734346465861
2017-12-12 05:15:00,0.41000000000000003,0.5235787445987762
2017-12-12 05:30:00,0.41000000000000003,0.5195588993475517
2017-12-12 05:45:00,0.41000000000000003,0.5189558656233174
2017-12-12 06:00:00,0.41000000000000003,0.5145244124467871
2017-12-12 06:15:00,0.41000000000000003,0.5131421475524144
2017-12-12 06:30:00,0.41000000000000003,0.5106527021451637
2017-12-12 06:45:00,0.41000000000000003,0.5054547426623964
2017-12-12 07:00:00,0.41000000000000003,0.5024714439739555
2017-12-12 07:15:00,0.41000000000000003,0.4986700828560473
2017-12-12 07:30:00,0.41000000000000003,0.4963322972184891
2017-12-12 07:45:00,0.41000000000000003,0.4942052384753497
2017-12-12 08:00:00,0.41000000000000003,0.4931677124791723
2017-12-12 08:15:00,0.41000000000000003,0.4893517063686521
2017-12-12 08:30:00,0.41000000000000003,0.4832040996308288
2017-12-12 08:45:00,0.41000000000000003,0.47990581903494894
2017-12-12 09:00:00,0.41000000000000003,0.4774083515403586
2017-12-12 09:15:00,0.41000000000000003,0.4751915195801306
2017-12-12 09:30:00,0.41000000000000003,0.472814956841245
2017-12-12 09:45:00,0.41000000000000003,0.4705098869336492
2017-12-12 10:00:00,0.41000000000000003,0.4668143971361349
2017-12-12 10:15:00,0.41000000000000003,0.4710512801109778
2017-12-12 10:30:00,0.41000000000000003,0.47196198594864786
2017-12-12 10:45:00,0.41000000000000003,0.47321884262058694
2017-12-12 11:00:00,0.41000000000000003,0.4731233166193112
2017-12-12 11:15:00,0.41000000000000003,0.46959212013057633
2017-12-12 11:30:00,0.41000000000000003,0.4676574271126034
2017-12-12 11:45:00,0.41000000000000003,0.4666762583870925
2017-12-12 12:00:00,0.41000000000000003,0.466308180830317
2017-12-12 12:15:00,0.41000000000000003,0.4632861390163424
2017-12-12 12:30:00,0.41000000000000003,0.4607536369352466
2017-12-12 12:45:00,0.41000000000000003,0.4589042404330804
2017-12-12 13:00:00,0.41000000000000003,0.4575675492182422
2017-12-12 13:15:00,0.41000000000000003,0.4633211498842408
2017-12-12 13:30:00,0.41000000000000003,0.46959835475494877
2017-12-12 13:45:00,0.41000000000000003,0.47414395900740913
2017-12-12 14:00:00,0.41000000000000003,0.47984434368116935
2017-12-12 14:15:00,0.41000000000000003,0.4879347144832051
2017-12-12 14:30:00,0.41000000000000003,0.4935417225517663
2017-12-12 14:45:00,0.41000000000000003,0.49974248608606925
2017-12-12 15:00:00,0.4536363636363636,0.5074600689463498
2017-12-12 15:15:00,0.4536363636363636,0.5099315703802921
2017-12-12 15:30:00,0.41000000000000003,0.5136302221567044
2017-12-12 15:45:00,0.41000000000000003,0.515818308459671
2017-12-12 16:00:00,0.4536363636363636,0.5177054597937645
2017-12-12 16:15:00,0.41000000000000003,0.49773945531437946
2017-12-12 16:30:00,0.4536363636363636,0.5194211427844816
2017-12-12 16:45:00,0.4536363636363636,0.5206606946700589
2017-12-12 17:00:00,0.4536363636363636,0.5218533321057057
2017-12-12 17:15:00,0.4536363636363636,0.5203679692794974
2017-12-12 17:30:00,0.4536363636363636,0.519519133844031
2017-12-12 17:45:00,0.4536363636363636,0.518505141055901
2017-12-12 18:00:00,0.4536363636363636,0.4692886773668236
2017-12-12 18:15:00,0.4536363636363636,0.46619556003841583
2017-12-12 18:30:00,0.4536363636363636,0.5113322645610818
2017-12-12 18:45:00,0.4536363636363636,0.5025300657323062
2017-12-12 19:00:00,0.4536363636363636,0.5052460793325073
2017-12-12 19:15:00,0.4536363636363636,0.5043983341437134
2017-12-12 19:30:00,0.4536363636363636,0.5035509654282805
2017-12-12 19:45:00,0.41000000000000003,0.4907293689156784
2017-12-12 20:00:00,0.4536363636363636,0.5017530838020307
2017-12-12 20:15:00,0.41000000000000003,0.5017628113930334
2017-12-12 20:30:00,0.41000000000000003,0.5031501484672884
2017-12-12 20:45:00,0.41000000000000003,0.503655558316516
2017-12-12 21:00:00,0.41000000000000003,0.5063843531931835
2017-12-12 21:15:00,0.41000000000000003,0.5061889264311277
2017-12-12 21:30:00,0.41000000000000003,0.5067899977695236
2017-12-12 21:45:00,0.41000000000000003,0.5084580119589089
2017-12-12 22:00:00,0.41000000000000003,0.5084018877762794
2017-12-12 22:15:00,0.41000000000000003,0.5184263780332898
2017-12-12 22:30:00,0.41000000000000003,0.5209157645654613
2017-12-12 22:45:00,0.41000000000000003,0.5208139077077514
2017-12-12 23:00:00,0.41000000000000003,0.5253719482665661
2017-12-12 23:15:00,0.41000000000000003,0.5273562115792776
2017-12-12 23:30:00,0.41000000000000003,0.5293844197545221
2017-12-12 23:45:00,0.41000000000000003,0.5327694314919115
2017-12-13 00:00:00,0.41000000000000003,0.5367075706059324
2017-12-13 00:15:00,0.41000000000000003,0.5380580722307415
2017-12-13 00:30:00,0.41000000000000003,0.5410635223257884
2017-12-13 00:45:00,0.41000000000000003,0.5458374707460955
2017-12-13 01:00:00,0.41000000000000003,0.5475397897694336
2017-12-13 01:15:00,0.41000000000000003,0.5490011382166065
2017-12-13 01:30:00,0.41000000000000003,0.5515435699263461
2017-12-13 01:45:00,0.41000000000000003,0.5542561035356318
2017-12-13 02:00:00,0.41000000000000003,0.5589466624963414
2017-12-13 02:15:00,0.41000000000000003,0.5598708319289534
2017-12-13 02:30:00,0.41000000000000003,0.5620330941421218
2017-12-13 02:45:00,0.41000000000000003,0.5586645389458742
2017-12-13 03:00:00,0.41000000000000003,0.5575540028583889
2017-12-13 03:15:00,0.41000000000000003,0.5575791323426446
2017-12-13 03:30:00,0.41000000000000003,0.5532536315454823
2017-12-13 03:45:00,0.41000000000000003,0.5525989522325221
2017-12-13 04:00:00,0.41000000000000003,0.551415964916169
2017-12-13 04:15:00,0.41000000000000003,0.5504187989826976
2017-12-13 04:30:00,0.41000000000000003,0.5474115973520622
2017-12-13 04:45:00,0.41000000000000003,0.5426754002854686
2017-12-13 05:00:00,0.41000000000000003,0.5385705546210121
2017-12-13 05:15:00,0.41000000000000003,0.536960120748635
2017-12-13 05:30:00,0.41000000000000003,0.5351336117351378
2017-12-13 05:45:00,0.41000000000000003,0.532101760847486
2017-12-13 06:00:00,0.41000000000000003,0.525511988631842
2017-12-13 06:15:00,0.41000000000000003,0.519306193019892
2017-12-13 06:30:00,0.41000000000000003,0.5139269770077052
2017-12-13 06:45:00,0.41000000000000003,0.5085710979914216
2017-12-13 07:00:00,0.41000000000000003,0.5039430957970935
2017-12-13 07:15:00,0.4536363636363636,0.5019869656660304
2017-12-13 07:30:00,0.4536363636363636,0.502484330846011
2017-12-13 07:45:00,0.41000000000000003,0.48939264900031376
2017-12-13 08:00:00,0.4536363636363636,0.5034683670309319
2017-12-13 08:15:00,0.4536363636363636,0.5015453726173789
2017-12-13 08:30:00,0.4536363636363636,0.49962651430435884
2017-12-13 08:45:00,0.4536363636363636,0.49770628951566764
2017-12-13 09:00:00,0.41000000000000003,0.49281895874515363
2017-12-13 09:15:00,0.41000000000000003,0.4879310937755625
2017-12-13 09:30:00,0.4536363636363636,0.4960284038658266
2017-12-13 09:45:00,0.41000000000000003,0.4994000694411381
2017-12-13 10:00:00,0.4536363636363636,0.49618496186867167
2017-12-13 10:15:00,0.41000000000000003,0.49181056891790914
2017-12-13 10:30:00,0.41000000000000003,0.4854530390066941
2017-12-13 10:45:00,0.41000000000000003,0.4817034083196037
2017-12-13 11:00:00,0.41000000000000003,0.47568331378863526
2017-12-13 11:15:00,0.41000000000000003,0.47130345884892244
2017-12-13 11:30:00,0.41000000000000003,0.46718926720837284
2017-12-13 11:45:00,0.41000000000000003,0.46292184353701177
2017-12-13 12:00:00,0.41000000000000003,0.4594989771267231
2017-12-13 12:15:00,0.41000000000000003,0.46237848577601376
2017-12-13 12:30:00,0.41000000000000003,0.46549064645808064
2017-12-13 12:45:00,0.41000000000000003,0.47030281372152977
2017-12-13 13:00:00,0.41000000000000003,0.4715135923258137
2017-12-13 13:15:00,0.41000000000000003,0.4732135988828498
2017-12-13 13:30:00,0.41000000000000003,0.475923950049261
2017-12-13 13:45:00,0.41000000000000003,0.4778385070991004
2017-12-13 14:00:00,0.41000000000000003,0.4792593046176697
2017-12-13 14:15:00,0.41000000000000003,0.4811728638100272
2017-12-13 14:30:00,0.41000000000000003,0.4855020174469876
2017-12-13 14:45:00,0.41000000000000003,0.4895440620185116
2017-12-13 15:00:00,0.41000000000000003,0.4952886728220807
2017-12-13 15:15:00,0.41000000000000003,0.5006291922533466
2017-12-13 15:30:00,0.41000000000000003,0.49079773428124857
2017-12-13 15:45:00,0.4536363636363636,0.5080465310713013
2017-12-13 16:00:00,0.4536363636363636,0.5120656705852848
2017-12-13 16:15:00,0.4536363636363636,0.5125599344028499
2017-12-13 16:30:00,0.4536363636363636,0.5129905096601242
2017-12-13 16:45:00,0.4536363636363636,0.5133649211486124
2017-12-13 17:00:00,0.4536363636363636,0.5140248061564116
2017-12-13 17:15:00,0.4536363636363636,0.5129935746679968
2017-12-13 17:30:00,0.4536363636363636,0.5120538973478616
2017-12-13 17:45:00,0.4536363636363636,0.486474094625789
2017-12-13 18:00:00,0.4536363636363636,0.5098845732251216
2017-12-13 18:15:00,0.4536363636363636,0.4598800377415819
2017-12-13 18:30:00,0.4536363636363636,0.5039203928271501
2017-12-13 18:45:00,0.4536363636363636,0.5009114126694157
2017-12-13 19:00:00,0.4536363636363636,0.49776655750975335
2017-12-13 19:15:00,0.4536363636363636,0.49703885396219805
2017-12-13 19:30:00,0.4536363636363636,0.49631835104890476
2017-12-13 19:45:00,0.41000000000000003,0.4720533440399198
2017-12-13 20:00:00,0.41000000000000003,0.4939143886708236
2017-12-13 20:15:00,0.41000000000000003,0.4995168338710786
2017-12-13 20:30:00,0.41000000000000003,0.5017113748064441
2017-12-13 20:45:00,0.41000000000000003,0.500821963036886
2017-12-13 21:00:00,0.41000000000000003,0.5021041160353535
2017-12-13 21:15:00,0.41000000000000003,0.5054018429998014
2017-12-13 21:30:00,0.41000000000000003,0.5073308339670897
2017-12-13 21:45:00,0.41000000000000003,0.5130340974566521
2017-12-13 22:00:00,0.41000000000000003,0.5179232128737532
2017-12-13 22:15:00,0.41000000000000003,0.5203501279183833
2017-12-13 22:30:00,0.41000000000000003,0.5250613461624144
2017-12-13 22:45:00,0.41000000000000003,0.5273963526592049
2017-12-13 23:00:00,0.41000000000000003,0.5282100711197488
2017-12-13 23:15:00,0.41000000000000003,0.5316388347801453
2017-12-13 23:30:00,0.41000000000000003,0.5296016798960641
2017-12-13 23:45:00,0.41000000000000003,0.5301773377404803
2017-12-14 00:00:00,0.4004835589941973,0.5343408245531711
2017-12-14 00:15:00,0.4004835589941973,0.5362393826041384
2017-12-14 00:30:00,0.4004835589941973,0.5384467963752427
2017-12-14 00:45:00,0.4004835589941973,0.5405881404607795
2017-12-14 01:00:00,0.4004835589941973,0.5464621940037737
2017-12-14 01:15:00,0.4004835589941973,0.5493804288697901
2017-12-14 01:30:00,0.4004835589941973,0.5535482007011364
2017-12-14 01:45:00,0.4004835589941973,0.5545019131583868
2017-12-14 02:00:00,0.4004835589941973,0.5585877730092293
2017-12-14 02:15:00,0.4004835589941973,0.5574765611895838
2017-12-14 02:30:00,0.4004835589941973,0.5575295661212415
2017-12-14 02:45:00,0.4004835589941973,0.5592503077747948
2017-12-14 03:00:00,0.4004835589941973,0.5594222809820967
2017-12-14 03:15:00,0.4004835589941973,0.5556965802190209
2017-12-14 03:30:00,0.4004835589941973,0.553574266013528
2017-12-14 03:45:00,0.4004835589941973,0.5540478351562984
2017-12-14 04:00:00,0.4004835589941973,0.5502257987274235
2017-12-14 04:15:00,0.4004835589941973,0.5490857076415052
2017-12-14 04:30:00,0.4004835589941973,0.5425006761220162
2017-12-14 04:45:00,0.4004835589941973,0.5385846175037708
2017-12-14 05:00:00,0.4004835589941973,0.5371705631706324
2017-12-14 05:15:00,0.4004835589941973,0.5335231967336707
2017-12-14 05:30:00,0.4004835589941973,0.5280453246673198
2017-12-14 05:45:00,0.4004835589941973,0.5224514462571663
2017-12-14 06:00:00,0.4004835589941973,0.5145275871151286
2017-12-14 06:15:00,0.4004835589941973,0.5109809083544847
2017-12-14 06:30:00,0.4004835589941973,0.510692462505228
2017-12-14 06:45:00,0.40365570599613154,0.5092135355956195
2017-12-14 07:00:00,0.41000000000000003,0.5083029645914657
2017-12-14 07:15:00,0.41000000000000003,0.5016371085890119
2017-12-14 07:30:00,0.41000000000000003,0.5001061912789819
2017-12-14 07:45:00,0.41000000000000003,0.49726353068455975
2017-12-14 08:00:00,0.41000000000000003,0.49164900739573636
2017-12-14 08:15:00,0.41000000000000003,0.48846932673937815
2017-12-14 08:30:00,0.41000000000000003,0.4876220295478405
2017-12-14 08:45:00,0.41000000000000003,0.4863089601521334
2017-12-14 09:00:00,0.41000000000000003,0.4866327053795435
2017-12-14 09:15:00,0.41000000000000003,0.4824522085676321
2017-12-14 09:30:00,0.41000000000000003,0.47833804727492363
2017-12-14 09:45:00,0.41000000000000003,0.4739437946294938
2017-12-14 10:00:00,0.41000000000000003,0.4701619660621613
2017-12-14 10:15:00,0.41000000000000003,0.46903788478941333
2017-12-14 10:30:00,0.41000000000000003,0.4685461480860732
2017-12-14 10:45:00,0.41000000000000003,0.46754208415215803
2017-12-14 11:00:00,0.41000000000000003,0.4656779495728428
2017-12-14 11:15:00,0.41000000000000003,0.465939234469064
2017-12-14 11:30:00,0.41000000000000003,0.4629005858944406
2017-12-14 11:45:00,0.41000000000000003,0.46128770200929414
2017-12-14 12:00:00,0.41000000000000003,0.460406023114068
2017-12-14 12:15:00,0.41000000000000003,0.4621493118165461
2017-12-14 12:30:00,0.41000000000000003,0.46348915845680166
2017-12-14 12:45:00,0.41000000000000003,0.4651676900989389
2017-12-14 13:00:00,0.41000000000000003,0.46626896245183597
2017-12-14 13:15:00,0.41000000000000003,0.4664632378154928
2017-12-14 13:30:00,0.41000000000000003,0.46752799893081304
2017-12-14 13:45:00,0.41000000000000003,0.46888048045350883
2017-12-14 14:00:00,0.41000000000000003,0.4684206034837679
2017-12-14 14:15:00,0.41000000000000003,0.470375837403984
2017-12-14 14:30:00,0.41000000000000003,0.47012572661413987
2017-12-14 14:45:00,0.41000000000000003,0.4696610751896573
2017-12-14 15:00:00,0.41000000000000003,0.466815052100557
2017-12-14 15:15:00,0.41000000000000003,0.46937511489864137
2017-12-14 15:30:00,0.41000000000000003,0.47317528938482045
2017-12-14 15:45:00,0.41000000000000003,0.4773075708763723
2017-12-14 16:00:00,0.41000000000000003,0.48177747928435316
2017-12-14 16:15:00,0.41000000000000003,0.47647300407107646
2017-12-14 16:30:00,0.41000000000000003,0.47056968460873566
2017-12-14 16:45:00,0.41000000000000003,0.473582048370332
2017-12-14 17:00:00,0.41000000000000003,0.4706279967053958
2017-12-14 17:15:00,0.41000000000000003,0.46923143635718173
2017-12-14 17:30:00,0.41000000000000003,0.4657269338126776
2017-12-14 17:45:00,0.41000000000000003,0.46063920103590134
2017-12-14 18:00:00,0.41000000000000003,0.4620749710831649
2017-12-14 18:15:00,0.4536363636363636,0.47817996781709915
2017-12-14 18:30:00,0.4536363636363636,0.477071709451817
2017-12-14 18:45:00,0.4536363636363636,0.4737492012748963
2017-12-14 19:00:00,0.40841392649903285,0.47087890691497764
2017-12-14 19:15:00,0.4052417794970986,0.47151655516873137
2017-12-14 19:30:00,0.4004835589941973,0.47379132189552914
2017-12-14 19:45:00,0.4004835589941973,0.4720461848861748
2017-12-14 20:00:00,0.4536363636363636,0.4725801112874607
2017-12-14 20:15:00,0.4536363636363636,0.4756671023784
2017-12-14 20:30:00,0.4536363636363636,0.47428105527052566
2017-12-14 20:45:00,0.4536363636363636,0.4751531377203387
2017-12-14 21:00:00,0.3814506769825919,0.47471940811990027
2017-12-14 21:15:00,0.37986460348162476,0.47631282803154784
2017-12-14 21:30:00,0.37352030947775633,0.48040594516038526
2017-12-14 21:45:00,0.3687620889748549,0.4843802314279406
2017-12-14 22:00:00,0.36717601547388784,0.4875191383723297
2017-12-14 22:15:00,0.36717601547388784,0.48578909755552524
2017-12-14 22:30:00,0.3624177949709865,0.4879947871173511
2017-12-14 22:45:00,0.3608317214700193,0.48841598530011937
2017-12-14 23:00:00,0.3608317214700193,0.48795724833566895
2017-12-14 23:15:00,0.3576595744680851,0.48744821151168183
2017-12-14 23:30:00,0.35448742746615086,0.48883846967258077
2017-12-14 23:45:00,0.3513152804642166,0.4886685151217515
2017-12-15 00:00:00,0.4536363636363636,0.4871659906728877
2017-12-15 00:15:00,0.3481431334622824,0.4887460008802909
2017-12-15 00:30:00,0.34655705996131525,0.4917768110633517
2017-12-15 00:45:00,0.343384912959381,0.49408834350199476
2017-12-15 01:00:00,0.3417988394584139,0.4986914746575299
2017-12-15 01:15:00,0.33704061895551257,0.4933005485088272
2017-12-15 01:30:00,0.9988888888888889,0.4926373308696769
2017-12-15 01:45:00,0.9988888888888889,0.49503750175028377
2017-12-15 02:00:00,0.9988888888888889,0.49965966771020237
2017-12-15 02:15:00,0.9988888888888889,0.5014867577724897
2017-12-15 02:30:00,0.9988888888888889,0.5016518035354514
2017-12-15 02:45:00,0.9988888888888889,0.5006312609193387
2017-12-15 03:00:00,0.9988888888888889,0.4998080753250987
2017-12-15 03:15:00,0.9988888888888889,0.503267351382297
2017-12-15 03:30:00,0.9988888888888889,0.5022373978873098
2017-12-15 03:45:00,0.9988888888888889,0.5006675242769638
2017-12-15 04:00:00,0.9988888888888889,0.4976225977389309
2017-12-15 04:15:00,0.9988888888888889,0.49736911419644575
2017-12-15 04:30:00,0.9988888888888889,0.49611701879710396
2017-12-15 04:45:00,0.9988888888888889,0.4917307241921965
2017-12-15 05:00:00,0.9988888888888889,0.481994402722048
2017-12-15 05:15:00,0.9988888888888889,0.4781310194323221
2017-12-15 05:30:00,0.9988888888888889,0.4620675812101979
2017-12-15 05:45:00,0.9988888888888889,0.4563716647560229
2017-12-15 06:00:00,0.3386266924564797,0.4542157885150434
2017-12-15 06:15:00,0.343384912959381,0.44956690909630886
2017-12-15 06:30:00,0.3481431334622824,0.4459508801533594
2017-12-15 06:45:00,0.3513152804642166,0.44251151142394624
2017-12-15 07:00:00,0.356073500967118,0.4388653855613558
2017-12-15 07:15:00,0.35924564796905223,0.4374725635681557
2017-12-15 07:30:00,0.35924564796905223,0.4334527561283347
2017-12-15 07:45:00,0.35924564796905223,0.4271047791546642
2017-12-15 08:00:00,0.35924564796905223,0.42246803418629447
2017-12-15 08:15:00,0.35924564796905223,0.42946080369294704
2017-12-15 08:30:00,0.35924564796905223,0.4281871783670047
2017-12-15 08:45:00,0.35924564796905223,0.41960705249166663
2017-12-15 09:00:00,0.35924564796905223,0.41221905884913984
2017-12-15 09:15:00,0.35924564796905223,0.4064675303286711
2017-12-15 09:30:00,0.35924564796905223,0.4010115542021385
2017-12-15 09:45:00,0.35924564796905223,0.39575879238578826
2017-12-15 10:00:00,0.35924564796905223,0.3929543725552708
2017-12-15 10:15:00,0.35924564796905223,0.3937326246706545
2017-12-15 10:30:00,0.35924564796905223,0.4006579876883476
2017-12-15 10:45:00,0.35924564796905223,0.4041648098484503
2017-12-15 11:00:00,0.35924564796905223,0.4042788518496766
2017-12-15 11:15:00,0.35924564796905223,0.40754457030802654
2017-12-15 11:30:00,0.35924564796905223,0.40282549372348797
2017-12-15 11:45:00,0.35924564796905223,0.4022329487764853
2017-12-15 12:00:00,0.35924564796905223,0.4016543443898064
2017-12-15 12:15:00,0.35924564796905223,0.40659254101335246
2017-12-15 12:30:00,0.35924564796905223,0.4114208493155899
2017-12-15 12:45:00,0.35924564796905223,0.41665256818877366
2017-12-15 13:00:00,0.35924564796905223,0.42133044220330534
2017-12-15 13:15:00,0.35924564796905223,0.4212235405705163
2017-12-15 13:30:00,0.35924564796905223,0.4223143458105385
2017-12-15 13:45:00,0.35924564796905223,0.4211391823419577
2017-12-15 14:00:00,0.35924564796905223,0.42078932054198187
2017-12-15 14:15:00,0.35924564796905223,0.4248285254642534
2017-12-15 14:30:00,0.35924564796905223,0.4294310019223929
2017-12-15 14:45:00,0.35924564796905223,0.4333791855644458
2017-12-15 15:00:00,0.35924564796905223,0.43848856227259136
2017-12-15 15:15:00,0.35924564796905223,0.43753169002680137
2017-12-15 15:30:00,0.35924564796905223,0.43763504791295293
2017-12-15 15:45:00,0.35924564796905223,0.43511433708287334
2017-12-15 16:00:00,0.35924564796905223,0.43662452511161415
2017-12-15 16:15:00,0.3608317214700193,0.42928952492527306
2017-12-15 16:30:00,0.3608317214700193,0.41477795198190776
2017-12-15 16:45:00,0.3608317214700193,0.40838276060052686
2017-12-15 17:00:00,0.3608317214700193,0.405904330739549
2017-12-15 17:15:00,0.3608317214700193,0.4047303215615926
2017-12-15 17:30:00,0.3608317214700193,0.42037488140197454
2017-12-15 17:45:00,0.3608317214700193,0.4277325940978423
2017-12-15 18:00:00,0.3608317214700193,0.4262399477643564
2017-12-15 18:15:00,0.3608317214700193,0.4259761087988693
2017-12-15 18:30:00,0.3608317214700193,0.4209994167373848
2017-12-15 18:45:00,0.3608317214700193,0.41902880654941876
2017-12-15 19:00:00,0.3608317214700193,0.4225201931674765
2017-12-15 19:15:00,0.3576595744680851,0.42380039009316145
2017-12-15 19:30:00,0.356073500967118,0.4261763858858077
2017-12-15 19:45:00,0.35448742746615086,0.42769569144818
2017-12-15 20:00:00,0.35290135396518374,0.42923039783702155
2017-12-15 20:15:00,0.3497292069632495,0.4333318640175494
2017-12-15 20:30:00,0.34655705996131525,0.4374020309920504
2017-12-15 20:45:00,0.3449709864603482,0.44163285058972346
2017-12-15 21:00:00,0.3449709864603482,0.445826598741415
2017-12-15 21:15:00,0.3449709864603482,0.4483514014358362
2017-12-15 21:30:00,0.3449709864603482,0.4521211090058166
2017-12-15 21:45:00,0.3449709864603482,0.45551328734138713
2017-12-15 22:00:00,0.3449709864603482,0.4563859637061562
2017-12-15 22:15:00,0.343384912959381,0.4546920916913407
2017-12-15 22:30:00,0.3386266924564797,0.4525111565679488
2017-12-15 22:45:00,0.33545454545454545,0.44888568318007654
2017-12-15 23:00:00,0.9988888888888889,0.4318534580802448
2017-12-15 23:15:00,0.9988888888888889,0.42580734654618724
2017-12-15 23:30:00,0.9988888888888889,0.42109039007089943
2017-12-15 23:45:00,0.9988888888888889,0.4141934685053288
2017-12-16 00:00:00,0.9988888888888889,0.40625604761400685
2017-12-16 00:15:00,0.9988888888888889,0.4080167468834274
2017-12-16 00:30:00,0.9988888888888889,0.4124231145977526
2017-12-16 00:45:00,0.9988888888888889,0.41679709359785544
2017-12-16 01:00:00,0.9988888888888889,0.41975634662390715
2017-12-16 01:15:00,0.9988888888888889,0.4165293347305505
2017-12-16 01:30:00,0.9988888888888889,0.41604573292370095
2017-12-16 01:45:00,0.9988888888888889,0.4181172302450105
2017-12-16 02:00:00,0.9988888888888889,0.4163797468142866
2017-12-16 02:15:00,0.9988888888888889,0.4167604646969552
2017-12-16 02:30:00,0.9988888888888889,0.41828246933299873
2017-12-16 02:45:00,0.9988888888888889,0.4185063383769791
2017-12-16 03:00:00,0.9988888888888889,0.41956054129916986
2017-12-16 03:15:00,0.9988888888888889,0.4097661343450168
2017-12-16 03:30:00,0.9988888888888889,0.40350095809400127
2017-12-16 03:45:00,0.9988888888888889,0.3970021692630121
2017-12-16 04:00:00,0.9988888888888889,0.3915169836469133
2017-12-16 04:15:00,0.9988888888888889,0.3832696495485633
2017-12-16 04:30:00,0.9988888888888889,0.3781655502667135
2017-12-16 04:45:00,0.9988888888888889,0.3697415189028073
2017-12-16 05:00:00,0.9988888888888889,0.36459618969176755
2017-12-16 05:15:00,0.9988888888888889,0.3497662699217623
2017-12-16 05:30:00,0.9988888888888889,0.33522541326861754
2017-12-16 05:45:00,0.9988888888888889,0.3257418838283349
2017-12-16 06:00:00,0.9988888888888889,0.3144592289430501
2017-12-16 06:15:00,0.9988888888888889,0.31353999232874835
2017-12-16 06:30:00,0.9988888888888889,0.3160715938335777
2017-12-16 06:45:00,0.9988888888888889,0.322153946193696
2017-12-16 07:00:00,0.9988888888888889,0.33143494730660306
2017-12-16 07:15:00,0.9988888888888889,0.3125068994410733
2017-12-16 07:30:00,0.9988888888888889,0.29593013531926626
2017-12-16 07:45:00,0.9988888888888889,0.2744937004657479
2017-12-16 08:00:00,0.9988888888888889,0.2686577851858596
2017-12-16 08:15:00,0.9988888888888889,0.25792577294286934
2017-12-16 08:30:00,0.9988888888888889,0.24421494639338426
2017-12-16 08:45:00,0.9988888888888889,0.24430853277185052
2017-12-16 09:00:00,0.9988888888888889,0.24174282258474225
2017-12-16 09:15:00,0.9988888888888889,0.23714666248571423
2017-12-16 09:30:00,0.9988888888888889,0.22607192711110285
2017-12-16 09:45:00,0.9988888888888889,0.22601283162029448
2017-12-16 10:00:00,0.9988888888888889,0.22584791448076927
2017-12-16 10:15:00,0.9988888888888889,0.22478373926445105
2017-12-16 10:30:00,0.9988888888888889,0.22604639220113118
2017-12-16 10:45:00,0.9988888888888889,0.219271617346252
2017-12-16 11:00:00,0.9988888888888889,0.2217866455377067
2017-12-16 11:15:00,0.9988888888888889,0.2315681659295667
2017-12-16 11:30:00,0.9988888888888889,0.24729154572768572
2017-12-16 11:45:00,0.9988888888888889,0.25890839849328245
2017-12-16 12:00:00,0.9988888888888889,0.27428308001540136
2017-12-16 12:15:00,0.9988888888888889,0.3004765226776249
2017-12-16 12:30:00,0.9988888888888889,0.3293059379472245
2017-12-16 12:45:00,0.9988888888888889,0.35173353927712475
2017-12-16 13:00:00,0.9988888888888889,0.3770596868493706
2017-12-16 13:15:00,0.9988888888888889,0.39031975192226803
2017-12-16 13:30:00,0.9988888888888889,0.4146244798701521
2017-12-16 13:45:00,0.9988888888888889,0.430326440044674
2017-12-16 14:00:00,0.9988888888888889,0.4481081658698188
2017-12-16 14:15:00,0.9988888888888889,0.4520946556360454
2017-12-16 14:30:00,0.9988888888888889,0.4529031726924743
2017-12-16 14:45:00,0.33545454545454545,0.4542179787604383
2017-12-16 15:00:00,0.33704061895551257,0.4530444092356946
2017-12-16 15:15:00,0.3386266924564797,0.4518348094910726
2017-12-16 15:30:00,0.3402127659574468,0.4502734613724162
2017-12-16 15:45:00,0.4536363636363636,0.44712021986547906
2017-12-16 16:00:00,0.4536363636363636,0.44542520290056736
2017-12-16 16:15:00,0.4536363636363636,0.4523579449665441
2017-12-16 16:30:00,0.3608317214700193,0.4602843963261252
2017-12-16 16:45:00,0.3640038684719536,0.46012377191158427
2017-12-16 17:00:00,0.3640038684719536,0.44995619782156016
2017-12-16 17:15:00,0.3640038684719536,0.4621161036518355
2017-12-16 17:30:00,0.3640038684719536,0.4566874522298431
2017-12-16 17:45:00,0.3640038684719536,0.4558859471651864
2017-12-16 18:00:00,0.3640038684719536,0.4622036820539625
2017-12-16 18:15:00,0.4536363636363636,0.4689160347641516
2017-12-16 18:30:00,0.3640038684719536,0.4563641192536721
2017-12-16 18:45:00,0.3640038684719536,0.4517529303317322
2017-12-16 19:00:00,0.3640038684719536,0.45294075693000657
2017-12-16 19:15:00,0.3640038684719536,0.46655904864690956
2017-12-16 19:30:00,0.3640038684719536,0.47117390546045124
2017-12-16 19:45:00,0.356073500967118,0.472920051732031
2017-12-16 20:00:00,0.35448742746615086,0.47566840699845475
2017-12-16 20:15:00,0.35448742746615086,0.48558837171763103
2017-12-16 20:30:00,0.35448742746615086,0.4944927313201862
2017-12-16 20:45:00,0.35448742746615086,0.5033115282489895
2017-12-16 21:00:00,0.35448742746615086,0.5039147560387723
2017-12-16 21:15:00,0.35448742746615086,0.50555649411123
2017-12-16 21:30:00,0.35448742746615086,0.5109163324728834
2017-12-16 21:45:00,0.35448742746615086,0.5149307760331854
2017-12-16 22:00:00,0.35448742746615086,0.5187994737625147
2017-12-16 22:15:00,0.35448742746615086,0.5192885888627511
2017-12-16 22:30:00,0.35448742746615086,0.5177595593870943
2017-12-16 22:45:00,0.3513152804642166,0.5189877514000236
2017-12-16 23:00:00,0.3481431334622824,0.5211331159249615
2017-12-16 23:15:00,0.3481431334622824,0.5257807495857864
2017-12-16 23:30:00,0.3481431334622824,0.5306067766958036
2017-12-16 23:45:00,0.34655705996131525,0.536521291155256
2017-12-17 00:00:00,0.343384912959381,0.544561042372432
2017-12-17 00:15:00,0.9988888888888889,0.5318431875882983
2017-12-17 00:30:00,0.9988888888888889,0.49079010508179594
2017-12-17 00:45:00,0.9988888888888889,0.4665222450011012
2017-12-17 01:00:00,0.9988888888888889,0.4346929257774814
2017-12-17 01:15:00,0.9988888888888889,0.4334014430629344
2017-12-17 01:30:00,0.9988888888888889,0.43801139523234317
2017-12-17 01:45:00,0.9988888888888889,0.4408013803431179
2017-12-17 02:00:00,0.9988888888888889,0.4455920704312477
2017-12-17 02:15:00,0.9988888888888889,0.44724858675738494
2017-12-17 02:30:00,0.9988888888888889,0.4613848064933541
2017-12-17 02:45:00,0.9988888888888889,0.46703233835410934
2017-12-17 03:00:00,0.9988888888888889,0.47017748924229846
2017-12-17 03:15:00,0.9988888888888889,0.46479173202023794
2017-12-17 03:30:00,0.9988888888888889,0.46768667098062955
2017-12-17 03:45:00,0.9988888888888889,0.48471945454204185
2017-12-17 04:00:00,0.9988888888888889,0.5010945200468901
2017-12-17 04:15:00,0.9988888888888889,0.49920422095151984
2017-12-17 04:30:00,0.9988888888888889,0.4969917588851266
2017-12-17 04:45:00,0.9988888888888889,0.49146787684183596
2017-12-17 05:00:00,0.9988888888888889,0.4885294806741841
2017-12-17 05:15:00,0.9988888888888889,0.46578132926180815
2017-12-17 05:30:00,0.9988888888888889,0.4650667468271944
2017-12-17 05:45:00,0.9988888888888889,0.4725779452808566
2017-12-17 06:00:00,0.9988888888888889,0.476136274030904
2017-12-17 06:15:00,0.9988888888888889,0.4629473898711975
2017-12-17 06:30:00,0.9988888888888889,0.4597155392151162
2017-12-17 06:45:00,0.9988888888888889,0.4819476962488553
2017-12-17 07:00:00,0.9988888888888889,0.49244877317257923
2017-12-17 07:15:00,0.9988888888888889,0.46892820641787175
2017-12-17 07:30:00,0.9988888888888889,0.4479332016828216
2017-12-17 07:45:00,0.9988888888888889,0.4303725756207125
2017-12-17 08:00:00,0.9988888888888889,0.4326454692261773
2017-12-17 08:15:00,0.9988888888888889,0.4306129357446327
2017-12-17 08:30:00,0.9988888888888889,0.4580836861321847
2017-12-17 08:45:00,0.9988888888888889,0.490327110631049
2017-12-17 09:00:00,0.9988888888888889,0.5106125021317702
2017-12-17 09:15:00,0.9988888888888889,0.4981605264352155
2017-12-17 09:30:00,0.9988888888888889,0.4694094329355704
2017-12-17 09:45:00,0.9988888888888889,0.4474419204413547
2017-12-17 10:00:00,0.9988888888888889,0.43868342524196197
2017-12-17 10:15:00,0.9988888888888889,0.43483994169294143
2017-12-17 10:30:00,0.9988888888888889,0.4344243945622526
2017-12-17 10:45:00,0.9988888888888889,0.4393897815621597
2017-12-17 11:00:00,0.9988888888888889,0.443105666294029
2017-12-17 11:15:00,0.9988888888888889,0.4367794547753245
2017-12-17 11:30:00,0.9988888888888889,0.43152841118730684
2017-12-17 11:45:00,0.9988888888888889,0.413848601384139
2017-12-17 12:00:00,0.9988888888888889,0.4099520576660742
2017-12-17 12:15:00,0.9988888888888889,0.42943163441809984
2017-12-17 12:30:00,0.9988888888888889,0.4503844324416938
2017-12-17 12:45:00,0.9988888888888889,0.4691222842635137
2017-12-17 13:00:00,0.3386266924564797,0.4795576140349624
2017-12-17 13:15:00,0.3386266924564797,0.47928538209072363
2017-12-17 13:30:00,0.3386266924564797,0.49094068493730914
2017-12-17 13:45:00,0.3386266924564797,0.49585552666676563
2017-12-17 14:00:00,0.3402127659574468,0.4929147142809141
2017-12-17 14:15:00,0.34655705996131525,0.5044825981537773
2017-12-17 14:30:00,0.35290135396518374,0.5170728360206543
2017-12-17 14:45:00,0.3576595744680851,0.5301412222595125
2017-12-17 15:00:00,0.36558994197292066,0.5415774555758371
2017-12-17 15:15:00,0.36558994197292066,0.5406391726415382
2017-12-17 15:30:00,0.36717601547388784,0.5396737102205345
2017-12-17 15:45:00,0.36717601547388784,0.542627467118142
2017-12-17 16:00:00,0.36717601547388784,0.545342658339083
2017-12-17 16:15:00,0.3846228239845261,0.5324850452466617
2017-12-17 16:30:00,0.3846228239845261,0.5189218499587943
2017-12-17 16:45:00,0.3846228239845261,0.505723954980778
2017-12-17 17:00:00,0.3846228239845261,0.49483169188929166
2017-12-17 17:15:00,0.3846228239845261,0.4982348870838529
2017-12-17 17:30:00,0.3846228239845261,0.4930154388627324
2017-12-17 17:45:00,0.3846228239845261,0.4911729217567702
2017-12-17 18:00:00,0.3846228239845261,0.5181795111195953
2017-12-17 18:15:00,0.3846228239845261,0.49521569202419363
2017-12-17 18:30:00,0.3846228239845261,0.4961883995329624
2017-12-17 18:45:00,0.3846228239845261,0.5009095508207572
2017-12-17 19:00:00,0.3846228239845261,0.5063010897311299
2017-12-17 19:15:00,0.38303675048355895,0.5065712064291101
2017-12-17 19:30:00,0.37986460348162476,0.5033566163054618
2017-12-17 19:45:00,0.37986460348162476,0.5050158382363834
2017-12-17 20:00:00,0.37986460348162476,0.5029748165678243
2017-12-17 20:15:00,0.3766924564796905,0.504288301056632
2017-12-17 20:30:00,0.3766924564796905,0.5072858483053961
2017-12-17 20:45:00,0.37352030947775633,0.5057454246187619
2017-12-17 21:00:00,0.37352030947775633,0.5055271879768762
2017-12-17 21:15:00,0.37352030947775633,0.512147251188033
2017-12-17 21:30:00,0.37352030947775633,0.5218732290677889
2017-12-17 21:45:00,0.37352030947775633,0.5315525089980063
2017-12-17 22:00:00,0.37352030947775633,0.5328160550627502
2017-12-17 22:15:00,0.37352030947775633,0.532257558854892
2017-12-17 22:30:00,0.37352030947775633,0.5338497373766499
2017-12-17 22:45:00,0.37352030947775633,0.5390921888687318
2017-12-17 23:00:00,0.37352030947775633,0.5431044467755519
2017-12-17 23:15:00,0.37352030947775633,0.5419270606646632
2017-12-17 23:30:00,0.37352030947775633,0.5425091263738229
2017-12-17 23:45:00,0.37352030947775633,0.5372007179617416
2017-12-18 00:00:00,0.3814506769825919,0.5370010192641645
2017-12-18 00:15:00,0.3814506769825919,0.5412389765150272
2017-12-18 00:30:00,0.3814506769825919,0.5476834999826531
2017-12-18 00:45:00,0.3814506769825919,0.5539934983349364
2017-12-18 01:00:00,0.3814506769825919,0.5605680133208768
2017-12-18 01:15:00,0.3814506769825919,0.5580248232203766
2017-12-18 01:30:00,0.3814506769825919,0.554366388588815
2017-12-18 01:45:00,0.3814506769825919,0.5503965047442201
2017-12-18 02:00:00,0.3814506769825919,0.5534147238742189
2017-12-18 02:15:00,0.3814506769825919,0.5549990741056073
2017-12-18 02:30:00,0.3814506769825919,0.554390337261584
2017-12-18 02:45:00,0.3814506769825919,0.5552081587245394
2017-12-18 03:00:00,0.3814506769825919,0.5602413091222359
2017-12-18 03:15:00,0.3814506769825919,0.5601033706362063
2017-12-18 03:30:00,0.3814506769825919,0.5556413753364591
2017-12-18 03:45:00,0.3814506769825919,0.5531579940673971
2017-12-18 04:00:00,0.3814506769825919,0.5497708000034421
2017-12-18 04:15:00,0.3814506769825919,0.5494627187099614
2017-12-18 04:30:00,0.3814506769825919,0.5440074593088677
2017-12-18 04:45:00,0.3814506769825919,0.5400296958605336
2017-12-18 05:00:00,0.3814506769825919,0.5287293050246638
2017-12-18 05:15:00,0.3814506769825919,0.5239745728185482
2017-12-18 05:30:00,0.3814506769825919,0.5118794185226051
2017-12-18 05:45:00,0.3814506769825919,0.5037279885296905
2017-12-18 06:00:00,0.3814506769825919,0.4951116959939053
2017-12-18 06:15:00,0.3814506769825919,0.4924671131093021
2017-12-18 06:30:00,0.3814506769825919,0.48964903899345363
2017-12-18 06:45:00,0.3814506769825919,0.4870431955892864
2017-12-18 07:00:00,0.3814506769825919,0.48454921987204036
2017-12-18 07:15:00,0.38303675048355895,0.4830307683054039
2017-12-18 07:30:00,0.3846228239845261,0.482302165802434
2017-12-18 07:45:00,0.38620889748549325,0.48154763692833685
2017-12-18 08:00:00,0.3877949709864604,0.4806820845942127
2017-12-18 08:15:00,0.3877949709864604,0.4792090059885331
2017-12-18 08:30:00,0.3877949709864604,0.4756971840217216
2017-12-18 08:45:00,0.3877949709864604,0.47417689488536785
2017-12-18 09:00:00,0.3877949709864604,0.4729887185074416
2017-12-18 09:15:00,0.3877949709864604,0.47126219189719876
2017-12-18 09:30:00,0.3877949709864604,0.46770046056663594
2017-12-18 09:45:00,0.3877949709864604,0.4635191196334865
2017-12-18 10:00:00,0.3877949709864604,0.46017112411040756
2017-12-18 10:15:00,0.3877949709864604,0.46181853659872113
2017-12-18 10:30:00,0.3877949709864604,0.4604634123876412
2017-12-18 10:45:00,0.3877949709864604,0.45998261572860444
2017-12-18 11:00:00,0.3877949709864604,0.4598876905979269
2017-12-18 11:15:00,0.3877949709864604,0.46005475540696494
2017-12-18 11:30:00,0.3877949709864604,0.46064825001612847
2017-12-18 11:45:00,0.3877949709864604,0.46148776758504373
2017-12-18 12:00:00,0.3877949709864604,0.46274549656810604
2017-12-18 12:15:00,0.3877949709864604,0.463337016483483
2017-12-18 12:30:00,0.3877949709864604,0.46395679232433845
2017-12-18 12:45:00,0.3877949709864604,0.4644139501649585
2017-12-18 13:00:00,0.3877949709864604,0.46472020047975765
2017-12-18 13:15:00,0.3877949709864604,0.4666769302053954
2017-12-18 13:30:00,0.3877949709864604,0.4679297954451688
2017-12-18 13:45:00,0.3877949709864604,0.469421669968658
2017-12-18 14:00:00,0.3877949709864604,0.47063516463290733
2017-12-18 14:15:00,0.3877949709864604,0.4705063787253122
2017-12-18 14:30:00,0.3877949709864604,0.46981209085478653
2017-12-18 14:45:00,0.3877949709864604,0.4705635650791663
2017-12-18 15:00:00,0.3877949709864604,0.46927975125096305
2017-12-18 15:15:00,0.3925531914893617,0.47520195462748094
2017-12-18 15:30:00,0.395725338491296,0.4818632404459868
2017-12-18 15:45:00,0.4004835589941973,0.4877354754000512
2017-12-18 16:00:00,0.4052417794970986,0.4903417404686378
2017-12-18 16:15:00,0.4052417794970986,0.4847526921074061
2017-12-18 16:30:00,0.4052417794970986,0.4897141907534491
2017-12-18 16:45:00,0.40682785299806573,0.48683359663598796
2017-12-18 17:00:00,0.40682785299806573,0.4826273029932273
2017-12-18 17:15:00,0.40682785299806573,0.4764208891420589
2017-12-18 17:30:00,0.40682785299806573,0.4684738776964775
2017-12-18 17:45:00,0.40682785299806573,0.46695895741913285
2017-12-18 18:00:00,0.40682785299806573,0.4797223628016708
2017-12-18 18:15:00,0.40682785299806573,0.483950643131457
2017-12-18 18:30:00,0.40682785299806573,0.48407851882527037
2017-12-18 18:45:00,0.40682785299806573,0.48636837295208535
2017-12-18 19:00:00,0.40682785299806573,0.4908562586792047
2017-12-18 19:15:00,0.40682785299806573,0.48875768559385036
2017-12-18 19:30:00,0.40682785299806573,0.48744708547343946
2017-12-18 19:45:00,0.39096711798839456,0.486654751251956
2017-12-18 20:00:00,0.38303675048355895,0.48928700744250714
2017-12-18 20:15:00,0.3814506769825919,0.4936592955813057
2017-12-18 20:30:00,0.37986460348162476,0.4997501444944027
2017-12-18 20:45:00,0.37986460348162476,0.5016105472949398
2017-12-18 21:00:00,0.37986460348162476,0.502165120903948
2017-12-18 21:15:00,0.37827852998065764,0.5026727230587036
2017-12-18 21:30:00,0.3766924564796905,0.5033001540807943
2017-12-18 21:45:00,0.3640038684719536,0.5176037092525411
2017-12-18 22:00:00,0.3640038684719536,0.5085436744823609
2017-12-18 22:15:00,0.3640038684719536,0.5050666127713312
2017-12-18 22:30:00,0.35924564796905223,0.5067285649646559
2017-12-18 22:45:00,0.3481431334622824,0.5117539536270317
2017-12-18 23:00:00,0.34655705996131525,0.5129086206659977
2017-12-18 23:15:00,0.34655705996131525,0.5076792393231319
2017-12-18 23:30:00,0.34655705996131525,0.5004843360118192
2017-12-18 23:45:00,0.3449709864603482,0.4968821485168114
2017-12-19 00:00:00,0.41000000000000003,0.46614410263106976
2017-12-19 00:15:00,0.41000000000000003,0.4706913247742247
2017-12-19 00:30:00,0.41000000000000003,0.486146460663919
2017-12-19 00:45:00,0.41000000000000003,0.4976231140017729
2017-12-19 01:00:00,0.41000000000000003,0.5095230477815561
2017-12-19 01:15:00,0.41000000000000003,0.4967288394047286
2017-12-19 01:30:00,0.41000000000000003,0.4854179723299048
2017-12-19 01:45:00,0.41000000000000003,0.4728450607573958
2017-12-19 02:00:00,0.41000000000000003,0.47777871534142063
2017-12-19 02:15:00,0.41000000000000003,0.48644968723567406
2017-12-19 02:30:00,0.41000000000000003,0.47376065445717913
2017-12-19 02:45:00,0.41000000000000003,0.47289307497815414
2017-12-19 03:00:00,0.41000000000000003,0.4732069517010229
2017-12-19 03:15:00,0.41000000000000003,0.4730349102704366
2017-12-19 03:30:00,0.41000000000000003,0.47410247607757217
2017-12-19 03:45:00,0.41000000000000003,0.47257726945142914
2017-12-19 04:00:00,0.41000000000000003,0.4705152660910145
2017-12-19 04:15:00,0.41000000000000003,0.4676027894936401
2017-12-19 04:30:00,0.41000000000000003,0.4729237429079344
2017-12-19 04:45:00,0.41000000000000003,0.48284225407359044
2017-12-19 05:00:00,0.41000000000000003,0.4936630496669981
2017-12-19 05:15:00,0.41000000000000003,0.4906670238655137
2017-12-19 05:30:00,0.41000000000000003,0.49052344064407016
2017-12-19 05:45:00,0.41000000000000003,0.4919394654997598
2017-12-19 06:00:00,0.41000000000000003,0.4926054750298812
2017-12-19 06:15:00,0.41000000000000003,0.4916450860900443
2017-12-19 06:30:00,0.41000000000000003,0.4930662874945319
2017-12-19 06:45:00,0.41000000000000003,0.4904835645611731
2017-12-19 07:00:00,0.41000000000000003,0.4889623641959538
2017-12-19 07:15:00,0.41000000000000003,0.4844869174533359
2017-12-19 07:30:00,0.41000000000000003,0.480179810543607
2017-12-19 07:45:00,0.41000000000000003,0.475624605697289
2017-12-19 08:00:00,0.41000000000000003,0.4724125154938493
2017-12-19 08:15:00,0.41000000000000003,0.47239851456080467
2017-12-19 08:30:00,0.41000000000000003,0.47318600707799635
2017-12-19 08:45:00,0.41000000000000003,0.47339120406796487
2017-12-19 09:00:00,0.41000000000000003,0.47445331177110484
2017-12-19 09:15:00,0.41000000000000003,0.4710122639228896
2017-12-19 09:30:00,0.41000000000000003,0.4669798994480634
2017-12-19 09:45:00,0.41000000000000003,0.4626319773742711
2017-12-19 10:00:00,0.41000000000000003,0.4591378549341161
2017-12-19 10:15:00,0.41000000000000003,0.45670072788933486
2017-12-19 10:30:00,0.41000000000000003,0.45449841762087817
2017-12-19 10:45:00,0.41000000000000003,0.45249548662927597
2017-12-19 11:00:00,0.41000000000000003,0.45024509228436455
2017-12-19 11:15:00,0.41000000000000003,0.4539080419003246
2017-12-19 11:30:00,0.41000000000000003,0.45699860427042577
2017-12-19 11:45:00,0.41000000000000003,0.45969522866097506
2017-12-19 12:00:00,0.41000000000000003,0.46337603345305944
2017-12-19 12:15:00,0.41000000000000003,0.4647205104155125
2017-12-19 12:30:00,0.41000000000000003,0.4655585755201395
2017-12-19 12:45:00,0.41000000000000003,0.46775912862704144
2017-12-19 13:00:00,0.41000000000000003,0.46798569285772745
2017-12-19 13:15:00,0.41000000000000003,0.4759677995080443
2017-12-19 13:30:00,0.41000000000000003,0.48437440369131707
2017-12-19 13:45:00,0.41000000000000003,0.4923479544567504
2017-12-19 14:00:00,0.41000000000000003,0.5022595221152675
2017-12-19 14:15:00,0.41000000000000003,0.501314521843769
2017-12-19 14:30:00,0.41000000000000003,0.502093787898648
2017-12-19 14:45:00,0.41000000000000003,0.5047772142225642
2017-12-19 15:00:00,0.41000000000000003,0.5040294232892195
2017-12-19 15:15:00,0.41000000000000003,0.5045837636531778
2017-12-19 15:30:00,0.41000000000000003,0.505496658651152
2017-12-19 15:45:00,0.41000000000000003,0.5087550561426581
2017-12-19 16:00:00,0.41000000000000003,0.5079715161630073
2017-12-19 16:15:00,0.41000000000000003,0.5043734802173326
2017-12-19 16:30:00,0.41000000000000003,0.5037653659551189
2017-12-19 16:45:00,0.41000000000000003,0.4964102361994869
2017-12-19 17:00:00,0.41000000000000003,0.494206135147315
2017-12-19 17:15:00,0.41000000000000003,0.4847998891359269
2017-12-19 17:30:00,0.41000000000000003,0.4830217073547868
2017-12-19 17:45:00,0.41000000000000003,0.49422623607057814
2017-12-19 18:00:00,0.41000000000000003,0.4980091707907486
2017-12-19 18:15:00,0.41000000000000003,0.49379587758861365
2017-12-19 18:30:00,0.41000000000000003,0.4996981246733228
2017-12-19 18:45:00,0.41000000000000003,0.5041086043491739
2017-12-19 19:00:00,0.41000000000000003,0.5054457347587239
2017-12-19 19:15:00,0.41000000000000003,0.5080299128291913
2017-12-19 19:30:00,0.41000000000000003,0.5101759895821852
2017-12-19 19:45:00,0.41000000000000003,0.5163227345520439
2017-12-19 20:00:00,0.41000000000000003,0.517902545988905
2017-12-19 20:15:00,0.41000000000000003,0.5213516443391343
2017-12-19 20:30:00,0.41000000000000003,0.5260984258154833
2017-12-19 20:45:00,0.41000000000000003,0.5300343165154743
2017-12-19 21:00:00,0.41000000000000003,0.5343969351729473
2017-12-19 21:15:00,0.41000000000000003,0.5357240625424543
2017-12-19 21:30:00,0.41000000000000003,0.5341009208746739
2017-12-19 21:45:00,0.41000000000000003,0.5331611882165265
2017-12-19 22:00:00,0.41000000000000003,0.5358767492302995
2017-12-19 22:15:00,0.41000000000000003,0.5367456305347297
2017-12-19 22:30:00,0.41000000000000003,0.5380064922296232
2017-12-19 22:45:00,0.41000000000000003,0.5426323642403538
2017-12-19 23:00:00,0.41000000000000003,0.5502116583844648
2017-12-19 23:15:00,0.41000000000000003,0.5539148606547398
2017-12-19 23:30:00,0.41000000000000003,0.5622140398320362
2017-12-19 23:45:00,0.41000000000000003,0.5696890475543048
2017-12-20 00:00:00,0.3814506769825919,0.5743958657919989
2017-12-20 00:15:00,0.3814506769825919,0.5725860913580884
2017-12-20 00:30:00,0.3814506769825919,0.5723722760168144
2017-12-20 00:45:00,0.3814506769825919,0.5704717107092434
2017-12-20 01:00:00,0.3814506769825919,0.5703443347985226
2017-12-20 01:15:00,0.3814506769825919,0.5732113187153075
2017-12-20 01:30:00,0.3814506769825919,0.5760630441337925
2017-12-20 01:45:00,0.3814506769825919,0.5814449471419391
2017-12-20 02:00:00,0.3814506769825919,0.585788473841595
2017-12-20 02:15:00,0.3814506769825919,0.5876964502051489
2017-12-20 02:30:00,0.3814506769825919,0.5888629345471014
2017-12-20 02:45:00,0.3814506769825919,0.5887242315322009
2017-12-20 03:00:00,0.3814506769825919,0.5890749124495969
2017-12-20 03:15:00,0.3814506769825919,0.590168332106367
2017-12-20 03:30:00,0.3814506769825919,0.5875697235472473
2017-12-20 03:45:00,0.3814506769825919,0.5870601702065584
2017-12-20 04:00:00,0.3814506769825919,0.5793409111395948
2017-12-20 04:15:00,0.3814506769825919,0.5747734371259333
2017-12-20 04:30:00,0.3814506769825919,0.5700418241120752
2017-12-20 04:45:00,0.3814506769825919,0.5689228619131366
2017-12-20 05:00:00,0.3814506769825919,0.5615593037824049
2017-12-20 05:15:00,0.3814506769825919,0.5566479109481154
2017-12-20 05:30:00,0.3814506769825919,0.5510840698358429
2017-12-20 05:45:00,0.3814506769825919,0.5450100917789847
2017-12-20 06:00:00,0.3814506769825919,0.5357693235558162
2017-12-20 06:15:00,0.3814506769825919,0.5258492687035882
2017-12-20 06:30:00,0.3814506769825919,0.5165670968139271
2017-12-20 06:45:00,0.3814506769825919,0.5098298090216155
2017-12-20 07:00:00,0.3814506769825919,0.5019993104452455
2017-12-20 07:15:00,0.3814506769825919,0.4975498951445563
2017-12-20 07:30:00,0.3814506769825919,0.4938484012804419
2017-12-20 07:45:00,0.3814506769825919,0.4932615370361835
2017-12-20 08:00:00,0.3814506769825919,0.49089775929283025
2017-12-20 08:15:00,0.4536363636363636,0.4857356539882819
2017-12-20 08:30:00,0.3814506769825919,0.4821896116980863
2017-12-20 08:45:00,0.3814506769825919,0.4793004577576689
2017-12-20 09:00:00,0.3814506769825919,0.4762221075957321
2017-12-20 09:15:00,0.3814506769825919,0.472241310699809
2017-12-20 09:30:00,0.3814506769825919,0.4678103630972995
2017-12-20 09:45:00,0.3814506769825919,0.46399791877811786
2017-12-20 10:00:00,0.3814506769825919,0.4599376016830477
2017-12-20 10:15:00,0.3814506769825919,0.4597047368126285
2017-12-20 10:30:00,0.3814506769825919,0.45851817714141696
2017-12-20 10:45:00,0.3814506769825919,0.45740408132284505
2017-12-20 11:00:00,0.3814506769825919,0.4568948510616617
2017-12-20 11:15:00,0.3814506769825919,0.45752438281227237
2017-12-20 11:30:00,0.3814506769825919,0.45812126881362375
2017-12-20 11:45:00,0.3814506769825919,0.4593883292812789
2017-12-20 12:00:00,0.3814506769825919,0.46108111624197007
2017-12-20 12:15:00,0.3814506769825919,0.4617780544930682
2017-12-20 12:30:00,0.3814506769825919,0.462773848391238
2017-12-20 12:45:00,0.3814506769825919,0.4611362927227825
2017-12-20 13:00:00,0.3814506769825919,0.45971013511181064
2017-12-20 13:15:00,0.3814506769825919,0.46162365199060135
2017-12-20 13:30:00,0.3814506769825919,0.4643371665476266
2017-12-20 13:45:00,0.3814506769825919,0.46756710964876547
2017-12-20 14:00:00,0.3814506769825919,0.4688317945961499
2017-12-20 14:15:00,0.3814506769825919,0.47482457623576263
2017-12-20 14:30:00,0.3814506769825919,0.48360231505557866
2017-12-20 14:45:00,0.3814506769825919,0.49042490887859597
2017-12-20 15:00:00,0.38303675048355895,0.49614097811801067
2017-12-20 15:15:00,0.4536363636363636,0.4998841547103832
2017-12-20 15:30:00,0.4536363636363636,0.4989332150364306
2017-12-20 15:45:00,0.3973114119922631,0.5023718899782534
2017-12-20 16:00:00,0.4020696324951644,0.5039227371942354
2017-12-20 16:15:00,0.4052417794970986,0.506652229094722
2017-12-20 16:30:00,0.4536363636363636,0.5076334857763831
2017-12-20 16:45:00,0.41000000000000003,0.4957034889410322
2017-12-20 17:00:00,0.41000000000000003,0.4907453311627326
2017-12-20 17:15:00,0.41000000000000003,0.4847709457208007
2017-12-20 17:30:00,0.41000000000000003,0.48771756364480795
2017-12-20 17:45:00,0.4536363636363636,0.5158829622308891
2017-12-20 18:00:00,0.41000000000000003,0.49413058745232424
2017-12-20 18:15:00,0.41000000000000003,0.4914345321574587
2017-12-20 18:30:00,0.41000000000000003,0.48803963867724337
2017-12-20 18:45:00,0.41000000000000003,0.4959498816496164
2017-12-20 19:00:00,0.41000000000000003,0.49776631465477217
2017-12-20 19:15:00,0.4536363636363636,0.5076820536901219
2017-12-20 19:30:00,0.4536363636363636,0.5077025218366478
2017-12-20 19:45:00,0.4536363636363636,0.5097690061306477
2017-12-20 20:00:00,0.4020696324951644,0.5128464215962899
2017-12-20 20:15:00,0.4536363636363636,0.5184350886028598
2017-12-20 20:30:00,0.38620889748549325,0.5252408952318339
2017-12-20 20:45:00,0.38620889748549325,0.5212598912676861
2017-12-20 21:00:00,0.38620889748549325,0.5213767860672323
2017-12-20 21:15:00,0.38303675048355895,0.5303391650749721
2017-12-20 21:30:00,0.38303675048355895,0.5287378169122119
2017-12-20 21:45:00,0.38303675048355895,0.5295296281307712
2017-12-20 22:00:00,0.3814506769825919,0.5334750042925024
2017-12-20 22:15:00,0.37986460348162476,0.5340240591595884
2017-12-20 22:30:00,0.37827852998065764,0.5352418853635684
2017-12-20 22:45:00,0.4536363636363636,0.5379560033063281
2017-12-20 23:00:00,0.37193423597678915,0.5389066544818801
2017-12-20 23:15:00,0.36558994197292066,0.538739772668319
2017-12-20 23:30:00,0.3576595744680851,0.5404774712191467
2017-12-20 23:45:00,0.4536363636363636,0.5393024385867023
2017-12-21 00:00:00,0.3513152804642166,0.5351489565298119
2017-12-21 00:15:00,0.3481431334622824,0.5349582246512726
2017-12-21 00:30:00,0.4536363636363636,0.5381227588742494
2017-12-21 00:45:00,0.343384912959381,0.5416542270923648
2017-12-21 01:00:00,0.3402127659574468,0.5439243876825971
2017-12-21 01:15:00,0.3386266924564797,0.5429923743462883
2017-12-21 01:30:00,0.33704061895551257,0.5422199613090045
2017-12-21 01:45:00,0.33545454545454545,0.5409878252401936
2017-12-21 02:00:00,0.9988888888888889,0.5335293143526838
2017-12-21 02:15:00,0.9988888888888889,0.5133125521523747
2017-12-21 02:30:00,0.9988888888888889,0.495570250628276
2017-12-21 02:45:00,0.9988888888888889,0.49313742916520775
2017-12-21 03:00:00,0.9988888888888889,0.49741266937658735
2017-12-21 03:15:00,0.9988888888888889,0.4968705198181973
2017-12-21 03:30:00,0.9988888888888889,0.49776013840933353
2017-12-21 03:45:00,0.9988888888888889,0.4987308628268416
2017-12-21 04:00:00,0.9988888888888889,0.4957271701322263
2017-12-21 04:15:00,0.9988888888888889,0.492691775058222
2017-12-21 04:30:00,0.9988888888888889,0.49032578525414255
2017-12-21 04:45:00,0.9988888888888889,0.48813462600528434
2017-12-21 05:00:00,0.9988888888888889,0.47402414593207814
2017-12-21 05:15:00,0.9988888888888889,0.46808616477819714
2017-12-21 05:30:00,0.9988888888888889,0.4686026121944356
2017-12-21 05:45:00,0.9988888888888889,0.47930491787333884
2017-12-21 06:00:00,0.9988888888888889,0.47636358143321544
2017-12-21 06:15:00,0.3417988394584139,0.4745768478019702
2017-12-21 06:30:00,0.34655705996131525,0.4738049021235563
2017-12-21 06:45:00,0.3513152804642166,0.4731631129710681
2017-12-21 07:00:00,0.3576595744680851,0.4720622935688647
2017-12-21 07:15:00,0.3576595744680851,0.4681106965574771
2017-12-21 07:30:00,0.35924564796905223,0.4647982313565691
2017-12-21 07:45:00,0.35924564796905223,0.46360427128382115
2017-12-21 08:00:00,0.3608317214700193,0.45960731870956334
2017-12-21 08:15:00,0.3608317214700193,0.45472246196725485
2017-12-21 08:30:00,0.3608317214700193,0.4525132764538818
2017-12-21 08:45:00,0.3608317214700193,0.44855756941087227
2017-12-21 09:00:00,0.3608317214700193,0.4437904305641549
2017-12-21 09:15:00,0.3608317214700193,0.4463158442319633
2017-12-21 09:30:00,0.3608317214700193,0.449486515858801
2017-12-21 09:45:00,0.3608317214700193,0.4531213630270415
2017-12-21 10:00:00,0.3608317214700193,0.45691275302395506
2017-12-21 10:15:00,0.3608317214700193,0.45806746426091915
2017-12-21 10:30:00,0.3608317214700193,0.45687458492935995
2017-12-21 10:45:00,0.3624177949709865,0.45498911718118346
2017-12-21 11:00:00,0.3624177949709865,0.45737275646666803
2017-12-21 11:15:00,0.3624177949709865,0.4519313308785608
2017-12-21 11:30:00,0.3624177949709865,0.44735925534816
2017-12-21 11:45:00,0.3624177949709865,0.4431576510391976
2017-12-21 12:00:00,0.3624177949709865,0.43931218182931564
2017-12-21 12:15:00,0.3624177949709865,0.4437020871254671
2017-12-21 12:30:00,0.3624177949709865,0.4492879254153184
2017-12-21 12:45:00,0.3624177949709865,0.45444078157887036
2017-12-21 13:00:00,0.3624177949709865,0.4593036418722017
2017-12-21 13:15:00,0.3624177949709865,0.4604873772709045
2017-12-21 13:30:00,0.3624177949709865,0.4591025488218214
2017-12-21 13:45:00,0.3624177949709865,0.4591425607897981
2017-12-21 14:00:00,0.3624177949709865,0.45979552308170063
2017-12-21 14:15:00,0.3624177949709865,0.46174210342602723
2017-12-21 14:30:00,0.3640038684719536,0.46379248764592135
2017-12-21 14:45:00,0.36558994197292066,0.46574585363072185
2017-12-21 15:00:00,0.36717601547388784,0.4677472132476107
2017-12-21 15:15:00,0.36717601547388784,0.47067843066267295
2017-12-21 15:30:00,0.36717601547388784,0.4727330816421606
2017-12-21 15:45:00,0.37034816247582203,0.4725379149654567
2017-12-21 16:00:00,0.3766924564796905,0.47099271555821826
2017-12-21 16:15:00,0.37827852998065764,0.47190371312727686
2017-12-21 16:30:00,0.3814506769825919,0.4723000730630516
2017-12-21 16:45:00,0.3814506769825919,0.47362650681358615
2017-12-21 17:00:00,0.3814506769825919,0.4751515314376677
2017-12-21 17:15:00,0.38303675048355895,0.472111234724734
2017-12-21 17:30:00,0.38303675048355895,0.4650761575244099
2017-12-21 17:45:00,0.38303675048355895,0.4651350430183531
2017-12-21 18:00:00,0.38303675048355895,0.466143572839345
2017-12-21 18:15:00,0.38303675048355895,0.46882189655788764
2017-12-21 18:30:00,0.38303675048355895,0.46683396886197837
2017-12-21 18:45:00,0.38303675048355895,0.47765913268993665
2017-12-21 19:00:00,0.38303675048355895,0.4753955461955214
2017-12-21 19:15:00,0.38303675048355895,0.49610826071599134
2017-12-21 19:30:00,0.38303675048355895,0.4927192649338924
2017-12-21 19:45:00,0.38303675048355895,0.4929557367499763
2017-12-21 20:00:00,0.38303675048355895,0.4959098483734621
2017-12-21 20:15:00,0.37986460348162476,0.5016147877674593
2017-12-21 20:30:00,0.37986460348162476,0.5073949625463732
2017-12-21 20:45:00,0.37510638297872334,0.5146892159111423
2017-12-21 21:00:00,0.37193423597678915,0.5248159636921913
2017-12-21 21:15:00,0.3687620889748549,0.5245620197294196
2017-12-21 21:30:00,0.3687620889748549,0.5226616184326831
2017-12-21 21:45:00,0.3687620889748549,0.5258251738276254
2017-12-21 22:00:00,0.3687620889748549,0.5120881907176189
2017-12-21 22:15:00,0.36558994197292066,0.5208869847476477
2017-12-21 22:30:00,0.36558994197292066,0.530240093182243
2017-12-21 22:45:00,0.36558994197292066,0.5343781372668341
2017-12-21 23:00:00,0.36558994197292066,0.5389119658661813
2017-12-21 23:15:00,0.36558994197292066,0.5428229357078047
2017-12-21 23:30:00,0.36558994197292066,0.5463193454535287
2017-12-21 23:45:00,0.36558994197292066,0.5500819276488926
2017-12-22 00:00:00,0.3687620889748549,0.554121811657895
2017-12-22 00:15:00,0.3687620889748549,0.5586834295678392
2017-12-22 00:30:00,0.3687620889748549,0.5629611631639125
2017-12-22 00:45:00,0.3687620889748549,0.5663139151093934
2017-12-22 01:00:00,0.3687620889748549,0.5751892961286388
2017-12-22 01:15:00,0.3687620889748549,0.579683421225771
2017-12-22 01:30:00,0.3687620889748549,0.5827029714916804
2017-12-22 01:45:00,0.3687620889748549,0.5859826627658954
2017-12-22 02:00:00,0.3687620889748549,0.594947401628716
2017-12-22 02:15:00,0.3687620889748549,0.5966596484536024
2017-12-22 02:30:00,0.3687620889748549,0.5989735733477252
2017-12-22 02:45:00,0.3687620889748549,0.5952334211699556
2017-12-22 03:00:00,0.3687620889748549,0.5974918578758134
2017-12-22 03:15:00,0.3687620889748549,0.5930597463135193
2017-12-22 03:30:00,0.3687620889748549,0.5929196925951645
2017-12-22 03:45:00,0.3687620889748549,0.5904878385510895
2017-12-22 04:00:00,0.3687620889748549,0.5801276791945601
2017-12-22 04:15:00,0.3687620889748549,0.5803852666300966
2017-12-22 04:30:00,0.3687620889748549,0.5772369849477212
2017-12-22 04:45:00,0.3687620889748549,0.5726271808290694
2017-12-22 05:00:00,0.3687620889748549,0.5614445241487895
2017-12-22 05:15:00,0.3687620889748549,0.5617346268223176
2017-12-22 05:30:00,0.3687620889748549,0.5557012804487801
2017-12-22 05:45:00,0.3687620889748549,0.5554259165344211
2017-12-22 06:00:00,0.3687620889748549,0.5532480506167823
2017-12-22 06:15:00,0.3687620889748549,0.547416200196777
2017-12-22 06:30:00,0.3687620889748549,0.5417698514472337
2017-12-22 06:45:00,0.3687620889748549,0.5361525552420818
2017-12-22 07:00:00,0.3687620889748549,0.5308134622474349
2017-12-22 07:15:00,0.3687620889748549,0.5256316871819385
2017-12-22 07:30:00,0.37034816247582203,0.5179115654680995
2017-12-22 07:45:00,0.37034816247582203,0.5118037635425985
2017-12-22 08:00:00,0.37193423597678915,0.504372832843711
2017-12-22 08:15:00,0.37193423597678915,0.503870083879691
2017-12-22 08:30:00,0.37193423597678915,0.5024688496272345
2017-12-22 08:45:00,0.37193423597678915,0.49908096007912156
2017-12-22 09:00:00,0.37193423597678915,0.49831804069190466
2017-12-22 09:15:00,0.37193423597678915,0.49155636541941744
2017-12-22 09:30:00,0.37193423597678915,0.48605080554549773
2017-12-22 09:45:00,0.37193423597678915,0.47896500686469
2017-12-22 10:00:00,0.37193423597678915,0.47170655953984014
2017-12-22 10:15:00,0.37193423597678915,0.466923542705985
2017-12-22 10:30:00,0.37193423597678915,0.46319136922517246
2017-12-22 10:45:00,0.37193423597678915,0.4615188134592508
2017-12-22 11:00:00,0.37193423597678915,0.458015641767881
2017-12-22 11:15:00,0.37193423597678915,0.45612226934564415
2017-12-22 11:30:00,0.37193423597678915,0.456076210194392
2017-12-22 11:45:00,0.37193423597678915,0.45603370546397604
2017-12-22 12:00:00,0.37193423597678915,0.4552583033543251
2017-12-22 12:15:00,0.37193423597678915,0.4598676435832189
2017-12-22 12:30:00,0.37193423597678915,0.4625588781274858
2017-12-22 12:45:00,0.37193423597678915,0.46768964857943485
2017-12-22 13:00:00,0.37193423597678915,0.4706104024960635
2017-12-22 13:15:00,0.37193423597678915,0.4730410350018929
2017-12-22 13:30:00,0.37193423597678915,0.47603845058719785
2017-12-22 13:45:00,0.37193423597678915,0.47995958570423924
2017-12-22 14:00:00,0.37193423597678915,0.4831094722974055
2017-12-22 14:15:00,0.37193423597678915,0.4879450918290302
2017-12-22 14:30:00,0.37193423597678915,0.4925384702134056
2017-12-22 14:45:00,0.37193423597678915,0.4973157819177351
2017-12-22 15:00:00,0.37193423597678915,0.499768174865998
2017-12-22 15:15:00,0.37193423597678915,0.5040246914268126
2017-12-22 15:30:00,0.37510638297872334,0.5076102776191431
2017-12-22 15:45:00,0.37986460348162476,0.5098137896131026
2017-12-22 16:00:00,0.38303675048355895,0.516232055075567
2017-12-22 16:15:00,0.38303675048355895,0.5221886599868256
2017-12-22 16:30:00,0.38620889748549325,0.5202838413108894
2017-12-22 16:45:00,0.3877949709864604,0.516176900077144
2017-12-22 17:00:00,0.3877949709864604,0.49934301265462655
2017-12-22 17:15:00,0.3877949709864604,0.48805992757520644
2017-12-22 17:30:00,0.3893810444874275,0.4967018075346679
2017-12-22 17:45:00,0.3893810444874275,0.500610884125183
2017-12-22 18:00:00,0.3893810444874275,0.4975984140602282
2017-12-22 18:15:00,0.3893810444874275,0.5052176589248686
2017-12-22 18:30:00,0.3893810444874275,0.5062796884962139
2017-12-22 18:45:00,0.3893810444874275,0.5072654634086031
2017-12-22 19:00:00,0.3893810444874275,0.51750545049266
2017-12-22 19:15:00,0.3893810444874275,0.5212782143164237
2017-12-22 19:30:00,0.3893810444874275,0.5208136048100587
2017-12-22 19:45:00,0.3893810444874275,0.5328920206141652
2017-12-22 20:00:00,0.3893810444874275,0.5266965305678675
2017-12-22 20:15:00,0.3893810444874275,0.5252983411992513
2017-12-22 20:30:00,0.37034816247582203,0.5239376243054534
2017-12-22 20:45:00,0.36717601547388784,0.5230769697294341
2017-12-22 21:00:00,0.3624177949709865,0.5217025289581071
2017-12-22 21:15:00,0.35924564796905223,0.5166690102058963
2017-12-22 21:30:00,0.35448742746615086,0.5132039725977404
2017-12-22 21:45:00,0.3513152804642166,0.5079353032550047
2017-12-22 22:00:00,0.3497292069632495,0.50138734178492
2017-12-22 22:15:00,0.343384912959381,0.49970062623387906
2017-12-22 22:30:00,0.33704061895551257,0.4995560277329541
2017-12-22 22:45:00,0.9988888888888889,0.4908427121540607
2017-12-22 23:00:00,0.9988888888888889,0.4742286548588714
2017-12-22 23:15:00,0.9988888888888889,0.46211726504818795
2017-12-22 23:30:00,0.9988888888888889,0.4408711591997846
2017-12-22 23:45:00,0.9988888888888889,0.4226250480124123
2017-12-23 00:00:00,0.9988888888888889,0.4138645450733597
2017-12-23 00:15:00,0.9988888888888889,0.4089177093845782
2017-12-23 00:30:00,0.9988888888888889,0.3978857053351081
2017-12-23 00:45:00,0.9988888888888889,0.38717398738353576
2017-12-23 01:00:00,0.9988888888888889,0.37445895360073195
2017-12-23 01:15:00,0.9988888888888889,0.36817956864784235
2017-12-23 01:30:00,0.9988888888888889,0.3718942657881968
2017-12-23 01:45:00,0.9988888888888889,0.372041667971785
2017-12-23 02:00:00,0.9988888888888889,0.3778956152237435
2017-12-23 02:15:00,0.9988888888888889,0.3785716641210521
2017-12-23 02:30:00,0.9988888888888889,0.3788312511112378
2017-12-23 02:45:00,0.9988888888888889,0.37685906618592474
2017-12-23 03:00:00,0.9988888888888889,0.37992724135947764
2017-12-23 03:15:00,0.9988888888888889,0.3821681967309749
2017-12-23 03:30:00,0.9988888888888889,0.3828841151425377
2017-12-23 03:45:00,0.9988888888888889,0.38076460815315033
2017-12-23 04:00:00,0.9988888888888889,0.37786368584224045
2017-12-23 04:15:00,0.9988888888888889,0.37687457386005124
2017-12-23 04:30:00,0.9988888888888889,0.3830181488811353
2017-12-23 04:45:00,0.9988888888888889,0.38764367478728057
2017-12-23 05:00:00,0.9988888888888889,0.38964164718355504
2017-12-23 05:15:00,0.9988888888888889,0.38712527389577106
2017-12-23 05:30:00,0.9988888888888889,0.39209511117070917
2017-12-23 05:45:00,0.9988888888888889,0.40337768835781035
2017-12-23 06:00:00,0.9988888888888889,0.41482970411345743
2017-12-23 06:15:00,0.9988888888888889,0.4241803654918419
2017-12-23 06:30:00,0.9988888888888889,0.4295042141849749
2017-12-23 06:45:00,0.9988888888888889,0.4309472016575595
2017-12-23 07:00:00,0.9988888888888889,0.4391617014309163
2017-12-23 07:15:00,0.9988888888888889,0.42487565853114184
2017-12-23 07:30:00,0.9988888888888889,0.40981282195424296
2017-12-23 07:45:00,0.9988888888888889,0.38397344009129364
2017-12-23 08:00:00,0.9988888888888889,0.3827289921543841
2017-12-23 08:15:00,0.9988888888888889,0.3793987512672665
2017-12-23 08:30:00,0.9988888888888889,0.37634107892579216
2017-12-23 08:45:00,0.9988888888888889,0.3746205071651564
2017-12-23 09:00:00,0.9988888888888889,0.3628393548298175
2017-12-23 09:15:00,0.9988888888888889,0.3670240120061719
2017-12-23 09:30:00,0.9988888888888889,0.36676630854326125
2017-12-23 09:45:00,0.9988888888888889,0.3550529847692779
2017-12-23 10:00:00,0.9988888888888889,0.3440885963775027
2017-12-23 10:15:00,0.9988888888888889,0.33473822526285457
2017-12-23 10:30:00,0.9988888888888889,0.32365168097948555
2017-12-23 10:45:00,0.9988888888888889,0.3148840828777762
2017-12-23 11:00:00,0.9988888888888889,0.3115021894406596
2017-12-23 11:15:00,0.9988888888888889,0.31711718088712043
2017-12-23 11:30:00,0.9988888888888889,0.30114222565656706
2017-12-23 11:45:00,0.9988888888888889,0.3068848561115043
2017-12-23 12:00:00,0.9988888888888889,0.3154664958628322
2017-12-23 12:15:00,0.9988888888888889,0.32304555120018524
2017-12-23 12:30:00,0.9988888888888889,0.3242983215483253
2017-12-23 12:45:00,0.9988888888888889,0.32747830036521414
2017-12-23 13:00:00,0.9988888888888889,0.32401764243371445
2017-12-23 13:15:00,0.9988888888888889,0.33235522220611263
2017-12-23 13:30:00,0.9988888888888889,0.34373181672667114
2017-12-23 13:45:00,0.9988888888888889,0.3489812074585487
2017-12-23 14:00:00,0.9988888888888889,0.3541357466897938
2017-12-23 14:15:00,0.9988888888888889,0.3615256159851763
2017-12-23 14:30:00,0.9988888888888889,0.3701527470630485
2017-12-23 14:45:00,0.9988888888888889,0.381299243239259
2017-12-23 15:00:00,0.9988888888888889,0.3864666611984869
2017-12-23 15:15:00,0.9988888888888889,0.3712911175454023
2017-12-23 15:30:00,0.9988888888888889,0.3645259300029559
2017-12-23 15:45:00,0.9988888888888889,0.36856425166260154
2017-12-23 16:00:00,0.9988888888888889,0.3733653926401822
2017-12-23 16:15:00,0.9988888888888889,0.39566183295920293
2017-12-23 16:30:00,0.9988888888888889,0.4162054242853105
2017-12-23 16:45:00,0.9988888888888889,0.4308813549566513
2017-12-23 17:00:00,0.4536363636363636,0.4400384787315731
2017-12-23 17:15:00,0.4536363636363636,0.4270011040168502
2017-12-23 17:30:00,0.9988888888888889,0.4094171405582839
2017-12-23 17:45:00,0.9988888888888889,0.41057157648019343
2017-12-23 18:00:00,0.9988888888888889,0.4148811001365591
2017-12-23 18:15:00,0.9988888888888889,0.4116021878552948
2017-12-23 18:30:00,0.9988888888888889,0.4110099075020041
2017-12-23 18:45:00,0.9988888888888889,0.41585266619758904
2017-12-23 19:00:00,0.9988888888888889,0.4246809294037705
2017-12-23 19:15:00,0.9988888888888889,0.43465747655775594
2017-12-23 19:30:00,0.9988888888888889,0.4402952356736239
2017-12-23 19:45:00,0.9988888888888889,0.4444764012072454
2017-12-23 20:00:00,0.9988888888888889,0.4237746385432914
2017-12-23 20:15:00,0.9988888888888889,0.4184000217866354
2017-12-23 20:30:00,0.9988888888888889,0.41213301368738564
2017-12-23 20:45:00,0.9988888888888889,0.40568797340548124
2017-12-23 21:00:00,0.9988888888888889,0.4189188733965271
2017-12-23 21:15:00,0.9988888888888889,0.42368659072601356
2017-12-23 21:30:00,0.9988888888888889,0.41954445750655883
2017-12-23 21:45:00,0.9988888888888889,0.4171649314208775
2017-12-23 22:00:00,0.9988888888888889,0.4214532162761155
2017-12-23 22:15:00,0.9988888888888889,0.4190339070265945
2017-12-23 22:30:00,0.9988888888888889,0.4111893091156128
2017-12-23 22:45:00,0.9988888888888889,0.41294912058185423
2017-12-23 23:00:00,0.9988888888888889,0.41153604068569793
2017-12-23 23:15:00,0.9988888888888889,0.3962391298943562
2017-12-23 23:30:00,0.9988888888888889,0.36684241571943943
2017-12-23 23:45:00,0.9988888888888889,0.3498537865863412
2017-12-24 00:00:00,0.979771398192451,0.33461155155221317
2017-12-24 00:15:00,0.979771398192451,0.3223936651332668
2017-12-24 00:30:00,0.979771398192451,0.31136916554432326
2017-12-24 00:45:00,0.979771398192451,0.30076682876864
2017-12-24 01:00:00,0.979771398192451,0.2850393812091919
2017-12-24 01:15:00,0.979771398192451,0.284210434051387
2017-12-24 01:30:00,0.979771398192451,0.2786979864469686
2017-12-24 01:45:00,0.979771398192451,0.27321495860653583
2017-12-24 02:00:00,0.979771398192451,0.2572817411013661
2017-12-24 02:15:00,0.979771398192451,0.25469112591984466
2017-12-24 02:30:00,0.979771398192451,0.25889166842971406
2017-12-24 02:45:00,0.979771398192451,0.27402112425256653
2017-12-24 03:00:00,0.979771398192451,0.2808949891147609
2017-12-24 03:15:00,0.979771398192451,0.27465427933799136
2017-12-24 03:30:00,0.979771398192451,0.27942496834032565
2017-12-24 03:45:00,0.979771398192451,0.287682215109561
2017-12-24 04:00:00,0.979771398192451,0.29157177541494333
2017-12-24 04:15:00,0.979771398192451,0.27234352046425514
2017-12-24 04:30:00,0.979771398192451,0.25535183485538504
2017-12-24 04:45:00,0.979771398192451,0.2281535691638572
2017-12-24 05:00:00,0.979771398192451,0.20572461276917384
2017-12-24 05:15:00,0.979771398192451,0.20489671112838187
2017-12-24 05:30:00,0.979771398192451,0.205787753645623
2017-12-24 05:45:00,0.979771398192451,0.20655170333994236
2017-12-24 06:00:00,0.979771398192451,0.20751157700156536
2017-12-24 06:15:00,0.979771398192451,0.20786455732668818
2017-12-24 06:30:00,0.979771398192451,0.21293532869672982
2017-12-24 06:45:00,0.979771398192451,0.2258248906565468
2017-12-24 07:00:00,0.979771398192451,0.21224970116183178
2017-12-24 07:15:00,0.979771398192451,0.20583259031493228
2017-12-24 07:30:00,0.979771398192451,0.23417240878950513
2017-12-24 07:45:00,0.979771398192451,0.2554940309342512
2017-12-24 08:00:00,0.979771398192451,0.2717282120441369
2017-12-24 08:15:00,0.979771398192451,0.2519489665946599
2017-12-24 08:30:00,0.979771398192451,0.2405699445353353
2017-12-24 08:45:00,0.979771398192451,0.20027650173942077
2017-12-24 09:00:00,0.979771398192451,0.1868657657498655
2017-12-24 09:15:00,0.979771398192451,0.18539431434856413
2017-12-24 09:30:00,0.979771398192451,0.18220483039826144
2017-12-24 09:45:00,0.979771398192451,0.17995879161910858
2017-12-24 10:00:00,0.979771398192451,0.1772515198311208
2017-12-24 10:15:00,0.979771398192451,0.1802746126413286
2017-12-24 10:30:00,0.979771398192451,0.17641384536961124
2017-12-24 10:45:00,0.979771398192451,0.1719379827243096
2017-12-24 11:00:00,0.979771398192451,0.17371319827769327
2017-12-24 11:15:00,0.979771398192451,0.17165595187207033
2017-12-24 11:30:00,0.979771398192451,0.17472854023152842
2017-12-24 11:45:00,0.979771398192451,0.1894768306131909
2017-12-24 12:00:00,0.979771398192451,0.20215607413981063
2017-12-24 12:15:00,0.979771398192451,0.21102128160369105
2017-12-24 12:30:00,0.979771398192451,0.21280452529245666
2017-12-24 12:45:00,0.979771398192451,0.2221346149846105
2017-12-24 13:00:00,0.979771398192451,0.2299821906108103
2017-12-24 13:15:00,0.979771398192451,0.21795746355787074
2017-12-24 13:30:00,0.979771398192451,0.23537408836386015
2017-12-24 13:45:00,0.979771398192451,0.2427759462420366
2017-12-24 14:00:00,0.979771398192451,0.24207783311218103
2017-12-24 14:15:00,0.979771398192451,0.2666893276096672
2017-12-24 14:30:00,0.979771398192451,0.2845862478615277
2017-12-24 14:45:00,0.979771398192451,0.2968541882153762
2017-12-24 15:00:00,0.979771398192451,0.31308167402431164
2017-12-24 15:15:00,0.979771398192451,0.33096909622455933
2017-12-24 15:30:00,0.979771398192451,0.3562241490451687
2017-12-24 15:45:00,0.979771398192451,0.3715289096630748
2017-12-24 16:00:00,0.979771398192451,0.36858904924712305
2017-12-24 16:15:00,0.979771398192451,0.3712887177393887
2017-12-24 16:30:00,0.979771398192451,0.36820082731422743
2017-12-24 16:45:00,0.979771398192451,0.36493455132416136
2017-12-24 17:00:00,0.979771398192451,0.3528343484887283
2017-12-24 17:15:00,0.979771398192451,0.353830681073682
2017-12-24 17:30:00,0.979771398192451,0.3504125378663451
2017-12-24 17:45:00,0.979771398192451,0.3493017619784538
2017-12-24 18:00:00,0.979771398192451,0.34080394348142784
2017-12-24 18:15:00,0.979771398192451,0.34263852561115804
2017-12-24 18:30:00,0.979771398192451,0.3408593707749073
2017-12-24 18:45:00,0.979771398192451,0.35897217040567375
2017-12-24 19:00:00,0.979771398192451,0.34669306696681107
2017-12-24 19:15:00,0.979771398192451,0.3480134715378386
2017-12-24 19:30:00,0.979771398192451,0.3644822169096089
2017-12-24 19:45:00,0.979771398192451,0.3679748925379808
2017-12-24 20:00:00,0.979771398192451,0.34231052893608355
2017-12-24 20:15:00,0.979771398192451,0.3397131066752405
2017-12-24 20:30:00,0.979771398192451,0.3286564702872648
2017-12-24 20:45:00,0.979771398192451,0.32659072572692843
2017-12-24 21:00:00,0.979771398192451,0.3491195169474771
2017-12-24 21:15:00,0.979771398192451,0.34684572265926755
2017-12-24 21:30:00,0.979771398192451,0.3167084221192266
2017-12-24 21:45:00,0.979771398192451,0.3156941469816724
2017-12-24 22:00:00,0.979771398192451,0.3317278110567199
2017-12-24 22:15:00,0.979771398192451,0.33382652340591856
2017-12-24 22:30:00,0.979771398192451,0.3330907394182843
2017-12-24 22:45:00,0.979771398192451,0.33092332230800103
2017-12-24 23:00:00,0.979771398192451,0.3219251490597524
2017-12-24 23:15:00,0.979771398192451,0.311888970936486
2017-12-24 23:30:00,0.979771398192451,0.2791816139227999
2017-12-24 23:45:00,0.979771398192451,0.2699294255862929
2017-12-25 00:00:00,0.9988888888888889,0.2852755169981064
2017-12-25 00:15:00,0.9988888888888889,0.277188845032221
2017-12-25 00:30:00,0.9988888888888889,0.26845268886469126
2017-12-25 00:45:00,0.9988888888888889,0.2578601870028508
2017-12-25 01:00:00,0.9988888888888889,0.24040219359581524
2017-12-25 01:15:00,0.9988888888888889,0.2342472920941175
2017-12-25 01:30:00,0.9988888888888889,0.22978365626265135
2017-12-25 01:45:00,0.9988888888888889,0.2320216460994578
2017-12-25 02:00:00,0.9988888888888889,0.23551911844930395
2017-12-25 02:15:00,0.9988888888888889,0.23644397412573728
2017-12-25 02:30:00,0.9988888888888889,0.23734612466792346
2017-12-25 02:45:00,0.9988888888888889,0.23885652314874778
2017-12-25 03:00:00,0.9988888888888889,0.23971513485940962
2017-12-25 03:15:00,0.9988888888888889,0.23833139059580982
2017-12-25 03:30:00,0.9988888888888889,0.23717785476009223
2017-12-25 03:45:00,0.9988888888888889,0.23882730279319653
2017-12-25 04:00:00,0.9988888888888889,0.23692894219139082
2017-12-25 04:15:00,0.9988888888888889,0.23562582060825588
2017-12-25 04:30:00,0.9988888888888889,0.2358727097458417
2017-12-25 04:45:00,0.9988888888888889,0.2342791354812007
2017-12-25 05:00:00,0.9988888888888889,0.23254799605982643
2017-12-25 05:15:00,0.9988888888888889,0.23451644354507967
2017-12-25 05:30:00,0.9988888888888889,0.23415980126520525
2017-12-25 05:45:00,0.9988888888888889,0.23445468329277097
2017-12-25 06:00:00,0.9988888888888889,0.2361312502249125
2017-12-25 06:15:00,0.9988888888888889,0.2342508414090361
2017-12-25 06:30:00,0.9988888888888889,0.23388798888649073
2017-12-25 06:45:00,0.9988888888888889,0.23289429896344802
2017-12-25 07:00:00,0.9988888888888889,0.23065610257747804
2017-12-25 07:15:00,0.041,0.231949376316785
2017-12-25 07:30:00,0.041,0.2251814913735425
2017-12-25 07:45:00,0.041,0.22335874636584716
2017-12-25 08:00:00,0.041,0.22044260448178715
2017-12-25 08:15:00,0.041,0.2147985414896392
2017-12-25 08:30:00,0.041,0.21531746688181932
2017-12-25 08:45:00,0.041,0.21476453267570994
2017-12-25 09:00:00,0.011,0.20887891766634395
2017-12-25 09:15:00,0.011,0.20373532340427725
2017-12-25 09:30:00,0.011,0.20339250600384057
2017-12-25 09:45:00,0.041,0.20166429851572498
2017-12-25 10:00:00,0.041,0.19680815307413985
2017-12-25 10:15:00,0.041,0.1932964796992527
2017-12-25 10:30:00,0.041,0.19156281165838931
2017-12-25 10:45:00,0.041,0.2042728817379516
2017-12-25 11:00:00,0.041,0.19646393582967475
2017-12-25 11:15:00,0.041,0.1933044097752933
2017-12-25 11:30:00,0.9988888888888889,0.18872485099734215
2017-12-25 11:45:00,0.9988888888888889,0.1908769005811522
2017-12-25 12:00:00,0.041,0.19662774066521255
2017-12-25 12:15:00,0.041,0.19504867149937455
2017-12-25 12:30:00,0.041,0.19325963932232562
2017-12-25 12:45:00,0.041,0.1945036610442716
2017-12-25 13:00:00,0.041,0.19671755582335662
2017-12-25 13:15:00,0.041,0.20804043805947478
2017-12-25 13:30:00,0.041,0.20784974791132807
2017-12-25 13:45:00,0.041,0.20905313418962498
2017-12-25 14:00:00,0.041,0.2108992431050878
2017-12-25 14:15:00,0.9988888888888889,0.254906592695363
2017-12-25 14:30:00,0.9988888888888889,0.2794920053411011
2017-12-25 14:45:00,0.9988888888888889,0.32570226831259874
2017-12-25 15:00:00,0.9988888888888889,0.362983866020692
2017-12-25 15:15:00,0.9988888888888889,0.3846623290070571
2017-12-25 15:30:00,0.9988888888888889,0.42178538821177386
2017-12-25 15:45:00,0.9988888888888889,0.45475276789141683
2017-12-25 16:00:00,0.9988888888888889,0.47594177236392093
2017-12-25 16:15:00,0.9988888888888889,0.48701103417942726
2017-12-25 16:30:00,0.9988888888888889,0.5067610640100735
2017-12-25 16:45:00,0.4536363636363636,0.5115389385036351
2017-12-25 17:00:00,0.4536363636363636,0.51338255632829
2017-12-25 17:15:00,0.9988888888888889,0.48601730557932804
2017-12-25 17:30:00,0.9988888888888889,0.4838958327807341
2017-12-25 17:45:00,0.9988888888888889,0.4838695843352436
2017-12-25 18:00:00,0.9988888888888889,0.47263977809110613
2017-12-25 18:15:00,0.9988888888888889,0.4806633711858079
2017-12-25 18:30:00,0.4536363636363636,0.5139764712696707
2017-12-25 18:45:00,0.4536363636363636,0.5424560899672385
2017-12-25 19:00:00,0.4536363636363636,0.5445591289712016
2017-12-25 19:15:00,0.4536363636363636,0.531207743673848
2017-12-25 19:30:00,0.4536363636363636,0.5181019280234241
2017-12-25 19:45:00,0.4536363636363636,0.5047148871085997
2017-12-25 20:00:00,0.9988888888888889,0.48270067725849325
2017-12-25 20:15:00,0.9988888888888889,0.46938381906937315
2017-12-25 20:30:00,0.9988888888888889,0.4187106264081643
2017-12-25 20:45:00,0.9988888888888889,0.44063873975357765
2017-12-25 21:00:00,0.9988888888888889,0.44331942033061417
2017-12-25 21:15:00,0.9988888888888889,0.4446729357486301
2017-12-25 21:30:00,0.9988888888888889,0.4412160969223464
2017-12-25 21:45:00,0.9988888888888889,0.4429887360326232
2017-12-25 22:00:00,0.9988888888888889,0.45109728091763934
2017-12-25 22:15:00,0.9988888888888889,0.46073501694803026
2017-12-25 22:30:00,0.9988888888888889,0.47151262190629256
2017-12-25 22:45:00,0.9988888888888889,0.48480615793490933
2017-12-25 23:00:00,0.9988888888888889,0.5002533742045485
2017-12-25 23:15:00,0.9988888888888889,0.4827943504291944
2017-12-25 23:30:00,0.9988888888888889,0.46038277013412865
2017-12-25 23:45:00,0.9988888888888889,0.42971151738388175
2017-12-26 00:00:00,0.9988888888888889,0.4246761464656213
2017-12-26 00:15:00,0.9988888888888889,0.4136826584834413
2017-12-26 00:30:00,0.9988888888888889,0.402031108893208
2017-12-26 00:45:00,0.9988888888888889,0.38515916010405843
2017-12-26 01:00:00,0.9988888888888889,0.36387022439516226
2017-12-26 01:15:00,0.9988888888888889,0.34330569178297177
2017-12-26 01:30:00,0.9988888888888889,0.3255393765451223
2017-12-26 01:45:00,0.9988888888888889,0.3297775586022351
2017-12-26 02:00:00,0.9988888888888889,0.330560954293349
2017-12-26 02:15:00,0.9988888888888889,0.33118531349095215
2017-12-26 02:30:00,0.9988888888888889,0.33283520492803986
2017-12-26 02:45:00,0.9988888888888889,0.3334589274672221
2017-12-26 03:00:00,0.9988888888888889,0.33424973650584944
2017-12-26 03:15:00,0.9988888888888889,0.3349415374245808
2017-12-26 03:30:00,0.9988888888888889,0.33399130026691415
2017-12-26 03:45:00,0.9988888888888889,0.33027977984787116
2017-12-26 04:00:00,0.9988888888888889,0.31356550530135974
2017-12-26 04:15:00,0.9988888888888889,0.3160875883200613
2017-12-26 04:30:00,0.9988888888888889,0.33635260360484065
2017-12-26 04:45:00,0.9988888888888889,0.37357763860105403
2017-12-26 05:00:00,0.9988888888888889,0.41339043341985027
2017-12-26 05:15:00,0.9988888888888889,0.4081155079747655
2017-12-26 05:30:00,0.9988888888888889,0.40762750474979526
2017-12-26 05:45:00,0.9988888888888889,0.40566915294187383
2017-12-26 06:00:00,0.9988888888888889,0.3957629705997259
2017-12-26 06:15:00,0.9988888888888889,0.394577858551102
2017-12-26 06:30:00,0.9988888888888889,0.40057453224452566
2017-12-26 06:45:00,0.9988888888888889,0.40182905989816164
2017-12-26 07:00:00,0.9988888888888889,0.4069134339927437
2017-12-26 07:15:00,0.9988888888888889,0.42883163252826667
2017-12-26 07:30:00,0.9988888888888889,0.4453370633482015
2017-12-26 07:45:00,0.9988888888888889,0.4595644658106763
2017-12-26 08:00:00,0.9988888888888889,0.48093129158095127
2017-12-26 08:15:00,0.9988888888888889,0.4728652109342786
2017-12-26 08:30:00,0.9988888888888889,0.4616116351439861
2017-12-26 08:45:00,0.9988888888888889,0.4663871668593156
2017-12-26 09:00:00,0.9988888888888889,0.4539550267657321
2017-12-26 09:15:00,0.9988888888888889,0.42446395184146374
2017-12-26 09:30:00,0.9988888888888889,0.41566869108823973
2017-12-26 09:45:00,0.9988888888888889,0.41366443011466963
2017-12-26 10:00:00,0.9988888888888889,0.40302900705240324
2017-12-26 10:15:00,0.9988888888888889,0.41498438374346414
2017-12-26 10:30:00,0.9988888888888889,0.42155347744616556
2017-12-26 10:45:00,0.9988888888888889,0.4226409017989177
2017-12-26 11:00:00,0.9988888888888889,0.42704490619741553
2017-12-26 11:15:00,0.9988888888888889,0.4166626453552726
2017-12-26 11:30:00,0.9988888888888889,0.3953191292782673
2017-12-26 11:45:00,0.9988888888888889,0.38031803148080373
2017-12-26 12:00:00,0.9988888888888889,0.3672880102796612
2017-12-26 12:15:00,0.9988888888888889,0.37840813910553917
2017-12-26 12:30:00,0.9988888888888889,0.39170651533905504
2017-12-26 12:45:00,0.9988888888888889,0.4058568397310441
2017-12-26 13:00:00,0.9988888888888889,0.42869657230368335
2017-12-26 13:15:00,0.9988888888888889,0.4297285801666962
2017-12-26 13:30:00,0.9988888888888889,0.42479716504636716
2017-12-26 13:45:00,0.9988888888888889,0.41650879242134525
2017-12-26 14:00:00,0.9988888888888889,0.4320108516738405
2017-12-26 14:15:00,0.9988888888888889,0.4441063399801766
2017-12-26 14:30:00,0.9988888888888889,0.457963361674151
2017-12-26 14:45:00,0.9988888888888889,0.46441778391109295
2017-12-26 15:00:00,0.9988888888888889,0.48177861713852027
2017-12-26 15:15:00,0.9988888888888889,0.46979286403196396
2017-12-26 15:30:00,0.9988888888888889,0.4626311269460545
2017-12-26 15:45:00,0.9988888888888889,0.47108870373971723
2017-12-26 16:00:00,0.9988888888888889,0.47440594383713885
2017-12-26 16:15:00,0.9988888888888889,0.47122929837916916
2017-12-26 16:30:00,0.9988888888888889,0.4785069805608874
2017-12-26 16:45:00,0.9988888888888889,0.4912890729913546
2017-12-26 17:00:00,0.3386266924564797,0.48557446543937105
2017-12-26 17:15:00,0.3386266924564797,0.47442078935867793
2017-12-26 17:30:00,0.3386266924564797,0.46823741997797136
2017-12-26 17:45:00,0.3386266924564797,0.4673830624764332
2017-12-26 18:00:00,0.3386266924564797,0.47060085248937755
2017-12-26 18:15:00,0.3386266924564797,0.4699935774214561
2017-12-26 18:30:00,0.3386266924564797,0.48296665413355366
2017-12-26 18:45:00,0.3386266924564797,0.525506648148984
2017-12-26 19:00:00,0.3386266924564797,0.5007202990761978
2017-12-26 19:15:00,0.3386266924564797,0.5037285300171992
2017-12-26 19:30:00,0.3386266924564797,0.4994266549142136
2017-12-26 19:45:00,0.3386266924564797,0.5044878500131256
2017-12-26 20:00:00,0.3386266924564797,0.5046292457874455
2017-12-26 20:15:00,0.3386266924564797,0.512718468292516
2017-12-26 20:30:00,0.3386266924564797,0.5137560288038302
2017-12-26 20:45:00,0.3386266924564797,0.517333022028453
2017-12-26 21:00:00,0.3386266924564797,0.5201546169895122
2017-12-26 21:15:00,0.3386266924564797,0.5195415772942783
2017-12-26 21:30:00,0.3386266924564797,0.5177640312044721
2017-12-26 21:45:00,0.3386266924564797,0.5236043021304505
2017-12-26 22:00:00,0.3386266924564797,0.5177654695795059
2017-12-26 22:15:00,0.3386266924564797,0.5392796067101382
2017-12-26 22:30:00,0.3386266924564797,0.5457513019053067
2017-12-26 22:45:00,0.3386266924564797,0.5316499546639567
2017-12-26 23:00:00,0.3386266924564797,0.5414390424440253
2017-12-26 23:15:00,0.3386266924564797,0.5538935256570962
2017-12-26 23:30:00,0.33704061895551257,0.5526333469865091
2017-12-26 23:45:00,0.9988888888888889,0.5415861436694804
2017-12-27 00:00:00,0.9988888888888889,0.5252920260510521
2017-12-27 00:15:00,0.9988888888888889,0.5190377827880261
2017-12-27 00:30:00,0.9988888888888889,0.5252770508284113
2017-12-27 00:45:00,0.9988888888888889,0.5189041231009759
2017-12-27 01:00:00,0.9988888888888889,0.5256692763955174
2017-12-27 01:15:00,0.9988888888888889,0.5321040695448782
2017-12-27 01:30:00,0.9988888888888889,0.5337924234338165
2017-12-27 01:45:00,0.9988888888888889,0.5380601631446513
2017-12-27 02:00:00,0.9988888888888889,0.5443713260871491
2017-12-27 02:15:00,0.9988888888888889,0.5491473195704993
2017-12-27 02:30:00,0.9988888888888889,0.5509120787091325
2017-12-27 02:45:00,0.9988888888888889,0.5488688669654657
2017-12-27 03:00:00,0.9988888888888889,0.5555541945936211
2017-12-27 03:15:00,0.9988888888888889,0.5675360129223458
2017-12-27 03:30:00,0.9988888888888889,0.5714392126320604
2017-12-27 03:45:00,0.9988888888888889,0.5683475858227294
2017-12-27 04:00:00,0.9988888888888889,0.5602206214363727
2017-12-27 04:15:00,0.9988888888888889,0.5561765578531268
2017-12-27 04:30:00,0.9988888888888889,0.5540963710768789
2017-12-27 04:45:00,0.9988888888888889,0.5570179348552637
2017-12-27 05:00:00,0.9988888888888889,0.5635619548321027
2017-12-27 05:15:00,0.9988888888888889,0.5795563112038712
2017-12-27 05:30:00,0.33545454545454545,0.5943940336374356
2017-12-27 05:45:00,0.3402127659574468,0.5974670016553183
2017-12-27 06:00:00,0.3417988394584139,0.5932495899767728
2017-12-27 06:15:00,0.3417988394584139,0.5836550162322398
2017-12-27 06:30:00,0.3417988394584139,0.5854480986293193
2017-12-27 06:45:00,0.3417988394584139,0.5767453641846979
2017-12-27 07:00:00,0.3417988394584139,0.5568008879518879
2017-12-27 07:15:00,0.3417988394584139,0.5493730217231372
2017-12-27 07:30:00,0.3417988394584139,0.5366802687789012
2017-12-27 07:45:00,0.3417988394584139,0.5274452099896293
2017-12-27 08:00:00,0.3417988394584139,0.5081847867248823
2017-12-27 08:15:00,0.3417988394584139,0.5014275516428406
2017-12-27 08:30:00,0.3417988394584139,0.5101198217050094
2017-12-27 08:45:00,0.3417988394584139,0.5085795567191587
2017-12-27 09:00:00,0.3417988394584139,0.5056690524077015
2017-12-27 09:15:00,0.3417988394584139,0.5056472239027671
2017-12-27 09:30:00,0.3417988394584139,0.49138423720431107
2017-12-27 09:45:00,0.3417988394584139,0.48360532322349
2017-12-27 10:00:00,0.3417988394584139,0.4843566933712227
2017-12-27 10:15:00,0.3417988394584139,0.4776162766906108
2017-12-27 10:30:00,0.3417988394584139,0.46871078372248914
2017-12-27 10:45:00,0.3417988394584139,0.4658319605063883
2017-12-27 11:00:00,0.3417988394584139,0.46056890384165755
2017-12-27 11:15:00,0.3417988394584139,0.4580424190847686
2017-12-27 11:30:00,0.3417988394584139,0.45756891040145636
2017-12-27 11:45:00,0.3417988394584139,0.4581831824334488
2017-12-27 12:00:00,0.3417988394584139,0.4593551315836876
2017-12-27 12:15:00,0.3417988394584139,0.4731998021897897
2017-12-27 12:30:00,0.3417988394584139,0.47580699287025263
2017-12-27 12:45:00,0.3417988394584139,0.47487618124427716
2017-12-27 13:00:00,0.3417988394584139,0.4804466222768
2017-12-27 13:15:00,0.3417988394584139,0.47092418550087434
2017-12-27 13:30:00,0.3417988394584139,0.4781577911519107
2017-12-27 13:45:00,0.3417988394584139,0.48334668125477076
2017-12-27 14:00:00,0.3417988394584139,0.49470783003448776
2017-12-27 14:15:00,0.3417988394584139,0.49528572632826323
2017-12-27 14:30:00,0.3417988394584139,0.48777574442997523
2017-12-27 14:45:00,0.3417988394584139,0.49062048744467557
2017-12-27 15:00:00,0.3481431334622824,0.4960596450299609
2017-12-27 15:15:00,0.3497292069632495,0.5006832714811581
2017-12-27 15:30:00,0.35290135396518374,0.5045334236662119
2017-12-27 15:45:00,0.35448742746615086,0.5081556197222278
2017-12-27 16:00:00,0.3608317214700193,0.5091516090031383
2017-12-27 16:15:00,0.36558994197292066,0.5058056939162909
2017-12-27 16:30:00,0.36558994197292066,0.506901444940006
2017-12-27 16:45:00,0.36558994197292066,0.5029563292933793
2017-12-27 17:00:00,0.36558994197292066,0.5014421161326086
2017-12-27 17:15:00,0.36558994197292066,0.5082839150803032
2017-12-27 17:30:00,0.37510638297872334,0.5007270642845775
2017-12-27 17:45:00,0.37510638297872334,0.49170546855503533
2017-12-27 18:00:00,0.37510638297872334,0.4962159341485223
2017-12-27 18:15:00,0.37510638297872334,0.5025284858237784
2017-12-27 18:30:00,0.37510638297872334,0.4956769544570651
2017-12-27 18:45:00,0.37510638297872334,0.49475707227721016
2017-12-27 19:00:00,0.37510638297872334,0.4948956559675974
2017-12-27 19:15:00,0.37510638297872334,0.5003050357227822
2017-12-27 19:30:00,0.37510638297872334,0.5124105448245296
2017-12-27 19:45:00,0.37510638297872334,0.50870212892732
2017-12-27 20:00:00,0.37510638297872334,0.5187775523735968
2017-12-27 20:15:00,0.37510638297872334,0.5254134713066133
2017-12-27 20:30:00,0.37510638297872334,0.5414207909536046
2017-12-27 20:45:00,0.37352030947775633,0.5471994658348125
2017-12-27 21:00:00,0.37193423597678915,0.5523200111516195
2017-12-27 21:15:00,0.36558994197292066,0.5567670892477208
2017-12-27 21:30:00,0.36558994197292066,0.5518673501509311
2017-12-27 21:45:00,0.3608317214700193,0.5534932624059207
2017-12-27 22:00:00,0.3576595744680851,0.5532513948396797
2017-12-27 22:15:00,0.3513152804642166,0.5521858237286764
2017-12-27 22:30:00,0.34655705996131525,0.5505132372316793
2017-12-27 22:45:00,0.34655705996131525,0.5402861866815946
2017-12-27 23:00:00,0.343384912959381,0.5361597473668116
2017-12-27 23:15:00,0.343384912959381,0.5354763176875121
2017-12-27 23:30:00,0.3402127659574468,0.5390415327377063
2017-12-27 23:45:00,0.3402127659574468,0.5439150015932659
2017-12-28 00:00:00,0.3386266924564797,0.5489859907015198
2017-12-28 00:15:00,0.3386266924564797,0.5597725429151271
2017-12-28 00:30:00,0.3386266924564797,0.5718713399493315
2017-12-28 00:45:00,0.3386266924564797,0.5838007242900113
2017-12-28 01:00:00,0.3386266924564797,0.5970544897816372
2017-12-28 01:15:00,0.33545454545454545,0.595215958433703
2017-12-28 01:30:00,0.9988888888888889,0.583928032280433
2017-12-28 01:45:00,0.9988888888888889,0.5707016725694334
2017-12-28 02:00:00,0.9988888888888889,0.5562490523963388
2017-12-28 02:15:00,0.9988888888888889,0.5572952075976914
2017-12-28 02:30:00,0.9988888888888889,0.5611893419493953
2017-12-28 02:45:00,0.9988888888888889,0.5591452896104174
2017-12-28 03:00:00,0.9988888888888889,0.5574236747014197
2017-12-28 03:15:00,0.9988888888888889,0.5550671354003427
2017-12-28 03:30:00,0.9988888888888889,0.5540243019762743
2017-12-28 03:45:00,0.9988888888888889,0.5548379031438696
2017-12-28 04:00:00,0.9988888888888889,0.5582047297153637
2017-12-28 04:15:00,0.9988888888888889,0.5595639423202101
2017-12-28 04:30:00,0.9988888888888889,0.5608511350368274
2017-12-28 04:45:00,0.9988888888888889,0.5546366695775767
2017-12-28 05:00:00,0.9988888888888889,0.5469358821237191
2017-12-28 05:15:00,0.9988888888888889,0.5436148135469473
2017-12-28 05:30:00,0.9988888888888889,0.5427176535311942
2017-12-28 05:45:00,0.9988888888888889,0.536693109775952
2017-12-28 06:00:00,0.9988888888888889,0.5319398324584445
2017-12-28 06:15:00,0.9988888888888889,0.5313367006507372
2017-12-28 06:30:00,0.9988888888888889,0.5330048158464172
2017-12-28 06:45:00,0.33704061895551257,0.5461217925540416
2017-12-28 07:00:00,0.33704061895551257,0.5378391243621946
2017-12-28 07:15:00,0.33704061895551257,0.5401905449651905
2017-12-28 07:30:00,0.33704061895551257,0.5342021736609904
2017-12-28 07:45:00,0.33704061895551257,0.520622486288753
2017-12-28 08:00:00,0.33704061895551257,0.503292783383803
2017-12-28 08:15:00,0.33704061895551257,0.508978014692387
2017-12-28 08:30:00,0.33704061895551257,0.49449989500040664
2017-12-28 08:45:00,0.33704061895551257,0.4854266363191072
2017-12-28 09:00:00,0.33704061895551257,0.47877890334564777
2017-12-28 09:15:00,0.33704061895551257,0.47512063656884346
2017-12-28 09:30:00,0.33704061895551257,0.4730603367433388
2017-12-28 09:45:00,0.33704061895551257,0.47404128162050246
2017-12-28 10:00:00,0.33704061895551257,0.4681397965785491
2017-12-28 10:15:00,0.33704061895551257,0.47329206451208117
2017-12-28 10:30:00,0.33704061895551257,0.4733375084511742
2017-12-28 10:45:00,0.33704061895551257,0.472219837423061
2017-12-28 11:00:00,0.33704061895551257,0.4698419985683431
2017-12-28 11:15:00,0.33704061895551257,0.45767405638829295
2017-12-28 11:30:00,0.33704061895551257,0.454598995996628
2017-12-28 11:45:00,0.33704061895551257,0.4540171500956004
2017-12-28 12:00:00,0.33704061895551257,0.4535495957799225
2017-12-28 12:15:00,0.33704061895551257,0.4530697255571509
2017-12-28 12:30:00,0.33704061895551257,0.454473546633858
2017-12-28 12:45:00,0.33704061895551257,0.45717656684152264
2017-12-28 13:00:00,0.33704061895551257,0.45719881542495316
2017-12-28 13:15:00,0.33704061895551257,0.4608391354694262
2017-12-28 13:30:00,0.33704061895551257,0.4621718574968675
2017-12-28 13:45:00,0.33704061895551257,0.46578605657378336
2017-12-28 14:00:00,0.33704061895551257,0.4697022530939304
2017-12-28 14:15:00,0.33704061895551257,0.4692048509181803
2017-12-28 14:30:00,0.3386266924564797,0.47337109676837613
2017-12-28 14:45:00,0.3417988394584139,0.4835272606018983
2017-12-28 15:00:00,0.34655705996131525,0.4926409145885763
2017-12-28 15:15:00,0.34655705996131525,0.49081430523438274
2017-12-28 15:30:00,0.34655705996131525,0.48875383157602714
2017-12-28 15:45:00,0.34655705996131525,0.48723451832168085
2017-12-28 16:00:00,0.34655705996131525,0.48303484970638266
2017-12-28 16:15:00,0.4536363636363636,0.48764647210152534
2017-12-28 16:30:00,0.4536363636363636,0.4916222859622475
2017-12-28 16:45:00,0.3640038684719536,0.49553544208154743
2017-12-28 17:00:00,0.36558994197292066,0.48147715563792304
2017-12-28 17:15:00,0.36558994197292066,0.4805005794859942
2017-12-28 17:30:00,0.4536363636363636,0.501552406959509
2017-12-28 17:45:00,0.36558994197292066,0.46917949757864535
2017-12-28 18:00:00,0.36558994197292066,0.4679627745420267
2017-12-28 18:15:00,0.36558994197292066,0.4710785344454808
2017-12-28 18:30:00,0.36558994197292066,0.47319676179188663
2017-12-28 18:45:00,0.36558994197292066,0.48733276417355276
2017-12-28 19:00:00,0.36558994197292066,0.4773688152400122
2017-12-28 19:15:00,0.36558994197292066,0.5031496633815028
2017-12-28 19:30:00,0.36558994197292066,0.5018509348527872
2017-12-28 19:45:00,0.36558994197292066,0.5004605975791445
2017-12-28 20:00:00,0.4536363636363636,0.510011607929069
2017-12-28 20:15:00,0.35924564796905223,0.5048053861870522
2017-12-28 20:30:00,0.3513152804642166,0.5003673673362137
2017-12-28 20:45:00,0.3449709864603482,0.49611080211903913
2017-12-28 21:00:00,0.4536363636363636,0.49083140216841603
2017-12-28 21:15:00,0.9988888888888889,0.47918348140412753
2017-12-28 21:30:00,0.9988888888888889,0.47063511941193853
2017-12-28 21:45:00,0.9988888888888889,0.4664036427096066
2017-12-28 22:00:00,0.9988888888888889,0.46042167176212234
2017-12-28 22:15:00,0.9988888888888889,0.4650434559613985
2017-12-28 22:30:00,0.9988888888888889,0.46617298943589397
2017-12-28 22:45:00,0.9988888888888889,0.46861062326909814
2017-12-28 23:00:00,0.9988888888888889,0.45979449422658475
2017-12-28 23:15:00,0.9988888888888889,0.44064273870865134
2017-12-28 23:30:00,0.9988888888888889,0.4143451162229686
2017-12-28 23:45:00,0.9988888888888889,0.38140845267307877
2017-12-29 00:00:00,0.9988888888888889,0.3660758725804707
2017-12-29 00:15:00,0.9988888888888889,0.37361425977258006
2017-12-29 00:30:00,0.9988888888888889,0.37761034635928314
2017-12-29 00:45:00,0.9988888888888889,0.38500646505306324
2017-12-29 01:00:00,0.9988888888888889,0.39168402007179554
2017-12-29 01:15:00,0.9988888888888889,0.3954515764501619
2017-12-29 01:30:00,0.9988888888888889,0.3964502886042733
2017-12-29 01:45:00,0.9988888888888889,0.3993242633322253
2017-12-29 02:00:00,0.9988888888888889,0.40212021026213685
2017-12-29 02:15:00,0.9988888888888889,0.40404132228364126
2017-12-29 02:30:00,0.9988888888888889,0.403919505586671
2017-12-29 02:45:00,0.9988888888888889,0.41081108341340017
2017-12-29 03:00:00,0.9988888888888889,0.41994681727404554
2017-12-29 03:15:00,0.9988888888888889,0.42447773037361536
2017-12-29 03:30:00,0.9988888888888889,0.42291162314263964
2017-12-29 03:45:00,0.9988888888888889,0.42289349381273644
2017-12-29 04:00:00,0.9988888888888889,0.4202153213711649
2017-12-29 04:15:00,0.9988888888888889,0.41691395872679027
2017-12-29 04:30:00,0.9988888888888889,0.4158122300197643
2017-12-29 04:45:00,0.9988888888888889,0.4144570414804886
2017-12-29 05:00:00,0.9988888888888889,0.41781295778915056
2017-12-29 05:15:00,0.9988888888888889,0.4179634820046894
2017-12-29 05:30:00,0.9988888888888889,0.41980204935200055
2017-12-29 05:45:00,0.9988888888888889,0.4255280314382692
2017-12-29 06:00:00,0.9988888888888889,0.4300986991551654
2017-12-29 06:15:00,0.9988888888888889,0.42415381955595377
2017-12-29 06:30:00,0.9988888888888889,0.42343126569651074
2017-12-29 06:45:00,0.9988888888888889,0.4223898355606175
2017-12-29 07:00:00,0.9988888888888889,0.4269859214735301
2017-12-29 07:15:00,0.9988888888888889,0.43856400630500675
2017-12-29 07:30:00,0.9988888888888889,0.45235729985687156
2017-12-29 07:45:00,0.9988888888888889,0.46248829386237816
2017-12-29 08:00:00,0.9988888888888889,0.4716678502484401
2017-12-29 08:15:00,0.9988888888888889,0.44496859715171333
2017-12-29 08:30:00,0.9988888888888889,0.42417614629165235
2017-12-29 08:45:00,0.9988888888888889,0.41408937894727915
2017-12-29 09:00:00,0.9988888888888889,0.3973974703642647
2017-12-29 09:15:00,0.9988888888888889,0.38801950802354984
2017-12-29 09:30:00,0.9988888888888889,0.3750114202667436
2017-12-29 09:45:00,0.9988888888888889,0.3605063487424836
2017-12-29 10:00:00,0.9988888888888889,0.3557930914852632
2017-12-29 10:15:00,0.9988888888888889,0.35438568262350395
2017-12-29 10:30:00,0.9988888888888889,0.3504561285263089
2017-12-29 10:45:00,0.9988888888888889,0.3494751461119876
2017-12-29 11:00:00,0.9988888888888889,0.3477254758171618
2017-12-29 11:15:00,0.9988888888888889,0.3457083027933477
2017-12-29 11:30:00,0.9988888888888889,0.34490897935029885
2017-12-29 11:45:00,0.9988888888888889,0.3327499328625494
2017-12-29 12:00:00,0.9988888888888889,0.3346193177843927
2017-12-29 12:15:00,0.9988888888888889,0.3262578868754427
2017-12-29 12:30:00,0.9988888888888889,0.3248956223208475
2017-12-29 12:45:00,0.9988888888888889,0.32719516970464496
2017-12-29 13:00:00,0.9988888888888889,0.33006237960682455
2017-12-29 13:15:00,0.9988888888888889,0.33303353438141936
2017-12-29 13:30:00,0.9988888888888889,0.33971281931971026
2017-12-29 13:45:00,0.9988888888888889,0.35758820158789567
2017-12-29 14:00:00,0.9988888888888889,0.3803274257293871
2017-12-29 14:15:00,0.9988888888888889,0.40125137236496267
2017-12-29 14:30:00,0.9988888888888889,0.4222396895547219
2017-12-29 14:45:00,0.9988888888888889,0.4450787286982949
2017-12-29 15:00:00,0.9988888888888889,0.4662170632932859
2017-12-29 15:15:00,0.33545454545454545,0.47703077474771266
2017-12-29 15:30:00,0.33704061895551257,0.48189495012048655
2017-12-29 15:45:00,0.3386266924564797,0.48709358635300243
2017-12-29 16:00:00,0.34655705996131525,0.48858972824345825
2017-12-29 16:15:00,0.4536363636363636,0.4843759782727139
2017-12-29 16:30:00,0.4536363636363636,0.4779772905323795
2017-12-29 16:45:00,0.356073500967118,0.4747835666101114
2017-12-29 17:00:00,0.35924564796905223,0.4683826517333918
2017-12-29 17:15:00,0.4536363636363636,0.4633422716909872
2017-12-29 17:30:00,0.35924564796905223,0.44760090820675125
2017-12-29 17:45:00,0.35924564796905223,0.44270136049647485
2017-12-29 18:00:00,0.35924564796905223,0.44836414367532235
2017-12-29 18:15:00,0.35924564796905223,0.45413854315382934
2017-12-29 18:30:00,0.35924564796905223,0.4766425865674118
2017-12-29 18:45:00,0.35924564796905223,0.4703118463023802
2017-12-29 19:00:00,0.35924564796905223,0.46179327643197915
2017-12-29 19:15:00,0.35924564796905223,0.4691303148454069
2017-12-29 19:30:00,0.35924564796905223,0.46856631679020816
2017-12-29 19:45:00,0.35924564796905223,0.4760683728241774
2017-12-29 20:00:00,0.4536363636363636,0.4823132888778475
2017-12-29 20:15:00,0.4536363636363636,0.48310134858854153
2017-12-29 20:30:00,0.3449709864603482,0.4872042455235401
2017-12-29 20:45:00,0.3417988394584139,0.4885569724019474
2017-12-29 21:00:00,0.3417988394584139,0.4880973716968295
2017-12-29 21:15:00,0.3417988394584139,0.49321941730004565
2017-12-29 21:30:00,0.3417988394584139,0.49111370661166803
2017-12-29 21:45:00,0.3417988394584139,0.49177357677669975
2017-12-29 22:00:00,0.3417988394584139,0.49188609650357173
2017-12-29 22:15:00,0.3402127659574468,0.4932934723390539
2017-12-29 22:30:00,0.9988888888888889,0.4917682365139867
2017-12-29 22:45:00,0.9988888888888889,0.4848893247015501
2017-12-29 23:00:00,0.9988888888888889,0.493704780796079
2017-12-29 23:15:00,0.9988888888888889,0.4998073237314057
2017-12-29 23:30:00,0.9988888888888889,0.49501740751132456
2017-12-29 23:45:00,0.9988888888888889,0.5093943214378537
2017-12-30 00:00:00,0.9988888888888889,0.5163134745136047
2017-12-30 00:15:00,0.9988888888888889,0.525763416197253
2017-12-30 00:30:00,0.9988888888888889,0.5314886959663462
2017-12-30 00:45:00,0.9988888888888889,0.5382250544291636
2017-12-30 01:00:00,0.9988888888888889,0.5474790710017085
2017-12-30 01:15:00,0.9988888888888889,0.546267331909373
2017-12-30 01:30:00,0.9988888888888889,0.5571683842127306
2017-12-30 01:45:00,0.9988888888888889,0.5618156318680062
2017-12-30 02:00:00,0.9988888888888889,0.5654854403382307
2017-12-30 02:15:00,0.9988888888888889,0.5666682315422936
2017-12-30 02:30:00,0.9988888888888889,0.5734000093836839
2017-12-30 02:45:00,0.9988888888888889,0.5769859431336134
2017-12-30 03:00:00,0.9988888888888889,0.5770786705228445
2017-12-30 03:15:00,0.9988888888888889,0.5792040166997895
2017-12-30 03:30:00,0.9988888888888889,0.5807594174878569
2017-12-30 03:45:00,0.9988888888888889,0.5793516798536502
2017-12-30 04:00:00,0.9988888888888889,0.5758858239785472
2017-12-30 04:15:00,0.9988888888888889,0.5794160003246455
2017-12-30 04:30:00,0.9988888888888889,0.5806947271413666
2017-12-30 04:45:00,0.9988888888888889,0.5836325188437707
2017-12-30 05:00:00,0.9988888888888889,0.5872997139192588
2017-12-30 05:15:00,0.9988888888888889,0.5746254609227232
2017-12-30 05:30:00,0.9988888888888889,0.5610003390409336
2017-12-30 05:45:00,0.9988888888888889,0.5654609318716676
2017-12-30 06:00:00,0.9988888888888889,0.5746849836015827
2017-12-30 06:15:00,0.9988888888888889,0.5687882757199527
2017-12-30 06:30:00,0.9988888888888889,0.5688674447260675
2017-12-30 06:45:00,0.9988888888888889,0.5654698521251442
2017-12-30 07:00:00,0.9988888888888889,0.5681837769296487
2017-12-30 07:15:00,0.9988888888888889,0.5568977318231135
2017-12-30 07:30:00,0.9988888888888889,0.5572218657345964
2017-12-30 07:45:00,0.9988888888888889,0.5560729410091085
2017-12-30 08:00:00,0.9988888888888889,0.5480968700614421
2017-12-30 08:15:00,0.9988888888888889,0.5388212758486489
2017-12-30 08:30:00,0.9988888888888889,0.5424597682459535
2017-12-30 08:45:00,0.9988888888888889,0.5363351957334737
2017-12-30 09:00:00,0.9988888888888889,0.5224019451157682
2017-12-30 09:15:00,0.9988888888888889,0.5089281950632611
2017-12-30 09:30:00,0.9988888888888889,0.5407636258630195
2017-12-30 09:45:00,0.9988888888888889,0.5093242365262847
2017-12-30 10:00:00,0.9988888888888889,0.4996849204460047
2017-12-30 10:15:00,0.9988888888888889,0.49340663653669303
2017-12-30 10:30:00,0.9988888888888889,0.49136117351152514
2017-12-30 10:45:00,0.9988888888888889,0.48657862570100835
2017-12-30 11:00:00,0.9988888888888889,0.4828028444428196
2017-12-30 11:15:00,0.9988888888888889,0.48306801131094
2017-12-30 11:30:00,0.9988888888888889,0.48696130685226197
2017-12-30 11:45:00,0.9988888888888889,0.47988972931770196
2017-12-30 12:00:00,0.9988888888888889,0.4846491698465696
2017-12-30 12:15:00,0.9988888888888889,0.4776896961542407
2017-12-30 12:30:00,0.9988888888888889,0.47572720835740817
2017-12-30 12:45:00,0.9988888888888889,0.4664995873580614
2017-12-30 13:00:00,0.9988888888888889,0.4682269523869386
2017-12-30 13:15:00,0.9988888888888889,0.4720195492342894
2017-12-30 13:30:00,0.9988888888888889,0.47520576401115133
2017-12-30 13:45:00,0.9988888888888889,0.48237362474017886
2017-12-30 14:00:00,0.9988888888888889,0.48651984226570116
2017-12-30 14:15:00,0.33545454545454545,0.4861366694666884
2017-12-30 14:30:00,0.33545454545454545,0.4857934411011627
2017-12-30 14:45:00,0.33545454545454545,0.48549736992806086
2017-12-30 15:00:00,0.33704061895551257,0.48442439779456364
2017-12-30 15:15:00,0.3417988394584139,0.49068740606468636
2017-12-30 15:30:00,0.3449709864603482,0.49727518655184083
2017-12-30 15:45:00,0.3497292069632495,0.5026548155603853
2017-12-30 16:00:00,0.35448742746615086,0.5070664417127776
2017-12-30 16:15:00,0.35448742746615086,0.5009158788887255
2017-12-30 16:30:00,0.35448742746615086,0.4932380081731353
2017-12-30 16:45:00,0.356073500967118,0.4833988921776973
2017-12-30 17:00:00,0.356073500967118,0.4753717404140813
2017-12-30 17:15:00,0.356073500967118,0.46025108447922597
2017-12-30 17:30:00,0.356073500967118,0.45626246826167227
2017-12-30 17:45:00,0.356073500967118,0.45502856542375403
2017-12-30 18:00:00,0.356073500967118,0.4567626030424742
2017-12-30 18:15:00,0.356073500967118,0.4612067721360193
2017-12-30 18:30:00,0.356073500967118,0.46276235170107044
2017-12-30 18:45:00,0.356073500967118,0.4717750734784773
2017-12-30 19:00:00,0.356073500967118,0.47303987696411115
2017-12-30 19:15:00,0.356073500967118,0.506297217503607
2017-12-30 19:30:00,0.356073500967118,0.48777961605588543
2017-12-30 19:45:00,0.356073500967118,0.4972171637123039
2017-12-30 20:00:00,0.35448742746615086,0.5054447090020767
2017-12-30 20:15:00,0.35290135396518374,0.505929067334374
2017-12-30 20:30:00,0.3497292069632495,0.5062538117813349
2017-12-30 20:45:00,0.34655705996131525,0.5072369743585012
2017-12-30 21:00:00,0.3402127659574468,0.5117346858202818
2017-12-30 21:15:00,0.3386266924564797,0.5119460368875256
2017-12-30 21:30:00,0.3386266924564797,0.5138072591795936
2017-12-30 21:45:00,0.3386266924564797,0.5146477636587934
2017-12-30 22:00:00,0.3386266924564797,0.5052239812488357
2017-12-30 22:15:00,0.33704061895551257,0.5093550473557493
2017-12-30 22:30:00,0.9988888888888889,0.5071851102319364
2017-12-30 22:45:00,0.9988888888888889,0.504611245183654
2017-12-30 23:00:00,0.9988888888888889,0.5069853397026316
2017-12-30 23:15:00,0.9988888888888889,0.5098606680015515
2017-12-30 23:30:00,0.9988888888888889,0.5073601130877264
2017-12-30 23:45:00,0.9988888888888889,0.5051426225108582
2017-12-31 00:00:00,0.9988888888888889,0.5076271846339143
2017-12-31 00:15:00,0.9988888888888889,0.5113549191964939
2017-12-31 00:30:00,0.9988888888888889,0.5086569499456973
2017-12-31 00:45:00,0.9988888888888889,0.5065400211122524
2017-12-31 01:00:00,0.9988888888888889,0.5055225933208207
2017-12-31 01:15:00,0.9988888888888889,0.5019487202996095
2017-12-31 01:30:00,0.9988888888888889,0.49612153204689446
2017-12-31 01:45:00,0.9988888888888889,0.4946385878903596
2017-12-31 02:00:00,0.9988888888888889,0.4871159999757409
2017-12-31 02:15:00,0.9988888888888889,0.4848169964042537
2017-12-31 02:30:00,0.9988888888888889,0.48405151201439395
2017-12-31 02:45:00,0.9988888888888889,0.4815896934478457
2017-12-31 03:00:00,0.9988888888888889,0.4796588002217178
2017-12-31 03:15:00,0.9988888888888889,0.47511847548553093
2017-12-31 03:30:00,0.9988888888888889,0.4701374638761601
2017-12-31 03:45:00,0.9988888888888889,0.4663019448198385
2017-12-31 04:00:00,0.9988888888888889,0.46485313812188805
2017-12-31 04:15:00,0.9988888888888889,0.44357300518003034
2017-12-31 04:30:00,0.9988888888888889,0.42367466226813855
2017-12-31 04:45:00,0.9988888888888889,0.4039809511858096
2017-12-31 05:00:00,0.9988888888888889,0.40486875553041995
2017-12-31 05:15:00,0.9988888888888889,0.4118586456859692
2017-12-31 05:30:00,0.9988888888888889,0.4112260944239279
2017-12-31 05:45:00,0.9988888888888889,0.41082002074830676
2017-12-31 06:00:00,0.9988888888888889,0.41496550831758416
2017-12-31 06:15:00,0.9988888888888889,0.4127641829384084
2017-12-31 06:30:00,0.9988888888888889,0.4129669971782415
2017-12-31 06:45:00,0.9988888888888889,0.39564422901092694
2017-12-31 07:00:00,0.9988888888888889,0.38663807877420353
2017-12-31 07:15:00,0.9988888888888889,0.3827959930986503
2017-12-31 07:30:00,0.9988888888888889,0.38208634684411663
2017-12-31 07:45:00,0.9988888888888889,0.38006948776120586
2017-12-31 08:00:00,0.9988888888888889,0.36941258186179826
2017-12-31 08:15:00,0.9988888888888889,0.3747162404538802
2017-12-31 08:30:00,0.9988888888888889,0.3713696184129472
2017-12-31 08:45:00,0.9988888888888889,0.3600509511103841
2017-12-31 09:00:00,0.9988888888888889,0.35711319894047616
2017-12-31 09:15:00,0.9988888888888889,0.34508145701200266
2017-12-31 09:30:00,0.9988888888888889,0.3460345673795533
2017-12-31 09:45:00,0.9988888888888889,0.35034534376974913
2017-12-31 10:00:00,0.9988888888888889,0.3557851842206518
2017-12-31 10:15:00,0.9988888888888889,0.34632196498200685
2017-12-31 10:30:00,0.9988888888888889,0.3513342698102771
2017-12-31 10:45:00,0.9988888888888889,0.35676723161608614
2017-12-31 11:00:00,0.9988888888888889,0.3745153354507489
2017-12-31 11:15:00,0.9988888888888889,0.3803329608893236
2017-12-31 11:30:00,0.9988888888888889,0.3959449369423223
2017-12-31 11:45:00,0.9988888888888889,0.3990924262416195
2017-12-31 12:00:00,0.9988888888888889,0.39372363961117596
2017-12-31 12:15:00,0.9988888888888889,0.397717738065152
2017-12-31 12:30:00,0.9988888888888889,0.39617129578260446
2017-12-31 12:45:00,0.9988888888888889,0.3971313594114214
2017-12-31 13:00:00,0.9988888888888889,0.3995658349547958
2017-12-31 13:15:00,0.9988888888888889,0.40217356051201475
2017-12-31 13:30:00,0.9988888888888889,0.4136220944558394
2017-12-31 13:45:00,0.9988888888888889,0.4192471577033695
2017-12-31 14:00:00,0.9988888888888889,0.42782787628788854
2017-12-31 14:15:00,0.9988888888888889,0.4486215737863237
2017-12-31 14:30:00,0.9988888888888889,0.47105608175341274
2017-12-31 14:45:00,0.9988888888888889,0.4880162711794219
2017-12-31 15:00:00,0.9988888888888889,0.5053779626568723
2017-12-31 15:15:00,0.3386266924564797,0.5078275152125019
2017-12-31 15:30:00,0.3402127659574468,0.5095248350152775
2017-12-31 15:45:00,0.343384912959381,0.5112848389220718
2017-12-31 16:00:00,0.3481431334622824,0.5110669777261826
2017-12-31 16:15:00,0.3497292069632495,0.507512461877398
2017-12-31 16:30:00,0.35290135396518374,0.5041651895041225
2017-12-31 16:45:00,0.356073500967118,0.5023567053507367
2017-12-31 17:00:00,0.356073500967118,0.49313896618532044
2017-12-31 17:15:00,0.356073500967118,0.47769214644605756
2017-12-31 17:30:00,0.356073500967118,0.4683141970833675
2017-12-31 17:45:00,0.356073500967118,0.46746024794384405
2017-12-31 18:00:00,0.356073500967118,0.4693826279090957
2017-12-31 18:15:00,0.356073500967118,0.4778760549492267
2017-12-31 18:30:00,0.356073500967118,0.47377931826141634
2017-12-31 18:45:00,0.356073500967118,0.48526685860423535
2017-12-31 19:00:00,0.356073500967118,0.5065979107274936
2017-12-31 19:15:00,0.356073500967118,0.5075955638846296
2017-12-31 19:30:00,0.356073500967118,0.5099054178418772
2017-12-31 19:45:00,0.35448742746615086,0.5121872959269057
2017-12-31 20:00:00,0.34655705996131525,0.5101901752632553
2017-12-31 20:15:00,0.3402127659574468,0.5168221970832592
2017-12-31 20:30:00,0.3386266924564797,0.5185997317490958
2017-12-31 20:45:00,0.9988888888888889,0.5197544695293757
2017-12-31 21:00:00,0.9988888888888889,0.5044893786564744
2017-12-31 21:15:00,0.9988888888888889,0.5038152419060091
2017-12-31 21:30:00,0.9988888888888889,0.5129824224613576
2017-12-31 21:45:00,0.9988888888888889,0.5121678313422847
2017-12-31 22:00:00,0.9988888888888889,0.5174902340494144
2017-12-31 22:15:00,0.9988888888888889,0.5054937014183353
2017-12-31 22:30:00,0.9988888888888889,0.4959403447195247
2017-12-31 22:45:00,0.9988888888888889,0.48482951408296626
2017-12-31 23:00:00,0.9988888888888889,0.4837990903496897
2017-12-31 23:15:00,0.9988888888888889,0.4907898221555021
2017-12-31 23:30:00,0.9988888888888889,0.48939190029604757
2017-12-31 23:45:00,0.9988888888888889,0.48563292245231915
